time,x,prediction,ewma,error,error_variance_before,error_std_before,control_limit_multiplier,control_limit_half_width,lcl,ucl,stage_1_alarm,error_variance_after,variance_update_mode
501,-2.1169647446704984,-0.1458335539958574,-0.9342860302657139,-1.9711311906746412,4.165449620945294,2.040943316445926,1.96,4.0002489002340145,-4.146082454229872,3.854415346238157,0,4.151445048440551,always
502,-1.6461951147050766,-0.9342860302657139,-1.2190496640414592,-0.7119090844393627,4.151445048440551,2.0375095210674603,1.96,3.993518661292222,-4.927804691557936,3.059232631026508,0,3.969213523243888,always
503,3.3665586482330676,-1.2190496640414592,0.6151936608683516,4.585608312274527,3.969213523243888,1.9922885140571103,1.96,3.904885487551936,-5.123935151593395,2.6858358235104767,1,4.822143026761755,always
504,5.435810219249908,0.6151936608683516,2.5434402842209742,4.820616558381556,4.822143026761755,2.1959378467437904,1.96,4.304038179617829,-3.6888445187494776,4.919231840486181,1,5.742953075570789,always
505,1.7489864575062255,2.5434402842209742,2.225658753535075,-0.7944538267147487,5.742953075570789,2.3964459258599575,1.96,4.697034014685516,-2.153593730464542,7.2404742989064905,0,5.487363265931334,always
506,-2.6722684191825645,2.225658753535075,0.26648788444801896,-4.897927172717639,5.487363265931334,2.3425121698576796,1.96,4.591323852921052,-2.365665099385977,6.816982606456127,1,6.412479632097058,always
507,-5.674647537025129,0.26648788444801896,-2.1099662841412403,-5.941135421473147,6.412479632097058,2.5322874307821097,1.96,4.963283364332935,-4.696795479884916,5.2297712487809545,1,7.8567101553063505,always
508,-1.6338975745227466,-2.1099662841412403,-1.919538800293843,0.4760687096184937,7.8567101553063505,2.8029823679977635,1.96,5.493845441275616,-7.603811725416857,3.383879157134376,0,7.475206718354924,always
509,6.737607742170019,-1.919538800293843,1.5433198166917022,8.657146542463863,7.475206718354924,2.7340824271325332,1.96,5.358801557179765,-7.278340357473608,3.439262756885922,1,10.848755695321879,always
510,6.761839839758856,1.5433198166917022,3.630727825918564,5.218520023067154,10.848755695321879,3.293744934769825,1.96,6.455740072148856,-4.912420255457154,7.999059888840558,0,11.667965472113424,always
511,1.09894160369607,3.630727825918564,2.6180133370295664,-2.531786222222494,11.667965472113424,3.4158403756782056,1.96,6.695047136329283,-3.0643193104107187,10.325774962247847,0,11.405064272259535,always
512,-0.7739346434113268,2.6180133370295664,1.261234144853209,-3.391947980440893,11.405064272259535,3.3771384739538792,1.96,6.619191408949603,-4.0011780719200365,9.23720474597917,0,11.41007661374741,always
513,-2.105269117386495,1.261234144853209,-0.08536716004267275,-3.366503262239704,11.41007661374741,3.377880491335863,1.96,6.620645763018291,-5.3594116181650815,7.8818799078715,0,11.406239993793568,always
514,-0.0721791927726867,-0.08536716004267275,-0.08009197313467833,0.013187967269986056,11.406239993793568,3.3773125401409874,1.96,6.619532578676335,-6.704899738719008,6.534165418633662,0,10.835936690227925,always
515,2.408543252553243,-0.08009197313467833,0.9153621171404903,2.4886352256879216,10.835936690227925,3.2917983975674945,1.96,6.451924859232289,-6.532016832366967,6.371832886097611,0,10.603805120043267,always
516,2.6020645701867164,0.9153621171404903,1.5900430983589808,1.6867024530462262,10.603805120043267,3.256348433451689,1.96,6.38244292956531,-5.46708081242482,7.2978050467058,0,10.21586312229671,always
517,2.793176298370529,1.5900430983589808,2.0712963783636003,1.2031332000115482,10.21586312229671,3.1962263878356163,1.96,6.264603720157808,-4.674560621798827,7.854646818516789,0,9.777446441030376,always
518,2.1418413332830375,2.0712963783636003,2.0995143603313755,0.07054495491943724,9.777446441030376,3.126890858509516,1.96,6.128706082678651,-4.0574097043150505,8.200002461042251,0,9.288822948512086,always
519,2.1410056779465534,2.0995143603313755,2.116110887377447,0.04149131761517788,9.288822948512086,3.0477570356759225,1.96,5.973603789924808,-3.8740894295934325,8.073118150256184,0,8.824467877558353,always
520,0.4311243167802741,2.116110887377447,1.4421162591385779,-1.684986570597173,8.824467877558353,2.9706005920618734,1.96,5.822377160441272,-3.706266273063825,7.938488047818719,0,8.525203470835077,always
521,1.78489486371071,1.4421162591385779,1.5792277009674307,0.34277860457213216,8.525203470835077,2.919795107680516,1.96,5.7227984110538115,-4.280682151915234,7.164914670192389,0,8.104818155880944,always
522,4.548780181272276,1.5792277009674307,2.767048693089369,2.9695524803048454,8.104818155880944,2.8468962320184668,1.96,5.579916614756195,-4.000688913788764,7.159144315723626,0,8.140489344751128,always
523,1.6315963974308918,2.767048693089369,2.3128677748259783,-1.1354522956584772,8.140489344751128,2.8531542798718625,1.96,5.59218238854885,-2.8251336954594812,8.35923108163822,0,7.797927473299376,always
524,-1.3769757357494428,2.3128677748259783,0.8369303705958098,-3.689843510575421,7.797927473299376,2.792476942303978,1.96,5.473254806915797,-3.160387032089819,7.786122581741775,0,8.088778356261184,always
525,1.611692864315238,0.8369303705958098,1.1468353680835812,0.7747624937194282,8.088778356261184,2.8440777690248176,1.96,5.574392427288642,-4.7374620566928325,6.411322797884452,0,7.7143522845318415,always
526,2.6184876064212737,1.1468353680835812,1.7354962634186581,1.4716522383376924,7.7143522845318415,2.777472283305783,1.96,5.443845675279335,-4.2970103071957535,6.590681043362917,0,7.436922685835466,always
527,4.1209782197949805,1.7354962634186581,2.689689045969187,2.3854819563763225,7.436922685835466,2.727072181999491,1.96,5.345061476719002,-3.6095652133003444,7.08055774013766,0,7.349602759753543,always
528,1.7495395608280755,2.689689045969187,2.3136292519127424,-0.9401494851411116,7.349602759753543,2.7110150792191368,1.96,5.313589555269508,-2.623900509300321,8.003278601238694,0,7.02631667448642,always
529,2.421802991005422,2.3136292519127424,2.356898747549814,0.1081737390926798,7.02631667448642,2.6507200294422684,1.96,5.195411257706846,-2.8817820057941037,7.509040509619588,0,6.675585918653564,always
530,2.025540739397394,2.356898747549814,2.224355544288846,-0.33135800815242034,6.675585918653564,2.583715525876168,1.96,5.064082430717289,-2.707183683167475,7.420981178267104,0,6.347296529199222,always
531,1.641766183119768,2.224355544288846,1.9913197998212149,-0.582589361169078,6.347296529199222,2.5193841567333917,1.96,4.937992947197448,-2.713637402908602,7.162348491486294,0,6.046902220926631,always
532,3.5693663726780205,1.9913197998212149,2.622538428963937,1.5780465728568056,6.046902220926631,2.45904498147688,1.96,4.819728163694685,-2.82840836387347,6.8110479635159,0,5.8690686591855545,always
533,2.0280810158806712,2.622538428963937,2.3847554637306305,-0.5944574130832656,5.8690686591855545,2.422616077546245,1.96,4.74832751199064,-2.125789083026703,7.370865940954577,0,5.593284207024759,always
534,-0.729517720698045,2.3847554637306305,1.1390461899591602,-3.1142731844286757,5.593284207024759,2.3650125173082612,1.96,4.6354245339241915,-2.250669070193561,7.020179997654822,0,5.798554870036097,always
535,-0.8745974524016941,1.1390461899591602,0.3335887330148184,-2.0136436423608544,5.798554870036097,2.408018868289054,1.96,4.719716981846546,-3.5806707918873864,5.858763171805706,0,5.711365162455306,always
536,1.7685013148727142,0.3335887330148184,0.9075537657579767,1.4349125818578958,5.711365162455306,2.3898462633515374,1.96,4.684098676169013,-4.3505099431541945,5.017687409183831,0,5.528745610211245,always
537,0.3997609068537038,0.9075537657579767,0.7044366221962676,-0.507792858904273,5.528745610211245,2.351328477735777,1.96,4.608603816362122,-3.7010500506041457,5.516157582120099,0,5.265201009078391,always
538,1.5618122406525476,0.7044366221962676,1.0473868695787796,0.8573756184562801,5.265201009078391,2.29460258194712,1.96,4.497421060616356,-3.792984438420088,5.201857682812623,0,5.038695606180635,always
539,1.1790499145380617,1.0473868695787796,1.1000520875624924,0.13166304495928216,5.038695606180635,2.2447039016718073,1.96,4.399619647276742,-3.3522327776979624,5.447006516855522,0,4.787627583742001,always
540,2.8982428194969083,1.1000520875624924,1.8193283803362588,1.798190731934416,4.787627583742001,2.18806480336895,1.96,4.288607014603142,-3.1885549270406495,5.388659102165634,0,4.709920699975642,always
541,-1.191969722921593,1.8193283803362588,0.6148091390331181,-3.011298103257852,4.709920699975642,2.170235171582942,1.96,4.253660936302566,-2.434332555966307,6.072989316638825,0,4.927820478311077,always
542,-2.094151906157663,0.6148091390331181,-0.4687752790431944,-2.708961045190781,4.927820478311077,2.2198694732598754,1.96,4.350944167589356,-3.736135028556238,4.965753306622474,0,5.0483529516135786,always
543,-1.940208509084954,-0.4687752790431944,-1.0573485710598982,-1.4714332300417596,5.0483529516135786,2.2468540120830234,1.96,4.403833863682726,-4.872609142725921,3.9350585846395316,0,4.904191091556456,always
544,-0.10639335191806976,-1.0573485710598982,-0.6769664834031669,0.9509552191418285,4.904191091556456,2.2145408308623384,1.96,4.340500028490183,-5.397848599550081,3.283151457430285,0,4.704197328419287,always
545,2.52776709505505,-0.6769664834031669,0.6049269479801199,3.204733578458217,4.704197328419287,2.1689161644515647,1.96,4.251075682325067,-4.928042165728233,3.5741091989219,0,4.982503327443203,always
546,2.551016994817432,0.6049269479801199,1.3833629667150449,1.9460900468373121,4.982503327443203,2.2321521738992622,1.96,4.375018260842554,-3.7700913128624336,4.979945208822674,0,4.922741484591005,always
547,1.1366602959409118,1.3833629667150449,1.2846818984053916,-0.2467026707741331,4.922741484591005,2.2187251935719767,1.96,4.348701379401074,-2.9653384126860294,5.732064346116119,0,4.679647520749809,always
548,0.4177103730857398,1.2846818984053916,0.9378932882775308,-0.8669715253196518,4.679647520749809,2.1632492969488766,1.96,4.239968622019798,-2.955286723614406,5.5246505204251894,0,4.483247125998072,always
549,1.237378436810903,0.9378932882775308,1.0576873476908797,0.29948514853337227,4.483247125998072,2.1173679713262104,1.96,4.150041223799372,-3.212147935521841,5.087934512076902,0,4.2635693374077706,always
550,0.2707678126290105,1.0576873476908797,0.7429195336661321,-0.7869195350618692,4.2635693374077706,2.06484123782139,1.96,4.047088826129924,-2.9894014784390444,5.104776173820804,0,4.081352988270481,always
551,1.8540459305205306,0.7429195336661321,1.1873700924078916,1.1111263968543985,4.081352988270481,2.0202358744142925,1.96,3.9596623138520135,-3.2167427801858812,4.702581847518146,0,3.9390154323462894,always
552,3.221042607576039,1.1873700924078916,2.0008390984751507,2.0336725151681474,3.9390154323462894,1.9846952996231662,1.96,3.890002787261406,-2.702632694853514,5.077372879669298,0,3.9488558556764914,always
553,2.8331595057695096,2.0008390984751507,2.3337672613928944,0.8323204072943589,3.9488558556764914,1.9871728298455802,1.96,3.894858746497337,-1.8940196480221863,5.895697844972488,0,3.786050925912599,always
554,2.174174563800581,2.3337672613928944,2.269930182355969,-0.1595926975923132,3.786050925912599,1.945777717498224,1.96,3.8137243262965193,-1.4799570649036249,6.147491587689414,0,3.5980218710732084,always
555,1.5825519866085833,2.269930182355969,1.9949789040570147,-0.6873781957473857,3.5980218710732084,1.8968452417298594,1.96,3.7178166737905243,-1.4478864914345553,5.987746856146494,0,3.4417452167189944,always
556,4.165053864161461,1.9949789040570147,2.8630088880987934,2.1700749601044462,3.4417452167189944,1.8551941183388314,1.96,3.6361804719441095,-1.6412015678870948,5.631159376001124,0,3.50511922250666,always
557,2.82711506861382,2.8630088880987934,2.848651360304804,-0.03589381948497339,3.50511922250666,1.8721963632340117,1.96,3.669504871938663,-0.8064959838398695,6.532513760037457,0,3.3299276796951878,always
558,0.40311728158569626,2.848651360304804,1.870437728817161,-2.445534078719108,3.3299276796951878,1.824808943340422,1.96,3.576625528947227,-0.7279741686424228,6.42527688925203,0,3.462463142219254,always
559,-1.0519785358915592,1.870437728817161,0.7014712229336729,-2.92241626470872,3.462463142219254,1.8607695027109763,1.96,3.6471082253135134,-1.7766704964963524,5.517545954130674,0,3.716365826319995,always
560,-1.1311397681945388,0.7014712229336729,-0.0315731735176118,-1.8326109911282118,3.716365826319995,1.9277878063521396,1.96,3.7784641004501935,-3.0769928775165205,4.479935323383867,0,3.6984706872441913,always
561,-0.7694022743725567,-0.0315731735176118,-0.32670481385958977,-0.7378291008549449,3.6984706872441913,1.9231408391597822,1.96,3.769356044753173,-3.8009292182707846,3.737782871235561,0,3.5407667419854025,always
562,0.0207325496273576,-0.32670481385958977,-0.1877298684648108,0.34743736348694737,3.5407667419854025,1.8816925205743373,1.96,3.688117340325701,-4.014822154185291,3.361412526466111,0,3.3697640409634704,always
563,1.541120094484586,-0.1877298684648108,0.5038101167149479,1.7288499629493967,3.3697640409634704,1.8356917064048284,1.96,3.5979557445534636,-3.7856856130182743,3.410225876088653,0,3.350721948634803,always
564,2.665748474623644,0.5038101167149479,1.3685854598784264,2.161938357908696,3.350721948634803,1.8304977324855671,1.96,3.5877755556717115,-3.0839654389567634,4.0915856723866595,0,3.4168847243729106,always
565,2.155602125360136,1.3685854598784264,1.6833921260711104,0.7870166654817097,3.4168847243729106,1.8484817349308351,1.96,3.6230242004644366,-2.2544387405860102,4.9916096603428635,0,3.2770102497415623,always
566,0.062184121759690125,1.6833921260711104,1.0349089243465424,-1.6212080043114203,3.2770102497415623,1.8102514327411987,1.96,3.548092808172749,-1.8647006821016388,5.231484934243859,0,3.244575506916655,always
567,1.5597862564056908,1.0349089243465424,1.2448598571702019,0.5248773320591484,3.244575506916655,1.8012705257447186,1.96,3.530490230459648,-2.495581306113106,4.56539915480619,0,3.0961215422562987,always
568,3.263898701414991,1.2448598571702019,2.0524753948681176,2.0190388442447893,3.0961215422562987,1.7595799334660243,1.96,3.4487766695934075,-2.2039168124232056,4.693636526763609,0,3.1451413578719505,always
569,2.188973631513124,2.0524753948681176,2.10707468952612,0.13649823664500627,3.1451413578719505,1.7734546393612527,1.96,3.4759710931480554,-1.4234956982799378,5.528446488016173,0,2.9888158784087127,always
570,-0.047939388796689464,2.10707468952612,1.2450690581969963,-2.1550140783228096,2.9888158784087127,1.7288192150738932,1.96,3.3884856615448307,-1.2814109720187106,5.495560351070951,0,3.071579368376752,always
571,0.9493914322101238,1.2450690581969963,1.1267980078022473,-0.2956776259868725,3.071579368376752,1.7525921854147222,1.96,3.4350806834128553,-2.190011625215859,4.680149741609852,0,2.9223716628833762,always
572,2.1255649349535757,1.1267980078022473,1.5263047786627786,0.9987669271513284,2.9223716628833762,1.7094945635723373,1.96,3.3506093446017813,-2.223811336799534,4.477407352404029,0,2.826129848477773,always
573,-0.12154764425548825,1.5263047786627786,0.8671638094954718,-1.647852422918267,2.826129848477773,1.681109707448557,1.96,3.2949750265991717,-1.7686702479363932,4.82127980526195,0,2.820594236439764,always
574,0.012318561993311938,0.8671638094954718,0.5252257104946079,-0.8548452475021598,2.820594236439764,1.6794624843799768,1.96,3.2917464693847545,-2.424582659889283,4.158910278880226,0,2.716102544476627,always
575,1.7112186774353029,0.5252257104946079,0.9996228972708859,1.185992966940695,2.716102544476627,1.6480602369078101,1.96,3.230198064339308,-2.7049723538447,3.7554237748339157,0,2.650626383134435,always
576,0.9210297457328951,0.9996228972708859,0.9681856366556896,-0.07859315153799085,2.650626383134435,1.6280744402927143,1.96,3.19102590297372,-2.191403005702834,4.190648800244606,0,2.5184039081511473,always
577,1.23177359797825,0.9681856366556896,1.0736208211847138,0.26358796132256046,2.5184039081511473,1.586947985332584,1.96,3.1104180512518647,-2.142232414596175,4.078603687907554,0,2.395957643411299,always
578,-0.653684441966181,1.0736208211847138,0.3826987159243558,-1.7273052631508947,2.395957643411299,1.5478881236740913,1.96,3.033860722401219,-1.9602399012165053,4.107481543585933,0,2.425338934846173,always
579,2.2461816858494226,0.3826987159243558,1.1280919038943824,1.8634829699250668,2.425338934846173,1.557349971858019,1.96,3.052405944841717,-2.6697072289173613,3.435104660766073,0,2.4777004270639016,always
580,4.796476210081892,1.1280919038943824,2.5954456263693864,3.668384306187509,2.4777004270639016,1.5740712903372267,1.96,3.085179729060964,-1.9570878251665818,4.213271632955347,1,3.026667576604847,always
581,2.6260188816699768,2.5954456263693864,2.6076749284896223,0.030573255300590407,3.026667576604847,1.7397320416101,1.96,3.4098748015557963,-0.8144291751864099,6.005320427925183,0,2.8753809339715883,always
582,0.9725547307196498,2.6076749284896223,1.9536268493816333,-1.6351201977699725,2.8753809339715883,1.6956948233604974,1.96,3.323561853786575,-0.7158869252969526,5.931236782276198,0,2.8652927903307743,always
583,-3.094359551103011,1.9536268493816333,-0.06556771081222457,-5.047986400484644,2.8652927903307743,1.692717575477603,1.96,3.3177264479361015,-1.3640995985544682,5.271353297317734,1,3.9961364857881314,always
584,-2.827414586419631,-0.06556771081222457,-1.1703064610551874,-2.7618468756074064,3.9961364857881314,1.999033888103984,1.96,3.9181064206838085,-3.9836741314960333,3.8525387098715838,0,4.177719569713845,always
585,0.6600626434715322,-1.1703064610551874,-0.43815881924449956,1.8303691045267196,4.177719569713845,2.0439470564850364,1.96,4.006136230710672,-5.176442691765859,2.835829769655484,0,4.136346144168449,always
586,1.4515453471524462,-0.43815881924449956,0.31772284731427874,1.8897041663969458,4.136346144168449,2.033800910651888,1.96,3.9862497848777,-4.4244086041222,3.5480909656332007,0,4.108077928784925,always
587,2.86249061050169,0.31772284731427874,1.3356299525892432,2.5447677631874113,4.108077928784925,2.0268393939296043,1.96,3.9726052121020246,-3.654882364787746,4.290328059416304,0,4.2264661807735715,always
588,5.237666488846782,1.3356299525892432,2.8964445670922587,3.9020365362575387,4.2264661807735715,2.055837099765828,1.96,4.029440715541023,-2.69381076295178,5.365070668130266,0,4.7764373282493295,always
589,1.196432508913271,2.8964445670922587,2.2164397438206636,-1.7000120581789877,4.7764373282493295,2.1855061949693324,1.96,4.2835921421398915,-1.3871475750476328,7.18003670923215,0,4.68211751173456,always
590,-1.9071688452032174,2.2164397438206636,0.5669963082111111,-4.123608589023881,4.68211751173456,2.1638201200041007,1.96,4.241087435208037,-2.0246476913873734,6.4575271790287,0,5.298219025921409,always
591,-0.13934500911367032,0.5669963082111111,0.28445978128119853,-0.7063413173247814,5.298219025921409,2.301786051291781,1.96,4.51150066053189,-3.944504352320779,5.078496968743002,0,5.058253977453343,always
592,4.536651639882837,0.28445978128119853,1.9853365247218542,4.2521918586016385,5.058253977453343,2.249056241505166,1.96,4.408150233350125,-4.123690452068926,4.692610014631324,0,5.709398058698579,always
593,2.2081020196766827,1.9853365247218542,2.0744427227037856,0.22276549495482856,5.709398058698579,2.389434673452819,1.96,4.683291959967525,-2.6979554352456705,6.668628484689378,0,5.426409379050773,always
594,0.680089575325004,2.0744427227037856,1.5167014637522729,-1.3943531473787816,5.426409379050773,2.3294654706714955,1.96,4.565752322516131,-2.4913095998123453,6.640195045219917,0,5.252299945078489,always
595,3.285951011576324,1.5167014637522729,2.2244012828818933,1.7692495478240513,5.252299945078489,2.291789681685143,1.96,4.49190777610288,-2.975206312350607,6.0086092398551525,0,5.146197145948345,always
596,0.4038870970143913,2.2244012828818933,1.4961956085348926,-1.820514185867502,5.146197145948345,2.2685231199942275,1.96,4.4463053151886855,-2.2219040323067922,6.670706598070579,0,5.054600883698169,always
597,-2.0722470578482755,1.4961956085348926,0.0688185419816254,-3.5684426663831683,5.054600883698169,2.2482439555569074,1.96,4.406558152891538,-2.910362544356645,5.902753761426431,0,5.438559992676451,always
598,-0.8307016929074182,0.0688185419816254,-0.29098955197399207,-0.8995202348890436,5.438559992676451,2.3320720384834708,1.96,4.570861195427603,-4.502042653445978,4.639679737409228,0,5.20708882569137,always
599,1.0068198938965702,-0.29098955197399207,0.2281342263742329,1.2978094458705622,5.20708882569137,2.2819046486852534,1.96,4.472533111423097,-4.763522663397089,4.181543559449104,0,5.030949852296344,always
600,3.488344714422118,0.2281342263742329,1.532218421593387,3.260210488047885,5.030949852296344,2.2429778983075925,1.96,4.396236680682882,-4.168102454308649,4.624370907057115,0,5.310850981000398,always
601,3.6395864614362425,1.532218421593387,2.3751656375305292,2.1073680398428554,5.310850981000398,2.3045283641127954,1.96,4.516875593661079,-2.984657172067692,6.049094015254466,0,5.267358434717933,always
602,-0.5353635698125061,2.3751656375305292,1.210953954593315,-2.9105292073430356,5.267358434717933,2.2950726425797363,1.96,4.498342379456283,-2.123176741925754,6.873508016986813,0,5.42754952632188,always
603,0.3196042317455916,1.210953954593315,0.8544140654542256,-0.8913497228477234,5.42754952632188,2.3297101807567997,1.96,4.566231954283327,-3.355277999690012,5.777185908876643,0,5.1958972664268215,always
604,1.280635992920132,0.8544140654542256,1.0249028364405883,0.4262219274659065,5.1958972664268215,2.2794510888428428,1.96,4.467724134131972,-3.6133100686777464,5.322138199586197,0,4.945185659678118,always
605,4.2077503052911425,1.0249028364405883,2.29804182398081,3.182847468850554,4.945185659678118,2.2237773404003645,1.96,4.358603587184715,-3.3337007507441263,5.3835064236253025,0,5.2044522771926305,always
606,2.63045088205924,2.29804182398081,2.431005447212182,0.33240905807843024,5.2044522771926305,2.2813268676786826,1.96,4.471400660650218,-2.1733588366694083,6.769442484631028,0,4.949754452427627,always
607,0.20697245193661917,2.431005447212182,1.5413922491019567,-2.2240329952755626,4.949754452427627,2.2248043627311653,1.96,4.360616550953084,-1.9296111037409025,6.791621998165266,0,4.949582868009965,always
608,1.3081554463391487,1.5413922491019567,1.4480975279968336,-0.233236802762808,4.949582868009965,2.22476580071026,1.96,4.360540969392109,-2.819148720290152,5.901933218494066,0,4.704823694917617,always
609,3.513296765340584,1.4480975279968336,2.274177222934334,2.0651992373437507,4.704823694917617,2.1690605558438465,1.96,4.251358689453939,-2.8032611614571055,5.699456217450773,0,4.682834904667996,always
610,3.8135493819390813,2.274177222934334,2.889926086536233,1.5393721590047473,4.682834904667996,2.163985883657284,1.96,4.241412331968276,-1.9672351090339424,6.51558955490261,0,4.567176491630543,always
611,-0.30941472958405614,2.889926086536233,1.6101897600881172,-3.199340816120289,4.567176491630543,2.137095339855137,1.96,4.1887068661160685,-1.2987807795798356,7.078632952652301,0,4.850606749933678,always
612,0.40212813117240254,1.6101897600881172,1.1269651085218313,-1.2080616289157147,4.850606749933678,2.202409305722639,1.96,4.316722239216372,-2.7065324791282555,5.926911999304489,0,4.681047057399918,always
613,0.5320221659838712,1.1269651085218313,0.8889879315066472,-0.5949429425379601,4.681047057399918,2.163572752971325,1.96,4.240602595823797,-3.113637487301966,5.367567704345628,0,4.464692559773708,always
614,2.1585634013865165,0.8889879315066472,1.396818119458595,1.2695754698798694,4.464692559773708,2.1129819118425286,1.96,4.141444547211356,-3.252456615704709,5.030432478718003,0,4.322049025471056,always
615,0.581025304741384,1.396818119458595,1.0705009935717107,-0.8157928147172109,4.322049025471056,2.0789538295669425,1.96,4.074749505951207,-2.677931386492612,5.471567625409802,0,4.139222470024714,always
616,1.6263167034661676,1.0705009935717107,1.2928272775294936,0.5558157098944569,4.139222470024714,2.0345079183981354,1.96,3.9876355200603455,-2.917134526488635,5.058136513632056,0,3.9477079016917522,always
617,1.1628790132479496,1.2928272775294936,1.240847971816876,-0.12994826428154393,3.9477079016917522,1.9868839678480856,1.96,3.894292576982248,-2.6014652994527543,5.187119854511741,0,3.7511668341766535,always
618,-0.3518829191750966,1.240847971816876,0.6037556154200868,-1.5927308909919726,3.7511668341766535,1.936792924960398,1.96,3.79611413292238,-2.555266161105504,5.036962104739256,0,3.6904480770238246,always
619,1.9656609465945665,0.6037556154200868,1.1485177478898787,1.3619053311744795,3.6904480770238246,1.921053897480189,1.96,3.76526563906117,-3.161510023641083,4.3690212544812566,0,3.5986649797267067,always
620,3.405304810059415,1.1485177478898787,2.0512325727576934,2.2567870621695363,3.5986649797267067,1.8970147547467064,1.96,3.7181489193035446,-2.5696311714136657,4.866666667193424,0,3.6733861229391613,always
621,1.8268872106490202,2.0512325727576934,1.9614944279142241,-0.22434536210867329,3.6733861229391613,1.9166079732013956,1.96,3.7565516274747353,-1.7053190547170418,5.807784200232429,0,3.4922333588671868,always
622,3.2577481948913007,1.9614944279142241,2.479995934705055,1.2962537669770766,3.4922333588671868,1.8687518184251184,1.96,3.662753564113232,-1.701259136199008,5.624247992027456,0,3.4016353823439403,always
623,2.0677266792556566,2.479995934705055,2.3150882325252957,-0.4122692554493983,3.4016353823439403,1.8443522934471983,1.96,3.6149304951565084,-1.1349345604514536,6.094926429861563,0,3.240051910176183,always
624,1.3474234210641456,2.3150882325252957,1.9280223079408356,-0.9676648114611501,3.240051910176183,1.8000144194356287,1.96,3.5280282620938324,-1.2129400295685366,5.843116494619128,0,3.124868074034381,always
625,1.8654608845285605,1.9280223079408356,1.9029977385759254,-0.06256142341227511,3.124868074034381,1.767729638274581,1.96,3.4647500910181788,-1.5367277830773431,5.392772398959014,0,2.9688203669176305,always
626,1.203565918992143,1.9029977385759254,1.6232250107424124,-0.6994318195837823,2.9688203669176305,1.7230265137012926,1.96,3.377131966854533,-1.4741342282786078,5.280129705430459,0,2.844839592084063,always
627,2.1836135492308997,1.6232250107424124,1.8473804261378073,0.5603885384884872,2.844839592084063,1.6866652282193,1.96,3.305863847309828,-1.6826388365674156,4.929088858052241,0,2.718299378183323,always
628,1.5957066492953815,1.8473804261378073,1.7467109154008371,-0.25167377684242576,2.718299378183323,1.6487265929144599,1.96,3.2315041221123413,-1.384123695974534,5.078884548250149,0,2.585551393771663,always
629,0.9356597316374652,1.7467109154008371,1.4222904418954885,-0.8110511837633719,2.585551393771663,1.6079649852442879,1.96,3.151611371078804,-1.404900455677967,4.898322286479641,0,2.489164025217278,always
630,3.4950064740398,1.4222904418954885,2.251376854753213,2.0727160321443114,2.489164025217278,1.5777084728229351,1.96,3.092308606732953,-1.6700181648374643,4.514599048628441,0,2.579513411451817,always
631,1.7557949398364976,2.251376854753213,2.053144088786527,-0.49558191491671555,2.579513411451817,1.6060863648794907,1.96,3.147929275163802,-0.8965524204105888,5.399306129917015,0,2.462817812598852,always
632,-2.6256967695122366,2.053144088786527,0.18160774546702152,-4.678840858298764,2.462817812598852,1.5693367428945426,1.96,3.0759000160733034,-1.0227559272867763,5.1290441048598305,1,3.434254510833205,always
633,1.6505899608922512,0.18160774546702152,0.7692006316371135,1.4689822154252297,3.434254510833205,1.8531741717478163,1.96,3.63222137662572,-3.4506136311586983,3.8138291220927414,0,3.3704372227533255,always
634,7.814694290201974,0.7692006316371135,3.5873980950630577,7.04549365856486,3.3704372227533255,1.8358750564113357,1.96,3.598315110566218,-2.8291144789291045,4.367515742203332,1,5.683864406259542,always
635,4.943117695501061,3.5873980950630577,4.129685935238259,1.3557196004380034,5.683864406259542,2.3840856541365167,1.96,4.6728078821075725,-1.0854097870445147,8.26020597717063,0,5.491569967697154,always
636,-2.159233588730628,4.129685935238259,1.614118125650704,-6.288919523968887,5.491569967697154,2.343409901766474,1.96,4.593083407462289,-0.46339747222403016,8.722769342700548,1,7.194516908260148,always
637,-2.5453249652828234,1.614118125650704,-0.04965911072270712,-4.159443090933527,7.194516908260148,2.682259664585095,1.96,5.257228942586786,-3.643110816936082,6.87134706823749,0,7.699839404182873,always
638,0.8105873904346164,-0.04965911072270712,0.29443948974022227,0.8602465011573235,7.699839404182873,2.774858447593836,1.96,5.438722557283918,-5.488381668006625,5.389063446561211,0,7.3518486361114,always
639,3.1616291553687956,0.29443948974022227,1.4413153559916516,2.8671896656285734,7.3518486361114,2.711429260761084,1.96,5.314401351091725,-5.0199618613515025,5.608840840831947,0,7.3952950332401945,always
640,1.5091017351211968,1.4413153559916516,1.4684299076434697,0.06778637912954522,7.3952950332401945,2.719429174154053,1.96,5.330081181341943,-3.8887658253502915,6.771396537333595,0,7.025760031237959,always
641,1.8814881771030363,1.4684299076434697,1.6336532154272962,0.4130582694595666,7.025760031237959,2.6506150288636707,1.96,5.195205456572794,-3.7267755489293246,6.663635364216264,0,6.683002886374507,always
642,2.848603101630353,1.6336532154272962,2.1196331699085187,1.2149498862030566,6.683002886374507,2.585150457202541,1.96,5.066894896116981,-3.433241680689685,6.700548111544277,0,6.422657903355022,always
643,0.2143093426977336,2.1196331699085187,1.3575036390242048,-1.905323827210785,6.422657903355022,2.5342963329798316,1.96,4.96722081264047,-2.847587642731951,7.0868539825489885,0,6.283037952514128,always
644,1.4405791523457954,1.3575036390242048,1.390733844352841,0.08307551332159058,6.283037952514128,2.506598881455533,1.96,4.912933807652844,-3.5554301686286394,6.2704374466770485,0,5.969231131934103,always
645,5.523720292977447,1.390733844352841,3.043928423802683,4.132986448624606,5.969231131934103,2.4432010011323473,1.96,4.7886739622194,-3.3979401178665594,6.179407806572241,0,6.52484842456313,always
646,4.539383098269161,3.043928423802683,3.642110293589274,1.4954546744664778,6.52484842456313,2.5543782853295496,1.96,5.006581439245917,-1.9626530154432338,8.0505098630486,0,6.310425237504155,always
647,1.143281969370014,3.642110293589274,2.6425789639015695,-2.49882832421926,6.310425237504155,2.512055978178861,1.96,4.923629717230567,-1.2815194236412935,8.565740010819841,0,6.307111125324969,always
648,-0.10922718912385387,2.6425789639015695,1.5418565026914002,-2.7518061530254236,6.307111125324969,2.5113962501614453,1.96,4.922336650316432,-2.2797576864148628,7.564915614218002,0,6.370377424250149,always
649,1.9732078522935228,1.5418565026914002,1.7143970425322492,0.4313513496021226,6.370377424250149,2.523960662183575,1.96,4.946962897879807,-3.405106395188407,6.488819400571208,0,6.06116175237782,always
650,0.3300308976772133,1.7143970425322492,1.1606505845902348,-1.384366144855036,6.06116175237782,2.4619426785321017,1.96,4.825407649922919,-3.11101060739067,6.539804692455169,0,5.853927145909969,always
651,1.1455006669255199,1.1606505845902348,1.1545906175243488,-0.015149917664714962,5.853927145909969,2.41948902578829,1.96,4.742198490545048,-3.5815479059548134,5.902849075135283,0,5.561242264614733,always
652,1.6240890271224901,1.1545906175243488,1.3423899813636053,0.4694984095981414,5.561242264614733,2.3582286285716094,1.96,4.622128112000355,-3.467537494476006,5.7767187295247036,0,5.294201589214755,always
653,4.860940602244802,1.3423899813636053,2.749810229716084,3.5185506208811965,5.294201589214755,2.300913207666633,1.96,4.509789887026601,-3.167399905662996,5.852179868390206,0,5.64850143333919,always
654,3.530760747078199,2.749810229716084,3.06219043666093,0.7809505173621152,5.64850143333919,2.3766576180298227,1.96,4.658248931338452,-1.908438701622368,7.4080591610545365,0,5.396570547200638,always
655,3.877317563803798,3.06219043666093,3.388241287518077,0.8151271271428682,5.396570547200638,2.323051989775657,1.96,4.553181899960288,-1.4909914632993582,7.615372336621218,0,5.159963631510815,always
656,0.5928991180701684,3.388241287518077,2.2701044197389133,-2.795342169447909,5.159963631510815,2.2715553331386875,1.96,4.452248452951827,-1.06400716543375,7.840489740469904,0,5.292662342149961,always
657,0.9854694391443903,2.2701044197389133,1.756250427501104,-1.284634980594523,5.292662342149961,2.300578697230321,1.96,4.509134246571429,-2.2390298268325153,6.779238666310341,0,5.110543576710817,always
658,2.461432500138393,1.756250427501104,2.0383232565560196,0.7051820726372893,5.110543576710817,2.2606511399839686,1.96,4.430876234368578,-2.6746258068674744,6.187126661869682,0,4.879880485653727,always
659,1.368053908713667,2.0383232565560196,1.7702155174190786,-0.6702693478423527,4.879880485653727,2.2090451524705705,1.96,4.329728498842318,-2.2914052422862983,6.368051755398337,0,4.658349511303891,always
660,1.543710267114414,1.7702155174190786,1.6796134172972128,-0.2265052503046645,4.658349511303891,2.158320993574378,1.96,4.230309147405781,-2.4600936299867024,6.00052466482486,0,4.427997267159475,always
661,3.7484774611592155,1.6796134172972128,2.5071590348420143,2.0688640438620025,4.427997267159475,2.104280700657466,1.96,4.124390173288633,-2.4447767559914206,5.804003590585846,0,4.420607325400753,always
662,2.679043786708421,2.5071590348420143,2.575912935588577,0.17188475186640684,4.420607325400753,2.1025240368187834,1.96,4.120947112164815,-1.613788077322801,6.62810614700683,0,4.201054177526924,always
663,-1.1172564323091998,2.575912935588577,1.0986451884294661,-3.693169367897777,4.201054177526924,2.0496473300367857,1.96,4.0173087668721,-1.4413958312835229,6.593221702460677,0,4.672976467649501,always
664,-0.348719992455899,1.0986451884294661,0.51969911607532,-1.4473651808853651,4.672976467649501,2.161706841282948,1.96,4.236945408914578,-3.138300220485112,5.335590597344044,0,4.544070942608991,always
665,0.6832615784922916,0.51969911607532,0.5851241010421087,0.1635624624169716,4.544070942608991,2.1316826552301333,1.96,4.178098004251061,-3.658398888175741,4.697797120326381,0,4.318205029434137,always
666,1.7583055353275008,0.5851241010421087,1.0543966747562656,1.1731814342853921,4.318205029434137,2.078029121411473,1.96,4.072937077966486,-3.4878129769243778,4.658061179008595,0,4.171112511850026,always
667,2.278470877422673,1.0543966747562656,1.5440263558228287,1.2240742026664075,4.171112511850026,2.042330167198738,1.96,4.0029671277095265,-2.948570452953261,5.057363802465792,0,4.0374747689391945,always
668,-0.38304856523342223,1.5440263558228287,0.7731963874003283,-1.927074921056251,4.0374747689391945,2.0093468513273645,1.96,3.9383198286016343,-2.3942934727788057,5.482346184424463,0,4.021281918060432,always
669,-2.1050520868324067,0.7731963874003283,-0.37810300229276583,-2.878248474232735,4.021281918060432,2.0053134214033554,1.96,3.9304143059505767,-3.1572179185502485,4.703610693350905,0,4.234433536128564,always
670,1.339093283805555,-0.37810300229276583,0.3087755121465625,1.7171962860983208,4.234433536128564,2.0577739273614495,1.96,4.0332368976284405,-4.411339899921206,3.6551338953356747,0,4.170150013571629,always
671,2.7594039694450156,0.3087755121465625,1.2890268950659438,2.4506284572984534,4.170150013571629,2.042094516316918,1.96,4.00250525198116,-3.6937297398345974,4.311280764127722,0,4.261921504679097,always
672,-1.1735207729666186,1.2890268950659438,0.3040078278529188,-2.4625476680325624,4.261921504679097,2.0644421776061197,1.96,4.046306668107994,-2.7572797730420504,5.335333563173938,0,4.352032480311772,always
673,0.7809516064097237,0.3040078278529188,0.49478533927564083,0.4769437785568049,4.352032480311772,2.0861525544196837,1.96,4.08885900666258,-3.784851178809661,4.392866834515499,0,4.145804624691386,always
674,3.1513859832405036,0.49478533927564083,1.557425596861586,2.656600643964863,4.145804624691386,2.0361249040005838,1.96,3.9908048118411443,-3.4960194725655036,4.485590151116785,0,4.291390742532542,always
675,2.1170435506847145,1.557425596861586,1.7812727783908375,0.5596179538231285,4.291390742532542,2.0715672189269028,1.96,4.06027174909673,-2.5028461522351435,5.617697345958316,0,4.092479818117973,always
676,-0.5932121777967854,1.7812727783908375,0.8314787959157883,-2.374484956187623,4.092479818117973,2.022987844283295,1.96,3.965056174795258,-2.1837833964044204,5.7463289531860955,0,4.1697647675701415,always
677,1.5267627624510771,0.8314787959157883,1.1095923825299039,0.6952839665352888,4.1697647675701415,2.0420001879456677,1.96,4.002320368373509,-3.1708415724577206,4.833799164289297,0,3.9854475188976863,always
678,3.4241896802096834,1.1095923825299039,2.035431301601816,2.3145972976797795,3.9854475188976863,1.996358564711682,1.96,3.9128627868348964,-2.8032704043049925,5.0224551693648,0,4.054043175474129,always
679,6.552535850926381,2.035431301601816,3.842273121331642,4.517104549324564,4.054043175474129,2.013465464187089,1.96,3.946392309806694,-1.910961008204878,5.98182361140851,1,4.871552692176856,always
680,4.537209568538392,3.842273121331642,4.1202477002143425,0.6949364472067501,4.871552692176856,2.207159417028334,1.96,4.326032457375534,-0.4837593360438923,8.168305578707177,0,4.65212189085083,always
681,1.7151125275528671,4.1202477002143425,3.1581936311497527,-2.4051351726614754,4.65212189085083,2.1568778108300037,1.96,4.227480509226807,-0.10723280901246479,8.34772820944115,0,4.708749556246955,always
682,0.1975708370996765,3.1581936311497527,1.9739445135297222,-2.9606227940500762,4.708749556246955,2.1699653352638966,1.96,4.253132057117237,-1.0949384259674844,7.41132568826699,0,4.911576444867051,always
683,2.173650039284559,1.9739445135297222,2.0538267238316568,0.1997055257548368,4.911576444867051,2.2162076718726182,1.96,4.343767036870331,-2.369822523340609,6.317711550400054,0,4.667991737474549,always
684,3.830532406893128,2.0538267238316568,2.764508997056245,1.7767056830614711,4.667991737474549,2.160553571998285,1.96,4.234685001116638,-2.1808582772849814,6.288511724948295,0,4.592426304811967,always
685,4.77658193734139,2.764508997056245,3.569338173170303,2.0120729402851447,4.592426304811967,2.1429947048025966,1.96,4.2002696214130895,-1.4357606243568446,6.964778618469334,0,4.565226865422754,always
686,1.8561985810023427,3.569338173170303,2.884082336303119,-1.7131395921679604,4.565226865422754,2.136639151897848,1.96,4.187812737719781,-0.6184745645494782,7.7571509108900845,0,4.483707885264287,always
687,-0.24018302948523274,2.884082336303119,1.6343761899877782,-3.124265365788352,4.483707885264287,2.1174767732526103,1.96,4.1502544755751165,-1.2661721392719976,7.0343368118782355,0,4.7475741947943035,always
688,-0.10336386456028124,1.6343761899877782,0.9392801681685543,-1.7377400545480595,4.7475741947943035,2.178892882817855,1.96,4.270630050322996,-2.636253860335218,5.905006240310774,0,4.661182509913623,always
689,2.9317757777749316,0.9392801681685543,1.7362784120111052,1.9924956096063773,4.661182509913623,2.158977190688596,1.96,4.231595293749648,-3.292315125581094,5.170875461918202,0,4.626625322132976,always
690,5.745809059390197,1.7362784120111052,3.3400906709627423,4.009530647379092,4.626625322132976,2.1509591632880842,1.96,4.215879960044645,-2.4796015480335396,5.9521583720557505,0,5.199110856639938,always
691,2.980836807022701,3.3400906709627423,3.196389125386726,-0.3592538639400411,5.199110856639938,2.2801558842850937,1.96,4.469105533198784,-1.1290148622360414,7.809196204161526,0,4.945608480745733,always
692,-0.03406303717111503,3.196389125386726,1.9042082603635895,-3.2304521625578406,4.945608480745733,2.223872406579508,1.96,4.3587899168958355,-1.1624007915091097,7.555179042282561,0,5.2201191154371775,always
693,0.6477596099906793,1.9042082603635895,1.4016288002144255,-1.2564486503729102,5.2201191154371775,2.284757999315721,1.96,4.478125678658813,-2.5739174182952236,6.382333939022402,0,5.038046320216514,always
694,1.7245450345606128,1.4016288002144255,1.5307952939529004,0.3229162343461873,5.038046320216514,2.24455927081833,1.96,4.399336170803927,-2.997707370589502,5.800964971018352,0,4.791357748925905,always
695,3.826427695450863,1.5307952939529004,2.4490482545520855,2.2956324014979623,4.791357748925905,2.1889170265055515,1.96,4.290277371950881,-2.7594820779979807,5.821072665903782,0,4.815286267619975,always
696,-0.25658183593835915,2.4490482545520855,1.3667962183559075,-2.7056300904904447,4.815286267619975,2.19437605428513,1.96,4.300977066398854,-1.8519288118467685,6.7500253209509395,0,4.940543663567342,always
697,-1.619720519663789,1.3667962183559075,0.17218952314802882,-2.9865167380196964,4.940543663567342,2.2227333766260275,1.96,4.3565574181870135,-2.989761199831106,5.723353636542921,0,5.139480591712565,always
698,-0.3296658947712626,0.17218952314802882,-0.02855264401968778,-0.5018554179192914,5.139480591712565,2.267042256269734,1.96,4.443402822288678,-4.2712132991406495,4.615592345436706,0,4.895099505151683,always
699,-1.1809732956100802,-0.02855264401968778,-0.4895209046558448,-1.1524206515903925,4.895099505151683,2.2124871762683016,1.96,4.336474865485871,-4.365027509505559,4.307922221466184,0,4.7167481978047,always
700,-0.3017086965336231,-0.4895209046558448,-0.41439602140695614,0.1878122081222217,4.7167481978047,2.171807587657042,1.96,4.256742871807802,-4.746263776463647,3.7672219671519573,0,4.482674459190451,always
701,1.224227256115977,-0.41439602140695614,0.24105328960221717,1.6386232775229332,4.482674459190451,2.1172327361890217,1.96,4.149776162930483,-4.564172184337439,3.7353801415235264,0,4.392795048512928,always
702,2.7712337201581523,0.24105328960221717,1.2531254618245913,2.530180430555935,4.392795048512928,2.0958995797778406,1.96,4.107963176364567,-3.86690988676235,4.349016465966784,0,4.493245946645692,always
703,4.907575441527298,1.2531254618245913,2.714905453705674,3.6544499797027066,4.493245946645692,2.1197278001304065,1.96,4.154666488255597,-2.9015410264310053,5.407791950080188,0,4.936333882020864,always
704,3.378837428051249,2.714905453705674,2.980478243443904,0.6639319743455752,4.936333882020864,2.221786191788234,1.96,4.354700935904939,-1.6397954821992649,7.0696063896106125,0,4.711557471247741,always
705,0.21479415566036986,2.980478243443904,1.8742046083304902,-2.765684087783534,4.711557471247741,2.170612234197472,1.96,4.254399979027045,-1.2739217355831407,7.2348782224709485,0,4.858430021356306,always
706,0.5415259675503039,1.8742046083304902,1.3411331520184158,-1.3326786407801863,4.858430021356306,2.204184661355828,1.96,4.320201936257423,-2.4459973279269325,6.194406544587913,0,4.7043101382680765,always
707,3.9787789348620213,1.3411331520184158,2.3961914651558582,2.6376457828436055,4.7043101382680765,2.1689421703374383,1.96,4.251126653861379,-2.909993501842963,5.592259805879794,0,4.816953395142305,always
708,2.8400661529697033,2.3961914651558582,2.573741340281396,0.4438746878138451,4.816953395142305,2.1947558850911655,1.96,4.301721534778684,-1.905530069622826,6.697912999934543,0,4.585956962309282,always
709,0.5362878984686383,2.573741340281396,1.758759963556293,-2.0374534418127577,4.585956962309282,2.1414847564970625,1.96,4.197310122734242,-1.6235687824528462,6.771051463015638,0,4.564219940571551,always
710,1.9270631015076662,1.758759963556293,1.8260812187368423,0.1683031379513733,4.564219940571551,2.13640350602866,1.96,4.187350871816173,-2.4285909082598804,5.946110835372466,0,4.337425240855187,always
711,2.74328973807408,1.8260812187368423,2.1929646264717375,0.9172085193372377,4.337425240855187,2.082648611949502,1.96,4.081991279421024,-2.2559100606841813,5.908072498157866,0,4.162617552209668,always
712,3.8411693281548263,2.1929646264717375,2.852246507144973,1.6482047016830887,4.162617552209668,2.0402493848080603,1.96,3.9988887942237983,-1.8059241677520608,6.191853420695535,0,4.090315611531697,always
713,3.1000865401629105,2.852246507144973,2.951382520352148,0.24784003301793733,4.090315611531697,2.0224528700396696,1.96,3.9640076252777523,-1.1117611181327791,6.816254132422726,0,3.8888710650534284,always
714,3.1794627321546836,2.951382520352148,3.0426146050731626,0.22808021180253535,3.8888710650534284,1.972022075194248,1.96,3.8651632673807264,-0.9137807470285781,6.816545787732874,0,3.6970285409515515,always
715,0.9925171981503935,3.0426146050731626,2.222575642304055,-2.0500974069227693,3.6970285409515515,1.9227658570277224,1.96,3.768621079774336,-0.7260064747011734,6.811235684847499,0,3.7223220827975467,always
716,1.175151976630493,2.222575642304055,1.80360617603463,-1.0474236656735618,3.7223220827975467,1.929332030210857,1.96,3.7814907792132795,-1.5589151369092247,6.004066421517335,0,3.5910607954283216,always
717,2.080297565358364,1.80360617603463,1.9142827317641236,0.27669138932373394,3.5910607954283216,1.8950094446805066,1.96,3.714218511573793,-1.9106123355391629,5.517824687608423,0,3.4153356619032,always
718,1.024266164743576,1.9142827317641236,1.5582761049559046,-0.8900165670205475,3.4153356619032,1.8480626780234484,1.96,3.6222028489259586,-1.707920117161835,5.536485580690082,0,3.284175353286592,always
719,-0.5833060056360692,1.5582761049559046,0.7016432607191151,-2.141582110591974,3.284175353286592,1.8122293876015232,1.96,3.5519695996989853,-1.9936934947430807,5.11024570465489,0,3.349285282442641,always
720,2.354006867158563,0.7016432607191151,1.3625887032948945,1.6523636064394482,3.349285282442641,1.830105265399409,1.96,3.5870063201828417,-2.8853630594637267,4.288649580901957,0,3.318336292714788,always
721,3.3651285497862053,1.3625887032948945,2.163604641891419,2.002539846491311,3.318336292714788,1.8216301196221993,1.96,3.570395034459511,-2.2078063311646163,4.932983737754405,0,3.3529277699183204,always
722,1.4961532738214471,2.163604641891419,1.8966240946634303,-0.6674513680699719,3.3529277699183204,1.8311001528912394,1.96,3.588956299666829,-1.4253516577754102,5.752560941558248,0,3.207555947859328,always
723,1.2583592840147673,1.8966240946634303,1.641318170403965,-0.638264810648663,3.207555947859328,1.790965088397685,1.96,3.5102915732594626,-1.6136674785960323,5.406915667922893,0,3.06754724889198,always
724,3.886467219522091,1.641318170403965,2.5393777900512156,2.245149049118126,3.06754724889198,1.751441477438507,1.96,3.4328252957794736,-1.7915071253755086,5.074143466183439,0,3.1662045990851824,always
725,0.4690939216479866,2.5393777900512156,1.711264242689924,-2.070283868403229,3.1662045990851824,1.7793832074865668,1.96,3.4875910866736706,-0.948213296622455,6.026968876724887,0,3.2221981339194548,always
726,-1.719235291627243,1.711264242689924,0.339064428963057,-3.430499534317167,3.2221981339194548,1.7950482260706688,1.96,3.5182945230985108,-1.8070302804085867,5.229558765788434,0,3.6495045799709973,always
727,-0.4629177986432407,0.339064428963057,0.018271537920537928,-0.8019822276062977,3.6495045799709973,1.9103676557068792,1.96,3.744320605185483,-3.405256176222426,4.08338503414854,0,3.4991881256422652,always
728,4.961135266708171,0.018271537920537928,1.995417029435591,4.942863728787633,3.4991881256422652,1.8706116982533454,1.96,3.666398928576557,-3.648127390656019,3.684670466497095,1,4.545823811428371,always
729,5.819520533725467,1.995417029435591,3.5250584311515416,3.824103504289876,4.545823811428371,2.132093762344511,1.96,4.178903774195241,-2.18348674475965,6.174320803630833,0,5.049721001433058,always
730,4.349620547573036,3.5250584311515416,3.8548832777201394,0.824562116421494,5.049721001433058,2.2471584282006147,1.96,4.4044305192732045,-0.8793720881216629,7.929488950424746,0,4.83123008555328,always
731,0.1772706829917421,3.8548832777201394,2.3838382398287807,-3.677612594728397,4.83123008555328,2.1980059339213076,1.96,4.308091630485763,-0.4532083527656239,8.162974908205904,0,5.265910301120862,always
732,-1.5602516768972619,2.3838382398287807,0.8062022731383636,-3.9440899167260426,5.265910301120862,2.2947571333631065,1.96,4.4977239813916885,-2.1138857415629078,6.881562221220469,0,5.780407049625821,always
733,1.834434227449837,0.8062022731383636,1.2174950548629528,1.0282319543114735,5.780407049625821,2.404247709705849,1.96,4.712325511023464,-3.906123237885101,5.518527784161828,0,5.54424974473789,always
734,4.155697871321703,1.2174950548629528,2.392776181446453,2.93820281645875,5.54424974473789,2.3546230578880114,1.96,4.615061193460503,-3.3975661385975497,5.832556248323455,0,5.698689047033302,always
735,4.586809837364293,2.392776181446453,3.270389643813589,2.19403365591784,5.698689047033302,2.38719271258801,1.96,4.6788977166725,-2.286121535226047,7.071673898118953,0,5.654443778846646,always
736,2.5802304803650467,3.270389643813589,2.994325978434172,-0.6901591634485422,5.654443778846646,2.3779074369803896,1.96,4.660698576481564,-1.390308932667975,7.931088220295153,0,5.395537573448913,always
737,1.8594489592188217,2.994325978434172,2.5403751707480318,-1.1348770192153501,5.395537573448913,2.322829647961493,1.96,4.552746110004526,-1.5584201315703545,7.547072088438698,0,5.190157987213623,always
738,2.2502327627064336,2.5403751707480318,2.4243182075313925,-0.2901424080415982,5.190157987213623,2.2781918240599546,1.96,4.465255975157511,-1.9248808044094794,7.005631145905543,0,4.934859218700151,always
739,3.774566261641837,2.4243182075313925,2.9644174291755707,1.3502480541104447,4.934859218700151,2.2214543026360345,1.96,4.354050433166628,-1.9297322256352354,6.77836864069802,0,4.779274748146595,always
740,4.537635798548591,2.9644174291755707,3.5937047769247785,1.57321836937302,4.779274748146595,2.186155243377422,1.96,4.284864277019747,-1.3204468478441767,7.249281706195318,0,4.664061812625901,always
741,0.592990356720581,3.5937047769247785,2.3934190088430993,-3.0007144202041975,4.664061812625901,2.15964390875577,1.96,4.232902061161309,-0.6391972842365305,7.826606838086088,0,4.881073073575677,always
742,-3.09642651825323,2.3934190088430993,0.19748079800456741,-5.489845527096329,4.881073073575677,2.2093150688789676,1.96,4.330257535002777,-1.9368385261596774,6.723676543845876,1,6.143939615465872,always
743,1.535767007165033,0.19748079800456741,0.7327952816687537,1.3382862091604655,6.143939615465872,2.4786971609024513,1.96,4.858246435368804,-4.660765637364237,5.055727233373371,0,5.926293133574032,always
744,6.438761103318539,0.7327952816687537,3.015181610328668,5.7059658216497855,5.926293133574032,2.434397899599413,1.96,4.7714198832148496,-4.038624601546096,5.504215164883603,1,7.257880774787106,always
745,3.7519386291386003,3.015181610328668,3.3098844178526408,0.7367570188099322,7.257880774787106,2.6940454292359486,1.96,5.280329041302459,-2.265147430973791,8.295510651631128,0,6.922127281286035,always
746,-1.5704704839945522,3.3098844178526408,1.3577424571137633,-4.880354901847193,6.922127281286035,2.630993592026791,1.96,5.15674744037251,-1.8468630225198694,8.466631858225151,0,7.76691411562093,always
747,-0.48219937345523034,1.3577424571137633,0.6217657248861658,-1.8399418305689936,7.76691411562093,2.786918390556302,1.96,5.462360045490351,-4.104617588376588,6.820102502604115,0,7.547837706833762,always
748,4.079672957449932,0.6217657248861658,2.0049286179116725,3.4579072325637665,7.547837706833762,2.7473328351027586,1.96,5.384772356801407,-4.763006631915241,6.006538081687573,0,7.768301942942914,always
749,7.572795244849046,2.0049286179116725,4.232075268686622,5.5678666269373736,7.768301942942914,2.7871673690223404,1.96,5.462848043283787,-3.457919425372115,7.46777666119546,1,8.929943784563918,always
750,5.465787026336638,4.232075268686622,4.725559971746629,1.233711757650016,8.929943784563918,2.988301153592776,1.96,5.857070261041841,-1.6249949923552185,10.089145529728462,0,8.559548830383916,always
751,1.1229995484989177,4.725559971746629,3.284535802447544,-3.602560423247711,8.559548830383916,2.925670663349502,1.96,5.734314500165024,-1.0087545284183959,10.459874471911654,0,8.780493469022256,always
752,-1.2112897164462626,3.284535802447544,1.4862055948900212,-4.495825518893806,8.780493469022256,2.9631897457001055,1.96,5.8078519015722065,-2.5233160991246626,9.09238770401975,0,9.352091150387981,always
753,0.9164033333887653,1.4862055948900212,1.2582846902895188,-0.5698022615012559,9.352091150387981,3.058118890819646,1.96,5.993913026006506,-4.507707431116485,7.480118620896528,0,8.900720323729178,always
754,2.894089802428506,1.2582846902895188,1.9126067351451137,1.6358051121389872,8.900720323729178,2.9834075021239017,1.96,5.847478704162847,-4.589194013873328,7.1057633944523655,0,8.58947722578772,always
755,1.9431503561694967,1.9126067351451137,1.924824183554867,0.030543621024383016,8.58947722578772,2.930780992463906,1.96,5.744330745229256,-3.831724010084142,7.65693748037437,0,8.160050010137597,always
756,4.979478788782375,1.924824183554867,3.14668602564587,3.054654605227508,8.160050010137597,2.856580124928688,1.96,5.598897044860228,-3.6740728613053615,7.523721228415095,0,8.2185932474926,always
757,6.881364698292872,3.14668602564587,4.640557494704671,3.734678672647002,8.2185932474926,2.866808896228104,1.96,5.618945436607084,-2.4722594109612137,8.765631462252955,0,8.505054824514188,always
758,5.530652449917678,4.640557494704671,4.996595476789874,0.8900949552130069,8.505054824514188,2.916342713830833,1.96,5.716031719108432,-1.0754742244037612,10.356589213813104,0,8.11941553475326,always
759,0.6839335240904796,4.996595476789874,3.2715306957101165,-4.312661952699395,8.11941553475326,2.849458814363398,1.96,5.58493927615226,-0.5883437993623852,10.581534752942133,0,8.643397413928644,always
760,1.1150628759413665,3.2715306957101165,2.4089435678026163,-2.15646781976875,8.643397413928644,2.9399655463846246,1.96,5.762332470913864,-2.4908017752037477,9.03386316662398,0,8.443745216117122,always
761,3.4740105777664327,2.4089435678026163,2.8349703717881427,1.0650670099638164,8.443745216117122,2.905812316051593,1.96,5.695392139461122,-3.2864485716585055,8.104335707263738,0,8.07827634209693,always
762,4.378193344995255,2.8349703717881427,3.4522595610709876,1.5432229732071123,8.07827634209693,2.84223087417207,1.96,5.570772513377257,-2.7358021415891143,8.405742885165399,0,7.793439382243792,always
763,4.951908618679602,3.4522595610709876,4.052119184114433,1.4996490576086146,7.793439382243792,2.7916732226827325,1.96,5.471679516458155,-2.0194199553871677,8.923939077529143,0,7.516214777930922,always
764,3.9226052130020497,4.052119184114433,4.00031359566948,-0.1295139711123836,7.516214777930922,2.7415715890581667,1.96,5.373480314554007,-1.3213611304395734,9.42559949866844,0,7.141242732470041,always
765,3.1751301729179318,4.00031359566948,3.670240226568861,-0.8251834227515484,7.141242732470041,2.6723103735288762,1.96,5.237728332116597,-1.2374147364471169,9.238041927786078,0,6.818226979905736,always
766,3.0866349223080496,3.670240226568861,3.436798104864536,-0.5836053042608116,6.818226979905736,2.61117348713289,1.96,5.117900034780464,-1.4476598082116032,8.788140261349326,0,6.494345388468517,always
767,2.9631029789290224,3.436798104864536,3.2473200544903307,-0.47369512593551377,6.494345388468517,2.548400554949813,1.96,4.994865087701633,-1.5580669828370972,8.43166319256617,0,6.180847472661844,always
768,-0.2533723683678868,3.2473200544903307,1.8470430853470436,-3.5006924228582177,6.180847472661844,2.4861310248379596,1.96,4.8728168086824,-1.6254967541920697,8.120136863172732,0,6.484547471001599,always
769,0.6793567056305927,1.8470430853470436,1.3799685334604632,-1.167686379716451,6.484547471001599,2.5464774632816995,1.96,4.991095828032131,-3.144052742685088,6.838138913379175,0,6.228494671520284,always
770,1.887512269288611,1.3799685334604632,1.5829860277917223,0.5075437358281478,6.228494671520284,2.4956952280918205,1.96,4.891562647059968,-3.5115941135995046,6.271531180520431,0,5.9299499701331895,always
771,1.0605675722978396,1.5829860277917223,1.3740186455941692,-0.5224184554938827,5.9299499701331895,2.4351488599535736,1.96,4.772891765509004,-3.189905737717282,6.355877793300726,0,5.647098523758561,always
772,4.4028093376856345,1.3740186455941692,2.5855349224307553,3.0287906920914653,5.647098523758561,2.376362456309761,1.96,4.657670414367131,-3.283651768772962,6.0316890599613,0,5.823422250395628,always
773,6.8923948277910165,2.5855349224307553,4.30827888457486,4.306859905360261,5.823422250395628,2.4131767963403816,1.96,4.729826520827148,-2.1442915983963924,7.315361443257903,0,6.459703250095836,always
774,6.160363128275211,4.30827888457486,5.049112582055001,1.852084243700351,6.459703250095836,2.541594627413238,1.96,4.981525469729947,-0.6732465851550868,9.289804354304806,0,6.308228889879199,always
775,2.8203405883534303,5.049112582055001,4.1576037845743725,-2.2287719937015704,6.308228889879199,2.51161877877181,1.96,4.922772806392747,0.1263397756622533,9.971885388447749,0,6.241188675380663,always
776,2.8254604703034376,4.1576037845743725,3.6247464588659986,-1.332143314270935,6.241188675380663,2.4982371135223858,1.96,4.896544742503876,-0.7389409579295032,9.054148527078247,0,6.017859532099466,always
777,2.4906857589080857,3.6247464588659986,3.1711221788828334,-1.1340606999579128,6.017859532099466,2.4531325957027814,1.96,4.808139887577451,-1.1833934287114527,8.43288634644345,0,5.781271239053944,always
778,2.5733771355398014,3.1711221788828334,2.9320241615456206,-0.597745043343032,5.781271239053944,2.40442742436821,1.96,4.712677751761691,-1.541555572878858,7.883799930644525,0,5.510072633943305,always
779,0.8459763461768635,2.9320241615456206,2.097605035398118,-2.086047815368757,5.510072633943305,2.3473543903602,1.96,4.600814605105992,-1.668790443560371,7.532838766651612,0,5.452148776646378,always
780,2.0038841966844774,2.097605035398118,2.060116699912662,-0.09372083871364056,5.452148776646378,2.3349836780256896,1.96,4.5765680089303515,-2.4789629735322336,6.6741730443284695,0,5.179980517594518,always
781,3.0574212375588807,2.060116699912662,2.45903851497115,0.9973045376462188,5.179980517594518,2.27595705530542,1.96,4.460875828398623,-2.4007591284859613,6.520992528311285,0,4.970712308755279,always
782,1.066032468941393,2.45903851497115,1.9018360965592471,-1.3930060460297569,4.970712308755279,2.2295094323091074,1.96,4.3698384873258505,-1.9107999723547007,6.828877002297,0,4.819199985531288,always
783,1.2216131948604998,1.9018360965592471,1.629746935879748,-0.6802229016987473,4.819199985531288,2.1952676341465267,1.96,4.302724562927192,-2.4008884663679453,6.2045606594864395,0,4.6013751460544965,always
784,2.2678573366603905,1.629746935879748,1.884991096192005,0.6381104007806424,4.6013751460544965,2.145081617574142,1.96,4.204359970445318,-2.5746130345655702,5.834106906325066,0,4.3916656329309935,always
785,5.633749554532944,1.884991096192005,3.3844944795283807,3.748758458340939,4.3916656329309935,2.0956301278925613,1.96,4.10743505066942,-2.2224439544774155,5.992426146861425,0,4.874741850233581,always
786,5.7751410571596855,3.3844944795283807,4.340753110580903,2.390646577631305,4.874741850233581,2.207881756397652,1.96,4.327448242539398,-0.9429537630110172,7.7119427220677785,0,4.916764310678914,always
787,2.8528780156665383,4.340753110580903,3.7456030726151575,-1.4878750949143646,4.916764310678914,2.2173778006192166,1.96,4.346060489213665,-0.005307378632761761,8.686813599794569,0,4.78161471004829,always
788,1.3848372455217046,3.7456030726151575,2.8012967417777763,-2.360765827093453,4.78161471004829,2.1866903553197217,1.96,4.285913096426654,-0.5403100238114966,8.031516169041812,0,4.821194739064486,always
789,1.6582819066360504,2.8012967417777763,2.344090807721086,-1.143014835141726,4.821194739064486,2.1957219175169898,1.96,4.303614958333299,-1.5023182165555231,7.104911700111076,0,4.645459147778965,always
790,2.1856795440274563,2.344090807721086,2.280726302243634,-0.15841126369362968,4.645459147778965,2.1553327232190775,1.96,4.224452137509392,-1.8803613297883057,6.568542945230478,0,4.414440896813267,always
791,1.0461259770160185,2.280726302243634,1.786886172152588,-1.2346003252276156,4.414440896813267,2.101057090326978,1.96,4.118071897040877,-1.8373455947972426,6.398798199284511,0,4.2699307501252095,always
792,1.4957579977854891,1.786886172152588,1.6704349024057485,-0.2911281743670988,4.2699307501252095,2.0663810757276138,1.96,4.050106908426123,-2.263220736273535,5.836993080578711,0,4.060671993314465,always
793,1.442744425184514,1.6704349024057485,1.579358711517255,-0.22769047722123448,4.060671993314465,2.0151109134026504,1.96,3.9496173902691947,-2.279182487863446,5.620052292674943,0,3.860230541319603,always
794,0.42979434783324433,1.579358711517255,1.1195329660436506,-1.1495643636840107,3.860230541319603,1.964746940783877,1.96,3.8509040039363986,-2.2715452924191437,5.430262715453654,0,3.7332939255662336,always
795,2.490837117928992,1.1195329660436506,1.6680546267977872,1.3713041518853413,3.7332939255662336,1.9321733684031135,1.96,3.7870598020701025,-2.667526836026452,4.906592768113753,0,3.6406529831368206,always
796,4.054002086740625,1.6680546267977872,2.622433610774922,2.385947459942838,3.6406529831368206,1.9080495232401125,1.96,3.73977706555062,-2.071722438752833,5.407831692348408,0,3.7432575980603633,always
797,0.6944214260277621,2.622433610774922,1.851228736876058,-1.92801218474716,3.7432575980603633,1.9347500091899117,1.96,3.792110018012227,-1.1696764072373047,6.414543628787149,0,3.7419562673840208,always
798,0.3931248560036542,1.851228736876058,1.2679871845270965,-1.4581038808724038,3.7419562673840208,1.9344136753507561,1.96,3.791450803687482,-1.940222066811424,5.64267954056354,0,3.6611618003855777,always
799,3.5697162794381967,1.2679871845270965,2.1886788224915366,2.3017290949111002,3.6611618003855777,1.9134162642732966,1.96,3.7502958779756614,-2.482308693448565,5.018283062502758,0,3.743001551684312,always
800,5.721602948005572,2.1886788224915366,3.6018484726971507,3.532924125514035,3.743001551684312,1.9346838376552153,1.96,3.791980321804222,-1.6033014993126855,5.980659144295759,0,4.179929117932051,always
801,5.9368588934121025,3.6018484726971507,4.535852640983132,2.335010420714952,4.179929117932051,2.0444874951762486,1.96,4.007195490545447,-0.4053470178482965,7.609043963242598,0,4.243546345277819,always
802,3.5096836723966653,4.535852640983132,4.125385053548545,-1.0261689685864663,4.243546345277819,2.0599869769680144,1.96,4.037574474857308,0.4982781661258233,8.57342711584044,0,4.084020165618418,always
803,0.6198127647782214,4.125385053548545,2.7231561380404155,-3.505572288770323,4.084020165618418,2.020895881934153,1.96,3.96095592859094,0.16442912495760487,8.086340982139484,0,4.494271010927218,always
804,-0.25850241836849075,2.7231561380404155,1.5304927154768528,-2.981658556408906,4.494271010927218,2.119969577830592,1.96,4.15514037254796,-1.4319842345075444,6.878296510588376,0,4.714071847731179,always
805,2.801899523715331,1.5304927154768528,2.039055438772244,1.271406808238478,4.714071847731179,2.171191342956944,1.96,4.255535032195611,-2.725042316718758,5.786027747672463,0,4.559192018946377,always
806,5.1293109749611885,2.039055438772244,3.275157653247822,3.0902555361889443,4.559192018946377,2.1352264561274006,1.96,4.185043854009705,-2.145988415237461,6.224099292781949,0,4.808716381946379,always
807,6.357633490526646,3.275157653247822,4.508147988159352,3.0824758372788237,4.808716381946379,2.192878560692858,1.96,4.298041978958001,-1.0228843257101792,7.5731996322058235,0,5.0433634272194485,always
808,5.649894082348519,4.508147988159352,4.9648464258350185,1.141746094189167,5.0433634272194485,2.2457434019093654,1.96,4.401657067742356,0.10649092041699593,8.909805055901707,0,4.856374463038287,always
809,2.7627767193490302,4.9648464258350185,4.084018543240623,-2.202069706485988,4.856374463038287,2.203718326610342,1.96,4.31928792015627,0.6455585056787481,9.284134345991289,0,4.856011289497537,always
810,-0.2835898278561455,4.084018543240623,2.3369751948019153,-4.367608371096768,4.856011289497537,2.2036359248971995,1.96,4.319126412798511,-0.2351078695578881,8.403144956039133,1,5.5670108691863875,always
811,0.7197978480954508,2.3369751948019153,1.6901042561193296,-1.6171773467064645,5.5670108691863875,2.3594513915710125,1.96,4.6245247274791845,-2.2875495326772692,6.961499922281099,0,5.419423454262096,always
812,3.6495204150011302,1.6901042561193296,2.4738707196720497,1.9594161588818007,5.419423454262096,2.327965518271715,1.96,4.562812415812561,-2.872708159693232,6.2529166719318905,0,5.340417865733346,always
813,4.276688456868847,2.4738707196720497,3.1949978145507685,1.802817737196797,5.340417865733346,2.310934413983518,1.96,4.529431451407696,-2.055560731735646,7.003302171079746,0,5.235904562124247,always
814,2.624411704504259,3.1949978145507685,2.9667633705321648,-0.5705861100465093,5.235904562124247,2.288209903423252,1.96,4.484891410709574,-1.2898935961588056,7.679889225260343,0,4.990387759466936,always
815,2.5656300167229804,2.9667633705321648,2.806310029008491,-0.40113335380918436,4.990387759466936,2.2339175811714576,1.96,4.378478459096057,-1.4117150885638918,7.345241829628222,0,4.748913769870499,always
816,2.221235545665743,2.806310029008491,2.572280235671392,-0.5850744833427481,4.748913769870499,2.179200259239728,1.96,4.271232508109867,-1.4649224791013764,7.077542537118358,0,4.5285836889299125,always
817,1.8578271934498944,2.572280235671392,2.286499018782793,-0.7144530422214974,4.5285836889299125,2.128046918874185,1.96,4.170971960993403,-1.598691725322011,6.743252196664795,0,4.327676661960394,always
818,3.2212577946922245,2.286499018782793,2.660402529146566,0.9347587759094313,4.327676661960394,2.080306867257904,1.96,4.0774014598254915,-1.7909024410426984,6.363900478608285,0,4.154981527319359,always
819,3.15085220989658,2.660402529146566,2.8565824014465715,0.49044968075001405,4.154981527319359,2.0383771798465955,1.96,3.995219272499327,-1.3348167433527611,6.655621801645893,0,3.9592594954207807,always
820,3.396039012059364,2.8565824014465715,3.0723650456916882,0.5394566106127927,3.9592594954207807,1.9897888067382379,1.96,3.8999860612069464,-1.0434036597603749,6.756568462653518,0,3.7758471923864336,always
821,3.6220033365655127,3.0723650456916882,3.292220362041218,0.5496382908738244,3.7758471923864336,1.94315392915395,1.96,3.8085817011417418,-0.7362166554500535,6.88094674683343,0,3.602159945306847,always
822,1.5160389942722636,3.292220362041218,2.581747814933636,-1.7761813677689542,3.602159945306847,1.8979357063153766,1.96,3.719953984378138,-0.42773362233692014,7.012174346419355,0,3.579792960601984,always
823,1.1267600424824833,2.581747814933636,1.999752705953175,-1.4549877724511528,3.579792960601984,1.8920340801904134,1.96,3.70838679717321,-1.126638982239574,6.290134612106846,0,3.506652783471003,always
824,4.824701938228052,1.999752705953175,3.129732398863126,2.824949232274877,3.506652783471003,1.872605880443347,1.96,3.67030752566896,-1.6705548197157851,5.670060231622135,0,3.7303370525439736,always
825,3.338321872594159,3.129732398863126,3.2131681883555387,0.20858947373103298,3.7303370525439736,1.9314080492076173,1.96,3.78555977644693,-0.6558273775838042,6.915292175310055,0,3.5459956783443443,always
826,-0.8343395190133274,3.2131681883555387,1.5941651054079922,-4.047507707368866,3.5459956783443443,1.8830814316816848,1.96,3.690839606096102,-0.47767141774056343,6.9040077944516405,1,4.187811826487645,always
827,-2.2125323775688432,1.5941651054079922,0.07148611221725798,-3.806697482976835,4.187811826487645,2.0464143828872112,1.96,4.010972190458934,-2.4168070850509418,5.605137295866926,0,4.702968521508372,always
828,1.8833152528303616,0.07148611221725798,0.7962177684624995,1.8118291406131037,4.702968521508372,2.1686328692308368,1.96,4.25052042369244,-4.179034311475182,4.322006535909698,0,4.631956337171694,always
829,5.032631257531687,0.7962177684624995,2.4907831640901743,4.236413489069188,4.631956337171694,2.1521980246184813,1.96,4.2183081282522235,-3.422090359789724,5.014525896714723,1,5.297718482831478,always
830,4.65150484496615,2.4907831640901743,3.3550718364405645,2.1607216808759753,5.297718482831478,2.3016773194415148,1.96,4.511287546105369,-2.020504382015195,7.002070710195543,0,5.266268467800278,always
831,4.845872021606598,3.3550718364405645,3.951391910506978,1.4908001851660337,5.266268467800278,2.294835172251,1.96,4.49787693761196,-1.1428051011713958,7.852948774052525,0,5.114079304014818,always
832,-0.6774808591735226,3.951391910506978,2.0998428026347775,-4.6288727696805,5.114079304014818,2.261433020015145,1.96,4.4324087192296835,-0.4810168087227056,8.383800629736662,1,5.929698494708559,always
833,0.5144762853388225,2.0998428026347775,1.4656961957163954,-1.585366517295955,5.929698494708559,2.4350972248985374,1.96,4.772790560801133,-2.6729477581663557,6.872633363435911,0,5.758882919681286,always
834,5.739583503495415,1.4656961957163954,3.175251118828003,4.273887307779019,5.758882919681286,2.3997672636489744,1.96,4.70354383675199,-3.2378476410355947,6.169240032468386,0,6.384244409676951,always
835,4.244840812090267,3.175251118828003,3.6030869961329084,1.0695896932622642,6.384244409676951,2.5267062373131055,1.96,4.952344225133687,-1.777093106305684,8.12759534396169,0,6.122233294789747,always
836,1.8574029678216104,3.6030869961329084,2.9048133848083895,-1.745684028311298,6.122233294789747,2.4743147121556195,1.96,4.849656835825014,-1.2465698396921057,8.452743831957923,0,5.968492266385317,always
837,0.6126834988049015,2.9048133848083895,1.9879614304069944,-2.292129886003488,5.968492266385317,2.443049787946475,1.96,4.788377584375091,-1.8835641995667016,7.6931909691834806,0,5.932760623781569,always
838,0.8473895462558426,1.9879614304069944,1.5317326767465338,-1.1405718841511518,5.932760623781569,2.43572589257937,1.96,4.774022749455566,-2.7860613190485712,6.76198417986256,0,5.701167803738295,always
839,2.4626989708164952,1.5317326767465338,1.9041191943745184,0.9309662940699615,5.701167803738295,2.3877118343171766,1.96,4.679915195261666,-3.148182518515132,6.2116478720082,0,5.459444325586098,always
840,5.945152534888733,1.9041191943745184,3.520532530580204,4.041033340514215,5.459444325586098,2.336545382736252,1.96,4.5796289501630545,-2.675509755788536,6.483748144537573,0,6.002969632264167,always
841,7.841822048756272,3.520532530580204,5.249048337850631,4.321289518176068,6.002969632264167,2.450095841444609,1.96,4.802187849231433,-1.2816553186512287,8.322720379811637,0,6.636498305645875,always
842,3.9786081242491753,5.249048337850631,4.740872252410049,-1.2704402136014559,6.636498305645875,2.5761401952622602,1.96,5.04923478271403,0.19981355513660137,10.298283120564662,0,6.385374307180367,always
843,4.073844171268074,4.740872252410049,4.474061019953259,-0.6670280811419751,6.385374307180367,2.5269298184121314,1.96,4.952782444087777,-0.2119101916777284,9.693654696497827,0,6.088351914872946,always
844,3.258367156113194,4.474061019953259,3.9877834744172334,-1.2156938638400652,6.088351914872946,2.4674585943583622,1.96,4.8362188449423895,-0.3621578249891302,9.310279864895648,0,5.857829897658218,always
845,5.298634748085501,3.9877834744172334,4.512123983884541,1.3108512736682676,5.857829897658218,2.420295415369417,1.96,4.7437790141240574,-0.7559955397068241,8.731562488541291,0,5.6508549558591925,always
846,4.160049296314465,4.512123983884541,4.37129410885651,-0.35207468757007554,5.6508549558591925,2.377152699314706,1.96,4.659219290656823,-0.14709530677228244,9.171343274541364,0,5.37451003734761,always
847,2.793298942815145,4.37129410885651,3.740096042439964,-1.5779951660413651,5.37451003734761,2.3182989534026044,1.96,4.543865948669104,-0.17257183981259416,8.915160057525615,0,5.230287972682725,always
848,2.8941664264961062,3.740096042439964,3.4017241960624207,-0.8459296159438576,5.230287972682725,2.2869822851702906,1.96,4.482485278933769,-0.7423892364938052,8.222581321373733,0,5.004553419805135,always
849,7.858130903541394,3.4017241960624207,5.18428687905401,4.456406707478973,5.004553419805135,2.2370859214176675,1.96,4.384688405978628,-0.9829642099162075,7.7864126020410485,1,5.747303785938057,always
850,7.294723691143966,5.18428687905401,6.028461603889992,2.110436812089956,5.747303785938057,2.3973534962408145,1.96,4.698812852631996,0.48547402642201387,9.883099731686006,0,5.682635773532375,always
851,2.136871967988487,6.028461603889992,4.47182574952939,-3.8915896359015054,5.682635773532375,2.3838279664297035,1.96,4.672302814202219,1.3561587896877736,10.700764418092211,0,6.155727479568558,always
852,1.8382581406348955,4.47182574952939,3.4183987059715917,-2.633567608894494,6.155727479568558,2.481073856129349,1.96,4.862904758013524,-0.3910790084841347,9.334730507542915,0,6.194725023121043,always
853,2.2417700947601817,3.4183987059715917,2.9477472614870277,-1.17662861121141,6.194725023121043,2.4889204533534297,1.96,4.878284088572722,-1.4598853826011307,8.296682794544314,0,5.954211516401055,always
854,2.4413077121868474,2.9477472614870277,2.7451714417669555,-0.5064395493001803,5.954211516401055,2.4401253075203035,1.96,4.7826456027397946,-1.8348983412527669,7.730392864226822,0,5.66932499143577,always
855,4.456801619770184,2.7451714417669555,3.4298235129682473,1.7116301780032286,5.66932499143577,2.381034437263722,1.96,4.666827497036896,-1.9216560552699402,7.411998938803851,0,5.5323426351765495,always
856,4.250055497425416,3.4298235129682473,3.757916306751115,0.8202319844571688,5.5323426351765495,2.352093245425561,1.96,4.6101027610341,-1.1802792480658528,8.039926274002347,0,5.289364528834049,always
857,3.4894963603378666,3.757916306751115,3.6505483281858155,-0.2684199464132484,5.289364528834049,2.2998618499453505,1.96,4.507729225892887,-0.749812919141772,8.265645532644001,0,5.028498765773971,always
858,2.7396479002879506,3.6505483281858155,3.28618815702667,-0.910900427897865,5.028498765773971,2.242431440596116,1.96,4.395165623568387,-0.7446172953825712,8.045713951754202,0,4.818560806962498,always
859,3.153915249911989,3.28618815702667,3.2332789941807976,-0.1322729071146811,4.818560806962498,2.1951220483067675,1.96,4.3024392146812644,-1.0162510576545944,7.588627371707934,0,4.578507572712201,always
860,3.909974045957442,3.2332789941807976,3.5039570148914554,0.6766950517766444,4.578507572712201,2.1397447447562996,1.96,4.193899699722347,-0.9606207055415492,7.427178693903144,0,4.3724780037315405,always
861,0.6135764035603477,3.5039570148914554,2.347804770359012,-2.890380611331108,4.3724780037315405,2.091047107009199,1.96,4.09845232973803,-0.5944953148465744,7.602409344629486,0,4.571569107462903,always
862,2.1630178220717884,2.347804770359012,2.273889991044123,-0.18478694828722375,4.571569107462903,2.1381227999024994,1.96,4.1907206878088985,-1.8429159174498864,6.538525458167911,0,4.344697962902623,always
863,2.267993361717448,2.273889991044123,2.271531339313453,-0.005896629326674674,4.344697962902623,2.0843939078069247,1.96,4.085412059301572,-1.8115220682574495,6.359302050345695,0,4.127464803269362,always
864,0.8658384026554578,2.271531339313453,1.7092541646502548,-1.405692936657995,4.127464803269362,2.0316163031609493,1.96,3.9819679541954605,-1.7104366148820076,6.253499293508913,0,4.019890194714402,always
865,2.047889494946527,1.7092541646502548,1.8447082967687636,0.33863533029627213,4.019890194714402,2.0049663824399655,1.96,3.9297341095823324,-2.2204799449320776,5.638988274232587,0,3.824629379324925,always
866,3.6717860006118683,1.8447082967687636,2.575539378306005,1.8270777038431048,3.824629379324925,1.9556659682381665,1.96,3.8331052977468065,-1.988397000978043,5.67781359451557,0,3.800308557152708,always
867,2.8888676060354364,2.575539378306005,2.7008706693977773,0.31332822772943114,3.800308557152708,1.94943801059503,1.96,3.820898500766259,-1.2453591224602536,6.3964378790722645,0,3.615201858209676,always
868,3.8939753498172895,2.7008706693977773,3.178112541565582,1.1931046804195122,3.615201858209676,1.9013684172746943,1.96,3.7266820978584008,-1.0258114284606235,6.427552767256178,0,3.5056167042211395,always
869,1.628688657316295,3.178112541565582,2.558342987865867,-1.5494238842492871,3.5056167042211395,1.8723292189732925,1.96,3.6697652691876534,-0.49165272762207124,6.847877810753236,0,3.45037158766419,always
870,1.1698098963222938,2.558342987865867,2.0029297512484376,-1.3885330915435732,3.45037158766419,1.8575175874441108,1.96,3.640734471390457,-1.08239148352459,6.1990774592563245,0,3.374254215596558,always
871,1.7602304067357277,2.0029297512484376,1.9058500134433536,-0.2426993445127099,3.374254215596558,1.836914319067865,1.96,3.6003520653730154,-1.5974223141245778,5.603281816621453,0,3.208486653408075,always
872,3.151352390371281,1.9058500134433536,2.4040509642145245,1.2455023769279272,3.208486653408075,1.7912249030783585,1.96,3.5108008100335826,-1.604950796590229,5.416650823476936,0,3.125626129284327,always
873,4.178992657825763,2.4040509642145245,3.11402764165902,1.7749416936112383,3.125626129284327,1.7679440402015916,1.96,3.4651703187951193,-1.0611193545805948,5.869221283009644,0,3.1268657236060866,always
874,2.1698799750745,3.11402764165902,2.736368575025212,-0.9441476665845197,3.1268657236060866,1.768294580551014,1.96,3.4658573778799875,-0.3518297362209677,6.579885019539008,0,3.015093178241632,always
875,3.048855672316161,2.736368575025212,2.861363413941592,0.31248709729094903,3.015093178241632,1.7364023664581985,1.96,3.403348638258069,-0.6669800632328569,6.139717213283281,0,2.8692209286282164,always
876,3.588876968354496,2.861363413941592,3.1523688357067536,0.7275135544129041,2.8692209286282164,1.6938774833582908,1.96,3.3199998673822497,-0.45863645344065773,6.181363281323842,0,2.7522236807895304,always
877,0.5409789648867516,3.1523688357067536,2.1078128873787527,-2.611389870820002,2.7522236807895304,1.6589827246808602,1.96,3.251606140374486,-0.0992373046677324,6.40397497608124,0,2.955580349621119,always
878,-1.6577382658407438,2.1078128873787527,0.6015924260909541,-3.7655511532194965,2.955580349621119,1.7191801387932328,1.96,3.3695930720347365,-1.2617801846559837,5.477405959413489,1,3.516770106515697,always
879,1.466388618658211,0.6015924260909541,0.9475109031178568,0.8647961925672568,3.516770106515697,1.8753053368760237,1.96,3.6755984602770067,-3.0740060341860524,4.27719088636796,0,3.378325223923853,always
880,4.127251327435767,0.9475109031178568,2.219407072845021,3.17974042431791,3.378325223923853,1.8380220956027304,1.96,3.6025233073813516,-2.655012404263495,4.550034210499208,0,3.7149464210297323,always
881,4.338026316770405,2.219407072845021,3.0668547704151745,2.1186192439253837,3.7149464210297323,1.9274196276446218,1.96,3.7777424701834588,-1.5583353973384377,5.997149543028479,0,3.753626475014794,always
882,3.2472164415490323,3.0668547704151745,3.1389994388687175,0.18036167113385781,3.753626475014794,1.9374277986585187,1.96,3.7973584853706965,-0.730503714955522,6.864213255785871,0,3.5675716678847635,always
883,2.867656465809488,3.1389994388687175,3.0304622496450255,-0.2713429730592294,3.5675716678847635,1.8888016486345949,1.96,3.702051231323806,-0.5630517924550884,6.841050670192523,0,3.3928744349419566,always
884,4.2684600734836255,3.0304622496450255,3.5256613791804656,1.2379978238386,3.3928744349419566,1.8419756879345495,1.96,3.610272348351717,-0.5798100987066914,6.640734597996742,0,3.299862643786314,always
885,2.210590459809094,3.5256613791804656,2.999633011431917,-1.3150709193713714,3.299862643786314,1.8165524060115399,1.96,3.560442715782618,-0.034781336602152546,7.086104094963083,0,3.2213400877458116,always
886,0.18416684979245157,2.999633011431917,1.8734465467761308,-2.815466161639465,3.2213400877458116,1.7948092065024104,1.96,3.5178260447447243,-0.5181930333128073,6.517459056176641,0,3.456615568725364,always
887,0.11521909313985002,1.8734465467761308,1.1701555653216185,-1.7582274536362807,3.456615568725364,1.8591975604344375,1.96,3.6440272184514972,-1.7705806716753665,5.517473765227628,0,3.4383529792251117,always
888,3.160423031740745,1.1701555653216185,1.966262551889269,1.9902674664191264,3.4383529792251117,1.8542796388962242,1.96,3.634388092236599,-2.464232526914981,4.804543657558217,0,3.4644935596581763,always
889,6.456065340444191,1.966262551889269,3.7621836673112377,4.489802788554922,3.4644935596581763,1.8613150081751817,1.96,3.648177416023356,-1.6819148641340873,5.614439967912626,1,4.299185335681045,always
890,4.3964185310368755,3.7621836673112377,4.015877612801493,0.6342348637256379,4.299185335681045,2.07344769301785,1.96,4.063957478314986,-0.30177381100374845,7.826141145626224,0,4.104338762015247,always
891,-1.5927313178394518,4.015877612801493,1.7724340405451149,-5.608608930640944,4.104338762015247,2.0259167707522554,1.96,3.9707968706744206,0.04508074212707225,7.986674483475913,1,5.471946530757752,always
892,-2.959837350137672,1.7724340405451149,-0.12047451572800005,-4.7322713906827865,5.471946530757752,2.3392192139168473,1.96,4.584869659277021,-2.812435618731906,6.357303699822136,1,6.318068829973605,always
893,0.5209081646431053,-0.12047451572800005,0.1360785564204421,0.6413826803711054,6.318068829973605,2.513576899554419,1.96,4.926610723126661,-5.047085238854661,4.80613620739866,0,6.022733975608925,always
894,3.7058702426118773,0.1360785564204421,1.5639952308970162,3.569791686191435,6.022733975608925,2.454125908670728,1.96,4.810086780994626,-4.674008224574184,4.946165337415069,0,6.358767910968552,always
895,4.100485122363484,1.5639952308970162,2.578591187483603,2.5364898914664673,6.358767910968552,2.5216597532118707,1.96,4.942453116295266,-3.37845788539825,6.506448347192283,0,6.362518563895703,always
896,3.415227636583527,2.578591187483603,2.9132457671235725,0.8366364490999239,6.362518563895703,2.522403330931773,1.96,4.943910528626275,-2.365319341142672,7.522501716109878,0,6.079390663099044,always
897,2.2812745245347035,2.9132457671235725,2.660457270088025,-0.631971242588869,6.079390663099044,2.465642038719133,1.96,4.832658395889501,-1.9194126287659286,7.745904163013074,0,5.7953905125170575,always
898,3.985160312244169,2.660457270088025,3.1903384869504823,1.3247030421561439,5.7953905125170575,2.4073617327931958,1.96,4.718428996274664,-2.057971726186639,7.378886266362689,0,5.593362894386092,always
899,2.9864329665570963,3.1903384869504823,3.108776278793128,-0.20390552039338594,5.593362894386092,2.3650291529674834,1.96,4.635457139816268,-1.4451186528657853,7.82579562676675,0,5.315773622729132,always
900,1.2558026845988588,3.108776278793128,2.36758684111542,-1.852973594194269,5.315773622729132,2.3055961534338865,1.96,4.5189684607304175,-1.4101921819372896,7.627744739523545,0,5.221660498631737,always
901,3.35357843526146,2.36758684111542,2.761983478773836,0.9859915941460398,5.221660498631737,2.2850952931183715,1.96,4.478786774512008,-2.1111999333965876,6.846373615627428,0,5.009186444886482,always
902,2.4557826139682675,2.761983478773836,2.6395031328516083,-0.3062008648055685,5.009186444886482,2.2381211863718375,1.96,4.386717525288802,-1.6247340465149658,7.148701004062637,0,4.763415071122541,always
903,3.7562179087302336,2.6395031328516083,3.0861890432030585,1.1167147758786253,4.763415071122541,2.1825249302407843,1.96,4.277748863271937,-1.638245730420329,6.917251996123546,0,4.587596912099697,always
904,4.554669213843407,3.0861890432030585,3.673581111459198,1.468480170640348,4.587596912099697,2.141867622450019,1.96,4.198060540002038,-1.1118714967989791,7.284249583205096,0,4.466038767072907,always
905,4.0085288390636755,3.673581111459198,3.807560202500989,0.33494772760447766,4.466038767072907,2.113300444109381,1.96,4.142068870454387,-0.468487758995189,7.815649981913585,0,4.248346327730631,always
906,5.885196857240396,3.807560202500989,4.638614864396752,2.0776366547394067,4.248346327730631,2.06115169934933,1.96,4.039857330724687,-0.2322971282236983,7.847417533225676,0,4.251757714799937,always
907,3.9685425268703227,4.638614864396752,4.370585929386181,-0.6700723375264293,4.251757714799937,2.061979077197423,1.96,4.041478991306949,0.5971358730898029,8.680093855703701,0,4.061619675935846,always
908,5.903974343288113,4.370585929386181,4.983941294946954,1.5333884139019327,4.061619675935846,2.0153460437195014,1.96,3.950078245690223,0.4205076836959578,8.320664175076404,0,3.976102693533488,always
909,4.594966168695558,4.983941294946954,4.828351244446395,-0.3889751262513954,3.976102693533488,1.994016723483905,1.96,3.908272778028454,1.0756685169184999,8.892214072975408,0,3.784862641298928,always
910,1.264467862117936,4.828351244446395,3.4027978915150117,-3.5638833823284592,3.784862641298928,1.9454723440077293,1.96,3.8131257942551495,1.0152254501912457,8.641477038701545,0,4.230682747375829,always
911,1.9410770044152201,3.4027978915150117,2.8181095366750952,-1.4617208870997915,4.230682747375829,2.056862354990199,1.96,4.03145021578079,-0.6286523242657784,7.434248107295802,0,4.125980007596227,always
912,2.2930444711120117,2.8181095366750952,2.6080835104498616,-0.5250650655630835,4.125980007596227,2.0312508480235096,1.96,3.9812516621260787,-1.1631421254509835,6.799361198801174,0,3.9334656733701534,always
913,2.6526544087393464,2.6080835104498616,2.6259118697656554,0.044570898289484795,3.9334656733701534,1.9832966680177107,1.96,3.887261469314713,-1.2791779588648513,6.495344979764575,0,3.7368917179503622,always
914,4.4156203597108385,2.6259118697656554,3.3417952657437286,1.7897084899451832,3.7368917179503622,1.9331041663475774,1.96,3.7888841660412518,-1.1629722962755964,6.414796035806907,0,3.7101999560019374,always
915,5.531418144432017,3.3417952657437286,4.217644417219044,2.1896228786882883,3.7101999560019374,1.9261879337182906,1.96,3.7753283500878494,-0.43353308434412074,7.117123615831578,0,3.7644123757456,always
916,3.5527891564224037,4.217644417219044,3.9517023129003883,-0.6648552607966405,3.7644123757456,1.940209363894938,1.96,3.8028103532340785,0.4148340639849657,8.020454770453123,0,3.598293382848768,always
917,4.222072139207034,3.9517023129003883,4.059850243423047,0.27036982630664586,3.598293382848768,1.8969168096805848,1.96,3.7179569469739464,0.2337453659264419,7.669659259874335,0,3.422033705855184,always
918,5.868110342344719,4.059850243423047,4.783154282991716,1.8082600989216724,3.422033705855184,1.8498739702626188,1.96,3.625752981714733,0.4340972617083141,7.68560322513778,0,3.414422249830036,always
919,6.939282770648251,4.783154282991716,5.645605678054331,2.1561284876565354,3.414422249830036,1.8478155345786105,1.96,3.6217184477740765,1.1614358352176395,8.404872730765792,0,3.476145640102737,always
920,5.398634601905174,5.645605678054331,5.546817247594668,-0.2469710761491566,3.476145640102737,1.8644424475168808,1.96,3.6543071971330865,1.9912984809212442,9.299912875187417,0,3.3053880937203135,always
921,5.189682443947526,5.546817247594668,5.403963326135811,-0.357134803647142,3.3053880937203135,1.8180726315855242,1.96,3.5634223579076276,1.9833948896870406,9.110239605502295,0,3.146495952433102,always
922,0.9682945234548419,5.403963326135811,3.6296958050634234,-4.4356688026809685,3.146495952433102,1.7738365066806754,1.96,3.4767195530941235,1.9272437730416874,8.880682879229933,1,3.9729290411653073,always
923,0.8842756691564482,3.6296958050634234,2.5315277507006333,-2.745420135906975,3.9729290411653073,1.9932207708042045,1.96,3.9067127107762407,-0.27701690571281734,7.536408515839664,0,4.151149175239215,always
924,2.1209102552813084,2.5315277507006333,2.3672807525329036,-0.4106174954193249,4.151149175239215,2.037436913192459,1.96,3.9933763498572197,-1.4618485991565864,6.524904100557853,0,3.9520220528544763,always
925,4.384247110281649,2.3672807525329036,3.174067295632402,2.0169663577487453,3.9520220528544763,1.9879693289521536,1.96,3.896419884746221,-1.5291391322133174,6.263700637279125,0,3.9578286146262647,always
926,4.087919309733229,3.174067295632402,3.5396081012727327,0.9138520141008266,3.9578286146262647,1.9894292183001296,1.96,3.899281267868254,-0.7252139722358519,7.073348563500656,0,3.801693459078758,always
927,3.3863912677745143,3.5396081012727327,3.4783213678734453,-0.15321683349821846,3.801693459078758,1.9497931836681444,1.96,3.821594639989563,-0.2819865387168301,7.361202741262296,0,3.612782556028181,always
928,6.186137426104169,3.4783213678734453,4.561447791165735,2.707816058230724,3.612782556028181,1.9007321105374584,1.96,3.7254349366534183,-0.24711356877997304,7.2037563045268636,0,3.7987568184873806,always
929,5.138907127144677,4.561447791165735,4.792431525557312,0.5774593359789417,3.7987568184873806,1.949039973547844,1.96,3.820118348153774,0.7413294430119608,8.38156613931951,0,3.6254919417984732,always
930,3.985964039020042,4.792431525557312,4.469844530942404,-0.8064674865372701,3.6254919417984732,1.9040724623286986,1.96,3.7319820261642493,1.0604494993930627,8.524413551721562,0,3.4767368350506365,always
931,2.848720864953334,4.469844530942404,3.821395064546776,-1.62112366598907,3.4767368350506365,1.8646009854793697,1.96,3.6546179315395646,0.8152265994028394,8.124462462481969,0,3.434302090319597,always
932,3.2048204313972297,3.821395064546776,3.574765211286957,-0.6165746331495461,3.434302090319597,1.8531870089981737,1.96,3.63224653763642,0.18914852691035566,7.453641602183196,0,3.2815951997157917,always
933,3.8825568470157776,3.574765211286957,3.697881865578485,0.3077916357288206,3.2815951997157917,1.8115173749417341,1.96,3.5505740548857987,0.02419115640115832,7.125339266172755,0,3.1222522242812327,always
934,4.774609991470591,3.697881865578485,4.128573115935327,1.0767281258921058,3.1222522242812327,1.7669895937105098,1.96,3.463299603672599,0.23458226190588594,7.161181469251084,0,3.024106785921527,always
935,6.046448874695232,4.128573115935327,4.895723419439289,1.9178757587599042,3.024106785921527,1.7389959131411228,1.96,3.4084319897566004,0.7201411261787269,7.537005105691928,0,3.0568138179273943,always
936,7.086655325486838,4.895723419439289,5.772096181858308,2.190931906047549,3.0568138179273943,1.7483746217351115,1.96,3.4268142586008183,1.4689091608384706,8.322537678040106,0,3.143982257877882,always
937,5.068198880808237,5.772096181858308,5.49053726143828,-0.7038973010500715,3.143982257877882,1.7731278176933218,1.96,3.475330522678911,2.2967656591793975,9.247426704537219,0,3.0115567155052667,always
938,3.756911994794926,5.49053726143828,4.797087154780939,-1.7336252666433536,3.0115567155052667,1.7353837372481242,1.96,3.4013521250063232,2.0891851364319565,8.891889386444603,0,3.011251707987215,always
939,1.368750992694487,4.797087154780939,3.425752689946358,-3.4283361620864516,3.011251707987215,1.735295856039314,1.96,3.401179877837055,1.3959072769438836,8.198267032617993,1,3.4483635646013373,always
940,2.1859794845957983,3.425752689946358,2.9298434078061337,-1.2397732053505597,3.4483635646013373,1.8569769962499096,1.96,3.6396749126498227,-0.21392222270346473,7.065427602596181,0,3.3527972664065304,always
941,5.412646391735619,2.9298434078061337,3.9229646013779282,2.482802983929485,3.3527972664065304,1.8310645172703583,1.96,3.588886453849902,-0.6590430460437684,6.518729861656036,0,3.4933729359366614,always
942,6.828551050369201,3.9229646013779282,5.0851991809744375,2.905586448991273,3.4933729359366614,1.8690566968224,1.96,3.663351125771904,0.2596134756060242,7.586315727149833,0,3.7408259197679143,always
943,5.083222033546287,5.0851991809744375,5.084408322003178,-0.001977147428150694,3.7408259197679143,1.9341214852660922,1.96,3.7908781111215406,1.2943210698528969,8.876077292095978,0,3.553784819235116,always
944,4.340248634295101,5.084408322003178,4.786744446919947,-0.744159687708077,3.553784819235116,1.8851484873174091,1.96,3.694891035142122,1.389517286861056,8.7792993571453,0,3.4037842603138495,always
945,4.173688227294646,4.786744446919947,4.541521959069827,-0.6130562196253013,3.4037842603138495,1.8449347577391049,1.96,3.6160721251686456,1.1706723217513013,8.402816572088593,0,3.25238694371922,always
946,5.509548006618219,4.541521959069827,4.928732378089184,0.9680260475483928,3.25238694371922,1.8034375352973055,1.96,3.534737569182719,1.0067843898871076,8.076259528252546,0,3.136621317969867,always
947,5.027923425759275,4.928732378089184,4.96840879715722,0.09919104767009124,3.136621317969867,1.7710509077860712,1.96,3.4712597792606994,1.4574725988284847,8.399992157349883,0,2.980282195268268,always
948,3.1034325787899038,4.96840879715722,4.222418309810294,-1.8649762183673166,2.980282195268268,1.7263493838931527,1.96,3.3836447924305793,1.5847640047266411,8.3520535895878,0,3.005174900258637,always
949,3.22685971979384,4.222418309810294,3.8241948738037124,-0.9955585900164543,3.005174900258637,1.7335440289357051,1.96,3.397746296713982,0.8246720130963121,7.620164606524276,0,2.904473000553483,always
950,-0.6364920212978116,3.8241948738037124,2.0399201157631026,-4.460686895101524,2.904473000553483,1.7042514487461886,1.96,3.34033283954253,0.48386203426118257,7.164527713346242,1,3.7541357293323325,always
951,1.9540035319019673,2.0399201157631026,2.0055534822186485,-0.08591658386113532,3.7541357293323325,1.9375592195678388,1.96,3.797616070352964,-1.7576959545898614,5.837536186116067,0,3.566798025834834,always
952,-0.606971108032089,2.0055534822186485,0.9605436461183534,-2.6125245902507377,3.566798025834834,1.888596840470415,1.96,3.7016498073220134,-1.696096325103365,5.7072032895406615,0,3.7297223612763313,always
953,-0.5513795418783638,0.9605436461183534,0.35577437091966657,-1.5119231879967172,3.7297223612763313,1.9312489123042456,1.96,3.785247868116321,-2.8247042219979677,4.745791514234675,0,3.6575318295326222,always
954,4.025310730300503,0.35577437091966657,1.8235889146720012,3.669536359380836,3.6575318295326222,1.9124674714966061,1.96,3.748436244133348,-3.3926618732136813,4.104210615053015,0,4.147930092696889,always
955,6.7821702150196765,1.8235889146720012,3.8070214348110714,4.958581300347675,4.147930092696889,2.036646776615152,1.96,3.9918276821656975,-2.1682387674936963,5.815416596837698,1,5.169910013669926,always
956,3.688003593651659,3.8070214348110714,3.7594142983473064,-0.11901784115941227,5.169910013669926,2.2737436121229515,1.96,4.456537479760985,-0.6495160449499133,8.263558914572055,0,4.912122775312143,always
957,1.128563985862749,3.7594142983473064,2.7070741733534835,-2.6308503124845575,4.912122775312143,2.2163309263988857,1.96,4.344008615741816,-0.5845943173945098,8.103422914089123,0,5.01258530488154,always
958,4.263948077613018,2.7070741733534835,3.3298237350572975,1.5568739042595348,5.01258530488154,2.2388803685953254,1.96,4.388205522446838,-1.6811313490933544,7.095279695800322,0,4.883148857325679,always
959,4.643041656277422,3.3298237350572975,3.8551109035453472,1.3132179212201245,4.883148857325679,2.2097847988719805,1.96,4.331178205789082,-1.0013544707317847,7.661001940846379,0,4.72521847989008,always
960,7.393231423564421,3.8551109035453472,5.270359111552977,3.5381205200190737,4.72521847989008,2.173756766496675,1.96,4.260563262333483,-0.405452358788136,8.115674165878831,0,5.114872396604577,always
961,5.486538246235423,5.270359111552977,5.356830765425955,0.21617913468244598,5.114872396604577,2.261608364992617,1.96,4.432752395385529,0.8376067161674481,9.703111506938505,0,4.861465447687951,always
962,3.582361501280943,5.356830765425955,4.647043059767951,-1.774469264145012,4.861465447687951,2.2048731137387363,1.96,4.321551302927923,1.035279462498032,9.678382068353878,0,4.77582923377332,always
963,5.206459375398766,4.647043059767951,4.870809586020277,0.5594163156308154,4.77582923377332,2.1853670707167985,1.96,4.283319458604925,0.3637236011630254,8.930362518372876,0,4.552685102794351,always
964,4.904235548888917,4.870809586020277,4.884179971167733,0.03342596286864019,4.552685102794351,2.1337022057434236,1.96,4.18205632325711,0.688753262763167,9.052865909277386,0,4.3251067124043185,always
965,2.2107956705977654,4.884179971167733,3.8148262509397464,-2.673384300569968,4.3251067124043185,2.079689090321993,1.96,4.076190617031107,0.8079893541366268,8.96037058819884,0,4.466200557710801,always
966,2.0847684503727653,3.8148262509397464,3.1228031307129536,-1.730057800566981,4.466200557710801,2.11333872290052,1.96,4.1421438968850195,-0.32731764594527313,7.956970147824766,0,4.392545529490393,always
967,3.46704713063964,3.1228031307129536,3.260500730683628,0.3442439999266864,4.392545529490393,2.0958400534130446,1.96,4.107846504689567,-0.9850433739766133,7.2306496354025205,0,4.17884344959015,always
968,2.365731574895053,3.260500730683628,2.9025930683681977,-0.8947691557885746,4.17884344959015,2.0442219668103925,1.96,4.006675054948369,-0.7461743242647412,7.267175785631997,0,4.009931869218172,always
969,2.6771672726059768,2.9025930683681977,2.8124227500633094,-0.225425795762221,4.009931869218172,2.002481427933396,1.96,3.9248635987494556,-1.0222705303812578,6.827456667117653,0,3.811976115227015,always
970,2.685146435119904,2.8124227500633094,2.7615122240859473,-0.1272763149434053,3.811976115227015,1.9524282612242159,1.96,3.826759391999463,-1.0143366419361537,6.639182142062772,0,3.6221872724829427,always
971,5.034040860550105,2.7615122240859473,3.6705236786716107,2.2725286364641577,3.6221872724829427,1.9032044746907628,1.96,3.730280770393895,-0.9687685463079476,6.491792994479843,0,3.6992972290362776,always
972,5.104769110047995,3.6705236786716107,4.244221851222164,1.4342454313763842,3.6992972290362776,1.923355720878558,1.96,3.7697772129219738,-0.0992535342503631,7.440300891593584,0,3.617185365455665,always
973,3.496647412032389,4.244221851222164,3.945192075546254,-0.7475744391897754,3.617185365455665,1.901889945673951,1.96,3.727704293520944,0.5165175577012202,7.971926144743108,0,3.464269474289377,always
974,2.7613309962615715,3.945192075546254,3.471647643832381,-1.1838610792846826,3.464269474289377,1.8612548117572125,1.96,3.6480594310441363,0.29713264450211785,7.5932515065903905,0,3.3611323533271626,always
975,3.6181579193499975,3.471647643832381,3.5302517540394276,0.14651027551761642,3.3611323533271626,1.8333391266558303,1.96,3.5933446882454274,-0.1216970444130463,7.064992332077809,0,3.1941489987024165,always
976,5.090450553013882,3.5302517540394276,4.154331273629209,1.5601987989744548,3.1941489987024165,1.7872182291769565,1.96,3.5029477291868347,0.027304024852592867,7.033199483226262,0,3.1561525633833623,always
977,3.1206230291292587,4.154331273629209,3.740847975829229,-1.0337082444999504,3.1561525633833623,1.7765563777666507,1.96,3.4820505004226354,0.6722807732065736,7.636381774051845,0,3.0517725719515525,always
978,1.139767092038706,3.740847975829229,2.70041562231302,-2.601080883790523,3.0517725719515525,1.7469323318181367,1.96,3.4239873703635477,0.3168606054656813,7.164835346192777,0,3.2374650315549993,always
979,4.155567563762389,2.70041562231302,3.2824763988927677,1.4551519414493694,3.2374650315549993,1.7992957043118285,1.96,3.5266195804511837,-0.8262039581381639,6.2270352027642035,0,3.1814651386124426,always
980,4.679951683930985,3.2824763988927677,3.8414665129080543,1.397475285038217,3.1814651386124426,1.7836662071734282,1.96,3.495985766059919,-0.21350936716715152,6.778462164952687,0,3.1200387402964527,always
981,1.9799240895820849,3.8414665129080543,3.096849543577666,-1.8615424233259694,3.1200387402964527,1.7663631394185209,1.96,3.4620717532603007,0.3793947596477536,7.3035382661683546,0,3.137303812973746,always
982,2.888697675858415,3.096849543577666,3.013588796489966,-0.2081518677192511,3.137303812973746,1.7712435781037417,1.96,3.4716374130833336,-0.37478786950566745,6.568486956660999,0,2.982604982326809,always
983,4.8133112697730365,3.013588796489966,3.7334777858031942,1.7997224732830706,2.982604982326809,1.7270219982173964,1.96,3.384963116506097,-0.37137432001613124,6.398551912996063,0,2.995424782252475,always
984,2.522565038049555,3.7334777858031942,3.2491126867017384,-1.2109127477536394,2.995424782252475,1.7307295520249475,1.96,3.392229921968897,0.34124786383429706,7.125707707772092,0,2.918969027273465,always
985,2.826105961138624,3.2491126867017384,3.0799099964764927,-0.42300672556311447,2.918969027273465,1.7084990568547191,1.96,3.3486581514352496,-0.09954546473351122,6.597770838136988,0,2.781967310403373,always
986,4.912755696300957,3.0799099964764927,3.8130482764062785,1.8328456998244644,2.781967310403373,1.6679230529024331,1.96,3.269129183688769,-0.18921918721227637,6.349039180165262,0,2.8108351128514557,always
987,5.4711801147706565,3.8130482764062785,4.47630101175203,1.658131838364378,2.8108351128514557,1.6765545361996,1.96,3.2860468909512157,0.5270013854550628,7.099095167357494,0,2.8077634168787644,always
988,5.1493024463540085,4.47630101175203,4.745501585592821,0.6730014346019786,2.8077634168787644,1.6756382118102835,1.96,3.2842508951481557,1.1920501166038742,7.760551906900186,0,2.690021792583642,always
989,1.6225877632909533,4.745501585592821,3.496336056672074,-3.122913822301868,2.690021792583642,1.6401285902585938,1.96,3.214652036906844,1.5308495486859774,7.960153622499665,0,3.043150240030663,always
990,2.270461667291861,3.496336056672074,3.0059863009199885,-1.225874389380213,3.043150240030663,1.7444627367847854,1.96,3.419146964098179,0.07718909257389495,6.915483020770253,0,2.9661311289560452,always
991,3.47205347952397,3.0059863009199885,3.192413172361581,0.4660671786039816,2.9661311289560452,1.7222459548380553,1.96,3.3756020714825885,-0.3696157705626,6.381588372402577,0,2.8286855032568368,always
992,3.5988160159814844,3.192413172361581,3.354974309809543,0.4064028436199032,2.8286855032568368,1.6818696451440096,1.96,3.296464504482259,-0.10405133212067774,6.48887767684384,0,2.6955093916591117,always
993,5.104096283956496,3.354974309809543,4.0546230994683246,1.749121974146953,2.6955093916591117,1.6418006552742972,1.96,3.2179292843376226,0.1370450254719202,6.572903594147165,0,2.713705306098343,always
994,6.856961528394501,4.0546230994683246,5.175558471038794,2.802338428926176,2.713705306098343,1.6473327854742474,1.96,3.2287722595295247,0.8258508399387998,7.283395358997849,0,2.9706750743052472,always
995,7.628683856958991,5.175558471038794,6.156808625406873,2.453125385920197,2.9706750743052472,1.7235646417541894,1.96,3.378186697838211,1.7973717732005832,8.553745168877006,0,3.12303252854229,always
996,6.495941357237003,6.156808625406873,6.292461718138925,0.33913273183013004,3.12303252854229,1.7672103803855075,1.96,3.4637323455555946,2.693076279851278,9.620540970962468,0,2.972631452605104,always
997,3.2936216134174305,6.292461718138925,5.092925676250327,-2.998840104721494,2.972631452605104,1.7241320867628165,1.96,3.37929889005512,2.9131628280838044,9.671760608194045,0,3.27365197865915,always
998,2.6322825339714715,5.092925676250327,4.108668419338785,-2.4606431422788555,3.27365197865915,1.80932362463412,1.96,3.5462743042828753,1.5466513719674517,8.639199980533203,0,3.41270761340839,always
999,4.457793021350533,4.108668419338785,4.248318260143484,0.3491246020117478,3.41270761340839,1.847351513223293,1.96,3.620808965917654,0.4878594534211307,7.729477385256439,0,3.2481666321244638,always
1000,4.915301469773777,4.248318260143484,4.515111543995601,0.6669832096302928,3.2481666321244638,1.802267081240864,1.96,3.532443479232094,0.7158747809113901,7.780761739375578,0,3.1080016306146767,always
1001,4.978930653056317,4.515111543995601,4.7006391876198865,0.463819109060716,3.1080016306146767,1.7629525321501645,1.96,3.4553869630143224,1.0597245809812783,7.970498507009923,0,2.9633579573804365,always
1002,5.827837354761175,4.7006391876198865,5.151518454476402,1.1271981671412883,2.9633579573804365,1.7214406633341843,1.96,3.3740237001350013,1.3266154874848852,8.074662887754888,0,2.8787188449117487,always
1003,4.980813117289648,5.151518454476402,5.0832363196017,-0.17070533718675396,2.8787188449117487,1.6966787689223168,1.96,3.325490387087741,1.8260280673886609,8.477008841564142,0,2.736239918273363,always
1004,3.0431387884327092,5.0832363196017,4.267197307134103,-2.040097531168991,2.736239918273363,1.6541583715815613,1.96,3.2421504082998602,1.8410859113018399,8.32538672790156,0,2.807527819193785,always
1005,2.776267115661014,4.267197307134103,3.6708252305448674,-1.4909301914730895,2.807527819193785,1.6755679094545184,1.96,3.284113102530856,0.9830842046032475,7.551310409664959,0,2.778295070026395,always
1006,5.1575564417808675,3.6708252305448674,4.265517715039268,1.486731211236,2.778295070026395,1.6668218471169602,1.96,3.266970820349242,0.4038544101956254,6.937796050894109,0,2.7498988012482384,always
1007,5.773390244037948,4.265517715039268,4.86866672663874,1.5078725289986803,2.7498988012482384,1.6582818823252694,1.96,3.250232489357528,1.01528522568174,7.515750204396795,0,2.72608783937127,always
1008,5.458070890834842,4.86866672663874,5.10442839231718,0.5894041641961021,2.72608783937127,1.6510868660889015,1.96,3.236130257534247,1.6325364691044926,8.104796984172987,0,2.6071533108412916,always
1009,5.455766275785216,5.10442839231718,5.244963545704394,0.3513378834680356,2.6071533108412916,1.6146681736014035,1.96,3.1647496202587506,1.9396787720584294,8.269178012575932,0,2.482967560717217,always
1010,4.044662125707294,5.244963545704394,4.764842977705554,-1.2003014199970998,2.482967560717217,1.5757434945819122,1.96,3.0884572493805478,2.156506296323846,8.333420795084942,0,2.430855357623709,always
1011,4.895786382976477,4.764842977705554,4.8172203398139235,0.13094340527092374,2.430855357623709,1.5591200587586926,1.96,3.0558753151670377,1.708967662538516,7.820718292872591,0,2.3101698985117207,always
1012,5.54590467211983,4.8172203398139235,5.108694072736286,0.7286843323059067,2.3101698985117207,1.5199243068362716,1.96,2.979051641399092,1.8381686984148313,7.796271981213016,0,2.22121044639354,always
1013,3.0899299814164416,5.108694072736286,4.301188436208348,-2.0187640913198446,2.22121044639354,1.4903725864338555,1.96,2.921130269410357,2.1875638033259293,8.029824342146643,0,2.313920346893985,always
1014,5.306962839569316,4.301188436208348,4.703498197552735,1.0057744033609675,2.313920346893985,1.5211575680691285,1.96,2.9814688334154917,1.3197196027928566,7.28265726962384,0,2.2488034370720915,always
1015,4.950595597397995,4.703498197552735,4.80233715749084,0.24709739984526014,2.2488034370720915,1.4996010926483387,1.96,2.939218141590744,1.764280055961991,7.642716339143479,0,2.1394161214690013,always
1016,1.896732923876363,4.80233715749084,3.6400954640450487,-2.9056042336144765,2.1394161214690013,1.4626743046450912,1.96,2.8668416371043786,1.935495520386461,7.669178794595219,1,2.4545721135154697,always
1017,1.1576763912473669,3.6400954640450487,2.6471278349259757,-2.482419072797682,2.4545721135154697,1.5667074115850317,1.96,3.070746526706662,0.5693489373383867,6.71084199075171,0,2.6399637304891814,always
1018,2.277171631792756,2.6471278349259757,2.499145353672688,-0.36995620313321975,2.6399637304891814,1.6247965197184482,1.96,3.1846011786481583,-0.5374733437221826,5.831729013574134,0,2.5148089235765596,always
1019,4.92822476143827,2.499145353672688,3.4707771167789208,2.429079407765582,2.5148089235765596,1.5858149083599131,1.96,3.1081972203854296,-0.6090518667127416,5.6073425740581175,0,2.684089815859271,always
1020,5.470073282647228,3.4707771167789208,4.270495583126243,1.9992961658683068,2.684089815859271,1.6383192045078612,1.96,3.2111056408354077,0.25967147594351303,6.6818827576143285,0,2.749744583009093,always
1021,4.375183637408313,4.270495583126243,4.312370804839071,0.10468805428206984,2.749744583009093,1.6582353822690834,1.96,3.2501413492474036,1.0203542338788392,7.520636932373646,0,2.612805333294107,always
1022,4.882126489345092,4.312370804839071,4.54027307864148,0.5697556845060205,2.612805333294107,1.6164174378217115,1.96,3.1681781781305545,1.144192626708517,7.480548982969626,0,2.4983961436307474,always
1023,5.313997116691954,4.54027307864148,4.84976269386167,0.7737240380504744,2.4983961436307474,1.58063156479641,1.96,3.0980378670009636,1.4422352116405164,7.638310945642443,0,2.4034087808020668,always
1024,5.283906831309055,4.84976269386167,5.023420348840624,0.4341441374473858,2.4034087808020668,1.5502931273801308,1.96,3.0385745296650564,1.8111881641966132,7.888337223526726,0,2.29266239836596,always
1025,5.190588226432495,5.023420348840624,5.090287499877372,0.16716787759187124,2.29266239836596,1.514154020688107,1.96,2.9677418805486897,2.055678468291934,7.991162229389314,0,2.179426533412591,always
1026,5.459101522208327,5.090287499877372,5.237813108809754,0.3688140223309544,2.179426533412591,1.4762880929590236,1.96,2.8935246621996864,2.196762837677686,7.983812162077059,0,2.077256395895358,always
1027,1.580736787442584,5.237813108809754,3.774982580262886,-3.65707632136717,2.077256395895358,1.44126902273495,1.96,2.824887284560502,2.412925824249252,8.062700393370257,1,2.6421039371158117,always
1028,1.7347339329646951,3.774982580262886,2.9588831213436095,-2.0402486472981907,2.6421039371158117,1.6254549938758107,1.96,3.185891787996589,0.5890907922662967,6.960874368259475,0,2.7181294674001255,always
1029,1.042656869323314,2.9588831213436095,2.1923926205354913,-1.9162262520202955,2.7181294674001255,1.6486750642258545,1.96,3.2314031258826748,-0.2725200045390652,6.190286247226284,0,2.7658191464767063,always
1030,3.874817045308334,2.1923926205354913,2.8653623904446284,1.6824244247728428,2.7658191464767063,1.6630752077030992,1.96,3.2596274070980744,-1.067234786562583,5.452020027633566,0,2.7690557864064824,always
1031,5.859112334186825,2.8653623904446284,4.0628623679415075,2.993749943742197,2.7690557864064824,1.6640480120496772,1.96,3.2615341036173673,-0.3961717131727389,6.126896494061995,0,3.0787299333689786,always
1032,7.208857290042448,4.0628623679415075,5.321260336781884,3.1459949221009404,3.0787299333689786,1.754630996354783,1.96,3.4390767528553745,0.623785615086133,7.501939120796882,0,3.419657639194775,always
1033,7.239709796013738,5.321260336781884,6.088640120474626,1.9184494592318542,3.419657639194775,1.8492316348134366,1.96,3.6244940042343354,1.6967663325475484,8.945754341016219,0,3.4326971736163854,always
1034,5.10605980496557,6.088640120474626,5.695607994271003,-0.9825803155090558,3.4326971736163854,1.8527539430848299,1.96,3.6313977284462666,2.457242392028359,9.720037848920892,0,3.3093355187568596,always
1035,2.755739368877123,5.695607994271003,4.519660544113451,-2.9398686253938804,3.3093355187568596,1.819157914738811,1.96,3.5655495128880696,2.1300584813829335,9.261157507159073,0,3.5760101195477816,always
1036,3.890655387662095,4.519660544113451,4.268058481532909,-0.6290051564513561,3.5760101195477816,1.8910341402385578,1.96,3.7064269148675733,0.8132336292458779,8.226087458981024,0,3.416991987912512,always
1037,4.227147092172226,4.268058481532909,4.2516939257886355,-0.040911389360682726,3.416991987912512,1.8485107486602592,1.96,3.623081067374108,0.6449774141588005,7.891139548907017,0,3.2462260756058576,always
1038,4.651371584307265,4.2516939257886355,4.411564989196087,0.39967765851862946,3.2462260756058576,1.8017286353959794,1.96,3.5313881253761195,0.720305800412516,7.7830820511647545,0,3.091901883361511,always
1039,6.218953879939397,4.411564989196087,5.134520545493411,1.8073888907433098,3.091901883361511,1.7583804717300267,1.96,3.4464257245908523,0.9651392646052348,7.85799071378694,0,3.100639519312552,always
1040,4.63152951682587,5.134520545493411,4.933324134026394,-0.502991028667541,3.100639519312552,1.7608632880813184,1.96,3.451292044639384,1.6832285008540264,8.585812590132795,0,2.9582575420929262,always
1041,4.940458728989575,4.933324134026394,4.9361779720116665,0.007134594963180696,2.9582575420929262,1.7199585873191616,1.96,3.371118831145557,1.5622053028808374,8.304442965171951,0,2.8103472101105442,always
1042,5.727112532019264,4.9361779720116665,5.252551796014705,0.7909345600075977,2.8103472101105442,1.6764090223184032,1.96,3.28576168374407,1.6504162882675963,8.221939655755737,0,2.7011087235157376,always
1043,3.596350429020539,5.252551796014705,4.590071249217039,-1.6562013669941664,2.7011087235157376,1.6435050117099546,1.96,3.221269822951511,2.0312819730631944,8.473821618966216,0,2.703203435741618,always
1044,4.817595183728793,4.590071249217039,4.681080823021741,0.2275239345117539,2.703203435741618,1.6441421580087343,1.96,3.2225186296971193,1.3675526195199197,7.812589878914158,0,2.5706316209933227,always
1045,6.202731413784264,4.681080823021741,5.28974105932675,1.5216505907625226,2.5706316209933227,1.603318939261095,1.96,3.142505120951746,1.5385757020699953,7.823585943973487,0,2.557871065962053,always
1046,5.528230087465148,5.28974105932675,5.385136670582109,0.23848902813839779,2.557871065962053,1.599334569738944,1.96,3.1346957566883304,2.1550453026384195,8.424436816015081,0,2.4328213634910703,always
1047,3.1345871585454783,5.385136670582109,4.484916865767457,-2.250549512036631,2.4328213634910703,1.5597504170510967,1.96,3.0571108174201496,2.3280258531619595,8.442247488002259,0,2.5644289506229327,always
1048,1.890328223531358,4.484916865767457,3.447081408873017,-2.594588642236099,2.5644289506229327,1.6013834489662158,1.96,3.1387115599737827,1.3462053057936743,7.62362842574124,0,2.772802014212814,always
1049,2.822909489491542,3.447081408873017,3.197412641120427,-0.624171919381475,2.772802014212814,1.6651732685257754,1.96,3.2637396063105197,0.18334180256249732,6.710821015183537,0,2.653641442749391,always
1050,5.624973276867186,3.197412641120427,4.168436895419131,2.427560635746759,2.653641442749391,1.6290001358960626,1.96,3.1928402663562827,0.0045723747641441825,6.390252907476709,0,2.8156119026232815,always
1051,4.592591470272444,4.168436895419131,4.338098725360456,0.4241545748533131,2.8156119026232815,1.6779785167347292,1.96,3.288837892800069,0.8795990026190617,7.4572747882192,0,2.683826662660567,always
1052,4.661836616659679,4.338098725360456,4.467593881880145,0.32373789129922326,2.683826662660567,1.638238890595803,1.96,3.210948225567774,1.1271504997926818,7.549046950928229,0,2.554875640640682,always
1053,2.7006729415419968,4.467593881880145,3.7608255057448856,-1.766920940338148,2.554875640640682,1.5983978355342834,1.96,3.1328597576471955,1.3347341242329493,7.60045363952734,0,2.58323233907892,always
1054,3.0458825799370857,3.7608255057448856,3.4748483354217656,-0.7149429258078,2.58323233907892,1.6072437086761049,1.96,3.1501976690051654,0.6106278367397202,6.911023174750051,0,2.4796278914831045,always
1055,4.704164709052266,3.4748483354217656,3.9665748848739657,1.2293163736305006,2.4796278914831045,1.5746834257980569,1.96,3.0863795145641912,0.3884688208575744,6.561227849985957,0,2.4312074342327517,always
1056,9.029752753051191,3.9665748848739657,5.991846032144856,5.063177868177226,2.4312074342327517,1.5592329634255273,1.96,3.0560966083140335,0.9104782765599322,7.022671493188,1,3.591435568761098,always
1057,5.06229581402403,5.991846032144856,5.6200259448965255,-0.9295502181208262,3.591435568761098,1.895108326392214,1.96,3.7144123197287393,2.277433712416117,9.706258351873595,0,3.4550669707234665,always
1058,4.793022961624022,5.6200259448965255,5.289224751587524,-0.8270029832725037,3.4550669707234665,1.8587810443200314,1.96,3.6432108468672615,1.976815098029264,9.263236791763788,0,3.316510318904374,always
1059,4.631929490943318,5.289224751587524,5.026306647329841,-0.6572952606442053,3.316510318904374,1.8211288584019458,1.96,3.569412562467814,1.7198121891197098,8.858637314055338,0,3.172286655942422,always
1060,5.061904090777925,5.026306647329841,5.040545624709075,0.03559744344808369,3.172286655942422,1.7810914226794823,1.96,3.4909391884517853,1.535367458878056,8.517245835781626,0,3.0137356820443024,always
1061,4.961199579077403,5.040545624709075,5.008807206456407,-0.0793460456316728,3.0137356820443024,1.736011429122603,1.96,3.4025824010803016,1.6379632236287738,8.443128025789377,0,2.863363687689956,always
1062,5.175357929350328,5.008807206456407,5.075427495613975,0.1665507228939216,2.863363687689956,1.6921476554042074,1.96,3.3166094045922465,1.6921978018641601,8.325416611048652,0,2.7215824604702825,always
1063,4.4565873115284695,5.075427495613975,4.827891421979773,-0.6188401840855056,2.7215824604702825,1.6497219342878007,1.96,3.233454991204089,1.841972504409886,8.308882486818064,0,2.6046514961187177,always
1064,6.3298486944281045,4.827891421979773,5.428674330959106,1.5019572724483314,2.6046514961187177,1.6138932728401583,1.96,3.16323081476671,1.664660607213063,7.991122236746483,0,2.587212703725803,always
1065,4.947408844555544,5.428674330959106,5.236168136397682,-0.48126548640356237,2.587212703725803,1.608481490016532,1.96,3.152623720432403,2.2760506105267035,8.58129805139151,0,2.4694328919596757,always
1066,5.564372817788145,5.236168136397682,5.367450008953867,0.32820468139046355,2.4694328919596757,1.5714429330903734,1.96,3.080028148857132,2.15613998754055,8.316196285254813,0,2.351347163006023,always
1067,3.9608685880755807,5.367450008953867,4.804817440602553,-1.406581420878286,2.351347163006023,1.533410304845387,1.96,3.005484197496959,2.361965811456908,8.372934206450825,0,2.332703369533721,always
1068,3.5664569743493453,4.804817440602553,4.30947325410127,-1.2383604662532073,2.332703369533721,1.5273190136751789,1.96,2.9935452668033506,1.811272173799202,7.798362707405904,0,2.292745033275978,always
1069,2.6139960621364877,4.30947325410127,3.6312823773153573,-1.6954771919647826,2.292745033275978,1.514181307927151,1.96,2.967795363537216,1.3416778905640543,7.277268617638486,0,2.3218399270358185,always
1070,4.530204730628499,3.6312823773153573,3.990851318640614,0.8989223533131421,2.3218399270358185,1.523758487108708,1.96,2.9865666347330677,0.6447157425822896,6.617849012048425,0,2.246151000548329,always
1071,7.641313742698657,3.990851318640614,5.451036288263831,3.6504624240580426,2.246151000548329,1.498716451016779,1.96,2.9374842439928868,1.0533670746477273,6.928335562633501,1,2.800137245993899,always
1072,6.266151610573663,5.451036288263831,5.7770824171877635,0.8151153223098326,2.800137245993899,1.6733610626502275,1.96,3.279787682794446,2.1712486054693847,8.730823971058276,0,2.6933510331274166,always
1073,3.7062055469390054,5.7770824171877635,4.948731669088261,-2.070876870248758,2.6933510331274166,1.6411432092073552,1.96,3.2166406900464164,2.560441727141347,8.99372310723418,0,2.77311003205761,always
1074,1.4812220782746812,4.948731669088261,3.561727832762829,-3.4675095908135796,2.77311003205761,1.665265754183881,1.96,3.2639208782004063,1.6848107908878545,8.212652547288666,1,3.2356356685739374,always
1075,2.754191493166844,3.561727832762829,3.238713296924435,-0.8075363395959849,3.2356356685739374,1.7987872771881441,1.96,3.5256230632887626,0.036104769474066156,7.087350896051591,0,3.1064596321336446,always
1076,2.585212467180474,3.238713296924435,2.977312965026851,-0.6535008297439608,3.1064596321336446,1.7625151438026412,1.96,3.4545296818531765,-0.21581638492874156,6.6932429787776115,0,2.9724898172507643,always
1077,2.8672147536466217,2.977312965026851,2.933273680474759,-0.11009821138022913,2.9724898172507643,1.7240910118815551,1.96,3.379218383287848,-0.4019054182609971,6.356531348314698,0,2.824471407195682,always
1078,4.830401687761439,2.933273680474759,3.692124883389431,1.89712800728668,2.824471407195682,1.6806163771651406,1.96,3.2940080992436753,-0.3607344187689163,6.227281779718434,0,2.863202570637474,always
1079,7.505653432445646,3.692124883389431,5.217536303011917,3.813528549056215,2.863202570637474,1.6921000474668966,1.96,3.3165160930351174,0.3756087903543137,7.008640976424548,1,3.44719244182894,always
1080,10.364507507430922,5.217536303011917,7.2763247847795185,5.146971204419005,3.44719244182894,1.8566616390255226,1.96,3.639056812490024,1.5784794905218926,8.85659311550194,1,4.599398448693414,always
1081,5.6485001606293785,7.2763247847795185,6.6251949351194614,-1.62782462415014,4.599398448693414,2.144620816996192,1.96,4.2034568013125355,3.072867983466983,11.479781586092054,0,4.5019191766082205,always
1082,4.422296577630327,6.6251949351194614,5.744035592123808,-2.2028983574891345,4.5019191766082205,2.1217726496041514,1.96,4.158674393224136,2.466520541895325,10.783869328343599,0,4.519461276449226,always
1083,4.257256586865979,5.744035592123808,5.149323990020676,-1.4867790052578291,4.519461276449226,2.1259024616499285,1.96,4.16676882483386,1.5772667672899479,9.910804416957667,0,4.404013803150537,always
1084,4.17883419318486,5.149323990020676,4.7611280712863495,-0.9704897968358157,4.404013803150537,2.0985742310317588,1.96,4.113205492822247,1.0361184971984292,9.262529482842922,0,4.230905635281132,always
1085,5.090063900067155,4.7611280712863495,4.892702402798672,0.3289358287808053,4.230905635281132,2.056916535808182,1.96,4.031556410184037,0.7295716611023124,8.792684481470387,0,4.024770292489861,always
1086,5.119995968967801,4.892702402798672,4.983619829266324,0.22729356616912977,4.024770292489861,2.0061830157016733,1.96,3.9321187107752795,0.9605836920233921,8.82482111357395,0,3.8261148961264615,always
1087,4.755059219765431,4.983619829266324,4.8921955854659664,-0.22856060950089319,3.8261148961264615,1.9560457295591178,1.96,3.833849629935871,1.1497701993304532,8.817469459202195,0,3.637421148930909,always
1088,3.7430378031353544,4.8921955854659664,4.432532472533722,-1.149157782330612,3.637421148930909,1.907202440469,1.96,3.73811678331924,1.1540788021467265,8.630312368785207,0,3.5215782719189144,always
1089,1.833628582300221,4.432532472533722,3.392970916440321,-2.5989038902335007,3.5215782719189144,1.876586867671975,1.96,3.678110260637071,0.7544222118966508,8.110642733170792,0,3.6832144298565095,always
1090,0.9757204440293328,3.392970916440321,2.426070727475926,-2.4172504724109882,3.6832144298565095,1.919170245146717,1.96,3.7615736804875652,-0.36860276404724424,7.154544596927886,0,3.791208700682241,always
1091,4.710985300189329,2.426070727475926,3.3400365565612873,2.2849145727134035,3.791208700682241,1.9471026425646494,1.96,3.816321179426713,-1.390250451950787,6.242391906902639,0,3.8626899958780325,always
1092,5.986180822970361,3.3400365565612873,4.398494263124917,2.646144266409074,3.8626899958780325,1.9653727371361476,1.96,3.852130564786849,-0.5120940082255618,7.192167121348136,0,4.019659470016611,always
1093,4.404582494203302,4.398494263124917,4.400929555556271,0.006088231078384965,4.019659470016611,2.0049088433184714,1.96,3.929621332904204,0.4688729302207131,8.328115596029122,0,3.8186783498436636,always
1094,3.7249175251215307,4.400929555556271,4.130524743382375,-0.6760120304347401,3.8186783498436636,1.954143891796012,1.96,3.8301220279201833,0.5708075276360876,8.231051583476454,0,3.6505940456161055,always
1095,5.287557647344709,4.130524743382375,4.593337904967308,1.1570329039623344,3.6505940456161055,1.9106527799723594,1.96,3.744879448745824,0.3856452946365505,7.875404192128199,0,3.535000600377876,always
1096,5.6431217403856575,4.593337904967308,5.013251439134648,1.0497838354183493,3.535000600377876,1.8801597273577253,1.96,3.6851130656211417,0.9082248393461665,8.27845097058845,0,3.4133528754142652,always
1097,3.820511815597589,5.013251439134648,4.536155589719824,-1.1927396235370593,3.4133528754142652,1.8475261501300233,1.96,3.6211512542548454,1.3921001848798027,8.634402693389493,0,3.313816622121318,always
1098,5.372685652639149,4.536155589719824,4.870767614887553,0.8365300629193246,3.313816622121318,1.8203891402997652,1.96,3.5679627149875395,0.9681928747322845,8.104118304707363,0,3.1831149183236427,always
1099,7.744633738257142,4.870767614887553,6.020314064235389,2.873866123369589,3.1831149183236427,1.7841286159701724,1.96,3.496892087301538,1.3738755275860153,8.36765970218909,0,3.4369144971600276,always
1100,6.76477239961899,6.020314064235389,6.318097398388829,0.7444583353836007,3.4369144971600276,1.853891716676038,1.96,3.6336277646850346,2.386686299550355,9.653941828920424,0,3.292779682958132,always
1101,6.459541837658959,6.318097398388829,6.374675174096881,0.1414444392701295,3.292779682958132,1.8146017973533841,1.96,3.5566195228126327,2.7614778755761966,9.874716921201461,0,3.1291410252802474,always
1102,7.168778898006597,6.374675174096881,6.692316663660767,0.794103723909716,3.1291410252802474,1.7689378240289417,1.96,3.4671181350967255,2.9075570390001553,9.841793309193607,0,3.0042140102325985,always
1103,7.579145394581248,6.692316663660767,7.04704815602896,0.886828730920481,3.0042140102325985,1.733266860651469,1.96,3.397203046876879,3.295113616783888,10.089519710537646,0,2.89332656962027,always
1104,6.6967465534143855,7.04704815602896,6.9069275149831295,-0.3503016026145742,2.89332656962027,1.700978121440799,1.96,3.333917118023966,3.7131310380049936,10.380965274052926,0,2.7547958017789735,always
1105,5.938495805370332,6.9069275149831295,6.51955483113801,-0.9684317096127977,2.7547958017789735,1.6597577539445247,1.96,3.2531251977312685,3.653802317251861,10.160052712714398,0,2.663949010499203,always
1106,5.80671506653476,6.51955483113801,6.23441892529671,-0.7128397646032498,2.663949010499203,1.63216084087911,1.96,3.1990352481230553,3.320519583014955,9.718590079261066,0,2.5561585864742233,always
1107,3.6812746254151247,6.23441892529671,5.2131612053440755,-2.5531442998815854,2.5561585864742233,1.5987991076036487,1.96,3.1336462509031513,3.100772674393559,9.368065176199861,0,2.7542779479514037,always
1108,5.168991977271073,5.2131612053440755,5.195493514114874,-0.04416922807300239,2.7542779479514037,1.659601743778128,1.96,3.252819417805131,1.9603417875389444,8.465980623149207,0,2.6166615965892617,always
1109,4.03953691696525,5.195493514114874,4.733110875255025,-1.1559565971496237,2.6166615965892617,1.617609840656659,1.96,3.1705152876870515,2.0249782264278227,8.366008801801925,0,2.5526402994844855,always
1110,3.459826978856031,4.733110875255025,4.223797316695427,-1.2732838963989939,2.5526402994844855,1.5976984382180779,1.96,3.1314889389074327,1.601621936347592,7.864599814162458,0,2.506070878551711,always
1111,6.823975330543124,4.223797316695427,5.263868522234506,2.6001780138476978,2.506070878551711,1.5830574463839622,1.96,3.102792594912566,1.1210047217828607,7.326589911607993,0,2.7188136198089734,always
1112,8.437301952939155,5.263868522234506,6.533241894516365,3.173433430704649,2.7188136198089734,1.6488825366923423,1.96,3.231809771916991,2.032058750317515,8.495678294151496,0,3.086406925774219,always
1113,8.693990941020724,6.533241894516365,7.397541513118108,2.1607490465043586,3.086406925774219,1.75681727159492,1.96,3.443361852326043,3.0898800421903223,9.976603746842407,0,3.165528401583982,always
1114,5.402732012611919,7.397541513118108,6.599617712915633,-1.9948095005061894,3.165528401583982,1.77919318838174,1.96,3.4872186492282102,3.910322863889898,10.884760162346318,0,3.2062152286702705,always
1115,1.978770475141638,6.599617712915633,4.751278817806035,-4.620847237773995,3.2062152286702705,1.7905907485157715,1.96,3.509557867090912,3.0900598458247206,10.109175580006545,1,4.113515926978935,always
1116,2.937740483173509,4.751278817806035,4.0258634839530245,-1.8135383346325256,4.113515926978935,2.02818044734164,1.96,3.9752336767896144,0.7760451410164202,8.72651249459565,0,4.072286195189074,always
1117,5.738805998194148,4.0258634839530245,4.7110404896494735,1.7129425142411234,4.072286195189074,2.017990633077635,1.96,3.9552616408321644,0.07060184312086015,7.981125124785189,0,4.015380488284355,always
1118,6.9053964318397485,4.7110404896494735,5.588782866525584,2.194355942190275,4.015380488284355,2.00384143291937,1.96,3.9275292085219653,0.7835112811275082,8.63856969817144,0,4.0553713639214255,always
1119,7.786855578141827,5.588782866525584,6.46801195117208,2.198072711616243,4.0553713639214255,2.013795263655525,1.96,3.947038716764829,1.641744149760755,9.535821583290414,0,4.094178978002954,always
1120,5.490009493460054,6.46801195117208,6.076810968087269,-0.9780024577120265,4.094178978002954,2.0234077636509538,1.96,3.9658792167558694,2.502132734416211,10.43389116792795,0,3.9372944694673437,always
1121,4.7411296147095054,6.076810968087269,5.542538426736163,-1.3356813533777636,3.9372944694673437,1.9842616937962956,1.96,3.8891529198407393,2.1876580482465298,9.965963887928009,0,3.8296319798820293,always
1122,3.429232297943767,5.542538426736163,4.697215975219205,-2.1133061287923964,3.8296319798820293,1.9569445520714248,1.96,3.8356113220599926,1.7069271046761707,9.378149748796156,0,3.861453520587503,always
1123,5.1749504884772275,4.697215975219205,4.888309780522414,0.47773451325802263,3.861453520587503,1.9650581468718689,1.96,3.851513967868863,0.8457020073503418,8.548729943088068,0,3.679792357816021,always
1124,6.207516969392908,4.888309780522414,5.415992656070612,1.319207188870494,3.679792357816021,1.9182784880762285,1.96,3.7598258366294077,1.1284839438930065,8.648135617151823,0,3.5828181202835996,always
1125,4.824814929970355,5.415992656070612,5.179521565630509,-0.5911777261002573,3.5828181202835996,1.8928333577691407,1.96,3.709953381227516,1.7060392748430964,9.125946037298128,0,3.421151769461273,always
1126,4.24988643002348,5.179521565630509,4.807667511387697,-0.9296351356070289,3.421151769461273,1.849635577474999,1.96,3.625285731850998,1.554235833779511,8.804807297481506,0,3.293305255255964,always
1127,4.6737607732560775,4.807667511387697,4.754104816135049,-0.13390673813161946,3.293305255255964,1.8147466091044127,1.96,3.556903353844649,1.2507641575430481,8.364570865232345,0,3.129536543219018,always
1128,5.086580554936262,4.754104816135049,4.887095111655534,0.33247573880121273,3.129536543219018,1.7690496158160793,1.96,3.4673372469995156,1.2867675691355336,8.221442063134564,0,2.9785867219026376,always
1129,8.184579809735244,4.887095111655534,6.206088990887418,3.2974846980797095,2.9785867219026376,1.7258582566081833,1.96,3.3826821829520393,1.5044129287034949,8.269777294607573,0,3.3733276525109974,always
1130,7.032288604911195,6.206088990887418,6.5365688364969285,0.8261996140237775,3.3733276525109974,1.8366620953542319,1.96,3.5998577068942943,2.6062312839931234,9.805946697781712,0,3.2387915599960997,always
1131,4.5737390928130885,6.5365688364969285,5.751436939023392,-1.96282974368384,3.2387915599960997,1.7996642909154195,1.96,3.527342010194222,3.0092268263027067,10.06391084669115,0,3.269487012130793,always
1132,0.8944227168170431,5.751436939023392,3.808631250140853,-4.857014222206349,3.269487012130793,1.8081722849692152,1.96,3.544017678539662,2.2074192604837304,9.295454617563054,1,4.2855420192599905,always
1133,1.7209730557144656,3.808631250140853,2.9735679723702977,-2.0876581944263872,4.2855420192599905,2.070155071307459,1.96,4.057503939762619,-0.24887268962176634,7.866135189903472,0,4.2891807551347725,always
1134,5.003262338335628,2.9735679723702977,3.78544571875643,2.0296943659653306,4.2891807551347725,2.071033740704089,1.96,4.059226131780014,-1.0856581594097165,7.032794104150312,0,4.280704678339604,always
1135,5.925191860879179,3.78544571875643,4.64134417560553,2.1397461421227493,4.280704678339604,2.0689863891141487,1.96,4.0552133226637315,-0.26976760390730137,7.840659041420162,0,4.295595122059083,always
1136,7.938545337426389,4.64134417560553,5.960224640333873,3.2972011618208583,4.295595122059083,2.0725817528047195,1.96,4.06226023549725,0.5790839401082799,8.70360441110278,0,4.62439214103177,always
1137,6.365624608921916,5.960224640333873,6.12238462776909,0.4053999685880427,4.62439214103177,2.1504399877773315,1.96,4.21486237604357,1.7453622642903035,10.175087016377443,0,4.40138999070674,always
1138,6.5952684706173335,6.12238462776909,6.311538164908388,0.47288384284824314,4.40138999070674,2.0979489962119526,1.96,4.111980032575427,2.0104045951936635,10.234364660344518,0,4.192501447612749,always
1139,5.679405728984994,6.311538164908388,6.05868519053903,-0.6321324359233937,4.192501447612749,2.0475598764414067,1.96,4.013217357825157,2.298320807083231,10.324755522733545,0,4.002855946059434,always
1140,4.978350956714694,6.05868519053903,5.626551497009296,-1.0803342338243365,4.002855946059434,2.000713859116149,1.96,3.921399163867652,2.1372860266713785,9.980084354406682,0,3.861069251595103,always
1141,4.826613037967568,5.626551497009296,5.306576113392604,-0.7999384590417282,3.861069251595103,1.964960368962973,1.96,3.851322323167427,1.7752291738418688,9.477873820176724,0,3.7000108659280504,always
1142,5.224986721855382,5.306576113392604,5.273940356777715,-0.08158939153722233,3.7000108659280504,1.923541230628564,1.96,3.7701408120319853,1.5364353013606191,9.07671692542459,0,3.5153431640722186,always
1143,8.112378018704234,5.273940356777715,6.409315421548323,2.838437661926519,3.5153431640722186,1.8749248422462748,1.96,3.6748526908026986,1.5990876659750168,8.948793047580414,0,3.7424124239007517,always
1144,3.5880173601680223,6.409315421548323,5.280796196996203,-2.8212980613803005,3.7424124239007517,1.9345315773852727,1.96,3.7916818916751343,2.6176335298731885,10.200997313223457,0,3.953277940263126,always
1145,-0.0931972099093219,5.280796196996203,3.131198834233993,-5.373993406905525,3.953277940263126,1.988285175789209,1.96,3.89703894454685,1.383757252449353,9.177835141543053,1,5.1996043001231715,always
1146,2.1478167473862246,3.131198834233993,2.7378459994948856,-0.9833820868477683,5.1996043001231715,2.2802640856100793,1.96,4.469317607795755,-1.3381187735617623,7.600516442029749,0,4.987976101553666,always
1147,6.169580476292749,2.7378459994948856,4.110539790214031,3.4317344767978635,4.987976101553666,2.233377733737324,1.96,4.377420358125155,-1.6395743586302696,7.11526635762004,0,5.327417372438137,always
1148,8.475496549228556,4.110539790214031,5.856522493819841,4.364956759014524,5.327417372438137,2.3081198782641548,1.96,4.523914961397743,-0.4133751711837119,8.634454751611774,0,6.013688879219559,always
1149,7.522638488431971,5.856522493819841,6.522968891664693,1.66611599461213,6.013688879219559,2.452282381623201,1.96,4.806473467981474,1.0500490258383675,10.662995961801315,0,5.851801560633699,always
1150,4.511965949124049,6.522968891664693,5.718567714648435,-2.011002942540644,5.851801560633699,2.419049722646002,1.96,4.741337456386164,1.7816314352785287,11.264306348050857,0,5.7614181243473706,always
1151,5.286925865121088,5.718567714648435,5.545910974837496,-0.4316418495273471,5.7614181243473706,2.4002954243899586,1.96,4.704579031804319,1.0139886828441158,10.423146746452755,0,5.482662952443171,always
1152,7.273965649239725,5.545910974837496,6.237132844598388,1.7280546744022285,5.482662952443171,2.3415086915156156,1.96,4.589357035370607,0.9565539394668896,10.135268010208103,0,5.357838452707181,always
1153,6.80950320389064,6.237132844598388,6.466080988315289,0.5723703592922522,5.357838452707181,2.314700510370009,1.96,4.536813000325218,1.70031984427317,10.773945844923606,0,5.10632692148164,always
1154,6.705205456444784,6.466080988315289,6.561730775567087,0.23912446812949462,5.10632692148164,2.2597183279076267,1.96,4.429047922698948,2.037033065616341,10.895128911014236,0,4.8538696009704685,always
1155,5.839839567069744,6.561730775567087,6.272974292168149,-0.7218912084973432,4.8538696009704685,2.203149927029586,1.96,4.318173856977988,2.243556918589099,10.879904632545074,0,4.637232466767233,always
1156,4.121576471845129,6.272974292168149,5.412415164038941,-2.1513978203230195,4.637232466767233,2.1534234295110735,1.96,4.220709921841704,2.052264370326445,10.493684214009853,0,4.636796472493403,always
1157,5.412251358072213,5.412415164038941,5.41234964165225,-0.00016380596672771475,4.636796472493403,2.153322194306603,1.96,4.220511500840942,1.1919036631979987,9.632926664879882,0,4.4049566502103525,always
1158,6.164982262788779,5.41234964165225,5.713402690106862,0.7526326211365291,4.4049566502103525,2.0987988589215387,1.96,4.113645763486216,1.2987038781660347,9.525995405138467,0,4.213031610819777,always
1159,5.807373448768891,5.713402690106862,5.750990993571673,0.09397075866202886,4.213031610819777,2.052567078275343,1.96,4.023031473419672,1.6903712166871898,9.736434163526534,0,4.002821555452964,always
1160,7.423863296151306,5.750990993571673,6.420139914603526,1.6728723025796333,4.002821555452964,2.000705264513732,1.96,3.921382318446915,1.8296086751247578,9.672373312018587,0,3.9426055647172196,always
1161,2.686823060496208,6.420139914603526,4.926813172960599,-3.733316854107318,3.9426055647172196,1.985599547924309,1.96,3.8917751139316454,2.5283648006718806,10.311915028535172,0,4.442358023139446,always
1162,0.5861359329827169,4.926813172960599,3.190542276969446,-4.340677239977882,4.442358023139446,2.107690210429286,1.96,4.1310728124414,0.7957403605191988,9.057885985401999,1,5.162314067065574,always
1163,2.040164389979971,3.190542276969446,2.730391122173656,-1.150377886989475,5.162314067065574,2.27207263683747,1.96,4.453262368201441,-1.2627200912319956,7.643804645170887,0,4.970366827856013,always
1164,5.198639696143416,2.730391122173656,3.71769055176156,2.4682485739697597,4.970366827856013,2.2294319518334738,1.96,4.369686625593609,-1.6392955034199526,7.100077747767265,0,5.0264610376084,always
1165,6.52968936804702,3.71769055176156,4.842490078275745,2.8119988162854597,5.0264610376084,2.241977037707657,1.96,4.394274993907008,-0.6765844421454474,8.111965545668568,0,5.170504852867522,always
1166,3.8700053010969326,4.842490078275745,4.45349616740422,-0.9724847771788121,5.170504852867522,2.2738744144889624,1.96,4.456793852398366,0.3856962258773784,9.299283930674111,0,4.959265942316372,always
1167,2.3919214481684103,4.45349616740422,3.628866279709896,-2.0615747192358094,4.959265942316372,2.2269409382191463,1.96,4.364804238909526,0.08869192849469343,8.818300406313746,0,4.9238071613501635,always
1168,3.0213877005672245,3.628866279709896,3.3858748480528273,-0.6074785791426716,4.9238071613501635,2.218965335770292,1.96,4.349172058109772,-0.7203057783998763,7.978038337819669,0,4.696068314488515,always
1169,9.115508034369967,3.3858748480528273,5.677728122579683,5.729633186317139,4.696068314488515,2.1670413735064025,1.96,4.247401092072549,-0.8615262440197213,7.633275940125376,1,6.102699721251423,always
1170,11.473723891959086,5.677728122579683,7.9961264303314445,5.795995769379402,6.102699721251423,2.4703642891791127,1.96,4.841914006791061,0.8358141157886223,10.519642129370744,1,7.4772430831220476,always
1171,6.521356191463494,7.9961264303314445,7.406218334784264,-1.4747702388679507,7.4772430831220476,2.7344548054634306,1.96,5.359531418708324,2.636595011623121,13.355657849039769,0,7.212128291838476,always
1172,2.4430768334383544,7.406218334784264,5.4209617342459,-4.96314150134591,7.212128291838476,2.6855405958276775,1.96,5.2636595678222475,2.1425587669620167,12.669877902606512,0,8.083160555365659,always
1173,1.2938620085488246,5.4209617342459,3.7701218439670696,-4.127099725697075,8.083160555365659,2.8430899661047766,1.96,5.572456333565362,-0.15149459931946208,10.993418067811263,0,8.530650134889818,always
1174,1.5050831685722175,3.7701218439670696,2.8641063738091286,-2.265038675394852,8.530650134889818,2.9207276721546322,1.96,5.724626237423079,-1.9545043934560096,9.49474808139015,0,8.36063763819705,always
1175,4.893298617256132,2.8641063738091286,3.67578327118793,2.0291922434470036,8.36063763819705,2.891476722748611,1.96,5.667294376587278,-2.8031880027781493,8.531400750396406,0,8.148486814330472,always
1176,5.499159611201533,3.67578327118793,4.405133807193371,1.8233763400136027,8.148486814330472,2.8545554495105665,1.96,5.59492868104071,-1.9191454098527805,9.270711952228641,0,7.907297537480018,always
1177,5.538070660599839,4.405133807193371,4.858308548555959,1.132936853406468,7.907297537480018,2.8119917385156055,1.96,5.511503807490587,-1.1063700002972157,9.916637614683957,0,7.576109956296344,always
1178,2.9854538171939207,4.858308548555959,4.109166656011143,-1.8728547313620383,7.576109956296344,2.7524734251753173,1.96,5.394847913343622,-0.5365393647876626,10.25315646189958,0,7.372683700720785,always
1179,2.6917752725510464,4.109166656011143,3.542210102627104,-1.4173913834600969,7.372683700720785,2.7152686240445503,1.96,5.321926503127319,-1.2127598471161756,9.431093159138463,0,7.104499432380091,always
1180,5.157778897887914,3.542210102627104,4.188437620731428,1.6155687952608098,7.104499432380091,2.665426688614806,1.96,5.22423630968502,-1.6820262070579162,8.766446412312124,0,6.87977758737211,always
1181,7.110594099133131,4.188437620731428,5.35730021209211,2.9221564784017033,6.87977758737211,2.622933012368427,1.96,5.140948704242117,-0.9525110835106894,9.329386324973544,0,6.962738632216756,always
1182,7.126174948648943,5.35730021209211,6.064850106714843,1.7688747365568336,6.962738632216756,2.6387001785380537,1.96,5.171852349934585,0.18544786215752485,10.529152562026695,0,6.771047592287368,always
1183,3.552174443387244,6.064850106714843,5.059779841383803,-2.512675663327599,6.771047592287368,2.6021236696758607,1.96,5.100162392564687,0.9646877141501564,11.16501249927953,0,6.748172162126939,always
1184,4.662745786911218,5.059779841383803,4.900966219594769,-0.3970340544725852,6.748172162126939,2.597724419973554,1.96,5.091539863148166,-0.03176002176436299,10.15131970453197,0,6.4186453560411385,always
1185,4.633742705550333,4.900966219594769,4.794076813976995,-0.2672235140444368,6.4186453560411385,2.533504560098746,1.96,4.9656689377935415,-0.06470271819877205,9.86663515738831,0,6.101283508561995,always
1186,6.210659601785551,4.794076813976995,5.360709929100417,1.4165827878085562,6.101283508561995,2.4700776320921567,1.96,4.841352158900627,-0.04727534492363272,9.635428972877623,0,5.896554672869668,always
1187,6.206066393368874,5.360709929100417,5.6988525148078,0.8453564642684572,5.896554672869668,2.4282822473653405,1.96,4.759433204836068,0.6012767242643493,10.120143133936484,0,5.637458316810208,always
1188,3.3662287865116274,5.6988525148078,4.765803023489331,-2.332623728296173,5.637458316810208,2.3743332362602785,1.96,4.653693143070146,1.0451593717376548,10.352545657877947,0,5.627642073860214,always
1189,3.2549075183507568,4.765803023489331,4.161444821433902,-1.5108955051385746,5.627642073860214,2.3722651778121717,1.96,4.649639748511857,0.1161632749774748,9.415442772001189,0,5.4604002315396,always
1190,5.630375730850292,4.161444821433902,4.749017185200458,1.4689309094163905,5.4604002315396,2.3367499291836085,1.96,4.580029861199873,-0.41858503976597117,8.741474682633775,0,5.295268120794563,always
1191,7.482719750046695,4.749017185200458,5.8424982111389525,2.7337025648462374,5.295268120794563,2.301144958666134,1.96,4.510244118985622,0.23877306621483552,9.25926130418608,0,5.404161200407179,always
1192,6.275462138436243,5.8424982111389525,6.015683782057868,0.4329639272972905,5.404161200407179,2.3246851830747275,1.96,4.5563829588264655,1.286115252312487,10.398881169965417,0,5.1433260285038545,always
1193,7.134085743939977,6.015683782057868,6.463044566810712,1.1184019618821086,5.1433260285038545,2.267890215267012,1.96,4.445064821923344,1.5706189601345244,10.460748603981212,0,4.948700874495749,always
1194,7.4664865336257025,6.463044566810712,6.864421353536708,1.0034419668149903,4.948700874495749,2.2245675702247727,1.96,4.360152437640554,2.102892129170158,10.823197004451266,0,4.751610619809238,always
1195,5.340367873605804,6.864421353536708,6.254799961564347,-1.5240534799309033,4.751610619809238,2.1798189419787226,1.96,4.2724451262782965,2.591976227258411,11.136866479815005,0,4.6301670393032515,always
1196,5.408660175556047,6.254799961564347,5.916344047161027,-0.8461397860082993,4.6301670393032515,2.1517822936587363,1.96,4.217493295571123,2.0373066659932233,10.472293257135469,0,4.434456314211397,always
1197,8.288202396313007,5.916344047161027,6.865087386821819,2.3718583491519807,4.434456314211397,2.105814881277886,1.96,4.1273971673046566,1.7889468798563701,10.043741214465683,0,4.494019099922926,always
1198,10.021818251184321,6.865087386821819,8.12777973256682,3.156730864362502,4.494019099922926,2.119910163172705,1.96,4.155023919818502,2.710063467003317,11.02011130664032,0,4.76756563242772,always
1199,4.839489931320342,8.12777973256682,6.812463812068229,-3.288289801246478,4.76756563242772,2.1834755854892722,1.96,4.279612147558973,3.8481675850078467,12.407391880125793,0,5.069829841655413,always
1200,1.3154851664643186,6.812463812068229,4.613672353826664,-5.49697864560391,5.069829841655413,2.251628264535559,1.96,4.413191398489696,2.399272413578533,11.225655210557925,1,6.327177061083912,always
1201,6.221924314319197,4.613672353826664,5.256973138023677,1.6082519604925327,6.327177061083912,2.5153880537769737,1.96,4.930160585402868,-0.3164882315762041,9.543832939229532,0,6.140141926451119,always
1202,7.1129904291029025,5.256973138023677,5.999380054455368,1.8560172910792252,6.140141926451119,2.47793097693441,1.96,4.856744714791444,0.4002284232322335,10.113717852815121,0,6.005374839367816,always
1203,4.798020400364624,5.999380054455368,5.51883619281907,-1.2013596540907434,6.005374839367816,2.4505866316798137,1.96,4.803149798092435,1.1962302563629326,10.802529852547803,0,5.777269348323276,always
1204,4.218025829618753,5.51883619281907,4.998512047538943,-1.3008103632003172,5.777269348323276,2.4035950882632617,1.96,4.711046372995993,0.8077898198230775,10.229882565815064,0,5.57301126095758,always
1205,6.387145361800819,4.998512047538943,5.5539653732436935,1.3886333142618756,5.57301126095758,2.3607226141496547,1.96,4.627016323733323,0.37149572380562024,9.625528371272267,0,5.390775821983597,always
1206,7.1946792423544705,5.5539653732436935,6.210250920888004,1.640713869110777,5.390775821983597,2.321804432329217,1.96,4.550736687365266,1.0032286858784278,10.10470206060896,0,5.25583413089904,always
1207,5.772389433903885,6.210250920888004,6.035106326094356,-0.43786148698411953,5.25583413089904,2.2925606057199537,1.96,4.493418787211109,1.7168321336768955,10.703669708099113,0,5.002628558443285,always
1208,4.479775346578332,6.035106326094356,5.412973934287947,-1.5553309795160235,5.002628558443285,2.2366556638077495,1.96,4.383845101063189,1.651261225031167,10.418951427157545,0,4.873449853313234,always
1209,4.358164894375993,5.412973934287947,4.991050318323165,-1.0548090399119534,4.873449853313234,2.2075891495731796,1.96,4.326874733163432,1.0860992011245143,9.73984866745138,0,4.6854084661815705,always
1210,4.680746820348015,4.991050318323165,4.866928919133105,-0.31030349797514933,4.6854084661815705,2.1645804365238015,1.96,4.242577655586651,0.7484726627365141,9.233627973909815,0,4.455952455915273,always
1211,9.676814960934905,4.866928919133105,6.790883335853826,4.8098860418018,4.455952455915273,2.110912706843955,1.96,4.137388905414151,0.729540013718954,9.004317824547257,1,5.389905019875497,always
1212,9.536982173165267,6.790883335853826,7.889322870778402,2.7460988373114414,5.389905019875497,2.3216168977407743,1.96,4.550369119571918,2.240514216281908,11.341252455425742,0,5.497462710095885,always
1213,7.838920405038816,7.889322870778402,7.869161884482567,-0.05040246573958651,5.497462710095885,2.344666865483428,1.96,4.595547056347519,3.293775814430883,12.48486992712592,0,5.2227165950187215,always
1214,4.82624495426227,7.869161884482567,6.651995112394449,-3.042916930220297,5.2227165950187215,2.2853263650994626,1.96,4.479239675594947,3.3899222088876204,12.348401560077514,0,5.424547937478851,always
1215,4.322351754258881,6.651995112394449,5.720137769140222,-2.3296433581355673,5.424547937478851,2.3290658937605975,1.96,4.564969151770771,2.087025960623678,11.21696426416522,0,5.424682449410166,always
1216,4.734957603368661,5.720137769140222,5.326065702831597,-0.9851801657715606,5.424682449410166,2.329094770379721,1.96,4.565025749944253,1.1551120191959692,10.285163519084474,0,5.201977324891142,always
1217,2.3272361825129533,5.326065702831597,4.1265338947041394,-2.998829520318644,5.201977324891142,2.2807843661537013,1.96,4.470337357661254,0.855728345170343,9.796403060492851,0,5.391527383243312,always
1218,2.5868489925516416,4.1265338947041394,3.51065993384314,-1.5396849021524979,5.391527383243312,2.321966275216613,1.96,4.551053899424561,-0.4245200047204216,8.677587794128701,0,5.240482493976963,always
1219,3.2975632843039158,3.51065993384314,3.4254212740274506,-0.21309664953922436,5.240482493976963,2.289210015262244,1.96,4.486851629913998,-0.9761916960708579,7.997511563757138,0,4.980728878380357,always
1220,2.9354378073791176,3.4254212740274506,3.2294278873681175,-0.4899834666483329,4.980728878380357,2.231754663573117,1.96,4.374239140603309,-0.9488178665758582,7.799660414630759,0,4.7436966243407745,always
1221,3.9444425808283583,3.2294278873681175,3.515433764752214,0.7150146934602408,4.7436966243407745,2.1780028981479282,1.96,4.268885680369939,-1.0394577930018216,7.498313567738057,0,4.532074093716937,always
1222,8.511380163879902,3.515433764752214,5.51381232440329,4.995946399127689,4.532074093716937,2.12886685673786,1.96,4.172579039206206,-0.6571452744539923,7.68801280395842,1,5.553444410178936,always
1223,8.69295255635723,5.51381232440329,6.785468417184866,3.179140231953941,5.553444410178936,2.35657471983787,1.96,4.618886450882225,0.894925873521065,10.132698775285515,0,5.781118820391397,always
1224,8.520927095356146,6.785468417184866,7.479651888453379,1.7354586781712804,5.781118820391397,2.4043957287417137,1.96,4.712615628333759,2.0728527888511072,11.498084045518624,0,5.642653720553827,always
1225,7.007553844386385,7.479651888453379,7.290812670826581,-0.4720980440669935,5.642653720553827,2.375427060668003,1.96,4.655837038909286,2.8238148495440933,12.135488927362665,0,5.37166486268673,always
1226,6.742906997526497,7.290812670826581,7.071650401506547,-0.5479056733000842,5.37166486268673,2.3176852380525554,1.96,4.542663066583009,2.7481496042435722,11.83347573740959,0,5.118091650894113,always
1227,4.815621783365842,7.071650401506547,6.169238954250265,-2.2560286181407054,5.118091650894113,2.262319970935613,1.96,4.434147143033801,2.637503258472746,11.505797544540348,0,5.1166703246429,always
1228,5.928846002545263,6.169238954250265,6.073081773568264,-0.24039295170500186,5.1166703246429,2.262005818879098,1.96,4.433531405003032,1.7357075492472323,10.602770359253297,0,4.863726246972227,always
1229,7.8675680609557554,6.073081773568264,6.790876288523261,1.7944862873874916,4.863726246972227,2.205385736548649,1.96,4.322556043635352,1.750525729932912,10.395637817203616,0,4.781548986404703,always
1230,6.516146896950282,6.790876288523261,6.680984531894069,-0.27472939157297915,4.781548986404703,2.1866753271587216,1.96,4.285883641231094,2.504992647292167,11.076759929754356,0,4.54624534901417,always
1231,6.440214663616541,6.680984531894069,6.5846765845830575,-0.24076986827752744,4.54624534901417,2.1321926153643274,1.96,4.179097526114082,2.501887005779987,10.86008205800815,0,4.32183158803698,always
1232,7.0803369875570334,6.5846765845830575,6.782940745772648,0.49566040297397596,4.32183158803698,2.078901533992647,1.96,4.074647006625589,2.510029577957469,10.659323591208647,0,4.118023970388947,always
1233,5.8287659290308245,6.782940745772648,6.401270819075918,-0.9541748167418236,4.118023970388947,2.0292914946820595,1.96,3.9774113295768365,2.8055294161958115,10.760352075349484,0,3.957645250914714,always
1234,3.8979384152334853,6.401270819075918,5.399937857538945,-2.503332403842433,3.957645250914714,1.9893831332638552,1.96,3.899190941197156,2.5020798778787623,10.300461760273075,0,4.073096644575355,always
1235,3.2731875867772704,5.399937857538945,4.549237749234275,-2.1267502707616748,4.073096644575355,2.0181914291204777,1.96,3.9556552010761363,1.4442826564628088,9.355593058615082,0,4.09559514805583,always
1236,5.7697016573318125,4.549237749234275,5.03742331247329,1.2204639080975372,4.09559514805583,2.023757680172167,1.96,3.966565053137447,0.5826726960968283,8.515802802371722,0,3.965291998201474,always
1237,7.9407420041944246,5.03742331247329,6.198750789161744,2.903318691721134,3.965291998201474,1.9913040948588123,1.96,3.902956025923272,1.1344672865500183,8.940379338396562,0,4.188490369576266,always
1238,6.315805628163876,6.198750789161744,6.245572724762598,0.11705483900213132,4.188490369576266,2.0465801644637,1.96,4.011297122348852,2.1874536668128925,10.210047911510596,0,3.9797509428641438,always
1239,5.483990386790261,6.245572724762598,5.940939789573663,-0.761582337972337,3.9797509428641438,1.9949313128186001,1.96,3.910065373124456,2.3355073516381415,10.155638097887053,0,3.809763778596507,always
1240,6.613296972199946,5.940939789573663,6.209882662624176,0.6723571826262837,3.809763778596507,1.9518616187108417,1.96,3.8256487726732495,2.115291016900413,9.766588562246913,0,3.6418787987181394,always
1241,7.7782690619227886,6.209882662624176,6.837237222343621,1.5683863992986122,3.6418787987181394,1.9083707183663607,1.96,3.740406607998067,2.469476054626109,9.950289270622243,0,3.5827766536574757,always
1242,9.313133131237432,6.837237222343621,7.827595585901145,2.4758959088938113,3.5827766536574757,1.8928224041513972,1.96,3.7099319121367387,3.127305310206882,10.54716913448036,0,3.7101408485584573,always
1243,9.23921659607813,7.827595585901145,8.392243989971938,1.4116210101769848,3.7101408485584573,1.926172590542825,1.96,3.775298277463937,4.052297308437208,11.602893863365082,0,3.624267499949189,always
1244,5.010026242893345,8.392243989971938,7.0393568911405,-3.3822177470785926,3.624267499949189,1.9037509028098158,1.96,3.731351769507239,4.660892220464699,12.123595759479176,0,4.015023969384399,always
1245,6.5367867620039775,7.0393568911405,6.838328839485891,-0.5025701291365223,4.015023969384399,2.0037524720844138,1.96,3.9273548452854508,3.112002045855049,10.96671173642595,0,3.8269016076501936,always
1246,6.245594178922142,6.838328839485891,6.601234975260391,-0.5927346605637496,3.8269016076501936,1.9562468166492166,1.96,3.8342437606324644,3.004085078853427,10.672572600118356,0,3.6531232461593652,always
1247,7.671272345032937,6.601234975260391,7.029249923169409,1.070037369772546,3.6531232461593652,1.9113145335499768,1.96,3.7461764857579545,2.855058489502437,10.347411461018346,0,3.5277160824868843,always
1248,7.206946256635325,7.029249923169409,7.100328456555776,0.1776963334659154,3.5277160824868843,1.8782215211435749,1.96,3.6813141814414068,3.3479357417280027,10.710564104610816,0,3.3529090777089015,always
1249,5.495307513779275,7.100328456555776,6.458320079445175,-1.605020942776501,3.3529090777089015,1.8310950487915425,1.96,3.5889462956314233,3.5113821609243523,10.689274752187199,0,3.314068235161015,always
1250,2.607166090287503,6.458320079445175,4.917858483782107,-3.8511539891576723,3.314068235161015,1.8204582486728484,1.96,3.568098167398783,2.8902219120463926,10.026418246843958,1,3.8899341758132167,always
1251,4.184299131958342,4.917858483782107,4.624434743052601,-0.7335593518237644,3.8899341758132167,1.9722916051672523,1.96,3.8656915461278145,1.0521669376542921,8.783550029909922,0,3.7223429331549607,always
1252,4.4929215810728405,4.624434743052601,4.571829478260696,-0.13151316197976026,3.7223429331549607,1.9293374337204368,1.96,3.781501370092056,0.8429333729605446,8.405936113144657,0,3.5370905720859085,always
1253,7.679552236428691,4.571829478260696,5.814918581527895,3.107722758167995,3.5370905720859085,1.8807154415503449,1.96,3.6862022654386757,0.8856272128220204,8.258031743699371,0,3.8431330805633777,always
1254,10.261459537029666,5.814918581527895,7.593534963728604,4.446540955501771,3.8431330805633777,1.9603910529696307,1.96,3.842366463820476,1.9725521177074188,9.65728504534837,1,4.639562749982939,always
1255,6.746733120058418,7.593534963728604,7.25481422626053,-0.8468018436701854,4.639562749982939,2.153964426350384,1.96,4.221770275646753,3.371764688081851,11.815305239375355,0,4.443438280605953,always
1256,4.9952662172991245,7.25481422626053,6.350995022675967,-2.2595480089614055,4.443438280605953,2.1079464605643934,1.96,4.131575062706211,3.1232391635543193,11.38638928896674,0,4.476544226815728,always
1257,4.1607058873383025,6.350995022675967,5.474879368540901,-2.1902891353376646,4.476544226815728,2.1157845416808696,1.96,4.146937701694505,2.2040573209814625,10.497932724370472,0,4.492585340293852,always
1258,4.681063328548234,5.474879368540901,5.157352952543834,-0.7938160399926675,4.492585340293852,2.119571971010622,1.96,4.1543610631808185,1.3205183053600829,9.629240431721719,0,4.29946326854664,always
1259,7.515027109257846,5.157352952543834,6.100422615229439,2.357674156714012,4.29946326854664,2.0735147138485996,1.96,4.064088839143255,1.0932641134005792,9.22144179168709,0,4.362421476581164,always
1260,7.735677208515472,6.100422615229439,6.754524452543852,1.6352545932860334,4.362421476581164,2.088641059775749,1.96,4.093736477160468,2.0066861380689707,10.194159092389906,0,4.278003281995259,always
1261,9.118364833376878,6.754524452543852,7.700060604877063,2.363840380833026,4.278003281995259,2.068333455223132,1.96,4.053933572237339,2.700590880306513,10.808458024781192,0,4.343490185198338,always
1262,6.504831577714008,7.700060604877063,7.22196899401184,-1.1952290271630543,4.343490185198338,2.0841041685094193,1.96,4.084844170278462,3.615216434598601,11.784904775155525,0,4.197744297307078,always
1263,6.467721028651699,7.22196899401184,6.9202698078677845,-0.7542479653601415,4.197744297307078,2.0488397441740234,1.96,4.015725898581086,3.2062430954307546,11.237694892592927,0,4.016301582104219,always
1264,6.399336947770688,6.9202698078677845,6.711896663828946,-0.5209328600970968,4.016301582104219,2.004071251753345,1.96,3.927979653436556,2.9922901544312284,10.848249461304341,0,3.829055055235455,always
1265,7.424408668952912,6.711896663828946,6.9969014658785325,0.7125120051239664,3.829055055235455,1.956797142075656,1.96,3.8353223984682856,2.8765742653606603,10.54721906229723,0,3.662985970345971,always
1266,6.209240241491482,6.9969014658785325,6.681836976123712,-0.7876612243870502,3.662985970345971,1.9138928837178875,1.96,3.751230052087059,3.2456714137914733,10.748131517965591,0,3.510857182048818,always
1267,5.564001554091059,6.681836976123712,6.234702807310651,-1.1178354220326536,3.510857182048818,1.873728150519391,1.96,3.6725071750180063,3.009329801105706,10.354344151141719,0,3.3977921244839226,always
1268,5.685532492760492,6.234702807310651,6.015034681490587,-0.5491703145501585,3.3977921244839226,1.8433100999245684,1.96,3.612887795852154,2.6218150114584966,9.847590603162805,0,3.2429819199788823,always
1269,5.000233046342085,6.015034681490587,5.609114027431186,-1.0148016351485012,3.2429819199788823,1.8008281206097605,1.96,3.5296231163951304,2.4854115650954562,9.544657797885717,0,3.1323239419149416,always
1270,6.7754958832976335,5.609114027431186,6.075666769777765,1.1663818558664474,3.1323239419149416,1.7698372642463323,1.96,3.468881037922811,2.140232989508375,9.077995065353997,0,3.043730076503917,always
1271,8.165554515175085,6.075666769777765,6.911621867936693,2.08988774539732,3.043730076503917,1.7446289222937688,1.96,3.419472687695787,2.6561940820819783,9.495139457473552,0,3.1099251120968154,always
1272,8.026916809814583,6.911621867936693,7.357739844687849,1.11529494187789,3.1099251120968154,1.763497976210014,1.96,3.4564560333716274,3.455165834565066,10.368077901308322,0,3.016622996860895,always
1273,8.663821309177674,7.357739844687849,7.880172430483779,1.306081464489825,3.016622996860895,1.7368428244550211,1.96,3.4042119359318415,3.9535279087560076,10.76195178061969,0,2.9510842866120446,always
1274,8.983851582453767,7.880172430483779,8.321644091271773,1.1036791519699873,2.9510842866120446,1.7178720227688804,1.96,3.3670291646270054,4.513143265856774,11.247201595110784,0,2.8644354558061016,always
1275,6.120983260109719,8.321644091271773,7.441379758806952,-2.200660831162054,2.8644354558061016,1.692464314485272,1.96,3.317230056391133,5.00441403488064,11.638874147662907,0,2.9633590877063396,always
1276,5.365242642490215,7.441379758806952,6.610924912280257,-2.076137116316737,2.9633590877063396,1.721440991642275,1.96,3.374024343618859,4.067355415188093,10.815404102425811,0,3.0307083996084216,always
1277,4.84825292155195,6.610924912280257,5.905856115988934,-1.7626719907283075,3.0307083996084216,1.7408929891318483,1.96,3.4121502586984227,3.1987746535818347,10.02307517097868,0,3.0345236069729054,always
1278,5.886363405857896,5.905856115988934,5.898059031936519,-0.019492710131038038,3.0345236069729054,1.7419884060960065,1.96,3.4142972759481727,2.4915588400407613,9.320153391937106,0,2.8828164249116726,always
1279,5.833067409060465,5.898059031936519,5.872062382786098,-0.06499162287605387,2.8828164249116726,1.6978858692243342,1.96,3.327856303679695,2.5702027282568243,9.225915335616214,0,2.738886799218292,always
1280,8.611764206211408,5.872062382786098,6.967943112156222,2.7397018234253103,2.738886799218292,1.654958246971292,1.96,3.2437181640637323,2.6283442187223653,9.11578054684983,0,2.977240763321376,always
1281,8.421072044711057,6.967943112156222,7.549194685178156,1.4531289325548347,2.977240763321376,1.7254682736351243,1.96,3.381917816324844,3.5860252958313783,10.349860928481066,0,2.933957909886705,always
1282,6.044717431564297,7.549194685178156,6.947403783732613,-1.5044772536138593,2.933957909886705,1.7128800045206625,1.96,3.3572448088604983,4.191949876317658,10.906439494038654,0,2.9004326047244446,always
1283,6.831722294367615,6.947403783732613,6.901131187986613,-0.11568148936499778,2.9004326047244446,1.7030656489767049,1.96,3.3380086719943414,3.609395111738271,10.285412455726954,0,2.7560800848373077,always
1284,3.445751546145303,6.901131187986613,5.518979331250089,-3.45537964184131,2.7560800848373077,1.6601445975689308,1.96,3.2538834112351043,3.647247776751509,10.155014599221717,1,3.2152585040580113,always
1285,1.2554358882054397,5.518979331250089,3.813561954032229,-4.26354344304465,3.2152585040580113,1.7931141915834616,1.96,3.5145038155035846,2.004475515746505,9.033483146753674,1,3.9633857133915624,always
1286,5.8491437426802735,3.813561954032229,4.627794669491447,2.0355817886480443,3.9633857133915624,1.9908253849575965,1.96,3.9020177545168893,-0.08845580048466006,7.715579708549118,0,3.9723960886357625,always
1287,8.597470973681496,4.627794669491447,6.215665191167466,3.969676304190049,3.9723960886357625,1.9930870750260166,1.96,3.906450667050992,0.7213440024404547,8.534245336542439,1,4.561692782206372,always
1288,8.234580163259901,6.215665191167466,7.023231180004441,2.0189149720924346,4.561692782206372,2.13581197257773,1.96,4.1861914662523505,2.029473724915116,10.401856657419817,0,4.537409026323004,always
1289,4.27741845613737,7.023231180004441,5.924906090457612,-2.745812723867071,4.537409026323004,2.1301194863957758,1.96,4.17503419333572,2.8481969866687207,11.19826537334016,0,4.6875129507343685,always
1290,4.039310425776922,5.924906090457612,5.170667824585336,-1.8855956646806904,4.6875129507343685,2.1650665003030203,1.96,4.24353034059392,1.681375749863692,10.168436431051532,0,4.63091085373078,always
1291,8.915141142999481,5.170667824585336,6.668457151950994,3.744473318414145,4.63091085373078,2.151955123540168,1.96,4.217832042138729,0.9528357824466065,9.388499866724064,0,5.100419332660014,always
1292,10.190728902605022,6.668457151950994,8.077365852212605,3.5222717506540278,5.100419332660014,2.2584107980303347,1.96,4.426485164139456,2.241971987811538,11.09494231609045,0,5.465718280299782,always
1293,7.536426587777491,8.077365852212605,7.860990146438559,-0.5409392644351136,5.465718280299782,2.337887567933878,1.96,4.582259633150401,3.4951062190622038,12.659625485363005,0,5.207063130675173,always
1294,4.392910636206577,7.860990146438559,6.473758342345766,-3.4680795102319824,5.207063130675173,2.281899018509621,1.96,4.472522076278858,3.3884680701597016,12.333512222717417,0,5.548088748605959,always
1295,3.90067381003111,6.473758342345766,5.444524529419903,-2.573084532314656,5.548088748605959,2.3554381224319947,1.96,4.6166587199667095,1.8570996223790566,11.090417062312476,0,5.601722511697508,always
1296,2.5751521341153514,5.444524529419903,4.296775571298083,-2.8693723953045516,5.601722511697508,2.3667958322799008,1.96,4.6389198312686055,0.8056046981512974,10.083444360688508,0,5.733301283259421,always
1297,5.606215006835397,4.296775571298083,4.8205513455130085,1.309439435537314,5.733301283259421,2.394431306857522,1.96,4.693085361440743,-0.3963097901426602,8.989860932738825,0,5.532367800863464,always
1298,8.969377599766343,4.8205513455130085,6.480081847214342,4.1488262542533345,5.532367800863464,2.352098595055799,1.96,4.610113246309366,0.21043809920364254,9.430664591822374,0,6.116387375219379,always
1299,5.8400900656861845,6.480081847214342,6.224085134603079,-0.6399917815281579,6.116387375219379,2.4731331090783164,1.96,4.8473408937935,1.6327409534208428,11.327422741007842,0,5.831047480479589,always
1300,3.6522399010683153,6.224085134603079,5.195347041189174,-2.571845233534764,5.831047480479589,2.414756194832014,1.96,4.7329221418707474,1.491162992732332,10.957007276473828,0,5.870214501718383,always
1301,4.035101959447763,5.195347041189174,4.731249008492609,-1.1602450817414107,5.870214501718383,2.4228525546797894,1.96,4.748791007172387,0.4465560340167869,9.94413804836156,0,5.6440122091177205,always
1302,5.6469144329213545,4.731249008492609,5.097515178264107,0.9156654244287452,5.6440122091177205,2.3757129896344216,1.96,4.6563974596834665,0.0748515488091428,9.387646468176076,0,5.403733757136548,always
1303,7.950820120261781,5.097515178264107,6.238837155063177,2.853304941997674,5.403733757136548,2.3245932455241602,1.96,4.556202761227354,0.5413124170367531,9.653717939491461,0,5.540614523881138,always
1304,5.32043162321368,6.238837155063177,5.871474942323378,-0.9184055318494968,5.540614523881138,2.3538509986575487,1.96,4.613547957368795,1.6252891976943813,10.852385112431971,0,5.30575723373367,always
1305,6.638254571332913,5.871474942323378,6.178186793927192,0.7667796290095357,5.30575723373367,2.303422938527284,1.96,4.514708959513477,1.3567659828099004,10.386183901836855,0,5.069866922020186,always
1306,8.953519536093431,6.178186793927192,7.288319890793687,2.7753327421662393,5.069866922020186,2.2516364986427506,1.96,4.413207537339791,1.7649792565874005,10.591394331266983,0,5.201497167406175,always
1307,8.176330553934234,7.288319890793687,7.643524156049906,0.8880106631405464,5.201497167406175,2.2806791022426136,1.96,4.470131040395523,2.8181888503981645,11.75845093118921,0,4.980850455928431,always
1308,3.207975799337012,7.643524156049906,5.8693048133647485,-4.435548356712894,4.980850455928431,2.231781901514669,1.96,4.374292526968751,3.2692316290811547,12.017816683018657,1,5.7155123943689325,always
1309,2.8419922636315054,5.8693048133647485,4.658379793471451,-3.027312549733243,5.7155123943689325,2.3907137834481427,1.96,4.685799015558359,1.1835057978063892,10.555103828923109,0,5.887967838339105,always
1310,8.450560359664443,4.658379793471451,6.1752520199486485,3.792180566192992,5.887967838339105,2.4265135149714507,1.96,4.755966489344043,-0.09758669587259217,9.414346282815494,0,6.31260111875274,always
1311,5.982348662890055,6.1752520199486485,6.09809067712521,-0.19290335705859363,6.31260111875274,2.512489028583556,1.96,4.924478496023769,1.2507735239248792,11.099730515972418,0,5.998831648073327,always
1312,5.342843899611532,6.09809067712521,5.795991966119739,-0.755246777513678,5.998831648073327,2.4492512423337316,1.96,4.800532434974114,1.297558242151096,10.898623112099324,0,5.7274099504169005,always
1313,4.944530840621003,5.795991966119739,5.455407515920244,-0.8514611254987354,5.7274099504169005,2.3932007751997952,1.96,4.6906735193915985,1.1053184467281403,10.486665485511338,0,5.477288755307834,always
1314,8.00215200694409,5.455407515920244,6.474105312329783,2.546744491023846,5.477288755307834,2.3403608173330523,1.96,4.587107201972782,0.8683003139474623,10.042514717893027,0,5.527719692670457,always
1315,7.8163548556407605,6.474105312329783,7.011005129654174,1.3422495433109773,5.527719692670457,2.351110310612936,1.96,4.608176208801354,1.865929103528429,11.082281521131137,0,5.34141539986286,always
1316,7.794667941015828,7.011005129654174,7.324470254198836,0.7836628113616539,5.34141539986286,2.311150233079377,1.96,4.529854456835579,2.481150672818595,11.540859586489754,0,5.105050999965279,always
1317,8.116813965542757,7.324470254198836,7.6414077387364046,0.7923437113439213,5.105050999965279,2.259435991561894,1.96,4.428494543461312,2.895975710737524,11.752964797660148,0,4.881188877812328,always
1318,10.22709316841277,7.6414077387364046,8.67568191060695,2.5856854296763654,4.881188877812328,2.2093412768995937,1.96,4.330308902723203,3.311098836013201,11.971716641459608,0,4.971417890983743,always
1319,8.273436002763226,8.67568191060695,8.514783547469461,-0.4022459078437244,4.971417890983743,2.229667663797397,1.96,4.370148621042898,4.305533289564052,13.045830531649848,0,4.730937084953407,always
1320,6.914581571885468,8.514783547469461,7.874702757235864,-1.6002019755839934,4.730937084953407,2.175071742484235,1.96,4.2631406152691005,4.251642932200361,12.777924162738561,0,4.622422548838882,always
1321,4.284447723058514,7.874702757235864,6.4386007435649235,-3.5902550341773507,4.622422548838882,2.1499819880266164,1.96,4.213964696532168,3.6607380607036966,12.088667453768032,0,5.035797981918728,always
1322,7.39899819283299,6.4386007435649235,6.82275972327215,0.9603974492680667,5.035797981918728,2.2440583731085804,1.96,4.398354411292817,2.0402463322721065,10.83695515485774,0,4.830126245850821,always
1323,7.65641178206349,6.82275972327215,7.156220546788686,0.8336520587913396,4.830126245850821,2.197754819321487,1.96,4.307599445870114,2.5151602774020363,11.130359169142263,0,4.623368721314632,always
1324,6.55321672668998,7.156220546788686,6.915019018749204,-0.6030038200987056,4.623368721314632,2.150202018721644,1.96,4.214395956694422,2.9418245900942637,11.370616503483108,0,4.410380965601582,always
1325,6.570352452708427,6.915019018749204,6.777152392332893,-0.34466656604077706,4.410380965601582,2.100090704136748,1.96,4.116177780108026,2.7988412386411783,11.03119679885723,0,4.19580166940882,always
1326,4.821276590270291,6.777152392332893,5.994802071507852,-1.955875802062602,4.19580166940882,2.0483656093111944,1.96,4.014796594249941,2.762355798082952,10.791948986582835,0,4.17728409359308,always
1327,6.450744771201369,5.994802071507852,6.177179151385259,0.45594269969351675,4.17728409359308,2.0438405254796863,1.96,4.0059274299401855,1.9888746415676666,10.000729501448038,0,3.9788140761836166,always
1328,9.411007976973192,6.177179151385259,7.470710681620432,3.233828825587933,3.9788140761836166,1.9946964872339894,1.96,3.909605114978619,2.2675740364066397,10.086784266363878,0,4.302755816034607,always
1329,9.360633135829168,7.470710681620432,8.226679663303926,1.8899224542087367,4.302755816034607,2.0743085151526057,1.96,4.065644689699107,3.405065991921324,11.536355371319539,0,4.266208369378996,always
1330,5.027529546742818,8.226679663303926,6.9470196166794835,-3.1991501165611087,4.266208369378996,2.0654801788879493,1.96,4.048341150620381,4.1783385126835455,12.275020813924307,0,4.564626024324693,always
1331,4.650487218636616,6.9470196166794835,6.0284066574623365,-2.296532398042867,4.564626024324693,2.1364985430195578,1.96,4.187537144318333,2.7594824723611504,11.134556760997818,0,4.600097775871484,always
1332,7.889570912279797,6.0284066574623365,6.7728723593893205,1.86116425481746,4.600097775871484,2.1447838529491694,1.96,4.203776351780372,1.8246303056819642,10.232183009242709,0,4.543289506248421,always
1333,6.091515789100708,6.7728723593893205,6.500329731273875,-0.6813565702886129,4.543289506248421,2.1314993563800155,1.96,4.17773873850483,2.59513362088449,10.95061109789415,0,4.339337369729773,always
1334,4.597974996593955,6.500329731273875,5.739387837401907,-1.9023547346799203,4.339337369729773,2.083107623174994,1.96,4.0828909414229875,2.4174387898508876,10.583220672696863,0,4.303318178071239,always
1335,7.527842509528298,5.739387837401907,6.454769706252463,1.7884546721263916,4.303318178071239,2.07444406482104,1.96,4.065910367049238,1.673477470352669,9.805298204451145,0,4.248080774880212,always
1336,9.122861158715931,6.454769706252463,7.522006287237851,2.668091452463468,4.248080774880212,2.0610872797822544,1.96,4.039731068373219,2.4150386378792446,10.494500774625681,0,4.391612336071632,always
1337,8.82775281365554,7.522006287237851,8.044304897804928,1.305746526417689,4.391612336071632,2.095617411664551,1.96,4.10741012686252,3.4145961603753303,11.62941641410037,0,4.257280418830643,always
1338,10.024463320270325,8.044304897804928,8.836368266791087,1.9801584224653972,4.257280418830643,2.063317818182803,1.96,4.0441029236382935,4.000201974166634,12.088407821443221,0,4.240467766792142,always
1339,8.803630753093728,8.836368266791087,8.823273261312144,-0.03273751369735933,4.240467766792142,2.059239608882886,1.96,4.036109633410457,4.80025863338063,12.872477900201545,0,4.02849796569269,always
1340,7.756778807370844,8.823273261312144,8.396675479735624,-1.0664944539413002,4.02849796569269,2.0071118468318327,1.96,3.933939219790392,4.889334041521751,12.757212481102536,0,3.883943588422433,always
1341,10.818370198703132,8.396675479735624,9.365353367322626,2.421694718967508,3.883943588422433,1.9707723329756872,1.96,3.862713772632347,4.533961707103277,12.25938925236797,0,3.9829766745950668,always
1342,8.79192587840072,9.365353367322626,9.135982371753864,-0.5734274889219062,3.9829766745950668,1.9957396309626831,1.96,3.9116496766868587,5.453703690635768,13.277003044009485,0,3.8002687951178777,always
1343,5.169146282261123,9.135982371753864,7.5492479359567675,-3.96683608949274,3.8002687951178777,1.9494278122356512,1.96,3.8208785119818764,5.3151038597719875,12.95686088373574,1,4.397044783407087,always
1344,5.847219427527013,7.5492479359567675,6.868436532584865,-1.7020285084297546,4.397044783407087,2.0969131559049092,1.96,4.1099497855736224,3.439298150383145,11.65919772153039,0,4.322037596412113,always
1345,8.082245059468988,6.868436532584865,7.3539599433385145,1.2138085268841232,4.322037596412113,2.0789510808126566,1.96,4.074744118392807,2.7936924141920585,10.943180650977672,0,4.179602273588338,always
1346,7.635664233998574,7.3539599433385145,7.466641659602538,0.2817042906600591,4.179602273588338,2.044407560538832,1.96,4.007038818656111,3.346921124682404,11.360998761994626,0,3.974590025277735,always
1347,5.491680481332379,7.466641659602538,6.676657188294475,-1.974961178270159,3.974590025277735,1.9936373856039455,1.96,3.907529275783733,3.559112383818805,11.374170935386271,0,3.970884106797561,always
1348,9.441942804935257,6.676657188294475,7.782771434950788,2.7652856166407824,3.970884106797561,1.992707732407731,1.96,3.9057071555191527,2.770950032775322,10.582364343813627,0,4.154680128537702,always
1349,9.909590647877,7.782771434950788,8.633499120121272,2.126819212926212,4.154680128537702,2.0383032474432508,1.96,3.9950743649887714,3.7876970699620163,11.77784579993956,0,4.173114120334421,always
1350,6.626354914155458,8.633499120121272,7.830641437734946,-2.0071442059658136,4.173114120334421,2.0428201390074507,1.96,4.0039274724546035,4.629571647666668,12.637426592575874,0,4.165889807494806,always
1351,6.894913077974173,7.830641437734946,7.456350093830636,-0.9357283597607733,4.165889807494806,2.04105115259143,1.96,4.000460259079203,3.830181178655743,11.831101696814148,0,4.001374695283095,always
1352,7.160052662364772,7.456350093830636,7.337831121244291,-0.29629743146586396,4.001374695283095,2.000343644297923,1.96,3.920673542823929,3.535676551006707,11.377023636654565,0,3.805695568913604,always
1353,6.96925288895503,7.337831121244291,7.1903998283285855,-0.368578232289261,3.805695568913604,1.9508192045685844,1.96,3.8236056409544252,3.5142254802898654,11.161436762198715,0,3.6222032861337974,always
1354,7.9449347100623715,7.1903998283285855,7.4922137810221,0.754534881733786,3.6222032861337974,1.9032086817093383,1.96,3.730289016150303,3.4601108121782826,10.920688844478889,0,3.4695592662147585,always
1355,5.844510979212373,7.4922137810221,6.833132660298208,-1.6477028018097268,3.4695592662147585,1.8626752981168668,1.96,3.650843584309059,3.841370196713041,11.14305736533116,0,3.4318275290586016,always
1356,6.563180038371996,6.833132660298208,6.725151611527723,-0.26995262192621183,3.4318275290586016,1.8525192385124105,1.96,3.6309377074843248,3.2021949528138833,10.464070367782533,0,3.263879873509913,always
1357,10.38508474501464,6.725151611527723,8.189124864922489,3.6599331334869163,3.263879873509913,1.806621120630973,1.96,3.540977396436707,3.184174215091016,10.26612900796443,1,3.770441406914185,always
1358,10.148727321118752,8.189124864922489,8.972965847400994,1.9596024561962633,3.770441406914185,1.9417624486311875,1.96,3.8058543993171274,4.383270465605362,11.994979264239616,0,3.7739214258849967,always
1359,6.832375864488735,8.972965847400994,8.116729854236091,-2.1405899829122594,3.7739214258849967,1.9426583399777215,1.96,3.807610346356334,5.16535550104466,12.780576193757328,0,3.8143316283379622,always
1360,4.764403937491502,8.116729854236091,6.775799487538255,-3.352325916744589,3.8143316283379622,1.9530313946114544,1.96,3.8279415334384503,4.288788320797641,11.944671387674541,0,4.185519499524936,always
1361,5.32694447023287,6.775799487538255,6.196257480616101,-1.4488550173053856,4.185519499524936,2.0458542224520633,1.96,4.009874276006044,2.7659252115322115,10.785673763544299,0,4.081202567607239,always
1362,6.933020696322299,6.196257480616101,6.49096276689858,0.7367632157061985,4.081202567607239,2.020198645580983,1.96,3.9595893453387268,2.236668135277374,10.155846825954828,0,3.9042834410277636,always
1363,7.429630383539536,6.49096276689858,6.866429813554962,0.9386676166409558,3.9042834410277636,1.9759259705332495,1.96,3.8728149022451688,2.618147864653411,10.363777669143749,0,3.753124113702896,always
1364,8.865735043574421,6.866429813554962,7.666151905562746,1.9993052300194591,3.753124113702896,1.9372981478602864,1.96,3.7971043698061613,3.069325443748801,10.663534183361124,0,3.7653289781569095,always
1365,5.5048121795614104,7.666151905562746,6.801616015162212,-2.1613397260013354,3.7653289781569095,1.9404455617607286,1.96,3.803273301051028,3.862878604511718,11.469425206613774,0,3.81063199980864,always
1366,6.663019861567836,6.801616015162212,6.746177553724461,-0.13859615359437605,3.81063199980864,1.9520840145364236,1.96,3.82608466849139,2.975531346670822,10.627700683653602,0,3.621060844507766,always
1367,7.1758760394461545,6.746177553724461,6.918056948013138,0.4296984857216932,3.621060844507766,1.9029085223698394,1.96,3.7297007038448853,3.016476849879576,10.475878257569347,0,3.449239841713953,always
1368,8.039437371426834,6.918056948013138,7.366609117378617,1.1213804234136955,3.449239841713953,1.857212923095775,1.96,3.640137329267719,3.277919618745419,10.558194277280858,0,3.3396525523290292,always
1369,6.045242537831728,7.366609117378617,6.838062485559861,-1.321366579546889,3.3396525523290292,1.827471628323961,1.96,3.5818443915149634,3.784764725863653,10.94845350889358,0,3.25997040658975,always
1370,8.100373437259773,6.838062485559861,7.342986866239825,1.262310951699912,3.25997040658975,1.8055388133711636,1.96,3.5388560742074806,3.29920641135238,10.376918559767342,0,3.176643333199339,always
1371,10.20605523369781,7.342986866239825,8.488214213223019,2.863068367457985,3.176643333199339,1.782314038882974,1.96,3.493335516210629,3.8496513500291965,10.836322382450454,0,3.4276691903762986,always
1372,10.012832210213912,8.488214213223019,9.098061412019376,1.5246179969908926,3.4276691903762986,1.8513965513569206,1.96,3.6287372406595644,4.859476972563455,12.116951453882583,0,3.3725087326949095,always
1373,5.132539545589133,9.098061412019376,7.511852665447279,-3.965521866430243,3.3725087326949095,1.8364391448384314,1.96,3.5994207238833256,5.498640688136051,12.697482135902701,1,3.9901514797169835,always
1374,5.816789228845604,7.511852665447279,6.8338272908066084,-1.695063436601675,3.9901514797169835,1.9975363525395435,1.96,3.9151712509775054,3.5966814144697734,11.427023916424783,0,3.9343059084363285,always
1375,8.031086395966359,6.8338272908066084,7.312730932870508,1.19725910515975,3.9343059084363285,1.983508484588944,1.96,3.88767662979433,2.9461506610122785,10.721503920600938,0,3.8092620812589084,always
1376,6.002350352458162,7.312730932870508,6.788578700705569,-1.310380580412346,3.8092620812589084,1.9517330968293047,1.96,3.825396869785437,3.487334063085071,11.138127802655944,0,3.704653840472053,always
1377,6.049420937835494,6.788578700705569,6.492915595557539,-0.7391577628700752,3.704653840472053,1.9247477342426078,1.96,3.7725055591155114,3.016073141590058,10.561084259821081,0,3.5467388583690047,always
1378,7.675279120022109,6.492915595557539,6.965861005343367,1.18236352446457,3.5467388583690047,1.8832787521684102,1.96,3.691226354250084,2.8016892413074554,10.184141949807623,0,3.4393010906497685,always
1379,8.914569913830245,6.965861005343367,7.745344568738118,1.9487089084868785,3.4393010906497685,1.8545352761944887,1.96,3.6348891413411977,3.3309718640021693,10.600750146684565,0,3.457209356618086,always
1380,8.276994438710375,7.745344568738118,7.958004516727021,0.5316498699722567,3.457209356618086,1.8593572428713332,1.96,3.644340196027813,4.101004372710305,11.389684764765931,0,3.2984814679992573,always
1381,7.445758831582172,7.958004516727021,7.753106242669081,-0.5122456851448494,3.2984814679992573,1.8161722021876827,1.96,3.559697516287858,4.3983070004391625,11.51770203301488,0,3.14667717669677,always
1382,9.039375167973759,7.753106242669081,8.267613812790952,1.286268925304678,3.14667717669677,1.7738875885175955,1.96,3.476819673494487,4.276286569174594,11.229925916163568,0,3.0720677052721537,always
1383,10.039796549859188,8.267613812790952,8.976486907618245,1.7721827370682366,3.0720677052721537,1.7527314983397069,1.96,3.4353537367458253,4.832260076045126,11.702967549536776,0,3.0754959026866793,always
1384,3.7036079152545183,8.976486907618245,6.867335310672754,-5.272878992363727,3.0754959026866793,1.7537091841826795,1.96,3.4372700009980517,5.539216906620194,12.413756908616296,1,4.311883750957881,always
1385,3.2261086419665936,6.867335310672754,5.4108446431902895,-3.6412266687061603,4.311883750957881,2.0765075850951957,1.96,4.069954866786584,2.79738044388617,10.937290177459339,0,4.759216146054834,always
1386,6.33688468623677,5.4108446431902895,5.781260660408881,0.9260400430464806,4.759216146054834,2.181562776097638,1.96,4.2758630411513705,1.134981602038919,9.686707684341659,0,4.564132846818368,always
1387,6.060928631668308,5.781260660408881,5.893127848912652,0.27966797125942744,4.564132846818368,2.13638312266746,1.96,4.187310920428222,1.5939497399806593,9.968571580837104,0,4.339836913184868,always
1388,7.109389423231068,5.893127848912652,6.379632478640018,1.2162615743184162,4.339836913184868,2.083227523144044,1.96,4.083125945362326,1.8100019035503259,9.976253794274978,0,4.196809678383801,always
1389,9.608305996720246,6.379632478640018,7.671101885872109,3.2286735180802273,4.196809678383801,2.048611646550854,1.96,4.0152788272396736,2.3643536514003447,10.394911305879692,0,4.508185828782238,always
1390,7.080437097030728,7.671101885872109,7.434835970335557,-0.590664788841381,4.508185828782238,2.123248885265747,1.96,4.161567815120865,3.5095340707512444,11.832669700992973,0,4.300220781981977,always
1391,6.448710667893122,7.434835970335557,7.040385849358583,-0.986125302442435,4.300220781981977,2.0736973699124897,1.96,4.064446845028479,3.370389125307078,11.499282815364037,0,4.1338318984887374,always
1392,5.455272636275852,7.040385849358583,6.406340564125491,-1.5851132130827308,4.1338318984887374,2.0331827016991704,1.96,3.9850380953303737,3.0553477540282095,11.025423944688956,0,4.052769498478773,always
1393,5.540940212299434,6.406340564125491,6.060180423395068,-0.8654003518260573,4.052769498478773,2.013149149585985,1.96,3.94577233318853,2.4605682309369614,10.352112897314022,0,3.887576912001868,always
1394,9.313018260496786,6.060180423395068,7.361315558235756,3.252837837101718,3.887576912001868,1.971693919451462,1.96,3.8645200821248653,2.195660341270203,9.924700505519933,0,4.222245766125804,always
1395,8.503504119980619,7.361315558235756,7.8181909829337,1.142188561744863,4.222245766125804,2.054810396636586,1.96,4.027428377407708,3.3338871808280475,11.388743935643465,0,4.076363213348553,always
1396,7.638912075255916,7.8181909829337,7.746479419862586,-0.17927890767778454,4.076363213348553,2.0190005481298297,1.96,3.957241074334466,3.8609499085992343,11.775432057268166,0,3.874152099018032,always
1397,4.0247680110717585,7.746479419862586,6.257794856346255,-3.721711408790828,3.874152099018032,1.9682865896555897,1.96,3.857841715724956,3.8886377041376305,11.604321135587542,0,4.373001284583321,always
1398,7.888881111107418,6.257794856346255,6.910229358250721,1.631086254761163,4.373001284583321,2.0911722273842774,1.96,4.098697565673183,2.1590972906730714,10.35649242201944,0,4.2873733388776945,always
1399,10.12492333058832,6.910229358250721,8.196106947185761,3.2146939723375993,4.2873733388776945,2.070597338662854,1.96,4.058370783779194,2.8518585744715272,10.968600142029914,0,4.589717538722994,always
1400,8.35676367882389,8.196106947185761,8.260369639841013,0.1606567316381291,4.589717538722994,2.142362606731875,1.96,4.199030709194474,3.997076237991287,12.395137656380236,0,4.361522191057876,always
1401,8.252416307000015,8.260369639841013,8.257188306704613,-0.007953332840997973,4.361522191057876,2.0884257686252283,1.96,4.093314506505448,4.167055133335565,12.35368414634646,0,4.143449244280146,always
1402,6.095838801366348,8.257188306704613,7.3926485045693076,-2.161349505338265,4.143449244280146,2.035546424005148,1.96,3.98967099105009,4.267517315654523,12.246859297754703,0,4.169848366277437,always
1403,8.742591239948787,7.3926485045693076,7.932625598721099,1.3499427353794795,4.169848366277437,2.042020657651983,1.96,4.002360488997887,3.3902880155714206,11.395008993567195,0,4.052473217403756,always
1404,9.149158180041454,7.932625598721099,8.419238631249241,1.2165325813203545,4.052473217403756,2.0130755617720255,1.96,3.94562810107317,3.986997497647929,11.87825369979427,0,3.9238471326042665,always
1405,8.249595015477826,8.419238631249241,8.351381184940674,-0.16964361577141496,3.9238471326042665,1.980870296764598,1.96,3.8825057816586117,4.53673284959063,12.301744412907853,0,3.729093723792653,always
1406,7.075194496817742,8.351381184940674,7.840906509691502,-1.276186688122932,3.729093723792653,1.9310861513129478,1.96,3.784928856573378,4.566452328367296,12.136310041514053,0,3.624071660750129,always
1407,6.686842086233355,7.840906509691502,7.379280740308243,-1.1540644234581467,3.624071660750129,1.9036994670247005,1.96,3.731250955368413,4.109655554323089,11.572157465059915,0,3.5094613123872116,always
1408,8.954013920773754,7.379280740308243,8.009174012494448,1.5747331804655111,3.5094613123872116,1.873355628914919,1.96,3.671777032673241,3.7075037076350017,11.051057772981483,0,3.457977476250802,always
1409,9.85034758450391,8.009174012494448,8.745643441298233,1.8411735720094615,3.457977476250802,1.8595637865507066,1.96,3.644745021639385,4.364428990855063,11.653919034133832,0,3.454574608551566,always
1410,9.84832380242003,8.745643441298233,9.186715585746951,1.1026803611217968,3.454574608551566,1.858648597382401,1.96,3.6429512508695057,5.102692190428727,12.38859469216774,0,3.3426410770641724,always
1411,8.408128454971706,9.186715585746951,8.875280733436853,-0.7785871307752448,3.3426410770641724,1.8282891120017568,1.96,3.5834466595234433,5.603268926223508,12.770162245270395,0,3.205818919221405,always
1412,8.32801488838878,8.875280733436853,8.656374395417625,-0.5472658450480719,3.205818919221405,1.7904800806547403,1.96,3.509340958083291,5.365939775353562,12.384621691520143,0,3.060502968518144,always
1413,7.601971589659858,8.656374395417625,8.234613273114519,-1.0544028057577677,3.060502968518144,1.7494293265285523,1.96,3.4288814799959626,5.227492915421663,12.085255875413587,0,2.963066083931729,always
1414,11.179273271715847,8.234613273114519,9.41247727255505,2.9446599986013275,2.963066083931729,1.721355885321722,1.96,3.373857535230575,4.860755737883943,11.608470808345094,0,3.248463905103281,always
1415,7.992182543553832,9.41247727255505,8.844359380954561,-1.4202947290012178,3.248463905103281,1.8023495513088688,1.96,3.532605120565383,5.879872151989667,12.945082393120433,0,3.186902565709549,always
1416,8.534578875618852,8.844359380954561,8.720447178820278,-0.3097805053357092,3.186902565709549,1.78518978422731,1.96,3.498971977085527,5.345387403869034,12.34333135804009,0,3.032355635498374,always
1417,10.61401722967585,8.720447178820278,9.477875199162508,1.8935700508555726,3.032355635498374,1.741366025710383,1.96,3.4130774103923502,5.307369768427927,12.133524589212628,0,3.0600182305983137,always
1418,8.260382691047692,9.477875199162508,8.990878195916581,-1.217492508114816,3.0600182305983137,1.7492907793155241,1.96,3.428609927458427,6.049265271704081,12.906485126620936,0,2.981131719434183,always
1419,10.43063141562465,8.990878195916581,9.56677948379981,1.4397532197080682,2.981131719434183,1.7265954127803604,1.96,3.3841270090495064,5.606751186867075,12.375005204966087,0,2.935719600145461,always
1420,11.05892292826892,9.56677948379981,10.163636861587454,1.4921434444691108,2.935719600145461,1.713394175356465,1.96,3.3582525836986714,6.208526900101138,12.925032067498481,0,2.9002582230817953,always
1421,10.314246559383395,10.163636861587454,10.22388074070583,0.15060969779594124,2.9002582230817953,1.7030144518123724,1.96,3.3379083255522497,6.8257285360352045,13.501545187139705,0,2.756379475981215,always
1422,8.138619752034392,10.22388074070583,9.389776345237255,-2.085260988671438,2.756379475981215,1.6602347653212226,1.96,3.2540601400295963,6.969820600676234,13.477940880735426,0,2.8359761717259033,always
1423,6.837709334200923,9.389776345237255,8.368949540822722,-2.552067011036332,2.8359761717259033,1.6840356800631937,1.96,3.3007099329238594,6.089066412313396,12.690486278161114,0,3.019829664580604,always
1424,7.1567024839439455,8.368949540822722,7.884050718071212,-1.2122470568787769,3.019829664580604,1.7377657104974202,1.96,3.4060207925749437,4.962928748247778,11.774970333397667,0,2.9423153276971363,always
1425,8.898462717745181,7.884050718071212,8.289815517940799,1.0144119996739693,2.9423153276971363,1.7153178503406115,1.96,3.3620229866675984,4.522027731403613,11.24607370473881,0,2.8466511465664066,always
1426,11.300005801225979,8.289815517940799,9.49389163125487,3.01019028328518,2.8466511465664066,1.6872021652921165,1.96,3.306916243972548,4.9828992739682505,11.596731761913347,0,3.157380866317312,always
1427,10.040243448655126,9.49389163125487,9.712432358214972,0.5463518174002555,3.157380866317312,1.776902041846233,1.96,3.482728002018616,6.011163629236254,12.976619633273486,0,3.0144368384202744,always
1428,6.444477733874151,9.712432358214972,8.405250508478643,-3.2679546243408213,3.0144368384202744,1.7362133620094837,1.96,3.402978189538588,6.309454168676384,13.11541054775356,0,3.3976913678367886,always
1429,7.520705509574396,8.405250508478643,8.051432508916944,-0.8845449989042464,3.3976913678367886,1.8432827693646976,1.96,3.6128342279548074,4.7924162805238355,12.018084736433451,0,3.2669277921992745,always
1430,10.109410558399752,8.051432508916944,8.874623728710066,2.0579780494828075,3.2669277921992745,1.8074644649893603,1.96,3.542630351379146,4.508802157537798,11.594062860296091,0,3.3153450851969635,always
1431,10.724782872924333,8.874623728710066,9.614687386395772,1.8501591442142669,3.3153450851969635,1.8208089095775437,1.96,3.5687854627719857,5.30583826593808,12.443409191482052,0,3.3207322738830984,always
1432,9.935912804342198,9.614687386395772,9.743177553574343,0.321225417946426,3.3207322738830984,1.8222876485020412,1.96,3.5716837910640007,6.043003595331772,13.186371177459772,0,3.159854948645686,always
1433,7.630264050906439,9.743177553574343,8.898012152507182,-2.1129135026679036,3.159854948645686,1.7775980841139782,1.96,3.484092244863397,6.2590853087109455,13.22726979843774,0,3.225082374701219,always
1434,5.654218277676895,8.898012152507182,7.600494602575067,-3.2437938748302866,3.225082374701219,1.7958514344736924,1.96,3.519868811568437,5.3781433409387445,12.417880964075618,0,3.589938191085482,always
1435,5.7126087951917475,7.600494602575067,6.845340279621739,-1.8878858073833191,3.589938191085482,1.8947132213307327,1.96,3.713637913808236,3.8868566887668305,11.314132516383303,0,3.588646922617176,always
1436,5.584761265589814,6.845340279621739,6.34110867400897,-1.2605790140319257,3.588646922617176,1.8943724350341398,1.96,3.712969972666914,3.1323703069548254,10.558310252288653,0,3.4886675490172023,always
1437,8.28747527907694,6.34110867400897,7.119655316036157,1.9463666050679702,3.4886675490172023,1.8677975128522906,1.96,3.6608831251904896,2.68022554881848,10.001991799199459,0,3.5036513196325325,always
1438,9.492431359811366,7.119655316036157,8.06876573354624,2.3727760437752092,3.5036513196325325,1.8718042952276108,1.96,3.6687364186461173,3.4509188973900398,10.788391734682275,0,3.6099720613465824,always
1439,8.329239619553785,8.06876573354624,8.172955287949257,0.26047388600754573,3.6099720613465824,1.8999926477085596,1.96,3.723985589508777,4.344780144037463,11.792751323055016,0,3.4328657905438464,always
1440,3.2553998553089833,8.172955287949257,6.205933114893147,-4.917555432640274,3.4328657905438464,1.8527994469299278,1.96,3.6314869159826584,4.541468371966599,11.804442203931917,1,4.4703400726711475,always
1441,3.3551438988672433,6.205933114893147,5.065617428482786,-2.850789216025904,4.4703400726711475,2.1143178740840147,1.96,4.144063033204668,2.061870081688479,10.349996148097816,0,4.653173026748069,always
1442,9.504147388770605,5.065617428482786,6.841029412597914,4.438529960287819,4.653173026748069,2.1571214677778507,1.96,4.227958076844588,0.837659351638198,9.293575505327373,1,5.405541785829295,always
1443,10.465477483734045,6.841029412597914,8.290808641052365,3.624448071136131,5.405541785829295,2.3249821044105468,1.96,4.556964924644672,2.284064487953242,11.397994337242586,0,5.792095887555951,always
1444,9.505600312340388,8.290808641052365,8.776725309567574,1.2147916712880225,5.792095887555951,2.40667735426998,1.96,4.717087614369161,3.573721026683204,13.007896255421526,0,5.57627703340969,always
1445,5.822093300574326,8.776725309567574,7.594872505970274,-2.954632008993248,5.57627703340969,2.361414202000507,1.96,4.628371835920993,4.148353473646581,13.405097145488568,0,5.73395569716758,always
1446,8.336014047713249,7.594872505970274,7.8913291226674644,0.7411415417429748,5.73395569716758,2.394567956264257,1.96,4.693353194277944,2.90151931169233,12.28822570024822,0,5.474722451554058,always
1447,9.312020288258772,7.8913291226674644,8.459605588903987,1.4206911655913075,5.474722451554058,2.3398124821348523,1.96,4.58603246498431,3.3052966576831544,12.477361587651774,0,5.301904498375814,always
1448,9.291765743823941,8.459605588903987,8.792469650871968,0.8321601549199542,5.301904498375814,2.3025864801079274,1.96,4.513069501011538,3.946536087892449,12.972675089915525,0,5.071433799628843,always
1449,11.845218989987506,8.792469650871968,10.013569386518185,3.052749339115538,5.071433799628843,2.2519844137180085,1.96,4.413889450887297,4.378580199984672,13.206359101759265,0,5.283826036020918,always
1450,12.173408672964639,10.013569386518185,10.877505101096766,2.159839286446454,5.283826036020918,2.298657442078075,1.96,4.505368586473027,5.508200800045158,14.518937972991212,0,5.252880021383749,always
1451,8.359087276854442,10.877505101096766,9.870137971399835,-2.5184178242423236,5.252880021383749,2.2919162335006376,1.96,4.492155817661249,6.3853492834355166,15.369660918758015,0,5.307357437187634,always
1452,5.476417752324807,9.870137971399835,8.112649883769825,-4.3937202190750275,5.307357437187634,2.3037702657139305,1.96,4.515389720799304,5.354748250600531,14.385527692199139,0,6.007228433503688,always
1453,6.055489495688365,8.112649883769825,7.289785728537241,-2.05716038808146,6.007228433503688,2.4509647964635657,1.96,4.803891001068589,3.3087588827012357,12.916540884838414,0,5.918462454943076,always
1454,9.09743219396542,7.289785728537241,8.012844314708513,1.8076464654281779,5.918462454943076,2.432789028038205,1.96,4.768266494954882,2.5215192335823593,12.058052223492123,0,5.785918619394671,always
1455,9.710378367158762,8.012844314708513,8.691857935688613,1.6975340524502496,5.785918619394671,2.4053936516492826,1.96,4.714571557232594,3.298272757475919,12.727415871941107,0,5.640703781386346,always
1456,8.12214470580734,8.691857935688613,8.463972643736104,-0.5697132298812733,5.640703781386346,2.375016585497109,1.96,4.655032507574334,4.0368254281142795,13.346890443262946,0,5.374897250532117,always
1457,9.656369515968585,8.463972643736104,8.940931392629096,1.1923968722324805,5.374897250532117,2.3183824642478896,1.96,4.544029629925864,3.919943013810241,13.008002273661969,0,5.177242903051,always
1458,8.998934519010724,8.940931392629096,8.964132643181747,0.05800312638162808,5.177242903051,2.27535555530361,1.96,4.459696888395076,4.4812345042340205,13.400628281024172,0,4.918548976031952,always
1459,11.45805959297812,8.964132643181747,9.961703423100296,2.493926949796373,4.918548976031952,2.2177801910991883,1.96,4.346849174554409,4.617283468627338,13.310981817736156,0,4.983605108776386,always
1460,9.948982341909769,9.961703423100296,9.956614990624086,-0.012721081190527173,4.983605108776386,2.2323989582456774,1.96,4.375501958161528,5.586201464938768,14.337205381261825,0,4.734432944632899,always
1461,10.355837199993893,9.956614990624086,10.116303874372008,0.3992222093698068,4.734432944632899,2.1758752134791415,1.96,4.264715418419117,5.691899572204969,14.221330409043203,0,4.5056802160239595,always
1462,9.21249028310739,10.116303874372008,9.754778437866161,-0.9038135912646172,4.5056802160239595,2.1226587610880747,1.96,4.160411171732626,5.955892702639382,14.276715046104634,0,4.321240155610493,always
1463,9.23151642974166,9.754778437866161,9.54547363461636,-0.523262008124501,4.321240155610493,2.078759282747883,1.96,4.074368194185851,5.68041024368031,13.829146632052012,0,4.118868304287292,always
1464,7.283248139014715,9.54547363461636,8.640583436375703,-2.262225495601646,4.118868304287292,2.029499520642292,1.96,3.977819060458892,5.567654574157469,13.523292695075252,0,4.168808098720433,always
1465,5.911051834656881,8.640583436375703,7.548770795688174,-2.729531601718822,4.168808098720433,2.0417659265254753,1.96,4.001861215989932,4.638722220385771,12.642444652365635,0,4.332884832023497,always
1466,8.032065963809252,7.548770795688174,7.742088862936605,0.483295168121078,4.332884832023497,2.0815582701484714,1.96,4.079854209491004,3.46891658619717,11.628625005179178,0,4.127919301398781,always
1467,10.784043524655083,7.742088862936605,8.958870727623996,3.041954661718478,4.127919301398781,2.031728156372988,1.96,3.9821871864910565,3.759901676445548,11.724276049427662,0,4.3841977445263804,always
1468,9.952277885889117,8.958870727623996,9.356233590930046,0.9934071582651214,4.3841977445263804,2.0938475934332903,1.96,4.103941283129249,4.854929444494747,13.062812010753245,0,4.214330746404681,always
1469,6.0872549665803835,9.356233590930046,8.048642141190182,-3.2689786243496624,4.214330746404681,2.0528835199310946,1.96,4.023651699064946,5.3325818918651,13.379885289994991,0,4.537925271407197,always
1470,4.07332648756968,8.048642141190182,6.458515879741981,-3.975315653620502,4.537925271407197,2.1302406604436026,1.96,4.175271694469461,3.8733704467207213,12.223913835659644,0,5.101185735132846,always
1471,4.697163805972254,6.458515879741981,5.753975050234089,-1.7613520737697268,5.101185735132846,2.2585804690408633,1.96,4.426817719320092,2.0316981604218887,10.885333599062072,0,5.001244504764849,always
1472,5.56770187038944,5.753975050234089,5.67946577829623,-0.1862731798446493,5.001244504764849,2.2363462399111746,1.96,4.383238630225902,1.3707364200081873,10.137213680459991,0,4.752917164403078,always
1473,8.593767258418168,5.67946577829623,6.845186370345005,2.9143014801219387,4.752917164403078,2.1801186124619636,1.96,4.2730324804254485,1.4064332978707812,9.952498258721679,0,4.93992896203497,always
1474,11.497475302418218,6.845186370345005,8.70610194317429,4.652288932073213,4.93992896203497,2.222595096286089,1.96,4.356286388720735,2.4888999816242707,11.20147275906574,1,5.775122129307767,always
1475,10.018977871854634,8.70610194317429,9.231252314646428,1.312875928680345,5.775122129307767,2.4031483785458954,1.96,4.710170821949955,3.9959311212243342,13.416272765124244,0,5.572548183047792,always
1476,4.309526935896892,9.231252314646428,7.2625621631466135,-4.921725378749535,5.572548183047792,2.3606245324167485,1.96,4.626824083536827,4.6044282311096,13.858076398183254,1,6.5050898090867655,always
1477,4.727586535108995,7.2625621631466135,6.248571911931567,-2.5349756280376186,6.5050898090867655,2.550507755151269,1.96,4.998995200096488,2.263566963050126,12.261557363243101,0,6.501140390369663,always
1478,7.87508995816804,6.248571911931567,6.899179130426155,1.6265180462364732,6.501140390369663,2.5497333959395956,1.96,4.997477456041607,1.2510944558899597,11.246049367973175,0,6.308361418587825,always
1479,12.942758832684486,6.899179130426155,9.316611011329488,6.043579702258331,6.308361418587825,2.511645161759086,1.96,4.922824517047808,1.976354613378347,11.822003647473963,1,7.819186128535879,always
1480,9.079903451147338,9.316611011329488,9.221927987256628,-0.23670756018215044,7.819186128535879,2.7962807671147543,1.96,5.480710303544918,3.83590070778457,14.797321314874406,0,7.431028345561454,always
1481,5.8280462504473665,9.221927987256628,7.864375292532923,-3.393881736809261,7.431028345561454,2.7259912592599145,1.96,5.342942868149432,3.8789851191071953,14.56487085540606,0,7.635398590455753,always
1482,8.953155045511597,7.864375292532923,8.299887193724393,1.0887797529786738,7.635398590455753,2.7632225010765517,1.96,5.4159161021100415,2.4484591904228816,13.280291394642965,0,7.31290072845778,always
1483,10.570337414103097,8.299887193724393,9.208067281875874,2.270450220378704,7.31290072845778,2.704237550300968,1.96,5.300305598589897,2.9995815951344964,13.600192792314289,0,7.205002902195776,always
1484,10.148094535980697,9.208067281875874,9.584078183517803,0.9400272541048231,7.205002902195776,2.6842136468984314,1.96,5.261058747920925,3.947008533954948,14.469126029796799,0,6.88893531900898,always
1485,8.413064670072686,9.584078183517803,9.115672778139757,-1.1710135134451178,6.88893531900898,2.624678136269089,1.96,5.144369147087414,4.439709036430389,14.728447330605217,0,6.6130521854920845,always
1486,7.90620684203916,9.115672778139757,8.631886403699518,-1.2094659361005968,6.6130521854920845,2.571585539213519,1.96,5.040307656858497,4.07536512128126,14.155980434998254,0,6.355539968746864,always
1487,9.141106065604957,8.631886403699518,8.835574268461693,0.5092196619054388,6.355539968746864,2.521019628790475,1.96,4.941198472429331,3.690687931270187,13.57308487612885,0,6.050728203513075,always
1488,7.754830740004245,8.835574268461693,8.403276857078714,-1.0807435284574485,6.050728203513075,2.45982279920995,1.96,4.821252686451502,4.014321582010191,13.656826954913196,0,5.806592122052554,always
1489,8.836933279562368,8.403276857078714,8.576739426072177,0.4336564224836543,5.806592122052554,2.4096871419444796,1.96,4.72298679821118,3.6802900588675334,13.126263655289893,0,5.525665410587992,always
1490,6.802740072406989,8.576739426072177,7.8671396846061015,-1.7739993536651877,5.525665410587992,2.3506733951334016,1.96,4.607319854461467,3.9694195716107092,13.184059280533644,0,5.406735825398817,always
1491,7.593229362910316,7.8671396846061015,7.7575755559277875,-0.27391032169578544,5.406735825398817,2.3252388749113106,1.96,4.557468194826169,3.309671489779933,12.42460787943227,0,5.14015037734545,always
1492,8.860179026472185,7.7575755559277875,8.198616944145547,1.1026034705443974,5.14015037734545,2.26718997381019,1.96,4.443692348667972,3.3138832072598152,12.20126790459576,0,4.943929579141005,always
1493,8.03255310213999,8.198616944145547,8.132191407343324,-0.16606384200555624,4.943929579141005,2.2234949019822388,1.96,4.358050007885188,3.840566936260359,12.556666952030735,0,4.698111960165037,always
1494,7.792914435059432,8.132191407343324,7.996480618429767,-0.3392769722838924,4.698111960165037,2.167512851211046,1.96,4.24832518837365,3.8838662189696738,12.380516595716974,0,4.468961805352891,always
1495,7.163161880967333,7.996480618429767,7.663153123444793,-0.8333187374624336,4.468961805352891,2.11399191231965,1.96,4.143424148146514,3.853056470283253,12.139904766576281,0,4.280234720995546,always
1496,6.231387920758067,7.663153123444793,7.090447042370102,-1.4317652026867265,4.280234720995546,2.0688728141177615,1.96,4.0549907156708125,3.608162407773981,11.718143839115605,0,4.168720564726996,always
1497,7.064329699550707,7.090447042370102,7.080000105242345,-0.02611734281939526,4.168720564726996,2.041744490558747,1.96,4.001819201495144,3.088627840874958,11.092266243865247,0,3.9603186422704435,always
1498,6.904420906293899,7.080000105242345,7.0097684256629655,-0.1755791989484461,3.9603186422704435,1.9900549344855893,1.96,3.9005076715917553,3.1794924336505894,10.9805077768341,0,3.76384411291209,always
1499,8.532183890140857,7.0097684256629655,7.618734611454123,1.5224154644778913,3.76384411291209,1.940062914678823,1.96,3.8025233127704934,3.207245112892472,10.812291738433458,0,3.6915393495905575,always
1500,7.37947163970902,7.618734611454123,7.523029422756082,-0.23926297174510314,3.6915393495905575,1.9213379061452354,1.96,3.7658222960446612,3.8529123154094616,11.384556907498784,0,3.5098247205934445,always
1501,9.66705657324156,7.523029422756082,8.380640282950273,2.1440271504854778,3.5098247205934445,1.8734526203225543,1.96,3.6719671358322064,3.8510622869238755,11.194996558588288,0,3.564176105664716,always
1502,8.775779522197196,8.380640282950273,8.538695978649042,0.39513923924692307,3.564176105664716,1.887902567842079,1.96,3.700289032970475,4.680351249979798,12.080929315920748,0,3.393774051301112,always
1503,8.019997053326028,8.538695978649042,8.331216408519836,-0.5186989253230134,3.393774051301112,1.8422198705097912,1.96,3.6107509461991905,4.927945032449851,12.149446924848231,0,3.2375377774926184,always
1504,7.92470335857425,8.331216408519836,8.168611188541602,-0.4065130499455858,3.2375377774926184,1.799315919312842,1.96,3.5266592018531706,4.804557206666665,11.857875610373007,0,3.0839235316067906,always
1505,11.170043581793795,8.168611188541602,9.369184145842478,3.001432393252193,3.0839235316067906,1.7561103415237866,1.96,3.441976269386622,4.72663491915498,11.610587457928224,0,3.3801571755896305,always
1506,11.672609388214038,9.369184145842478,10.290554242791103,2.30342524237156,3.3801571755896305,1.8385203767131955,1.96,3.603499938357863,5.765684207484615,12.972684084200342,0,3.476437709169873,always
1507,9.538443138214934,10.290554242791103,9.989709800960636,-0.7521111045761693,3.476437709169873,1.864520771986698,1.96,3.654460713093928,6.636093529697175,13.945014955885032,0,3.330899379392718,always
1508,9.072340350426526,9.989709800960636,9.622762020746993,-0.9173694505341103,3.330899379392718,1.8250751708882345,1.96,3.5771473349409395,6.412562466019697,13.566857135901575,0,3.2064327458617448,always
1509,5.950894120153916,9.622762020746993,8.154014860509763,-3.671867900593077,3.2064327458617448,1.7906514864321714,1.96,3.509676913407056,6.113085107339938,13.132438934154049,1,3.720241802538948,always
1510,7.407165912417726,8.154014860509763,7.855275281272949,-0.7468489480920368,3.720241802538948,1.92879283556813,1.96,3.780433957713535,4.373580902796228,11.934448818223299,0,3.5621188799753094,always
1511,12.902623754080821,7.855275281272949,9.874214670396098,5.047348472807872,3.5621188799753094,1.8873576449563843,1.96,3.699220984114513,4.156054297158436,11.554496265387462,1,4.657799266274342,always
1512,12.67401105584364,9.874214670396098,10.994133224575116,2.799796385447541,4.657799266274342,2.158193519190145,1.96,4.230059297612684,5.644155372783414,14.104273968008782,0,4.816852292958881,always
1513,9.692464510219777,10.994133224575116,10.47346573883298,-1.3016687143553387,4.816852292958881,2.19473285229863,1.96,4.301676390505315,6.692456834069801,15.29580961508043,0,4.660726750407512,always
1514,8.738165747673339,10.47346573883298,9.779345742369124,-1.735299991159641,4.660726750407512,2.1588716382424202,1.96,4.231388410955144,6.242077327877836,14.704854149788122,0,4.5782537158530685,always
1515,10.177575058465631,9.779345742369124,9.938637468807727,0.3982293160965078,4.5782537158530685,2.1396854245082544,1.96,4.193783432036178,5.5855623103329455,13.973129174405301,0,4.357270359470349,always
1516,7.17876212190792,9.938637468807727,8.834687330047803,-2.7598753468998067,4.357270359470349,2.0874075690842813,1.96,4.0913188354051915,5.847318633402535,14.029956304212918,0,4.5202524380180975,always
1517,5.132480021225396,8.834687330047803,7.35380440651884,-3.7022073088224072,4.5202524380180975,2.126088530145934,1.96,4.167133519086031,4.667553810961772,13.001820849133834,0,4.979556763992095,always
1518,8.243043888410497,7.35380440651884,7.709500199275503,0.8892394818916571,4.979556763992095,2.231492048830131,1.96,4.3737244157070565,2.9800799908117837,11.727528822225896,0,4.770116268600237,always
1519,9.744771479587335,7.709500199275503,8.523608711400236,2.0352712803118322,4.770116268600237,2.184059584489452,1.96,4.280756785599325,3.4287434136761776,11.99025698487483,0,4.738726914393333,always
1520,12.130878836877024,8.523608711400236,9.96651676159095,3.607270125476788,4.738726914393333,2.176861712280625,1.96,4.266648956070025,4.256959755330211,12.79025766747026,0,5.152410456581532,always
1521,10.37087997750471,9.96651676159095,10.128262047956454,0.4043632159137598,5.152410456581532,2.269892168492048,1.96,4.448988650244414,5.517528111346537,14.415505411835365,0,4.902965414271661,always
1522,5.692792464494638,10.128262047956454,8.354074214571728,-4.435469583461816,4.902965414271661,2.2142640796146384,1.96,4.339957596044691,5.788304451911763,14.468219644001145,1,5.641486664848825,always
1523,4.765714614678433,8.354074214571728,6.91873037461441,-3.5883595998932956,5.641486664848825,2.3751813961987884,1.96,4.655355536549625,3.698718678022103,13.009429751121353,0,6.003228562513702,always
1524,4.3260185071138775,6.91873037461441,5.881645627614197,-2.5927118675005323,6.003228562513702,2.450148681715806,1.96,4.80229141616298,2.11643895845143,11.721021790777389,0,6.039174875781922,always
1525,8.299065491004741,5.881645627614197,6.8486135729704145,2.4174198633905446,6.039174875781922,2.4574732706139293,1.96,4.816647610403301,1.064998017210896,10.698293238017499,0,6.029412071788584,always
1526,10.971353850149331,6.8486135729704145,8.497709683841983,4.122740277178917,6.029412071788584,2.4554861172054268,1.96,4.812752789722636,2.035860783247778,11.661366362693052,0,6.577790837852819,always
1527,10.23408549991438,8.497709683841983,9.192260010270942,1.7363758160723979,6.577790837852819,2.5647204209918906,1.96,5.026852025144105,3.470857658697877,13.524561708986088,0,6.3996513446922325,always
1528,10.710592933418571,9.192260010270942,9.799593179529994,1.5183329231476286,6.3996513446922325,2.5297532181405034,1.96,4.958316307555386,4.233943702715556,14.150576317826328,0,6.194935520733322,always
1529,11.544592764868993,9.799593179529994,10.497593013665593,1.7449995853389986,6.194935520733322,2.4889627399246703,1.96,4.878366970252354,4.92122620927764,14.677960149782347,0,6.0374399223383195,always
1530,9.753376557177944,10.497593013665593,10.199906431070534,-0.7442164564876492,6.0374399223383195,2.457120249873481,1.96,4.815955689752023,5.68163732391357,15.313548703417617,0,5.763260832926755,always
1531,5.315189050656986,10.199906431070534,8.246019478905115,-4.884717380413548,5.763260832926755,2.4006792440738005,1.96,4.705331318384649,5.494575112685886,14.905237749455182,1,6.6681209856061265,always
1532,7.675847522543608,8.246019478905115,8.017950696360511,-0.5701719563615075,6.6681209856061265,2.5822705097658005,1.96,5.061250199140969,3.1847692797641463,13.307269678046083,0,6.350969739316875,always
1533,11.218454330960535,8.017950696360511,9.29815215020052,3.2005036346000235,6.350969739316875,2.5201130409798833,1.96,4.939421560320572,3.07852913603994,12.957372256681083,0,6.54558242810543,always
1534,11.794736192539935,9.29815215020052,10.296785767136285,2.496584042339414,6.54558242810543,2.5584335887619654,1.96,5.014529833973452,4.283622316227069,14.312681984173972,0,6.529949900723349,always
1535,11.377334174005867,10.296785767136285,10.729005129884118,1.0805484068695819,6.529949900723349,2.555376665136345,1.96,5.008538263667236,5.288247503469049,15.305324030803522,0,6.2618316486666,always
1536,7.619290263441993,10.729005129884118,9.485119183307269,-3.1097148664421255,6.2618316486666,2.50236521088881,1.96,4.904635813342068,5.82436931654205,15.633640943226187,0,6.432256393761829,always
1537,10.33354015033997,9.485119183307269,9.82448757012035,0.8484209670327019,6.432256393761829,2.5361893450138595,1.96,4.970931116227164,4.514188067080105,14.456050299534432,0,6.146634480938773,always
1538,9.388837328770183,9.82448757012035,9.650227473580284,-0.4356502413501673,6.146634480938773,2.479240706534719,1.96,4.85931178480805,4.965175785312301,14.6837993549284,0,5.8487923135312565,always
1539,10.027866712893406,9.650227473580284,9.801283169305533,0.3776392393131225,5.8487923135312565,2.4184276531521998,1.96,4.740118200178311,4.9101092734019725,14.390345673758596,0,5.563483267608143,always
1540,7.228779821730924,9.801283169305533,8.77228183027569,-2.5725033475746093,5.563483267608143,2.3587037261191037,1.96,4.623059303193443,5.17822386611209,14.424342472498976,0,5.616197777891864,always
1541,6.365437505686774,8.77228183027569,7.809544100440124,-2.4068443245889153,5.616197777891864,2.36985184724528,1.96,4.644909620600749,4.127372209674941,13.417191450876437,0,5.625032869137565,always
1542,10.916925562634606,7.809544100440124,9.052496685317916,3.107381462194483,5.625032869137565,2.37171517453879,1.96,4.648561742096028,3.1609823583440955,12.458105842536153,0,5.8265722032601825,always
1543,11.4135868502361,9.052496685317916,9.99693275128519,2.361090164918185,5.8265722032601825,2.4138293649842324,1.96,4.731105555369095,4.321391129948821,13.78360224068701,0,5.813980931440843,always
1544,11.087073236523555,9.99693275128519,10.432988945380536,1.090140485238365,5.813980931440843,2.411219801561202,1.96,4.7259908110599556,5.270941940225234,14.722923562345144,0,5.5827021987465875,always
1545,9.738383599874952,10.432988945380536,10.155146807178303,-0.6946053455055843,5.5827021987465875,2.3627742589478555,1.96,4.6310375475377965,5.80195139784274,15.064026492918334,0,5.3276909181095045,always
1546,8.579556307662934,10.155146807178303,9.524910607372156,-1.5755904995153696,5.3276909181095045,2.308179134753086,1.96,4.524031104116048,5.631115703062255,14.679177911294351,0,5.185430643312183,always
1547,10.761817472059317,9.524910607372156,10.01967335324702,1.2369068646871604,5.185430643312183,2.277154066661319,1.96,4.4632219706561855,5.061688636715971,13.988132578028342,0,5.002656040742085,always
1548,10.249824092426273,10.01967335324702,10.111733648918722,0.230150739179253,5.002656040742085,2.2366618074134688,1.96,4.383857142530399,5.635816210716621,14.403530495777419,0,4.755171706842219,always
1549,6.535378558080899,10.111733648918722,8.681191612583593,-3.576355090837823,4.755171706842219,2.1806356199150327,1.96,4.274045815033464,5.8376878338852585,14.385779463952186,0,5.156928908288188,always
1550,6.0289549507078455,8.681191612583593,7.620296947833293,-2.6522366618757474,5.156928908288188,2.2708872513377205,1.96,4.450939012621932,4.230252599961661,13.132130625205525,0,5.250800428403669,always
1551,9.613971284436799,7.620296947833293,8.417766682474696,1.9936743366035055,5.250800428403669,2.2914625086183866,1.96,4.491266516892038,3.1290304309412553,12.111563464725332,0,5.186997275005057,always
1552,11.784668954851918,8.417766682474696,9.764527591425583,3.3669022723772226,5.186997275005057,2.2774980296380187,1.96,4.463896138090517,3.953870544384179,12.881662820565213,0,5.494448956841749,always
1553,8.350728355339594,9.764527591425583,9.199007896991187,-1.413799236085989,5.494448956841749,2.3440240947656124,1.96,4.5942872257406,5.170240365684983,14.358814817166184,0,5.319667922997528,always
1554,6.469088756665496,9.199007896991187,8.107040240860911,-2.7299191403256913,5.319667922997528,2.3064405309908875,1.96,4.520623440742139,4.678384456249048,13.719631337733325,0,5.42630745248348,always
1555,7.27100705252613,8.107040240860911,7.772626965526999,-0.8360331883347811,5.42630745248348,2.32944359289584,1.96,4.565709442075846,3.541330798785065,12.672749682936757,0,5.189939654459166,always
1556,9.017355462011594,7.772626965526999,8.270518364120836,1.244728496484595,5.189939654459166,2.278143905564169,1.96,4.465162054905771,3.3074649106212277,12.23778902043277,0,5.007910123234248,always
1557,8.148539368041565,8.270518364120836,8.221726765689127,-0.12197899607927098,5.007910123234248,2.237836035824396,1.96,4.386158630215816,3.8843597339050193,12.656676994336653,0,4.75825856084676,always
1558,7.875389227639924,8.221726765689127,8.083191750469446,-0.34633753804920264,4.75825856084676,2.1813432927548932,1.96,4.2754328537995905,3.946293911889536,12.497159619488716,0,4.526343117317521,always
1559,7.99554812467388,8.083191750469446,8.048134300151219,-0.0876436257955655,4.526343117317521,2.1275204152528175,1.96,4.1699400138955225,3.9132517365739234,12.25313176436497,0,4.300410031708774,always
1560,10.454434150627245,8.048134300151219,9.01065424034163,2.4062998504760262,4.300410031708774,2.0737430004001878,1.96,4.064536280784368,3.983598019366851,12.112670580935585,0,4.3749034786433825,always
1561,11.926068394524773,9.01065424034163,10.176819902014888,2.915414154183143,4.3749034786433825,2.09162699319056,1.96,4.099588906653497,4.911065333688133,13.110243146995128,0,4.581140289231784,always
1562,10.147208274268017,10.176819902014888,10.16497525091614,-0.02961162774687054,4.581140289231784,2.140359850406418,1.96,4.195105306796579,5.981714595218309,14.371925208811467,0,4.352127117195085,always
1563,7.974731073492326,10.16497525091614,9.288877579946615,-2.1902441774238133,4.352127117195085,2.086175236454283,1.96,4.088903463450395,6.076071787465745,14.253878714366534,0,4.374379239172277,always
1564,8.358620975020056,9.288877579946615,8.91677493797599,-0.9302566049265586,4.374379239172277,2.0915016708509406,1.96,4.099343274867843,5.189534305078771,13.388220854814458,0,4.198929144764137,always
1565,8.240444387082508,8.91677493797599,8.646242717618598,-0.676330550893482,4.198929144764137,2.049128874610901,1.96,4.016292594237366,4.9004823437386245,12.933067532213357,0,4.011853838229524,always
1566,7.482208021488315,8.646242717618598,8.180628839166484,-1.1640346961302832,4.011853838229524,2.0029612672814032,1.96,3.9258040838715504,4.720438633747047,12.57204680149015,0,3.879009985007804,always
1567,7.39627080596316,8.180628839166484,7.866885625885155,-0.7843580332033246,3.879009985007804,1.9695202423452784,1.96,3.8602596749967457,4.320369164169739,12.04088851416323,0,3.7158203619699433,always
1568,8.181938726876552,7.866885625885155,7.992906866281714,0.3150531009913973,3.7158203619699433,1.9276463269930881,1.96,3.7781868009064525,4.088698824978703,11.645072426791607,0,3.534992266693661,always
1569,7.903317133455944,7.992906866281714,7.957070973151406,-0.08958973282576999,3.534992266693661,1.8801575111393356,1.96,3.685108721833098,4.307798144448617,11.678015588114812,0,3.3586439693703674,always
1570,9.331610255229602,7.957070973151406,8.506886685982685,1.3745392820781959,3.3586439693703674,1.8326603529760683,1.96,3.592014291833094,4.365056681318313,11.5490852649845,0,3.285179682800651,always
1571,11.17938109708535,8.506886685982685,9.57588445042375,2.672494411102665,3.285179682800651,1.812506464209342,1.96,3.5525126698503104,4.954374016132375,12.059399355832996,0,3.478032017529367,always
1572,8.098676079439047,9.57588445042375,8.98500110202987,-1.4772083709847035,3.478032017529367,1.8649482613545523,1.96,3.6552985922549226,5.9205858581688275,13.231183042678673,0,3.413237645218263,always
1573,7.744708165944802,8.98500110202987,8.488883927595843,-1.2402929360850674,3.413237645218263,1.8474949648695291,1.96,3.621090131144277,5.363910970885593,12.606091233174146,0,3.3194920913224757,always
1574,8.705083166947855,8.488883927595843,8.57536362333665,0.21619923935201157,3.3194920913224757,1.8219473349475488,1.96,3.5710167764971956,4.917867151098648,12.059900704093039,0,3.155854592311171,always
1575,10.300458845501517,8.57536362333665,9.265401712202596,1.7250952221648674,3.155854592311171,1.7764725138068338,1.96,3.481886127061394,5.093477496275256,12.057249750398043,0,3.1468595389724148,always
1576,10.2458255716716,9.265401712202596,9.657571255990199,0.9804238594690045,3.1468595389724148,1.7739389896420945,1.96,3.476920419698505,5.788481292504091,12.742322131901101,0,3.0375781092345986,always
1577,7.254367000354756,9.657571255990199,8.696289553736023,-2.403204255635443,3.0375781092345986,1.7428649142244497,1.96,3.4160152318799213,6.241556024110277,13.07358648787012,0,3.1744687384880836,always
1578,5.773623466091305,8.696289553736023,7.527223118678135,-2.9226660876447177,3.1744687384880836,1.7817038863088568,1.96,3.492139617165359,5.204149936570664,12.188429170901381,0,3.442844154557103,always
1579,8.318625942854863,7.527223118678135,7.843784248348827,0.7914028241767284,3.442844154557103,1.855490273366342,1.96,3.6367609357980304,3.8904621828801047,11.163984054476165,0,3.302017868334993,always
1580,12.08503521228553,7.843784248348827,9.540284633923509,4.241250963936702,3.302017868334993,1.817145527561013,1.96,3.5616052340195856,4.282179014329241,11.405389482368413,1,4.0363274618729434,always
1581,8.207927099379381,9.540284633923509,9.007341620105858,-1.332357534544128,4.0363274618729434,2.009061338504363,1.96,3.9377602234685516,5.602524410454958,13.47804485739206,0,3.9232699187721214,always
1582,7.838328523187233,9.007341620105858,8.539736381338408,-1.1690130969186256,3.9232699187721214,1.9807245943775529,1.96,3.8822202049800034,5.1251214151258555,12.889561825085861,0,3.7954360038718793,always
1583,10.820966572154115,8.539736381338408,9.452228457664692,2.281230190815707,3.7954360038718793,1.9481878769440795,1.96,3.8184482388103955,4.721288142528012,12.358184620148803,0,3.8658647628527385,always
1584,10.781376867389532,9.452228457664692,9.983887821554628,1.3291484097248407,3.8658647628527385,1.966180246786326,1.96,3.853713283701199,5.598515173963493,13.30594174136589,0,3.760903299463805,always
1585,10.321146578396323,9.983887821554628,10.118791324291305,0.3372587568416954,3.760903299463805,1.9393048495437237,1.96,3.8010375051056986,6.1828503164489295,13.784925326660327,0,3.578545307943935,always
1586,8.184895891996325,10.118791324291305,9.345233151373312,-1.93389543229498,3.578545307943935,1.8917043394632087,1.96,3.707740505347889,6.411050818943416,13.826531829639194,0,3.586615619699307,always
1587,8.008814947084318,9.345233151373312,8.810665869657715,-1.3364182042889947,3.586615619699307,1.8938362177599486,1.96,3.7119189868094993,5.633314164563814,13.057152138182811,0,3.496585519552093,always
1588,6.718970744790202,8.810665869657715,7.97398781971071,-2.0916951248675133,3.496585519552093,1.8699159124281746,1.96,3.665035188359222,5.145630681298493,12.475701058016938,0,3.5405156683442143,always
1589,4.947960010703651,7.97398781971071,6.7635766961078865,-3.0260278090070587,3.5405156683442143,1.8816258045488785,1.96,3.687986576915802,4.286001242794908,11.661974396626512,0,3.8213320999712064,always
1590,9.460939335865003,6.7635766961078865,7.842521752010733,2.6973626397571167,3.8213320999712064,1.95482277968393,1.96,3.8314526481805027,2.932124047927384,10.595029344288388,0,3.99405375549052,always
1591,10.162591204580512,7.842521752010733,8.770549533038643,2.3200694525697783,3.99405375549052,1.9985128859956145,1.96,3.9170852565514043,3.925436495459329,11.759607008562138,0,4.0634871809533655,always
1592,9.12129328731066,8.770549533038643,8.910847034747452,0.35074375427201687,4.0634871809533655,2.015809311654593,1.96,3.9509862508430027,4.819563282195641,12.721535783881645,0,3.8664638809637384,always
1593,6.7493169901908505,8.910847034747452,8.046235016924811,-2.161530044556601,3.8664638809637384,1.9663325967302019,1.96,3.8540118895911957,5.056835145156256,12.764858924338647,0,3.9067512935915945,always
1594,5.811488995833367,8.046235016924811,7.152336608488233,-2.2347460210914445,3.9067512935915945,1.976550351898882,1.96,3.8740386897218086,4.172196327203002,11.92027370664662,0,3.961118217851217,always
1595,8.28897835226267,7.152336608488233,7.606993305998008,1.1366417437744376,3.961118217851217,1.9902558171881366,1.96,3.9009014016887478,3.2514352067994854,11.053238010176981,0,3.8276600296431855,always
1596,9.41077672223745,7.606993305998008,8.328506672493784,1.8037834162394422,3.8276600296431855,1.9564406532382181,1.96,3.8346236803469074,3.772369625651101,11.441616986344915,0,3.7989587587960476,always
1597,10.506433354203184,8.328506672493784,9.199677345177545,2.1779266817093994,3.7989587587960476,1.949091777930441,1.96,3.8202198847436644,4.508286787750119,12.148726557237449,0,3.846179052401331,always
1598,10.714779279872573,9.199677345177545,9.805718119055555,1.5151019346950285,3.846179052401331,1.9611677777287009,1.96,3.8438888443482537,5.355788500829291,13.043566189525798,0,3.7686467934070955,always
1599,10.094425360308863,9.805718119055555,9.921201015556878,0.2887072412533076,3.7686467934070955,1.9413002841928126,1.96,3.8049485570179127,6.000769562037643,13.610666676073468,0,3.584382047294345,always
1600,9.494666762641696,9.921201015556878,9.750587314390806,-0.4265342529151823,3.584382047294345,1.8932464306831125,1.96,3.7107630041389004,6.210438011417978,13.63196401969578,0,3.414259518375123,always
1601,12.516239684828413,9.750587314390806,10.85684826256585,2.765652370437607,3.414259518375123,1.8477715005852653,1.96,3.6216321411471197,6.128955173243686,13.372219455537927,0,3.6259881941617245,always
1602,10.661019776008871,10.85684826256585,10.778516867943058,-0.19582848655697838,3.6259881941617245,1.9042027712829652,1.96,3.7322374317146116,7.124610830851237,14.589085694280461,0,3.4466062242609983,always
1603,9.556089723886739,10.778516867943058,10.28954601032053,-1.2224271440563186,3.4466062242609983,1.856503763600009,1.96,3.6387473766560174,7.139769491287041,14.417264244599075,0,3.3489923191742323,always
1604,11.602178677106991,10.28954601032053,10.814599077035115,1.3126326667864614,3.3489923191742323,1.8300252236442622,1.96,3.586849438342754,6.702696571977776,13.876395448663285,0,3.2676929291112677,always
1605,13.58007205832788,10.814599077035115,11.920788269552222,2.765472981292765,3.2676929291112677,1.8076761128894931,1.96,3.5430451812634063,7.271553895771709,14.35764425829852,0,3.4867003231687193,always
1606,9.714308422426372,11.920788269552222,11.038196330701883,-2.20647984712585,3.4867003231687193,1.8672708221275025,1.96,3.6598508113699046,8.260937458182317,15.580639080922127,0,3.555792972798909,always
1607,8.070015861808077,11.038196330701883,9.850924143144361,-2.968180468893806,3.555792972798909,1.8856810368667625,1.96,3.6959348322588546,7.342261498443028,14.734131162960738,0,3.818508088955096,always
1608,11.52203694967255,9.850924143144361,10.519369265755637,1.671112806528189,3.818508088955096,1.9541003272491144,1.96,3.830036641408264,6.020887501736097,13.680960784552624,0,3.7672135851144675,always
1609,13.14033289669809,10.519369265755637,11.567754718132619,2.6209636309424535,3.7672135851144675,1.940931112923503,1.96,3.8042249813300657,6.7151442844255715,14.323594247085703,0,3.9223254235948963,always
1610,11.916075810402237,11.567754718132619,11.707083155040467,0.34832109226961805,3.9223254235948963,1.9804861583951796,1.96,3.881752870454552,7.686001847678067,15.44950758858717,0,3.7322755315811467,always
1611,9.752951997740311,11.707083155040467,10.925430692120404,-1.9541311573001554,3.7322755315811467,1.9319098145568665,1.96,3.7865432365314584,7.920539918509008,15.493626391571926,0,3.7365931839986515,always
1612,8.81803190488145,10.925430692120404,10.082471177224821,-2.107398787238955,3.7365931839986515,1.9330269485960747,1.96,3.7887328192483065,7.136697872872098,14.71416351136871,0,3.7718200072215295,always
1613,10.3466717386942,10.082471177224821,10.188151401812572,0.2642005614693783,3.7718200072215295,1.9421174030479027,1.96,3.806550109973889,6.275921067250932,13.88902128719871,0,3.5867191036944894,always
1614,10.92042590329907,10.188151401812572,10.48106120240717,0.7322745014864971,3.5867191036944894,1.8938635388259866,1.96,3.7119725360989335,6.4761788657136385,13.900123937911506,0,3.4341944457861295,always
1615,10.815051741065677,10.48106120240717,10.614657417870573,0.33399053865850625,3.4341944457861295,1.853157965686177,1.96,3.6321896127449067,6.848871589662264,14.113250815152078,0,3.268062207492493,always
1616,10.646716152162428,10.614657417870573,10.627480911587314,0.03205873429185502,3.268062207492493,1.8077782517478445,1.96,3.543245373425775,7.0714120444447985,14.157902791296348,0,3.104710485240088,always
1617,9.463396528024369,10.627480911587314,10.161847158162136,-1.1640843835629457,3.104710485240088,1.7620188663121878,1.96,3.453556977971888,7.173923933615426,14.081037889559202,0,3.0172295835808396,always
1618,10.652873901555564,10.161847158162136,10.358257855519508,0.49102674339342833,3.0172295835808396,1.737017439054899,1.96,3.404554180547602,6.757292977614534,13.566401338709738,0,2.8784234675381755,always
1619,15.531393049544283,10.358257855519508,12.427511933129418,5.173135194024775,2.8784234675381755,1.6965917209329342,1.96,3.325319773028551,7.032938082490957,13.683577628548058,1,4.072568680944154,always
1620,10.826918919959676,12.427511933129418,11.787274727861522,-1.6005930131697426,4.072568680944154,2.018060623703895,1.96,3.955398822459634,8.472113110669785,16.38291075558905,0,3.9970351465873355,always
1621,8.716473613488633,11.787274727861522,10.558954282112367,-3.0708011143728893,3.9970351465873355,1.999258649246599,1.96,3.9185469525233336,7.868727775338188,15.705821680384856,0,4.268674363459658,always
1622,8.176139575184983,10.558954282112367,9.605828399341414,-2.382814706927384,4.268674363459658,2.066077046835296,1.96,4.04951101179718,6.509443270315187,14.608465293909546,0,4.339130941664146,always
1623,10.91355080464555,9.605828399341414,10.128917361463067,1.3077224053041352,4.339130941664146,2.083058074481877,1.96,4.082793825984479,5.523034573356935,13.688622225325894,0,4.20768128904766,always
1624,12.029896905186629,10.128917361463067,10.889309178952491,1.9009795437235617,4.20768128904766,2.0512633397610505,1.96,4.020476145931659,6.108441215531408,14.149393507394727,0,4.177983385878048,always
1625,12.403944901852899,10.889309178952491,11.495163468112654,1.5146357229004082,4.177983385878048,2.044011591424581,1.96,4.006262719192179,6.883046459760312,14.89557189814467,0,4.083790285238448,always
1626,12.690678353281594,11.495163468112654,11.97336942218023,1.1955148851689401,4.083790285238448,2.0208390052744054,1.96,3.9608444503378344,7.53431901777482,15.456007918450489,0,3.95106356300955,always
1627,11.201066237694778,11.97336942218023,11.66444814838605,-0.7723031844854518,3.95106356300955,1.9877282417396875,1.96,3.8959473538097873,8.077422068370442,15.869316775990018,0,3.783332995297391,always
1628,11.573378998597338,11.66444814838605,11.628020488470565,-0.09106914978871217,3.783332995297391,1.945079174557527,1.96,3.812355182132753,7.852092966253297,15.476803330518804,0,3.594581025034683,always
1629,7.327047439627997,11.628020488470565,9.907631268933539,-4.300973048842567,3.594581025034683,1.8959380330155,1.96,3.71603854471038,7.911981943760185,15.344059033180944,1,4.339770432126455,always
1630,10.495217411352165,9.907631268933539,10.14266572590099,0.5875861424186262,4.339770432126455,2.0832115668185156,1.96,4.08309467096429,5.8245365979692485,13.990725939897828,0,4.140044784258252,always
1631,12.69619995483581,10.14266572590099,11.16407941747492,2.5535342289348204,4.140044784258252,2.034710000038888,1.96,3.9880316000762206,6.154634125824769,14.130697325977211,0,4.259069397962427,always
1632,13.486876300843175,11.16407941747492,12.093198170822223,2.3227968833682553,4.259069397962427,2.0637512926616006,1.96,4.044952533616737,7.119126883858183,15.209031951091657,0,4.315885196133569,always
1633,9.414212185825718,12.093198170822223,11.021603776823621,-2.6789859849965048,4.315885196133569,2.077470865291152,1.96,4.071842895970658,8.021355274851565,16.16504106679288,0,4.458939231717276,always
1634,7.15893433866584,11.021603776823621,9.47653600156051,-3.8626694381577815,4.458939231717276,2.1116200490896264,1.96,4.138775296215668,6.882828480607953,15.160379073039289,0,4.98200302955532,always
1635,9.307161951503806,9.47653600156051,9.408786381537828,-0.16937405005670314,4.98200302955532,2.2320401048268197,1.96,4.374798605460566,5.101737396099943,13.851334607021077,0,4.734337256519185,always
1636,11.47927316756317,9.408786381537828,10.236981095947964,2.0704867860253415,4.734337256519185,2.1758532249485913,1.96,4.264672320899239,5.144114060638589,13.673458702437067,0,4.711966170248503,always
1637,12.158585806800982,10.236981095947964,11.005622980289171,1.9216047108530177,4.711966170248503,2.1707063758713434,1.96,4.254584496707833,5.982396599240132,14.491565592655796,0,4.660996094974704,always
1638,12.682287641693954,11.005622980289171,11.676288844851085,1.6766646614047822,4.660996094974704,2.1589340182077597,1.96,4.2315106756872085,6.774112304601963,15.237133655976379,0,4.568506509566149,always
1639,8.382249208661607,11.676288844851085,10.358672990375293,-3.2940396361894777,4.568506509566149,2.13740649142042,1.96,4.189316723184023,7.486972121667062,15.865605568035107,0,4.882616040327206,always
1640,9.648934311925952,10.358672990375293,10.074777518995557,-0.7097386784493409,4.882616040327206,2.2096642370114075,1.96,4.3309419045423585,6.027731085832935,14.689614894917652,0,4.663671687895197,always
1641,11.110658847761659,10.074777518995557,10.489130050501998,1.0358813287661022,4.663671687895197,2.1595535853261887,1.96,4.232725027239329,5.8420524917562275,14.307502546234886,0,4.484140609864748,always
1642,11.036255361007196,10.489130050501998,10.707980174704078,0.5471253105051979,4.484140609864748,2.1175789500901137,1.96,4.150454742176622,6.338675308325376,14.63958479267862,0,4.274900884641281,always
1643,8.359750941146153,10.707980174704078,9.768688481280908,-2.348229233557925,4.274900884641281,2.0675833440616804,1.96,4.052463354360894,6.655516820343184,14.760443529064972,0,4.336864867076018,always
1644,9.75229588674939,9.768688481280908,9.762131443468302,-0.01639259453151709,4.336864867076018,2.08251407368018,1.96,4.081727584413152,5.686960896867755,13.85041606569406,0,4.120035059579991,always
1645,7.550340284930002,9.762131443468302,8.877414980052983,-2.2117911585383006,4.120035059579991,2.0297869493077325,1.96,3.9783824206431557,5.7837490228251465,13.740513864111458,0,4.158634313050402,always
1646,10.126647244441374,8.877414980052983,9.37710788580834,1.2492322643883913,4.158634313050402,2.0392729863974566,1.96,3.996975053339015,4.880439926713968,12.874390033391997,0,4.028731659917329,always
1647,9.562659450990335,9.37710788580834,9.451328511881137,0.18555156518199567,4.028731659917329,2.0071700625301605,1.96,3.9340533225591146,5.443054563249225,13.311161208367453,0,3.829016546088537,always
1648,10.254458917299724,9.451328511881137,9.772580674048573,0.803130405418587,3.829016546088537,1.956787302209552,1.96,3.835303112330722,5.616025399550415,13.286631624211859,0,3.669816641189501,always
1649,10.692592368892786,9.772580674048573,10.140585351986257,0.920011694844213,3.669816641189501,1.915676549209052,1.96,3.7547260364497417,6.017854637598831,13.527306710498316,0,3.528646885062532,always
1650,12.542633183626634,10.140585351986257,11.101404484642408,2.4020478316403775,3.528646885062532,1.8784692930848064,1.96,3.6817998144462205,6.458785537540036,13.822385166432477,0,3.640706230083817,always
1651,11.411300972208753,11.101404484642408,11.225363079668945,0.3098964875663448,3.640706230083817,1.908063476429392,1.96,3.7398044138016084,7.3616000708408,14.841208898444016,0,3.463472710229924,always
1652,9.034256149793435,11.225363079668945,10.34892030771874,-2.1911069298755095,3.463472710229924,1.8610407599593095,1.96,3.6476398895202466,7.577723190148698,14.87300296918919,0,3.5303465536258516,always
1653,8.454999159814879,10.34892030771874,9.591351848557196,-1.8939211479038622,3.5303465536258516,1.8789216464839218,1.96,3.6826864271084867,6.666233880610254,14.031606734827228,0,3.533176091668433,always
1654,11.965195574124206,9.591351848557196,10.540889338783998,2.37384372556701,3.533176091668433,1.879674464280566,1.96,3.6841619499899094,5.907189898567286,13.275513798547106,0,3.6382739887557043,always
1655,13.256063218338424,10.540889338783998,11.626958890605769,2.715173879554426,3.6382739887557043,1.9074260113450545,1.96,3.7385549822363067,6.802334356547691,14.279444321020305,0,3.824968749128651,always
1656,10.892595171656207,11.626958890605769,11.333213403025944,-0.7343637189495613,3.824968749128651,1.9557527321030772,1.96,3.8332753549220313,7.793683535683737,15.4602342455278,0,3.6606848152576896,always
1657,9.052855863877742,11.333213403025944,10.421070387366663,-2.280357539148202,3.6606848152576896,1.91329161793431,1.96,3.7500515711512477,7.583161831874696,15.083264974177192,0,3.7376520998123075,always
1658,7.134650296620371,10.421070387366663,9.106502351068146,-3.286420090746293,3.7376520998123075,1.9333008301380072,1.96,3.789269627070494,6.631800760296169,14.210340014437158,0,4.090797345464735,always
1659,9.837073547310663,9.106502351068146,9.398730829565153,0.7305711962425168,4.090797345464735,2.022571962987902,1.96,3.9642410474562877,5.142261303611859,13.070743398524433,0,3.9129441918304595,always
1660,9.195195418533013,9.398730829565153,9.317316665152298,-0.20353541103214035,3.9129441918304595,1.9781163241403321,1.96,3.877107995315051,5.521622834250103,13.275838824880204,0,3.719368315416138,always
1661,11.226275176217662,9.317316665152298,10.080900069578444,1.9089585110653644,3.719368315416138,1.9285663886462758,1.96,3.7799901217467005,5.537326543405597,13.097306786898997,0,3.7156060294937756,always
1662,11.83109978520099,10.080900069578444,10.780979955827462,1.7501997156225464,3.7156060294937756,1.9275907318447492,1.96,3.778077834415708,6.302822235162736,13.858977903994152,0,3.6829856802473486,always
1663,14.565949982372647,10.780979955827462,12.294967966445537,3.784970026545185,3.6829856802473486,1.9191106482554228,1.96,3.7614568705806284,7.019523085246833,14.54243682640809,1,4.215136301327254,always
1664,10.673816766236634,12.294967966445537,11.646507486361976,-1.621151200208903,4.215136301327254,2.0530797113914634,1.96,4.024036234327268,8.270931732118267,16.319004200772806,0,4.135786046957829,always
1665,8.467321931994707,11.646507486361976,10.374833264615068,-3.179185554367269,4.135786046957829,2.0336632088322366,1.96,3.9859798893111837,7.660527597050793,15.63248737567316,0,4.434357784064813,always
1666,11.9409163274631,10.374833264615068,11.001266489754281,1.5660830628480316,4.434357784064813,2.1057914863691547,1.96,4.127351313283543,6.247481951331525,14.50218457789861,0,4.335270702848546,always
1667,14.217973290917627,11.001266489754281,12.287949210219619,3.2167068011633457,4.335270702848546,2.0821312885715315,1.96,4.080977325600202,6.920289164154079,15.082243815354483,0,4.635867299938645,always
1668,11.016007733449175,12.287949210219619,11.779172619511442,-1.2719414767704436,4.635867299938645,2.1531064302394913,1.96,4.220088603269403,8.067860606950216,16.50803781348902,0,4.484965690958161,always
1669,9.336569137170862,11.779172619511442,10.80213122657521,-2.44260348234058,4.484965690958161,2.1177737582088794,1.96,4.150836566089404,7.628336053422038,15.930009185600845,0,4.559032995007369,always
1670,9.596936650200561,10.80213122657521,10.32005339602535,-1.205194576374648,4.559032995007369,2.135189217612193,1.96,4.184970866519898,6.617160360055311,14.987102093095107,0,4.403706043603144,always
1671,11.01281122262614,10.32005339602535,10.597156526665668,0.6927578266007899,4.403706043603144,2.098500903884281,1.96,4.11306177161319,6.206991624412161,14.43311516763854,0,4.207516411738819,always
1672,10.26119775449816,10.597156526665668,10.462773017798664,-0.33595877216750836,4.207516411738819,2.0512231501567104,1.96,4.020397374307152,6.576759152358515,14.617553900972819,0,4.002784005981693,always
1673,10.016332437334723,10.462773017798664,10.284196785613087,-0.44644058046394086,4.002784005981693,2.000695880433029,1.96,3.9213639256487367,6.5414090921499275,14.384136943447402,0,3.8126102652768568,always
1674,7.982122022236684,10.284196785613087,9.363366880262525,-2.302074763376403,3.8126102652768568,1.9525906548165328,1.96,3.8270776834404043,6.457119102172683,14.111274469053491,0,3.88695716282174,always
1675,9.483792172476772,9.363366880262525,9.411536997148225,0.12042529221424658,3.88695716282174,1.9715367515777482,1.96,3.8642120330923864,5.499154847170139,13.227578913354911,0,3.693334417230897,always
1676,11.87424530250047,9.411536997148225,10.396620319289124,2.462708305352244,3.693334417230897,1.9218049893865135,1.96,3.7667377791975665,5.644799217950659,13.178274776345791,0,3.8119143062318983,always
1677,11.54152197629607,10.396620319289124,10.854580982091901,1.1449016570069457,3.8119143062318983,1.9524124324107082,1.96,3.826728367524988,6.569891951764136,14.223348686814111,0,3.686858581131166,always
1678,8.065214198650224,10.854580982091901,9.73883426871523,-2.789366783441677,3.686858581131166,1.9201194184558328,1.96,3.763434060173432,7.091146921918469,14.618015042265334,0,3.891544004702996,always
1679,10.051165325319293,9.73883426871523,9.863766691356854,0.31233105660406224,3.891544004702996,1.9726996742289475,1.96,3.866491361488737,5.872342907226493,13.605325630203968,0,3.7018443389138165,always
1680,12.044879652855666,9.863766691356854,10.736211875956378,2.181112961498812,3.7018443389138165,1.9240177595110228,1.96,3.771074808641605,6.09269188271525,13.634841499998458,0,3.7546148095090315,always
1681,10.61232248250229,10.736211875956378,10.686656118574742,-0.123889393454089,3.7546148095090315,1.9376828454391166,1.96,3.7978583770606686,6.93835349889571,14.534070253017047,0,3.5676514981241008,always
1682,9.424052992816446,10.686656118574742,10.181614868271424,-1.2626031257582966,3.5676514981241008,1.8888227810263463,1.96,3.7020926508116387,6.984563467763103,14.388748769386382,0,3.4689772558766263,always
1683,7.597266450265964,10.181614868271424,9.14787550106924,-2.58434841800546,3.4689772558766263,1.8625190618827574,1.96,3.6505373612902043,6.5310775069812195,13.832152229561629,0,3.629471230365161,always
1684,7.8082181820845,9.14787550106924,8.612012573475344,-1.3396573189847407,3.629471230365161,1.9051171172306338,1.96,3.734029549772042,5.413845951297198,12.881905050841283,0,3.5377317554623717,always
1685,9.579580664582007,8.612012573475344,8.99903980991801,0.9675680911066635,3.5377317554623717,1.8808858964494288,1.96,3.6865363570408802,4.925476216434463,12.298548930516224,0,3.4076545682356425,always
1686,13.186270526127181,8.99903980991801,10.673932096401678,4.1872307162091715,3.4076545682356425,1.8459833607689,1.96,3.618127387107044,5.380912422810965,12.617167197025054,1,4.113916893362139,always
1687,11.662716897054093,10.673932096401678,11.069446016662644,0.9887848006524145,4.113916893362139,2.028279293727109,1.96,3.9754274157051332,6.698504680696545,14.649359512106813,0,3.957105817794093,always
1688,10.864815364162004,11.069446016662644,10.987593755662388,-0.20463065250064005,3.957105817794093,1.9892475506568037,1.96,3.8989251992873353,7.1705208173753086,14.968371215949979,0,3.7613442121015304,always
1689,9.380056465677786,10.987593755662388,10.344578839668547,-1.6075372899846023,3.7613442121015304,1.93941852422357,1.96,3.801260307478197,7.186333448184191,14.788854063140585,0,3.7024858084310055,always
1690,10.067547538603481,10.344578839668547,10.23376631924252,-0.27703130106506535,3.7024858084310055,1.9241844528087753,1.96,3.7714015275051995,6.573177312163347,14.115980367173746,0,3.521198835097945,always
1691,10.638407037107491,10.23376631924252,10.395622606388507,0.4046407178649716,3.521198835097945,1.876485767358214,1.96,3.6779121040220994,6.55585421522042,13.911678423264618,0,3.3533255988707613,always
1692,12.158855353101869,10.395622606388507,11.100915705073852,1.7632327467133617,3.3533255988707613,1.8312087807977444,1.96,3.589169210363579,6.806453396024928,13.984791816752086,0,3.3411088048813404,always
1693,10.673892685979538,11.100915705073852,10.930106497436126,-0.42702301909431384,3.3411088048813404,1.8278700185957808,1.96,3.5826252364477305,7.518290468626121,14.683540941521583,0,3.1831707975790944,always
1694,7.466115560033128,10.930106497436126,9.544510122474927,-3.4639909374029987,3.1831707975790944,1.7841442759987474,1.96,3.496922780957545,7.433183716478581,14.427029278393672,0,3.6239739184206448,always
1695,6.569799445984658,9.544510122474927,8.354625851878819,-2.974710676490269,3.6239739184206448,1.9036737951709701,1.96,3.7312006385351015,5.813309483939825,13.275710761010028,0,3.885220402940872,always
1696,8.911005646660094,8.354625851878819,8.577177769791328,0.5563797947812752,3.885220402940872,1.9710962439568678,1.96,3.8633486381554607,4.491277213723357,12.21797449003428,0,3.706437306595871,always
1697,9.688113708986647,8.577177769791328,9.021552145469457,1.1109359391953184,3.706437306595871,1.925210977164807,1.96,3.7734135152430217,4.803764254548307,12.35059128503435,0,3.5828243743158668,always
1698,11.472683425581268,9.021552145469457,10.002004657514181,2.4511312801118113,3.5828243743158668,1.892835009797702,1.96,3.709956619203496,5.311595526265961,12.731508764672952,0,3.7040853832172016,always
1699,10.84090095356832,10.002004657514181,10.337563175935838,0.8388962960541395,3.7040853832172016,1.9246000579905431,1.96,3.7722161136614645,6.229788543852717,13.774220771175646,0,3.554068463833009,always
1700,13.830108684390005,10.337563175935838,11.734581379317504,3.4925455084541674,3.554068463833009,1.885223717183987,1.96,3.695038485680614,6.6425246902552235,14.032601661616452,0,3.9862587470725273,always
1701,10.896042841144144,11.734581379317504,11.39916596404816,-0.8385385381733599,3.9862587470725273,1.9965617313452964,1.96,3.9132609934367806,7.821320385880723,15.647842372754285,0,3.8221031537189964,always
1702,10.553021130556186,11.39916596404816,11.06070803065137,-0.8461448334919748,3.8221031537189964,1.9550199880612464,1.96,3.831839176600043,7.567326787448117,15.231005140648204,0,3.6667960499953045,always
1703,9.816861722503138,11.06070803065137,10.563169507392077,-1.2438463081482318,3.6667960499953045,1.9148879993345054,1.96,3.7531804786956307,7.307527551955738,14.813888509347,0,3.5608139294102386,always
1704,10.498504457649771,10.563169507392077,10.537303487495155,-0.06466504974230602,3.5608139294102386,1.8870119049466112,1.96,3.698543333695358,6.864626173696719,14.261712841087435,0,3.3829823113726354,always
1705,12.22780102334911,10.537303487495155,11.213502501836738,1.6904975358539556,3.3829823113726354,1.8392885340186937,1.96,3.60500552667664,6.932297960818515,14.142309014171795,0,3.356722291740418,always
1706,9.22437132287315,11.213502501836738,10.417850030251302,-1.9891311789635875,3.356722291740418,1.8321359916066324,1.96,3.5909865435489996,7.622515958287738,14.804489045385736,0,3.3867183195096504,always
1707,10.400961457231375,10.417850030251302,10.411094601043331,-0.01688857301992641,3.3867183195096504,1.8403038660801783,1.96,3.606995577517149,6.810854452734152,14.024845607768452,0,3.2173966647291,always
1708,15.107752406313502,10.411094601043331,12.2897577231514,4.696657805270171,3.2173966647291,1.7937103068023834,1.96,3.5156722013326713,6.895422399710659,13.926766802376003,1,4.159456558482906,always
1709,13.809013267619523,12.2897577231514,12.89745994093865,1.5192555444681233,4.159456558482906,2.0394745790234565,1.96,3.9973701748859747,8.292387548265426,16.287127898037376,0,4.066890601028617,always
1710,11.746243542623228,12.89745994093865,12.436973381612482,-1.1512163983154213,4.066890601028617,2.0166533170152516,1.96,3.9526405013498933,8.944819439588755,16.850100442288543,0,3.9298110307647023,always
1711,12.305622031452273,12.436973381612482,12.3844328415484,-0.13135135016020882,3.9298110307647023,1.9823750984020916,1.96,3.8854551928680996,8.551518188744382,16.322428574480583,0,3.7341831380859123,always
1712,11.889321197519255,12.3844328415484,12.186388183936742,-0.4951116440291443,3.7341831380859123,1.9324034615177836,1.96,3.787510784574856,8.596922056973543,16.171943626123255,0,3.5597307581842785,always
1713,10.73434141998819,12.186388183936742,11.605569478357321,-1.4520467639485517,3.5597307581842785,1.8867248761237763,1.96,3.6979807572026013,8.488407426734142,15.884368941139343,0,3.4871662105097374,always
1714,7.707339647650658,11.605569478357321,10.046277546074656,-3.898229830706663,3.4871662105097374,1.8673955688363775,1.96,3.6600953149192996,7.945474163438021,15.26566479327662,1,4.072617690634815,always
1715,10.84371915768876,10.046277546074656,10.365254190720297,0.7974416116141043,4.072617690634815,2.018072766437032,1.96,3.955422622216583,6.090854923858073,14.001700168291238,0,3.900782462299759,always
1716,13.107809056194581,10.365254190720297,11.46227613691001,2.7425548654742844,3.900782462299759,1.9750398634710538,1.96,3.8710781324032655,6.494176058317031,14.236332323123563,0,4.081823698691604,always
1717,11.548800077790126,11.46227613691001,11.496885713262056,0.08652394088011661,4.081823698691604,2.0203523699324344,1.96,3.9598906450675715,7.502385491842438,15.42216678197758,0,3.8781068333742947,always
1718,11.190270583993325,11.496885713262056,11.374239661554563,-0.3066151292687316,3.8781068333742947,1.969290946857344,1.96,3.859810255840394,7.637075457421663,15.35669596910245,0,3.6889021335804038,always
1719,10.68924177629166,11.374239661554563,11.100240507449403,-0.684997885262904,3.6889021335804038,1.9206514867566171,1.96,3.7644769140429695,7.609762747511594,15.138716575597533,0,3.527918132042116,always
1720,10.650770577105044,11.100240507449403,10.920452535311659,-0.44946993034435856,3.527918132042116,1.8782753078401782,1.96,3.681419603366749,7.418820904082654,14.781660110816151,0,3.361623386354198,always
1721,12.58027819228026,10.920452535311659,11.5843827980991,1.6598256569686,3.361623386354198,1.8334730394402308,1.96,3.593607157302852,7.326845378008807,14.514059692614511,0,3.3312932776130504,always
1722,10.840208009829865,11.5843827980991,11.286712882791406,-0.744174788269234,3.3312932776130504,1.8251830805738505,1.96,3.5773588379247467,8.007023960174353,15.161741636023846,0,3.1924184195071756,always
1723,12.409958638868428,11.286712882791406,11.736011185222214,1.1232457560770222,3.1924184195071756,1.7867340091650956,1.96,3.5019986579635876,7.784714224827818,14.788711540754994,0,3.095881549959069,always
1724,10.55434193372852,11.736011185222214,11.263343484624736,-1.1816692514936946,3.095881549959069,1.7595117362379453,1.96,3.4486430030263726,8.287368182195841,15.184654188248587,0,3.0109045834573984,always
1725,9.758573728270003,11.263343484624736,10.661435582082841,-1.504769756354733,3.0109045834573984,1.7351958343245866,1.96,3.4009838352761896,7.862359649348546,14.664327319900925,0,2.973575955266522,always
1726,14.087392561197607,10.661435582082841,12.031818373728747,3.4259569791147655,2.973575955266522,1.72440597170925,1.96,3.3798357045501297,7.281599877532711,14.041271286632972,1,3.411756218640454,always
1727,15.889180815047197,12.031818373728747,13.574763350256127,3.8573624413184504,3.411756218640454,1.847093992908984,1.96,3.6203042261016085,8.411514147627138,15.652122599830356,1,3.9851306578931434,always
1728,13.261218197172674,13.574763350256127,13.449345289022746,-0.313545153083453,3.9851306578931434,1.9962792033914352,1.96,3.912707238647213,9.662056111608914,17.48747058890334,0,3.7907896531495924,always
1729,9.22634518752818,13.449345289022746,11.76014524842492,-4.223000101494566,3.7907896531495924,1.946995031619134,1.96,3.8161102619735026,9.633235027049244,17.26545555099625,1,4.492936663353269,always
1730,8.73628955388073,11.76014524842492,10.550602970607244,-3.0238556945441886,4.492936663353269,2.1196548453352655,1.96,4.15452349685712,7.605621751567799,15.91466874528204,0,4.725474993256971,always
1731,11.363514110442893,10.550602970607244,10.875767426541504,0.8129111398356486,4.725474993256971,2.173815768011855,1.96,4.2606789053032355,6.2899240653040085,14.81128187591048,0,4.5222424696575665,always
1732,13.131248537834768,10.875767426541504,11.77795987105881,2.255481111293264,4.5222424696575665,2.126556481652337,1.96,4.16805070403858,6.707716722502924,15.043818130580085,0,4.5504900983447225,always
1733,12.685685673040469,11.77795987105881,12.141050191851473,0.907725801981659,4.5504900983447225,2.133187778500693,1.96,4.181048045861359,7.596911825197451,15.959007916920168,0,4.364163900006648,always
1734,11.624538363780621,12.141050191851473,11.934445460623131,-0.5165118280708523,4.364163900006648,2.0890581370576187,1.96,4.0945539486329325,8.046496243218542,16.235604140484405,0,4.15929492843317,always
1735,10.935317517190466,11.934445460623131,11.534794283250065,-0.999127943432665,4.15929492843317,2.039434953224341,1.96,3.997292508319709,7.937152952303422,15.93173796894284,0,4.001243014378911,always
1736,9.210953224963948,11.534794283250065,10.605257859935618,-2.323841058286117,4.001243014378911,2.0003107294565288,1.96,3.920609029734796,7.614185253515268,15.455403312984862,0,4.071192726868782,always
1737,9.909147063141887,10.605257859935618,10.326813541218126,-0.6961107967937306,4.071192726868782,2.017719684908878,1.96,3.954730582421401,6.650527277514216,14.55998844235702,0,3.891861602595983,always
1738,13.336947706383427,10.326813541218126,11.530867207284246,3.010134165165301,3.891861602595983,1.9727801708745916,1.96,3.8666491349141996,6.460164406303926,14.193462676132325,0,4.150313907080953,always
1739,11.620093645932435,11.530867207284246,11.566557782743523,0.0892264386481898,4.150313907080953,2.03723192275228,1.96,3.992974568594469,7.537892638689776,15.523841775878715,0,3.943196279594597,always
1740,10.64424906705883,11.566557782743523,11.197634296469646,-0.922308715684693,3.943196279594597,1.9857482921041623,1.96,3.892066652524158,7.674491130219365,15.45862443526768,0,3.7885691339662646,always
1741,9.971871724112814,11.197634296469646,10.707329267526912,-1.2257625723568317,3.7885691339662646,1.9464247054448998,1.96,3.8149924226720033,7.382641873797643,15.01262671914165,0,3.6742653714574933,always
1742,11.45302414503544,10.707329267526912,11.005607218530324,0.7456948775085284,3.6742653714574933,1.9168373356801807,1.96,3.7570011779331542,6.950328089593758,14.464330445460067,0,3.518355145401742,always
1743,11.92792885336463,11.005607218530324,11.374535872464048,0.9223216348343062,3.518355145401742,1.8757278974845317,1.96,3.676426679069682,7.329180539460642,14.682033897600006,0,3.3849712480358263,always
1744,14.27133573696306,11.374535872464048,12.533255818263651,2.8967998644990125,3.3849712480358263,1.8398291355546652,1.96,3.6060651056871436,7.768470766776904,14.980600978151191,0,3.63529515838211,always
1745,13.983711746780902,12.533255818263651,13.113438189670552,1.4504559285172505,3.63529515838211,1.9066450006181301,1.96,3.737024201211535,8.796231617052117,16.270280019475187,0,3.558721520491546,always
1746,9.911854430921194,13.113438189670552,11.832804686170808,-3.201583758749358,3.558721520491546,1.8864573995962766,1.96,3.697456503208702,9.41598168646185,16.810894692879252,0,3.8932923726813518,always
1747,10.587098802582812,11.832804686170808,11.33452233273561,-1.2457058835879966,3.8932923726813518,1.9731427654078535,1.96,3.867359820199393,7.965444865971415,15.700164506370202,0,3.7762169114675714,always
1748,10.859354281695996,11.33452233273561,11.144455112319765,-0.47516805103961346,3.7762169114675714,1.9432490605857942,1.96,3.8087681587481566,7.525754173987453,15.143290491483766,0,3.598695299730632,always
1749,10.981568610659892,11.144455112319765,11.079300511655816,-0.16288650165987306,3.598695299730632,1.897022746234381,1.96,3.7181645826193868,7.426290529700378,14.862619694939152,0,3.4200871353652498,always
1750,12.254992555708618,11.079300511655816,11.549577329276937,1.175692044052802,3.4200871353652498,1.8493477594452725,1.96,3.624721608512734,7.454578903143082,14.70402212016855,0,3.31819536771944,always
1751,11.749590098500022,11.549577329276937,11.629582436966171,0.20001276922308442,3.31819536771944,1.8215914381988734,1.96,3.5703192188697916,7.979258110407146,15.119896548146729,0,3.154285854726082,always
1752,12.886541505730136,11.629582436966171,12.132366064471757,1.2569590687639653,3.154285854726082,1.7760309272999957,1.96,3.4810206175079914,8.14856181945818,15.110603054474161,0,3.0755688670171764,always
1753,11.320364761917977,12.132366064471757,11.807565543450245,-0.8120013025537798,3.0755688670171764,1.7537299869185041,1.96,3.437310774360268,8.695055290111489,15.569676838832025,0,2.954757729433769,always
1754,10.045528275398674,11.807565543450245,11.102750636229617,-1.7620372680515715,2.954757729433769,1.7189408743274939,1.96,3.369124113681888,8.438441429768357,15.176689657132133,0,2.9622586096622125,always
1755,10.007578243958053,11.102750636229617,10.664681679320992,-1.0951723922715644,2.9622586096622125,1.7211213233419114,1.96,3.3733977937501463,7.729352842479471,14.476148429979762,0,2.874115807618793,always
1756,10.758324686142934,10.664681679320992,10.70213888204977,0.09364300682194227,2.874115807618793,1.6953217416227495,1.96,3.322830613580589,7.3418510657404035,13.987512292901581,0,2.730848467874186,always
1757,13.724993023028453,10.70213888204977,11.911280538441243,3.0228541409786835,2.730848467874186,1.6525279022982293,1.96,3.2389546885045295,7.46318419354524,13.9410935705543,0,3.0511884023620754,always
1758,14.42402791116106,11.911280538441243,12.91637948752917,2.512747372719817,3.0511884023620754,1.7467651251276102,1.96,3.423659645250116,8.487620893191128,15.334940183691359,0,3.2143239501994887,always
1759,14.981836166200516,12.91637948752917,13.742562158997709,2.065456678671346,3.2143239501994887,1.7928535774567562,1.96,3.5139930118152423,9.402386475713929,16.43037249934441,0,3.2669133172629174,always
1760,15.803554049988662,13.742562158997709,14.56695891539409,2.0609918909909535,3.2669133172629174,1.8074604607744307,1.96,3.542622503117884,10.199939655879824,17.285184662115594,0,3.3159520301362946,always
1761,11.070138798994428,14.56695891539409,13.168230868834225,-3.496820116399663,3.3159520301362946,1.8209755709883355,1.96,3.5691121191371376,10.997846796256953,18.136071034531227,0,3.761541974952347,always
1762,9.470934945393259,13.168230868834225,11.689312499457838,-3.697295923440967,3.761541974952347,1.939469508642079,1.96,3.801360236938475,9.36687063189575,16.9695911057727,0,4.256964733479389,always
1763,9.00819109277359,11.689312499457838,10.616863936784139,-2.681121406684248,4.256964733479389,2.0632413173158852,1.96,4.043952981939135,7.645359517518703,15.733265481396973,0,4.403537096674446,always
1764,10.128038291345124,10.616863936784139,10.421333678608534,-0.4888256454390145,4.403537096674446,2.0984606493033047,1.96,4.112982872634477,6.503881064149661,14.729846809418616,0,4.195307767422667,always
1765,11.252603663036775,10.421333678608534,10.753841672379831,0.831269984428241,4.195307767422667,2.0482450457459107,1.96,4.0145602896619845,6.406773388946549,14.435893968270518,0,4.0200928684021004,always
1766,10.72681074094209,10.753841672379831,10.743029299804736,-0.027030931437741046,4.0200928684021004,2.005016924717121,1.96,3.9298331724455573,6.8240084999342745,14.683674844825388,0,3.8191247585447146,always
1767,9.856953703699247,10.743029299804736,10.388599061362541,-0.8860755961054885,3.8191247585447146,1.9542581094995397,1.96,3.830345894619098,6.912683405185637,14.573375194423834,0,3.667425018718163,always
1768,10.959340283968121,10.388599061362541,10.616895550404774,0.5707412226055801,3.667425018718163,1.9150522234963105,1.96,3.7535023580527684,6.635096703309772,14.14210141941531,0,3.5003410449413206,always
1769,10.447049690951639,10.616895550404774,10.54895720662352,-0.1698458594531349,3.5003410449413206,1.8709198392612445,1.96,3.6670028849520393,6.949892665452735,14.283898435356813,0,3.326766373492923,always
1770,12.676750111293371,10.54895720662352,11.40007436849146,2.1277929046698514,3.326766373492923,1.8239425356882608,1.96,3.574927369948991,6.974029836674529,14.123884576572511,0,3.3868031870764446,always
1771,11.630894915173933,11.40007436849146,11.492402587164449,0.2308205466824731,3.3868031870764446,1.840326923966621,1.96,3.607040770974577,7.7930335975168825,15.007115139466038,0,3.2201269339611622,always
1772,15.479515348602263,11.492402587164449,13.087247691739574,3.987112761437814,3.2201269339611622,1.7944712129095752,1.96,3.5171635773027674,7.975239009861681,15.009566164467216,1,3.8539739958841173,always
1773,13.4201850751278,13.087247691739574,13.220422645094864,0.3329373833882254,3.8539739958841173,1.9631540937695433,1.96,3.8477820237883047,9.239465667951269,16.93502971552788,0,3.666817661152781,always
1774,11.045379833651126,13.220422645094864,12.350405520517368,-2.1750428114437383,3.666817661152781,1.9148936422560865,1.96,3.7531915388219295,9.467231106272934,16.973614183916794,0,3.720017339675796,always
1775,8.599123585927725,12.350405520517368,10.84989274668151,-3.7512819345896435,3.720017339675796,1.9287346472949034,1.96,3.7803199086980106,8.570085611819358,16.130725429215378,0,4.237622280330937,always
1776,12.820921871922529,10.84989274668151,11.638304396777919,1.971029125241019,4.237622280330937,2.0585485858562915,1.96,4.034755228278331,6.815137518403179,14.88464797495984,0,4.219988956941808,always
1777,15.697242351394028,11.638304396777919,13.261879578624363,4.058937954616109,4.219988956941808,2.054261170577346,1.96,4.026351894331598,7.611952502446321,15.664656291109516,1,4.832738375065878,always
1778,14.07825828097932,13.261879578624363,13.588431059566346,0.8163787023549567,4.832738375065878,2.198349011204972,1.96,4.308764061961745,8.953115516662617,17.57064364058611,0,4.624425165595522,always
1779,9.20312996972123,13.588431059566346,11.8343106236283,-4.385301089845116,4.624425165595522,2.150447666323345,1.96,4.214877425993756,9.373553633572591,17.803308485560102,1,5.354747189745584,always
1780,9.423749157930008,11.8343106236283,10.870086037348983,-2.410561465698292,5.354747189745584,2.3140326682537533,1.96,4.535504029777356,7.298806593850943,16.369814653405655,0,5.377550159253779,always
1781,9.995537940871507,10.870086037348983,10.520266798757994,-0.8745480964774757,5.377550159253779,2.318954540143851,1.96,4.545150898681948,6.324935138667035,15.415236936030931,0,5.146914369943708,always
1782,14.10398108076794,10.520266798757994,11.953752511561973,3.5837142820099466,5.146914369943708,2.2686811961894753,1.96,4.446615144531371,6.073651654226623,14.966881943289366,0,5.531719054200627,always
1783,15.30341177580477,11.953752511561973,13.293616217259093,3.3496592642427974,5.531719054200627,2.3519606829623294,1.96,4.609842938606166,7.343909572955807,16.563595450168137,0,5.816143960816976,always
1784,12.898215082830497,13.293616217259093,13.135455763487654,-0.3954011344285959,5.816143960816976,2.411668294110319,1.96,4.726869856456225,8.566746360802867,18.02048607371532,0,5.533153865631498,always
1785,7.057659666924929,13.135455763487654,10.704337324862564,-6.077796096562725,5.533153865631498,2.352265687721414,1.96,4.610440747933971,8.525015015553683,17.745896511421627,1,7.103476441919577,always
1786,6.935364290751163,10.704337324862564,9.196748111218003,-3.7689730341114016,7.103476441919577,2.665234781763058,1.96,5.223860172255594,5.48047715260697,15.928197497118159,0,7.458560506416543,always
1787,12.289030438388043,9.196748111218003,10.433661042086019,3.0922823271700395,7.458560506416543,2.731036526012888,1.96,5.35283159098526,3.843916520232743,14.549579702203264,0,7.5637429806421235,always
1788,16.350061655241976,10.433661042086019,12.800221287348402,5.9164006131559574,7.5637429806421235,2.750225987194893,1.96,5.39044293490199,5.043218107184029,15.82410397698801,1,8.935745642377627,always
1789,15.954276491189361,12.800221287348402,14.061843368884785,3.1540552038409597,8.935745642377627,2.989271757866392,1.96,5.858972645418128,6.941248641930273,18.65919393276653,0,8.986361571702558,always
1790,9.634515563730444,14.061843368884785,12.29091224682305,-4.427327805154341,8.986361571702558,2.997726066821743,1.96,5.875543090970616,8.18630027791417,19.937386459855404,0,9.517105067832068,always
1791,8.880899552862942,12.29091224682305,10.926907169239007,-3.410012693960107,9.517105067832068,3.0849805619860993,1.96,6.046561901492755,6.244350345330295,18.337474148315806,0,9.622659143088917,always
1792,12.659554774576938,10.926907169239007,11.61996621137418,1.732647605337931,9.622659143088917,3.1020411253058713,1.96,6.0800006055995075,4.846906563639499,17.006907774838513,0,9.291629572148633,always
1793,11.292779739941324,11.61996621137418,11.489091622801038,-0.3271864714328565,9.291629572148633,3.0482174417433927,1.96,5.97450618581705,5.645460025557131,17.59447239719123,0,8.832400642895635,always
1794,11.059033683616471,11.489091622801038,11.317068447127212,-0.43005793918456625,8.832400642895635,2.971935504497975,1.96,5.824993588816032,5.664098033985006,17.31408521161707,0,8.400028102303638,always
1795,12.024793937661904,11.317068447127212,11.60015864334109,0.7077254905346919,8.400028102303638,2.8982801973418026,1.96,5.6806291867899334,5.636439260337279,16.997697633917145,0,8.005070465686085,always
1796,11.859212643518806,11.60015864334109,11.703780243412176,0.2590540001777164,8.005070465686085,2.829323322931843,1.96,5.5454737129464124,6.054684930394677,17.1456323562875,0,7.608172391152184,always
1797,8.94988783417853,11.703780243412176,10.602223279718718,-2.7538924092336465,7.608172391152184,2.7582915710910956,1.96,5.406251479338548,6.297528764073628,17.110031722750723,0,7.606959941676309,always
1798,9.576779213637122,10.602223279718718,10.19204565328608,-1.0254440660815956,7.606959941676309,2.7580717796453937,1.96,5.4058206881049715,5.196402591613746,16.00804396782369,0,7.279188721225591,always
1799,11.405165465710473,10.19204565328608,10.677293578255838,1.2131198124243934,7.279188721225591,2.6979971684984383,1.96,5.288074450256939,4.9039712030291405,15.480120103543019,0,6.9888122691291406,always
1800,12.45760106578609,10.677293578255838,11.389416573267939,1.7803074875302514,6.9888122691291406,2.6436361832009223,1.96,5.181526919073808,5.4957666591820304,15.858820497329646,0,6.797846393180497,always
1801,12.739270768478812,11.389416573267939,11.929358251352289,1.3498541952108738,6.797846393180497,2.607267994123446,1.96,5.110245268481954,6.279171304785985,16.49966184174989,0,6.549059390937892,always
1802,12.56274369833204,11.929358251352289,12.18271243014419,0.6333854469797515,6.549059390937892,2.5591130086297267,1.96,5.0158614969142645,6.913496754438024,16.945219748266553,0,6.241665277613283,always
1803,12.92095141123935,12.18271243014419,12.478008022582255,0.7382389810951615,6.241665277613283,2.498332499411014,1.96,4.896731698845587,7.2859807312986025,17.079444128989778,0,5.95683185339304,always
1804,13.947380905032157,12.478008022582255,13.065757175562215,1.4693728824499015,5.95683185339304,2.440662175187922,1.96,4.783697863368327,7.694310159213928,17.261705885950583,0,5.7669430941073445,always
1805,13.263812693114618,13.065757175562215,13.144979382583177,0.1980555175524028,5.7669430941073445,2.4014460423060404,1.96,4.7068342429198395,8.358922932642376,17.772591418482055,0,5.480557238803624,always
1806,12.182623770800689,13.144979382583177,12.760037137870182,-0.9623556117824883,5.480557238803624,2.34105899942817,1.96,4.5884756388792125,8.556503743703963,17.73345502146239,0,5.252835793039905,always
1807,12.628698973304791,12.760037137870182,12.707501872044027,-0.13133816456539016,5.252835793039905,2.2919065847106213,1.96,4.492136906032818,8.267900231837363,17.252174043903,0,4.99105648906148,always
1808,10.417033609739757,12.707501872044027,11.79131456712232,-2.2904682623042696,4.99105648906148,2.234067252582491,1.96,4.378771815061683,8.328730056982344,17.08627368710571,0,5.003815907639562,always
1809,12.463923370031145,11.79131456712232,12.060358088285849,0.6726088029088242,5.003815907639562,2.236921077651056,1.96,4.38436531219607,7.406949254926251,16.17567987931839,0,4.776245242345106,always
1810,14.08149257146437,12.060358088285849,12.868811881557257,2.021134483178521,4.776245242345106,2.185462249123765,1.96,4.283506008282579,7.77685208000327,16.343864096568428,0,4.741682210182516,always
1811,14.088974147759394,12.868811881557257,13.356876788038111,1.2201622662021379,4.741682210182516,2.177540403800241,1.96,4.267979191448472,8.600832690108785,17.13679107300573,0,4.579037897466567,always
1812,14.666239664315148,13.356876788038111,13.880621938548927,1.3093628762770368,4.579037897466567,2.139868663602177,1.96,4.194142580660267,9.162734207377845,17.551019368698377,0,4.435807559681862,always
1813,10.638533429637018,13.880621938548927,12.583786534984164,-3.242088508911909,4.435807559681862,2.1061356935586706,1.96,4.128025959374995,9.752595979173933,18.00864789792392,0,4.739574076678701,always
1814,7.9017494208361905,12.583786534984164,10.710971689324975,-4.682037114147973,4.739574076678701,2.1770562869798984,1.96,4.2670303224806005,8.316756212503563,16.850816857464764,1,5.5986689497577204,always
1815,11.644988705668485,10.710971689324975,11.08457849586238,0.9340170163435104,5.5986689497577204,2.366150660832425,1.96,4.637655295231553,6.073316394093422,15.348626984556528,0,5.362354891610796,always
1816,14.837943230290222,11.08457849586238,12.585924389633515,3.7533647344278425,5.362354891610796,2.3156759038368895,1.96,4.538724771520303,6.545853724342076,15.623303267382681,0,5.798624488512585,always
1817,15.148037000127788,12.585924389633515,13.610769433831225,2.562112610494273,5.798624488512585,2.4080333237961193,1.96,4.719745314640394,7.866179074993121,17.30566970427391,0,5.836914315529645,always
1818,12.789159972172893,13.610769433831225,13.282125649167892,-0.8216094616583316,5.836914315529645,2.415970677704853,1.96,4.735302528301512,8.875466905529713,18.346071962132736,0,5.578820705127487,always
1819,12.908507994599738,13.282125649167892,13.13267858734063,-0.37361765456815377,5.578820705127487,2.361952731349103,1.96,4.629427353444242,8.65269829572365,17.911553002612134,0,5.306859177461363,always
1820,14.561983075160075,13.13267858734063,13.704400382468407,1.4293044878194454,5.306859177461363,2.3036621231121033,1.96,4.515177761299722,8.617500826040907,17.647856348640353,0,5.143661784533335,always
1821,14.821409288723467,13.704400382468407,14.151203944970431,1.1170089062550606,5.143661784533335,2.267964237930866,1.96,4.445209906344497,9.259190476123909,18.149610288812905,0,4.948864140139324,always
1822,13.033111348047168,14.151203944970431,13.703966906201124,-1.1180925969232636,4.948864140139324,2.224604265962673,1.96,4.360224361286839,9.790979583683592,18.511428306257272,0,4.763927485897087,always
1823,9.060128083044964,13.703966906201124,11.846431376938659,-4.643838823156161,4.763927485897087,2.1826423174439475,1.96,4.2779789421901375,9.425987964010986,17.981945848391263,1,5.603993062374852,always
1824,11.885875487859085,11.846431376938659,11.862209021306828,0.03944411092042621,5.603993062374852,2.3672754513099763,1.96,4.639859884567554,7.206571492371105,16.486291261506214,0,5.323871201150425,always
1825,16.24655425051936,11.862209021306828,13.61594711299184,4.384345229212531,5.323871201150425,2.3073515556044826,1.96,4.522409048984786,7.339799972322043,16.384618070291616,0,6.018801795538837,always
1826,16.584332424358045,13.61594711299184,14.80330123753832,2.9683853113662053,6.018801795538837,2.4533246412855427,1.96,4.808516296919664,8.807430816072177,18.424463409911503,0,6.158427273598628,always
1827,12.320358688303886,14.80330123753832,13.810124217844548,-2.4829425492344352,6.158427273598628,2.4816178742100137,1.96,4.863971033451627,9.939330204086694,19.667272270989947,0,6.158756095058636,always
1828,11.923240591304944,13.810124217844548,13.055370767228705,-1.8868836265396034,6.158756095058636,2.481684124754526,1.96,4.86410088451887,8.946023333325677,18.67422510236342,0,6.0288347813108665,always
1829,14.09705957257319,13.055370767228705,13.4720462893665,1.041688805344485,6.0288347813108665,2.4553685632325886,1.96,4.812522383935874,8.24284838329283,17.86789315116458,0,5.781648820604324,always
1830,16.647339819590073,13.4720462893665,14.74216370145593,3.1752935302235734,5.781648820604324,2.404505941062389,1.96,4.712831644482282,8.759214644884217,18.18487793384878,0,5.996690829728092,always
1831,13.438209219125511,14.74216370145593,14.220581908523762,-1.3039544823304183,5.996690829728092,2.4488141680674937,1.96,4.799675769412287,9.942487932043642,19.54183947086822,0,5.781871152841166,always
1832,11.212073744864062,14.220581908523762,13.017178643059882,-3.0085081636597,5.781871152841166,2.404552173033716,1.96,4.712922259146083,9.507659649377679,18.933504167669845,0,5.945333663739461,always
1833,12.941547714070865,13.017178643059882,12.986926271464274,-0.07563092898901758,5.945333663739461,2.438305490241012,1.96,4.779078760872383,8.238099882187498,17.796257403932266,0,5.648352982423475,always
1834,14.057506863167724,12.986926271464274,13.415158508145655,1.0705805917034503,5.648352982423475,2.376626386797781,1.96,4.65818771812365,8.328738553340624,17.645113989587923,0,5.423242473468906,always
1835,12.10023885778829,13.415158508145655,12.889190648002709,-1.314919650357366,5.423242473468906,2.328785622050451,1.96,4.564419819218884,8.850738688926771,17.97957832736454,0,5.238531034140258,always
1836,12.665814310629166,12.889190648002709,12.799840113053293,-0.22337633737354246,5.238531034140258,2.2887837456038214,1.96,4.48601614138349,8.40317450661922,17.375206789386198,0,4.9790993318381656,always
1837,14.229861608206106,12.799840113053293,13.371848711114417,1.430021495152813,4.9790993318381656,2.231389551790132,1.96,4.373523521508658,8.426316591544634,17.17336363456195,0,4.832392439076211,always
1838,14.149454154105584,13.371848711114417,13.682890888310883,0.7776054429911667,4.832392439076211,2.19827032893505,1.96,4.308609844712698,9.063238866401718,17.680458555827116,0,4.621006328370875,always
1839,13.516619079130216,13.682890888310883,13.616382164638615,-0.16627180918066742,4.621006328370875,2.1496526064392065,1.96,4.213319108620845,9.469571779690039,17.896209996931727,0,4.391338327678742,always
1840,12.459685517896743,13.616382164638615,13.153703505941866,-1.1566966467418727,4.391338327678742,2.0955520341138616,1.96,4.1072819868631685,9.509100177775448,17.723664151501783,0,4.238668767924,always
1841,14.747420174747027,13.153703505941866,13.791190173463932,1.5937166688051612,4.238668767924,2.0588027510968603,1.96,4.035253392149846,9.11845011379202,17.18895689809171,0,4.15373197054917,always
1842,13.080071070330828,13.791190173463932,13.506742532210689,-0.7111191031331039,4.15373197054917,2.03807064905738,1.96,3.994618472152465,9.796571701311466,17.785808645616395,0,3.9713298909637533,always
1843,11.405851410679315,13.506742532210689,12.666386083598137,-2.100891121531374,3.9713298909637533,1.9928195831443831,1.96,3.9059263829629907,9.600816149247699,17.41266891517368,0,3.9934505716420334,always
1844,12.132453581533465,12.666386083598137,12.45281308277227,-0.5339325020646726,3.9934505716420334,1.9983619721266799,1.96,3.9167894653682924,8.749596618229845,16.58317554896643,0,3.808032238897984,always
1845,14.70747748513176,12.45281308277227,13.354678843716066,2.2546644023594897,3.808032238897984,1.951418007218849,1.96,3.824779294148944,8.628033788623327,16.277592376921213,0,3.8718062053164384,always
1846,12.324699945170519,13.354678843716066,12.942687284297847,-1.0299788985455471,3.8718062053164384,1.9676905766193113,1.96,3.8566735301738504,9.498005313542215,17.211352373889916,0,3.731258721623071,always
1847,9.888136099888271,12.942687284297847,11.720866810534016,-3.0545511844095756,3.731258721623071,1.9316466347712438,1.96,3.7860274041516377,9.15665988014621,16.728714688449486,0,4.011209932450814,always
1848,8.526438925745627,11.720866810534016,10.44309565661866,-3.1944278847883893,4.011209932450814,2.0028005223813015,1.96,3.925489023867351,7.7953777866666645,15.646355834401367,0,4.320867911383955,always
1849,12.033338143383146,10.44309565661866,11.079192651324455,1.5902424867644864,4.320867911383955,2.0786697456267444,1.96,4.074192701428419,6.36890295519024,14.517288358047079,0,4.231268074150302,always
1850,13.091824697347258,11.079192651324455,11.884245469733576,2.0126320460228033,4.231268074150302,2.0570046363949457,1.96,4.031729087334093,7.047463563990362,15.110921738658547,0,4.222239058076683,always
1851,13.074100581689907,11.884245469733576,12.36018751451611,1.18985511195633,4.222239058076683,2.0548087643565967,1.96,4.027425178138929,7.856820291594647,15.911670647872505,0,4.081914864545279,always
1852,14.103115285177877,12.36018751451611,13.057358622780818,1.7429277706617672,4.081914864545279,2.0203749316761184,1.96,3.959934866085192,8.400252648430918,16.3201223806013,0,4.029708982005214,always
1853,12.775004799087501,13.057358622780818,12.94441709330349,-0.28235382369331674,4.029708982005214,2.007413505485408,1.96,3.9345304707513993,9.122828152029419,16.991889093532215,0,3.8322097169926654,always
1854,12.77286827097861,12.94441709330349,12.875797564373539,-0.17154882232488156,3.8322097169926654,1.9576030539904319,1.96,3.8369019858212465,9.107515107482245,16.78131907912474,0,3.6420706810650847,always
1855,12.639711701415832,12.875797564373539,12.781363219190457,-0.23608586295770628,3.6420706810650847,1.9084209915700163,1.96,3.740505143477232,9.135292420896306,16.61630270785077,0,3.462753973746255,always
1856,14.01806435800485,12.781363219190457,13.276043674716213,1.236701138814393,3.462753973746255,1.8608476492572559,1.96,3.6472613925442214,9.134101826646235,16.428624611734676,0,3.3660877603961827,always
1857,14.616174865117006,13.276043674716213,13.812096150876531,1.3401311904007933,3.3660877603961827,1.8346900992800346,1.96,3.5959925945888678,9.680051080127345,16.87203626930508,0,3.287580952750626,always
1858,12.535272195805865,13.812096150876531,13.301366568848264,-1.2768239550706664,3.287580952750626,1.8131687601408277,1.96,3.5538107698760224,10.258285381000508,17.365906920752554,0,3.2047158757252094,always
1859,11.772598254824336,13.301366568848264,12.689859243238693,-1.528768314023928,3.2047158757252094,1.7901720240594783,1.96,3.5087371671565775,9.792629401691688,16.81010373600484,0,3.1613367098371272,always
1860,14.17403795157241,12.689859243238693,13.283530726572181,1.484178708333717,3.1613367098371272,1.778014822727057,1.96,3.4849090525450315,9.204950190693662,16.174768295783725,0,3.1134091962588277,always
1861,15.020688948912422,13.283530726572181,13.978394015508279,1.7371582223402413,3.1134091962588277,1.7644855330262212,1.96,3.4583916447313934,9.825139081840788,16.741922371303573,0,3.1086246709181014,always
1862,11.64245130693455,13.978394015508279,13.044016932078787,-2.3359427085737288,3.1086246709181014,1.7631292269479573,1.96,3.4557332848179962,10.522660730690284,17.434127300326274,0,3.2260248542591343,always
1863,12.271053401461593,13.044016932078787,12.734831519831909,-0.7729635306171936,3.2260248542591343,1.79611381996218,1.96,3.5203830871258726,9.523633844952915,16.56440001920466,0,3.0945972425293875,always
1864,11.726990453755324,12.734831519831909,12.331695093401274,-1.007841066076585,3.0945972425293875,1.759146737065839,1.96,3.447927604649044,9.286903915182865,16.182759124480953,0,2.9906545611264375,always
1865,14.831937176463907,12.331695093401274,13.331791926626327,2.5002420830626324,2.9906545611264375,1.7293509074581819,1.96,3.3895277786180364,8.942167314783237,15.721222872019311,0,3.1536823567659837,always
1866,16.38431533876222,13.331791926626327,14.552801291480684,3.052523412135894,3.1536823567659837,1.7758610184262686,1.96,3.4806875961154864,9.85110433051084,16.812479522741814,0,3.4618931980095726,always
1867,14.66194882890298,14.552801291480684,14.596460306449604,0.10914753742229699,3.4618931980095726,1.8606163489579395,1.96,3.646808043957561,10.905993247523122,18.199609335438247,0,3.2893941973553615,always
1868,12.653360893114968,14.596460306449604,13.81922054111575,-1.943099413334636,3.2893941973553615,1.8136687121289161,1.96,3.5547906757726757,11.041669630676928,18.15125098222228,0,3.3137062539926636,always
1869,11.759993737376359,13.81922054111575,12.995529819619993,-2.0592268037393904,3.3137062539926636,1.8203588256145171,1.96,3.5679032982044534,10.251317242911295,17.387123839320203,0,3.360041692754968,always
1870,13.559601722968374,12.995529819619993,13.221158580959345,0.5640719033483812,3.360041692754968,1.8330416505783407,1.96,3.592761635133548,9.402768184486444,16.58829145475354,0,3.207948463724573,always
1871,13.512096910899754,13.221158580959345,13.337533912935509,0.290938329940408,3.207948463724573,1.7910746672667148,1.96,3.510506347842761,9.710652233116583,16.731664928802108,0,3.05178329612977,always
1872,13.493312091015506,13.337533912935509,13.399845184167507,0.15577817807999672,3.05178329612977,1.7469354012469294,1.96,3.4239933864439815,9.913540526491527,16.76152729937949,0,2.9004074733615774,always
1873,14.460340348938603,13.399845184167507,13.824043250075945,1.0604951647710958,2.9004074733615774,1.703058270688815,1.96,3.3379942105500775,10.06185097361743,16.737839394717586,0,2.811619599418642,always
1874,12.899338348567024,13.824043250075945,13.454161289472376,-0.924704901508921,2.811619599418642,1.6767884778404945,1.96,3.286505416567369,10.537537833508576,17.110548666643314,0,2.713792577191441,always
1875,11.397643724684873,13.454161289472376,12.631554263557376,-2.0565175647875034,2.713792577191441,1.6473592738657348,1.96,3.22882417677684,10.225337112695536,16.682985466249217,0,2.789566173045845,always
1876,10.409868839440723,12.631554263557376,11.742880093910715,-2.2216854241166537,2.789566173045845,1.6701994410985308,1.96,3.2735909045531204,9.357963359004255,15.905145168110497,0,2.896882170580173,always
1877,10.762890322132739,11.742880093910715,11.350884185199526,-0.9799897717779764,2.896882170580173,1.7020229641753288,1.96,3.3359650097836444,8.406915084127071,15.07884510369436,0,2.8000570596906367,always
1878,10.32270680639703,11.350884185199526,10.939613233678529,-1.0281773788024964,2.8000570596906367,1.6733371028249617,1.96,3.2797407215369248,8.071143463662601,14.63062490673645,0,2.7129116428201634,always
1879,13.719422106295141,10.939613233678529,12.051536782725174,2.779808872616613,2.7129116428201634,1.6470918744320742,1.96,3.2283000738868655,7.711313159791663,14.167913307565394,0,2.9636329290930576,always
1880,17.596171673702727,12.051536782725174,14.269390739116195,5.544634890977553,2.9636329290930576,1.7215205282229595,1.96,3.3741802353170005,8.677356547408174,15.425717018042175,1,4.352600086350688,always
1881,17.648485366279523,14.269390739116195,15.621028589981528,3.3790946271633278,4.352600086350688,2.0862885913388607,1.96,4.089125639024167,10.18026510009203,18.35851637814036,0,4.705884106999357,always
1882,11.164378649976575,15.621028589981528,13.838368613979547,-4.456649940004953,4.705884106999357,2.1693049824769584,1.96,4.251837765654838,11.36919082432669,19.872866355636365,1,5.463676336036697,always
1883,10.774166514180482,13.838368613979547,12.612687774059921,-3.064202099799065,5.463676336036697,2.3374508200252464,1.96,4.581403607249483,9.256965006730065,18.41977222122903,0,5.659959244655511,always
1884,14.827970108405335,12.612687774059921,13.498800707798086,2.2152823343454138,5.659959244655511,2.3790668852841255,1.96,4.662971095156886,7.949716678903036,17.275658869216805,0,5.622335073465878,always
1885,14.636983836844964,13.498800707798086,13.954073959416837,1.1381831290468778,5.622335073465878,2.371146362725397,1.96,4.647446870941778,8.851353836856308,18.146247578739864,0,5.405991361554931,always
1886,13.332876393879385,13.954073959416837,13.705594933201855,-0.621197565537452,5.405991361554931,2.3250787860962756,1.96,4.5571544207487005,9.396919538668136,18.511228380165537,0,5.154986114248667,always
1887,9.481894341698144,13.705594933201855,12.01611469660037,-4.223700591503711,5.154986114248667,2.270459450033994,1.96,4.450100522066628,9.255494411135228,18.155695455268482,0,5.789219142869673,always
1888,11.235302660044155,12.01611469660037,11.703789881977883,-0.780812036556215,5.789219142869673,2.4060796210578053,1.96,4.715916057273298,7.300198639327072,16.73203075387367,0,5.530241557547742,always
1889,12.217394831025345,11.703789881977883,11.909231861596869,0.5136049490474619,5.530241557547742,2.3516465630591137,1.96,4.609227263595863,7.09456261838202,16.313017145573745,0,5.266918981854658,always
1890,13.8247380954604,11.909231861596869,12.675434355142281,1.9155062338635318,5.266918981854658,2.294976902248617,1.96,4.498154728407289,7.41107713318958,16.407386590004158,0,5.187031239360427,always
1891,11.656841058480246,12.675434355142281,12.267997036477468,-1.0185932966620346,5.187031239360427,2.277505486131796,1.96,4.46391075281832,8.211523602323961,17.1393451079606,0,4.979556292592647,always
1892,12.708522924074341,12.267997036477468,12.444207391516215,0.4405258875968734,4.979556292592647,2.2314919432058558,1.96,4.373724208683477,7.894272827793991,16.641721245160944,0,4.740281630845165,always
1893,15.145962238344516,12.444207391516215,13.524909330247535,2.701754846828301,4.740281630845165,2.17721878341272,1.96,4.267348815488931,8.176858576027286,16.711556207005145,0,4.8682415119209175,always
1894,13.371046088396787,13.524909330247535,13.463364033507236,-0.15386324185074862,4.8682415119209175,2.2064091895931086,1.96,4.3245620116024925,9.200347318645044,17.849471341850027,0,4.6260131311845125,always
1895,10.556762661750161,13.463364033507236,12.300723484804404,-2.906601371757075,4.6260131311845125,2.1508168520784174,1.96,4.215601030073698,9.247763003433539,17.678965063580932,0,4.8171290513402925,always
1896,8.226999989026732,12.300723484804404,10.671234086493335,-4.0737234957776725,4.8171290513402925,2.194795901978198,1.96,4.301799967877268,7.998923516927136,16.602523452681673,0,5.40603375477583,always
1897,11.070698361428192,10.671234086493335,10.831019796467277,0.39946427493485714,5.40603375477583,2.325087902591175,1.96,4.557172289078703,6.1140617974146325,15.228406375572039,0,5.1437106523845,always
1898,13.469028120921141,10.831019796467277,11.886223126248822,2.638008324453864,5.1437106523845,2.2679750114109503,1.96,4.445231022365462,6.385788774101815,15.27625081883274,0,5.234479515759669,always
1899,12.032038573316507,11.886223126248822,11.944549305075896,0.1458154470676849,5.234479515759669,2.287898493325189,1.96,4.484281046917371,7.401942079331452,16.370504173166193,0,4.973818647201863,always
1900,12.976737217997592,11.944549305075896,12.357424470244574,1.032187912921696,4.973818647201863,2.2302059651973543,1.96,4.371203691786814,7.5733456132890815,16.31575299686271,0,4.778398309220853,always
1901,14.157567471343327,12.357424470244574,13.077481670684076,1.8001430010987534,4.778398309220853,2.185954782062258,1.96,4.284471372842026,8.072953097402548,16.6418958430866,0,4.701504134980051,always
1902,13.455067935839352,13.077481670684076,13.228516176746187,0.3775862651552764,4.701504134980051,2.1682952139826464,1.96,4.249858619405987,8.827623051278088,17.327340290090063,0,4.4735574976127435,always
1903,13.224898417371277,13.228516176746187,13.227069072996223,-0.0036177593749098236,4.4735574976127435,2.1150786031759536,1.96,4.145554062224869,9.082962114521317,17.374070238971058,0,4.2498802771412505,always
1904,15.876861890897512,13.227069072996223,14.28698620015674,2.6497928179012895,4.2498802771412505,2.0615237755459552,1.96,4.040586600070072,9.186482472926151,17.267655673066294,0,4.388456362174251,always
1905,16.880573341485704,14.28698620015674,15.324421056688326,2.593587141328964,4.388456362174251,2.094864282519097,1.96,4.1059339937374295,10.18105220641931,18.39292019389417,0,4.505368257048886,always
1906,15.057373967194932,15.324421056688326,15.217602220890967,-0.26704708949339384,4.505368257048886,2.1225852767436426,1.96,4.160267142417539,11.164153914270788,19.484688199105864,0,4.283665551596786,always
1907,14.585295237271387,15.217602220890967,14.964679427443134,-0.6323069836195803,4.283665551596786,2.0697018025785225,1.96,4.056615533053904,11.160986687837063,19.27421775394487,0,4.089472880093651,always
1908,12.543622224185256,14.964679427443134,13.996256546139984,-2.4210572032578774,4.089472880093651,2.0222445154069897,1.96,3.9635992501976998,11.001080177245434,18.928278677640833,0,4.178075135161311,always
1909,13.344580866966005,13.996256546139984,13.735586274470393,-0.6516756791739784,4.178075135161311,2.044034034736533,1.96,4.006306708083605,9.98994983805638,18.00256325422359,0,3.9904054379445886,always
1910,15.018420903816681,13.735586274470393,14.248720126208909,1.2828346293462882,3.9904054379445886,1.9975999193894127,1.96,3.915295842003249,9.820290432467143,17.650882116473642,0,3.87316840035986,always
1911,14.696507346058915,14.248720126208909,14.427835014148911,0.4477872198500066,3.87316840035986,1.9680366867413472,1.96,3.8573519060130406,10.391368220195869,18.10607203222195,0,3.689535650054917,always
1912,15.024381459663136,14.427835014148911,14.6664535923546,0.5965464455142246,3.689535650054917,1.9208164019642577,1.96,3.764800147849945,10.663034866298966,18.192635161998858,0,3.522852250634954,always
1913,13.558225020801746,14.6664535923546,14.223162163733457,-1.1082285715528535,3.522852250634954,1.8769262773574655,1.96,3.678775503620632,10.987678088733968,18.34522909597523,0,3.40811816644351,always
1914,14.449975344313657,14.223162163733457,14.313887435965537,0.2268131805801996,3.40811816644351,1.8461089259422128,1.96,3.618373494846737,10.60478866888672,17.841535658580195,0,3.2402844690655797,always
1915,15.78116085348426,14.313887435965537,14.900796802973026,1.4672734175187223,3.2402844690655797,1.8000790174505061,1.96,3.528154874202992,10.785732561762545,17.84204231016853,0,3.185914809700154,always
1916,10.930469018888127,14.900796802973026,13.312665689339067,-3.9703277840848994,3.185914809700154,1.7849131098460098,1.96,3.4984296952981793,11.402367107674847,18.399226498271204,1,3.8147942048689716,always
1917,13.515659539855923,13.312665689339067,13.39386322954581,0.20299385051685626,3.8147942048689716,1.9531498162887997,1.96,3.8281736399260473,9.484492049413019,17.140839329265113,0,3.626114819792906,always
1918,11.13521236644036,13.39386322954581,12.49040288430363,-2.2586508631054496,3.626114819792906,1.9042360199809545,1.96,3.732302599162671,9.66156063038314,17.12616582870848,0,3.69988426487361,always
1919,12.061724111602066,12.49040288430363,12.318931375223006,-0.4286787727015646,3.69988426487361,1.923508322018288,1.96,3.7700763111558446,8.720326573147787,16.260479195459475,0,3.5240783261381754,always
1920,16.269950335127692,12.318931375223006,13.899338959184881,3.9510189599046868,3.5240783261381754,1.8772528668610884,1.96,3.679415619047733,8.639515756175273,15.998346994270738,1,4.128401950907582,always
1921,16.317678057396922,13.899338959184881,14.866674598469697,2.4183390982120407,4.128401950907582,2.031846930973783,1.96,3.9824199847086152,9.916918974476266,17.881758943893495,0,4.214400053059254,always
1922,12.518852693169993,14.866674598469697,13.927545836349816,-2.3478219052997034,4.214400053059254,2.0529004001800124,1.96,4.023684784352824,10.842989814116873,18.89035938282252,0,4.279293435356548,always
1923,10.774366994628528,13.927545836349816,12.6662742996613,-3.1531788417212887,4.279293435356548,2.0686453140537524,1.96,4.054544815545355,9.873001020804463,17.98209065189517,0,4.562455603982661,always
1924,14.80805246967305,12.6662742996613,13.522985567666002,2.141778170011751,4.562455603982661,2.1359905439825013,1.96,4.1865414662057026,8.479732833455596,16.852815765867003,0,4.563693510260472,always
1925,13.67789118866661,13.522985567666002,13.584947816066245,0.15490562100060856,4.563693510260472,2.1362802976811053,1.96,4.187109383454966,9.335876184211035,17.71009495112097,0,4.336708622318327,always
1926,15.558695129806466,13.584947816066245,14.374446741562334,1.9737473137402208,4.336708622318327,2.0824765598484722,1.96,4.081654057303005,9.50329375876324,17.666601873369252,0,4.314657114127248,always
1927,15.47611833498714,14.374446741562334,14.815115378932255,1.1016715934248058,4.314657114127248,2.0771752728470574,1.96,4.071263534780233,10.303183206782101,18.445710276342567,0,4.159608273408843,always
1928,12.7802304404254,14.815115378932255,14.001161403529512,-2.0348849385068544,4.159608273408843,2.0395117732949823,1.96,3.997443075658165,10.81767230327409,18.81255845459042,0,4.158665695386502,always
1929,12.117906488307634,14.001161403529512,13.247859437440761,-1.8832549152218778,4.158665695386502,2.0392806808741417,1.96,3.9969901345133176,10.004171269016194,17.99815153804283,0,4.128064864402545,always
1930,12.417292161119416,13.247859437440761,12.915632526912223,-0.8305672763213447,4.128064864402545,2.0317639785178163,1.96,3.98225739789492,9.265602039545842,17.230116835335682,0,3.9561537212072104,always
1931,15.753259853805625,12.915632526912223,14.050683457669583,2.8376273268934025,3.9561537212072104,1.9890082255252768,1.96,3.8984561220295424,9.01717640488268,16.814088648941766,0,4.16095247746346,always
1932,17.404451546367923,14.050683457669583,15.392190693148919,3.35376808869834,4.16095247746346,2.0398412873219964,1.96,3.998088923151113,10.05259453451847,18.048772380820697,0,4.515292873228852,always
1933,13.04979930010387,15.392190693148919,14.4552341359309,-2.342391393045048,4.515292873228852,2.1249218510874353,1.96,4.164846828131373,11.227343865017545,19.557037521280293,0,4.563868101477985,always
1934,11.584765629099358,14.4552341359309,13.307046733198282,-2.870468506831541,4.563868101477985,2.136321160658665,1.96,4.1871894748909835,10.268044661039916,18.642423610821883,0,4.74765416883967,always
1935,12.193681233891263,13.307046733198282,12.861700533475474,-1.1133654993070188,4.74765416883967,2.1789112347316193,1.96,4.270666020073974,9.03638071312431,17.577712753272255,0,4.572250597150045,always
1936,16.526590878474135,12.861700533475474,14.327656671474939,3.6648903449986605,4.572250597150045,2.138282160321702,1.96,4.191033034230536,8.670667499244939,17.05273356770601,0,5.015209129335762,always
1937,14.856465232949216,14.327656671474939,14.53918009606465,0.5288085614742766,5.015209129335762,2.239466259923503,1.96,4.389353869450066,9.938302802024873,18.717010540925003,0,4.778430597603398,always
1938,16.11942735755998,14.53918009606465,15.171279000662782,1.580247261495332,4.778430597603398,2.1859621674684577,1.96,4.284485848238177,10.254694247826473,18.823665944302824,0,4.664368138096402,always
1939,15.255981688785974,15.171279000662782,15.205160075912058,0.08470268812319226,4.664368138096402,2.159714827956784,1.96,4.233041062795297,10.938237937867484,19.40432006345808,0,4.431508458460347,always
1940,12.413473724921463,15.205160075912058,14.088485535515819,-2.791686350990595,4.431508458460347,2.105114832606608,1.96,4.126025071908952,11.079135004003106,19.33118514782101,0,4.599608669652689,always
1941,11.866682114545974,14.088485535515819,13.199764167127881,-2.221803420969845,4.599608669652689,2.144669827654758,1.96,4.203552862203326,9.884932673312493,18.292038397719146,0,4.616448758241719,always
1942,12.773344145114176,13.199764167127881,13.0291961583224,-0.4264200220137049,4.616448758241719,2.148592273615848,1.96,4.211240856287062,8.988523310840819,17.411005023414944,0,4.394718022088342,always
1943,12.88123782677226,13.0291961583224,12.970012825702344,-0.14795833155013938,4.394718022088342,2.0963582761752204,1.96,4.108862221303432,8.920333937018967,17.138058379625832,0,4.17607670437768,always
1944,14.54681091310183,12.970012825702344,13.60073206066214,1.5767980873994851,4.17607670437768,2.043545131475613,1.96,4.005348457692201,8.964664368010144,16.975361283394545,0,4.091587479580129,always
1945,13.508094308437203,13.60073206066214,13.563676959772163,-0.09263775222493642,4.091587479580129,2.02276728260572,1.96,3.9646238739072115,9.636108186754928,17.56535593456935,0,3.8874371932579868,always
1946,10.623401815404124,13.563676959772163,12.387566902024947,-2.940275144368039,3.8874371932579868,1.9716584879887253,1.96,3.8644506364579017,9.699226323314262,17.428127596230066,0,4.125326229824512,always
1947,12.112979228751612,12.387566902024947,12.277731832715613,-0.27458767327333433,4.125326229824512,2.0310899118021615,1.96,3.9809362271322364,8.40663067489271,16.368503129157183,0,3.922829837848969,always
1948,12.314302334922083,12.277731832715613,12.2923600335982,0.03657050220646951,3.922829837848969,1.980613500370269,1.96,3.8820024607257273,8.395729371989885,16.15973429344134,0,3.7267552160381023,always
1949,13.266350484476163,12.2923600335982,12.681956213949384,0.9739904508779631,3.7267552160381023,1.9304805660866162,1.96,3.7837419095297675,8.508618124068432,16.076101943127966,0,3.58785032515627,always
1950,13.501504790319622,12.681956213949384,13.009775644497479,0.8195485763702379,3.58785032515627,1.8941621697088848,1.96,3.712557852629414,8.96939836131997,16.394514066578797,0,3.44204080234998,always
1951,13.22340352391497,13.009775644497479,13.095226796264475,0.21362787941749062,3.44204080234998,1.8552737809687228,1.96,3.6363366106986965,9.373439033798782,16.646112255196176,0,3.2722206057757015,always
1952,17.2472343715744,13.095226796264475,14.756029826388446,4.152007575309925,3.2722206057757015,1.808928026698603,1.96,3.5454989323292616,9.549727863935214,16.640725728593736,1,3.9705679207584668,always
1953,16.883756211741513,14.756029826388446,15.607120380529672,2.1277263853530677,3.9705679207584668,1.992628395049731,1.96,3.9055516542974726,10.850478172090973,18.661581480685918,0,3.9984005032669248,always
1954,14.937193054750706,15.607120380529672,15.339149450218086,-0.669927325778966,3.9984005032669248,1.999600085833896,1.96,3.919216168234436,11.687904212295235,19.526336548764107,0,3.8209206091948458,always
1955,10.918340282466225,15.339149450218086,13.570825783117343,-4.420809167751861,3.8209206091948458,1.9547175267017087,1.96,3.831246352335349,11.507903097882737,19.170395802553436,1,4.607052263619049,always
1956,11.163962941648998,13.570825783117343,12.608080646530006,-2.406862841468344,4.607052263619049,2.146404496738452,1.96,4.206952813607366,9.363872969509977,17.77777859672471,0,4.66634908732015,always
1957,14.624661568668554,12.608080646530006,13.414713015385425,2.016580922138548,4.66634908732015,2.1601733928831153,1.96,4.233939850050906,8.3741407964791,16.84202049658091,0,4.6363615637308,always
1958,14.718522101007125,13.414713015385425,13.936236649634106,1.3038090856216993,4.6363615637308,2.1532212064093184,1.96,4.220313564562264,9.194399450823163,17.635026579947688,0,4.489539392131744,always
1959,15.943376741546976,13.936236649634106,14.739092686399253,2.00714009191287,4.489539392131744,2.1188533201077755,1.96,4.15295250741124,9.783284142222865,18.089189157045347,0,4.466492989953357,always
1960,13.465220115573077,14.739092686399253,14.229543658068783,-1.2738725708261764,4.466492989953357,2.1134079090306623,1.96,4.142279501700098,10.596813184699155,18.881372188099352,0,4.324305906790854,always
1961,12.740394494772595,14.229543658068783,13.633883992750308,-1.4891491632961884,4.324305906790854,2.079496551281308,1.96,4.075813240511364,10.15373041755742,18.305356898580147,0,4.218968872978597,always
1962,13.09504917911368,13.633883992750308,13.418350067295655,-0.5388348136366279,4.218968872978597,2.0540128706944847,1.96,4.02586522656119,9.608018766189119,17.659749219311497,0,4.022537577149008,always
1963,14.795813249154783,13.418350067295655,13.969335340039308,1.3774631818591274,4.022537577149008,2.0056264799680443,1.96,3.9310279007373667,9.48732216655829,17.34937796803302,0,3.916280939160431,always
1964,14.43172825215289,13.969335340039308,14.15429250488474,0.46239291211358236,3.916280939160431,1.978959559758721,1.96,3.8787607371270933,10.090574602912215,17.848096077166403,0,3.7311572524610535,always
1965,13.917289886107936,14.15429250488474,14.059491457374019,-0.2370026187768044,3.7311572524610535,1.9316203696536889,1.96,3.7859759245212303,10.36831658036351,17.94026842940597,0,3.547407901903354,always
1966,13.842814667921337,14.059491457374019,13.972820741592948,-0.21667678945268243,3.547407901903354,1.883456371117567,1.96,3.6915744873904313,10.367916969983588,17.75106594476445,0,3.372384948362562,always
1967,13.30796222161188,13.972820741592948,13.70687733360052,-0.6648585199810668,3.372384948362562,1.8364054422601133,1.96,3.599354666829822,10.373466074763126,17.57217540842277,0,3.2258675435240045,always
1968,14.853510801752128,13.70687733360052,14.165530720861163,1.1466334681516077,3.2258675435240045,1.796070027455501,1.96,3.520297253812782,10.186580079787738,17.2271745874133,0,3.1303125818620736,always
1969,15.678207932501474,14.165530720861163,14.770601605517287,1.5126772116403107,3.1303125818620736,1.7692689399472523,1.96,3.4677671222966144,10.69776359856455,17.633297843157777,0,3.0882065700997647,always
1970,14.90974844074507,14.770601605517287,14.8262603396084,0.13914683522778226,3.0882065700997647,1.7573293857725605,1.96,3.4443655961142183,11.326236009403068,18.214967201631506,0,2.934764333682472,always
1971,13.523557598003368,14.8262603396084,14.305179242966386,-1.3027027416050316,2.934764333682472,1.713115388315239,1.96,3.3577061610978682,11.468554178510532,18.18396650070627,0,2.8728778386476117,always
1972,14.916576384209481,14.305179242966386,14.549738099463623,0.6113971412430956,2.8728778386476117,1.6949565890156633,1.96,3.3221149144707,10.983064328495686,17.627294157437085,0,2.7479242699312425,always
1973,14.896915665802732,14.549738099463623,14.688609125999267,0.34717756633910923,2.7479242699312425,1.6576864208683264,1.96,3.2490653849019195,11.300672714561703,17.798803484365543,0,2.6165546695631376,always
1974,14.082315275637992,14.688609125999267,14.446091585854756,-0.6062938503612756,2.6165546695631376,1.617576789386871,1.96,3.170450507198267,11.518158618801,17.859059633197536,0,2.504106547734276,always
1975,14.220466377313617,14.446091585854756,14.3558415024383,-0.225625208541139,2.504106547734276,1.5824369016596762,1.96,3.1015763272529653,11.34451525860179,17.54766791310772,0,2.3814465570840238,always
1976,17.098502213025448,14.3558415024383,15.45290578667316,2.742660710587147,2.3814465570840238,1.5431936226812317,1.96,3.024659500455214,11.331182001983088,17.380501002893514,0,2.6384836178997424,always
1977,14.200833827126653,15.45290578667316,14.952077002854558,-1.252071959546507,2.6384836178997424,1.624340979566711,1.96,3.1837083199507537,12.269197466722407,18.636614106623913,0,2.584943646598887,always
1978,14.188534529346299,14.952077002854558,14.646660013451253,-0.7635424735082594,2.584943646598887,1.607775993911741,1.96,3.1512409480670125,11.800836054787545,18.10331795092157,0,2.4848463197114983,always
1979,11.635447062187293,14.646660013451253,13.442174832945668,-3.0112129512639605,2.4848463197114983,1.576339531862187,1.96,3.089625482449886,11.557034531001367,17.73628549590114,0,2.8139741756189136,always
1980,13.275410709982161,13.442174832945668,13.375469183760265,-0.16676412296350662,2.8139741756189136,1.6774904397995578,1.96,3.2878812620071334,10.154293570938535,16.7300560949528,0,2.6746659804733572,always
1981,17.572647136308746,13.375469183760265,15.054340364779657,4.197177952548481,2.6746659804733572,1.6354406074429475,1.96,3.205463590588177,10.170005593172087,16.58093277434844,1,3.421747819717642,always
1982,17.701385713495128,15.054340364779657,16.113158504265847,2.647045348715471,3.421747819717642,1.8497966968609394,1.96,3.625601525847441,11.428738838932215,18.6799418906271,0,3.60100288263957,always
1983,15.152945477752393,16.113158504265847,15.729073293660464,-0.9602130265134541,3.60100288263957,1.8976308604782886,1.96,3.7193564865374453,12.393802017728401,19.832514990803293,0,3.467053191321898,always
1984,12.462900226699258,15.729073293660464,14.42260406687598,-3.2661730669612066,3.467053191321898,1.8620024681299157,1.96,3.6495248375346345,12.07954845612583,19.378598131195098,0,3.8270948569229417,always
1985,13.010338197876191,14.42260406687598,13.857697719276064,-1.4122658689997891,3.8270948569229417,1.9562962088914198,1.96,3.834340569427183,10.588263497448796,18.256944636303164,0,3.7354648583138808,always
1986,14.259158582271052,13.857697719276064,14.01828206447406,0.4014608629949876,3.7354648583138808,1.9327350719418015,1.96,3.788160741005931,10.069536978270133,17.645858460281996,0,3.5567501566240205,always
1987,13.933861138527503,14.01828206447406,13.984513694095437,-0.08442092594655648,3.5567501566240205,1.8859348230052968,1.96,3.6964322530903817,10.321849811383677,17.71471431756444,0,3.3792689934297027,always
1988,13.85842396876867,13.984513694095437,13.93407780396473,-0.1260897253267661,3.3792689934297027,1.8382788127565695,1.96,3.6030264730028763,10.381487221092561,17.587540167098314,0,3.2111004746998666,always
1989,14.70819555293711,13.93407780396473,14.243724903553682,0.7741177489723796,3.2111004746998666,1.7919543729403007,1.96,3.512230570962989,10.42184723300174,17.446308374927717,0,3.0805083654285763,always
1990,13.807379744581969,14.243724903553682,14.069186839964996,-0.43634515897171333,3.0805083654285763,1.7551377055458002,1.96,3.440069902869768,10.803655000683914,17.68379480642345,0,2.9360028020450497,always
1991,12.7834073392536,14.069186839964996,13.554875039680438,-1.2857795007113957,2.9360028020450497,1.7134768168974595,1.96,3.3584145611190204,10.710772278845976,17.427601401084015,0,2.8718641081652794,always
1992,11.788489374872913,13.554875039680438,12.848320773757429,-1.7663856648075242,2.8718641081652794,1.6946575194313687,1.96,3.3215287380854823,10.233346301594956,16.87640377776592,0,2.884276818598891,always
1993,14.329977494430292,12.848320773757429,13.440983462026574,1.4816567206728628,2.884276818598891,1.6983158771556284,1.96,3.3286991192250315,9.519621654532397,16.17701989298246,0,2.8498283095646997,always
1994,16.58422670217231,13.440983462026574,14.698280758084868,3.1432432401457344,2.8498283095646997,1.6881434505292197,1.96,3.3087611630372704,10.132222298989305,16.749744625063844,0,3.2013357974225576,always
1995,16.195537940443018,14.698280758084868,15.29718363102813,1.4972571823581493,3.2013357974225576,1.7892277097738447,1.96,3.5068863111567357,11.191394446928133,18.205167069241604,0,3.1533579610575826,always
1996,15.935465152272656,15.29718363102813,15.55249623952594,0.6382815212445259,3.1533579610575826,1.7757696813093704,1.96,3.480508575366366,11.816675055661763,18.777692206394494,0,3.016060228022815,always
1997,14.657811576763175,15.55249623952594,15.194622374420835,-0.8946846627627654,3.016060228022815,1.7366808077544977,1.96,3.4038943831988155,12.148601856327124,18.956390622724754,0,2.9052802489108203,always
1998,14.477470775970211,15.194622374420835,14.907761735040584,-0.7171515984506236,2.9052802489108203,1.704488265993879,1.96,3.340797001348003,11.853825373072832,18.53541937576884,0,2.7857315572232935,always
1999,14.875832815656882,14.907761735040584,14.894990167287101,-0.03192891938370224,2.7857315572232935,1.6690510948509916,1.96,3.2713401459079434,11.63642158913264,18.179101880948526,0,2.646495952156779,always
2000,14.61195427228171,14.894990167287101,14.781775809284945,-0.2830358950053906,2.646495952156779,1.6268054438551585,1.96,3.1885386699561105,11.706451497330992,18.08352883724321,0,2.518176620442015,always
2001,14.908023413346115,14.781775809284945,14.832274850909412,0.1262476040611702,2.518176620442015,1.5868763721355281,1.96,3.110277689385635,11.67149811989931,17.89205349867058,0,2.3930647122964737,always
2002,19.33506583555468,14.832274850909412,16.63339124476752,4.502790984645268,2.3930647122964737,1.5469533646159064,1.96,3.0320285946471763,11.800246256262236,17.864303445556587,1,3.287167809251785,always
2003,17.84410132487949,16.63339124476752,17.117675276812307,1.2107100801119692,3.287167809251785,1.8130548279772967,1.96,3.5535874628355013,13.079803781932018,20.18697870760302,0,3.196100363693432,always
2004,14.4151113104697,17.117675276812307,16.03664969027526,-2.7025639663426073,3.196100363693432,1.78776406824095,1.96,3.504017573752262,13.613657703060046,20.621692850564568,0,3.4014879451174345,always
2005,14.753030859017235,16.03664969027526,15.523202157772051,-1.2836188312580266,3.4014879451174345,1.844312323094284,1.96,3.6148521532647964,12.421797537010466,19.651501843540057,0,3.3137974130595738,always
2006,16.397044483118,15.523202157772051,15.872739087910428,0.8738423253459473,3.3137974130595738,1.8203838642054522,1.96,3.567952373842686,11.955249783929364,19.091154531614738,0,3.1862875628848952,always
2007,14.729523938946691,15.872739087910428,15.415453028324933,-1.143215148963737,3.1862875628848952,1.7850175245315927,1.96,3.4986343480819215,12.374104739828507,19.37137343599235,0,3.0923202285816593,always
2008,16.698209503654624,15.415453028324933,15.928555618456809,1.2827564753296912,3.0923202285816593,1.758499425243483,1.96,3.4466588734772263,11.968794154847707,18.86211190180216,0,3.0199774259025887,always
2009,16.88787186969318,15.928555618456809,16.31228211895136,0.9593162512363698,3.0199774259025887,1.7378082247194564,1.96,3.4061041204501343,12.522451498006674,19.334659738906943,0,2.914992938101769,always
2010,14.492221727165013,16.31228211895136,15.584257962236821,-1.8200603917863454,2.914992938101769,1.7073350397920641,1.96,3.3463766779924455,12.965905440958913,19.658658796943804,0,2.9348742826841536,always
2011,16.40957327298323,15.584257962236821,15.914384086535385,0.8253153107464097,2.9348742826841536,1.7131474783812846,1.96,3.357769057627318,12.226488904609504,18.94202701986414,0,2.822187836657568,always
2012,17.913146457601663,15.914384086535385,16.713889034961895,1.9987623710662774,2.822187836657568,1.6799368549613904,1.96,3.292676235724325,12.62170785081106,19.20706032225971,0,2.8808309956242137,always
2013,15.02128825014751,16.713889034961895,16.03684872103614,-1.6926007848143847,2.8808309956242137,1.6973010916228781,1.96,3.326710139580841,13.387178895381053,20.040599174542734,0,2.8800343166807165,always
2014,17.09697398167426,16.03684872103614,16.460898825291387,1.0601252606381202,2.8800343166807165,1.6970663854666135,1.96,3.3262501155145623,12.710598605521579,19.3630988365507,0,2.7922258792588326,always
2015,18.110736316480093,16.460898825291387,17.12083382176687,1.6498374911887055,2.7922258792588326,1.6709954755351173,1.96,3.27515113204883,13.185747693242558,19.736049957340217,0,2.7887127726624827,always
2016,16.677660625613356,17.12083382176687,16.943564543305463,-0.4431731961535128,2.7887127726624827,1.6699439429700875,1.96,3.2730901282213716,13.847743693545498,20.393923949988242,0,2.6590972581188046,always
2017,17.711556425560637,16.943564543305463,17.250761296207532,0.7679918822551741,2.6590972581188046,1.6306738662647429,1.96,3.196120777878896,13.747443765426567,20.13968532118436,0,2.5556329717733566,always
2018,16.902050218274166,17.250761296207532,17.111276865034185,-0.3487110779333662,2.5556329717733566,1.5986347211834717,1.96,3.1333240535196043,14.117437242687927,20.384085349727137,0,2.4339312939783615,always
2019,15.618327305528133,17.111276865034185,16.514097041231764,-1.4929495595060516,2.4339312939783615,1.5601061803538763,1.96,3.0578081134935973,14.053468751540588,20.16908497852778,0,2.423679648640909,always
2020,14.304521100146815,16.514097041231764,15.630266664797785,-2.2095759410849496,2.423679648640909,1.5568171532459774,1.96,3.0513616203621154,13.462735420869649,19.56545866159388,0,2.546606958179935,always
2021,16.02132466628464,15.630266664797785,15.786689865392528,0.3910580014868561,2.546606958179935,1.5958091860181578,1.96,3.127786004595589,12.502480660202195,18.758052669393376,0,2.426922928297283,always
2022,17.550438700683344,15.786689865392528,16.492189399508852,1.7637488352908157,2.426922928297283,1.5578584429585645,1.96,3.053402548198786,12.733287317193742,18.840092413591314,0,2.461117279581904,always
2023,16.91662109710225,16.492189399508852,16.66196207854621,0.4244316975933984,2.461117279581904,1.5687948494248392,1.96,3.074837904872685,13.417351494636168,19.567027304381536,0,2.3470685288989093,always
2024,14.564773777118273,16.66196207854621,15.823086757975034,-2.0971883014279378,2.3470685288989093,1.5320145328615227,1.96,3.0027484844085843,13.659213594137626,19.664710562954795,0,2.4496250410362737,always
2025,14.85044849896895,15.823086757975034,15.434031454372601,-0.972638259006084,2.4496250410362737,1.565127803419348,1.96,3.067650494701922,12.755436263273111,18.890737252676956,0,2.374445048128579,always
2026,15.898184032179028,15.434031454372601,15.619692485495172,0.46415257780642705,2.374445048128579,1.540923440060725,1.96,3.020209942519021,12.41382151185358,18.45424139689162,0,2.2664946764963676,always
2027,14.488474691721638,15.619692485495172,15.167205367985758,-1.1312177937735335,2.2664946764963676,1.505488185438985,1.96,2.9507568434604106,12.66893564203476,18.570449328955583,0,2.217152627519042,always
2028,12.91127427195719,15.167205367985758,14.26483292957433,-2.2559310960285686,2.217152627519042,1.4890106203513265,1.96,2.9184608158886,12.248744552097158,18.08566618387436,0,2.360756251644523,always
2029,15.725257285528148,14.26483292957433,14.849002671955859,1.4604243559538173,2.360756251644523,1.5364752688034138,1.96,3.011491526854691,11.25334140271964,17.276324456429023,0,2.349360404035453,always
2030,13.451684762760761,14.849002671955859,14.29007550827782,-1.3973179091950971,2.349360404035453,1.532762344277629,1.96,3.004214194784153,11.844788477171706,17.853216866740013,0,2.329517250801548,always
2031,14.891498005334274,14.29007550827782,14.530644507100401,0.6014224970564541,2.329517250801548,1.5262756142982656,1.96,2.9915002040246006,11.29857530425322,17.28157571230242,0,2.2311268392597516,always
2032,15.866931835189447,14.530644507100401,15.06515943833602,1.3362873280890462,2.2311268392597516,1.4936956983468057,1.96,2.927643568759739,11.603000938340662,17.45828807586014,0,2.2088536884573324,always
2033,18.411780008766396,15.06515943833602,16.40380766650817,3.3466205704303764,2.2088536884573324,1.4862212784297406,1.96,2.9129937057222914,12.152165732613728,17.97815314405831,1,2.6584044661558526,always
2034,16.7483997739343,16.40380766650817,16.54164450947862,0.34459210742613067,2.6584044661558526,1.6304614273744267,1.96,3.195704397653876,13.208103268854291,19.599512064162045,0,2.531421428873079,always
2035,16.207376181355222,16.54164450947862,16.40793717822926,-0.3342683281233967,2.531421428873079,1.5910441316547694,1.96,3.118446498043348,13.423198011435272,19.660091007521967,0,2.410437123188746,always
2036,15.129855059989296,16.40793717822926,15.896704330933275,-1.2780821182399649,2.410437123188746,1.552558251141884,1.96,3.0430141722380926,13.36492300599117,19.450951350467353,0,2.3715899620775462,always
2037,15.51984717554518,15.896704330933275,15.745961468778036,-0.3768571553880946,2.3715899620775462,1.5399967409308197,1.96,3.018393612224407,12.878310718708867,18.915097943157683,0,2.260111529752029,always
2038,17.227235571712537,15.745961468778036,16.338471109951836,1.481274102934501,2.260111529752029,1.5033667316234016,1.96,2.946598793981867,12.79936267479617,18.692560262759905,0,2.2568146016656483,always
2039,16.257584180768063,16.338471109951836,16.30611633827833,-0.08088692918377305,2.2568146016656483,1.5022698165328519,1.96,2.9444488404043896,13.394022269547447,19.282919950356227,0,2.144301006348005,always
2040,17.010765049352173,16.30611633827833,16.587975822707868,0.704648711073844,2.144301006348005,1.4643431996454945,1.96,2.8701126713051694,13.43600366697316,19.176229009583498,0,2.061912446331506,always
2041,14.962120123567548,16.587975822707868,15.937633543051739,-1.6258556991403204,2.061912446331506,1.4359360871332352,1.96,2.814434730781141,13.773541091926727,19.40241055348901,0,2.0909871617362836,always
2042,15.28877881330201,15.937633543051739,15.678091651151846,-0.6488547297497291,2.0909871617362836,1.4460246062001447,1.96,2.8342082281522836,13.103425314899456,18.771841771204024,0,2.007488426665399,always
2043,17.451166810379213,15.678091651151846,16.38732171484279,1.7730751592273677,2.007488426665399,1.4168586473834992,1.96,2.7770429488716584,12.901048702280187,18.455134600023506,0,2.0643037813455867,always
2044,18.191366917262023,16.38732171484279,17.108939795810485,1.804045202419232,2.0643037813455867,1.4367685204463476,1.96,2.816066300074841,13.57125541476795,19.203388014917632,0,2.1238175468968996,always
2045,19.438904060270723,17.108939795810485,18.04092550159458,2.329964264460237,2.1238175468968996,1.457332339206435,1.96,2.8563713848446124,14.252568410965873,19.9653111806551,0,2.2890633432351413,always
2046,15.79750000156543,18.04092550159458,17.14355530158292,-2.243425500029149,2.2890633432351413,1.5129650832835309,1.96,2.9654115632357203,15.075513938358858,21.006337064830298,0,2.426258074782436,always
2047,12.065324093781015,17.14355530158292,15.11226281846216,-5.078231207801906,2.426258074782436,1.557645041330802,1.96,3.052984281008372,14.090571020574549,20.196539582591292,1,3.5943667810379747,always
2048,12.223941792743215,15.11226281846216,13.956934408174583,-2.8883210257189447,3.5943667810379747,1.8958815313826902,1.96,3.7159278015100727,11.396335016952087,18.828190619972233,0,3.831768359366583,always
2049,16.66736687857808,13.956934408174583,15.041107396335981,2.7104324704034966,3.831768359366583,1.9574903216533621,1.96,3.8366810304405896,10.120253377733993,17.793615438615173,0,4.007502150229134,always
2050,19.010333632179307,15.041107396335981,16.62879789067331,3.969226235843326,4.007502150229134,2.0018746589707193,1.96,3.9236743315826095,11.11743306475337,18.96478172791859,1,4.594864888283026,always
2051,17.60090172948967,16.62879789067331,17.017639426199857,0.9721038388163592,4.594864888283026,2.1435635955770067,1.96,4.201384647330933,12.427413243342379,20.830182538004244,0,4.41237093754095,always
2052,13.745938647943454,17.017639426199857,15.708959114897295,-3.2717007782564025,4.41237093754095,2.10056443308482,1.96,4.117106288846247,12.900533137353609,21.134745715046105,0,4.72695368978608,always
2053,14.972413264014829,15.708959114897295,15.414340774544309,-0.7365458508824663,4.72695368978608,2.1741558568295143,1.96,4.261345479385848,11.447613635511448,19.970304594283142,0,4.5177309948193844,always
2054,14.64842146796136,15.414340774544309,15.107973051911129,-0.7659193065829495,4.5177309948193844,2.1254954704302205,1.96,4.165971122043232,11.248369652501076,19.580311896587542,0,4.321176064288241,always
2055,17.41627062233475,15.107973051911129,16.031292080080576,2.308297570423621,4.321176064288241,2.0787438669273905,1.96,4.0743379791776855,11.033635072733443,19.182311031088815,0,4.371529144755008,always
2056,21.78670927412997,16.031292080080576,18.333458957700334,5.755417194049393,4.371529144755008,2.0908202086155105,1.96,4.098007608886401,11.933284471194174,20.129299688966977,1,5.8091940413952265,always
2057,19.28856697316793,18.333458957700334,18.715502163887372,0.9551080154675979,5.8091940413952265,2.4102269688548477,1.96,4.7240448589555015,13.609414098744832,23.057503816655835,0,5.564345905385988,always
2058,15.929447750322389,18.715502163887372,17.601080398461377,-2.786054413564983,5.564345905385988,2.3588865817130733,1.96,4.623417700157623,14.092084463729748,23.338919864044996,0,5.674233569883935,always
2059,13.549095510266127,17.601080398461377,15.980286443183278,-4.05198488819525,5.674233569883935,2.38206498019763,1.96,4.668847361187354,12.932233037274024,22.26992775964873,0,6.211450968097871,always
2060,11.824413449368258,15.980286443183278,14.31793724565727,-4.15587299381502,6.211450968097871,2.492278268592388,1.96,4.88486540644108,11.095421036742199,20.865151849624358,0,6.764442436729029,always
2061,13.791021269942558,14.31793724565727,14.107170855371386,-0.5269159757147115,6.764442436729029,2.600854174445201,1.96,5.097674181912594,9.220263063744675,19.415611427569864,0,6.440102337165746,always
2062,15.09806317563328,14.107170855371386,14.503527783476144,0.990892320261894,6.440102337165746,2.537735671256119,1.96,4.973961915661993,9.133208939709393,19.08113277103338,0,6.167190599825159,always
2063,14.367820405786164,14.503527783476144,14.449244832400153,-0.13570737768998065,6.167190599825159,2.4833828943248277,1.96,4.867430472876662,9.636097310599482,19.370958256352807,0,5.859751894451875,always
2064,18.03020056864853,14.449244832400153,15.881627126899504,3.580955736248379,5.859751894451875,2.4206924411109885,1.96,4.744557184577538,9.704687647822615,19.193802016977692,0,6.20792649897779,always
2065,18.418503915334696,15.881627126899504,16.89637784227358,2.536876788435192,6.20792649897779,2.4915710904924606,1.96,4.883479337365222,10.998147789534283,20.765106464264726,0,6.219317366013963,always
2066,16.980533435797525,16.89637784227358,16.93004007968316,0.08415559352394553,6.219317366013963,2.4938559232670126,1.96,4.887957609603345,12.008420232670236,21.784335451876924,0,5.908705605909334,always
2067,14.890534556016794,16.93004007968316,16.114237870216613,-2.0395055236663655,5.908705605909334,2.430782920359063,1.96,4.764334523903763,12.165705555779397,21.694374603586922,0,5.821249464667147,always
2068,14.559747392046159,16.114237870216613,15.492441678948431,-1.5544904781704538,5.821249464667147,2.4127265623495644,1.96,4.728944062205146,11.385293808011467,20.843181932421757,0,5.65100902376992,always
2069,17.1124071805783,15.492441678948431,16.140427879600377,1.619965501629867,5.65100902376992,2.3771851050706845,1.96,4.659282805938542,10.83315887300989,20.151724484886973,0,5.499672983904969,always
2070,17.314064934281078,16.140427879600377,16.609882701472657,1.1736370546807002,5.499672983904969,2.3451381588096187,1.96,4.596470791266853,11.543957088333524,20.73689867086723,0,5.2935605315157,always
2071,17.003276277316594,16.609882701472657,16.767240131810233,0.3933935758439375,5.2935605315157,2.300773898390648,1.96,4.50951684084567,12.100365860626987,21.119399542318327,0,5.036620430215679,always
2072,15.625926852481893,16.767240131810233,16.310714820078896,-1.1413132793283403,5.036620430215679,2.2442416158283134,1.96,4.398713567023494,12.36852656478674,21.165953698833725,0,4.849919208783455,always
2073,14.735688636732768,16.310714820078896,15.680704346740445,-1.5750261833461288,4.849919208783455,2.202253211777305,1.96,4.316416295083517,11.99429852499538,20.627131115162413,0,4.731458622255577,always
2074,13.293078507395922,15.680704346740445,14.725654011002636,-2.3876258393445227,4.731458622255577,2.175191628858381,1.96,4.263375592562427,11.417328754178019,19.94407993930287,0,4.77992354857808,always
2075,12.016379192520475,14.725654011002636,13.641944083609772,-2.709274818482161,4.77992354857808,2.1863036268044014,1.96,4.285155108536626,10.44049890246601,19.01080911953926,0,4.907935873252254,always
2076,14.54594541021472,13.641944083609772,14.003544614251751,0.9040013266049485,4.907935873252254,2.2153861679743905,1.96,4.3421568892298055,9.299787194379967,17.984100972839578,0,4.703399999514817,always
2077,17.179122687858445,14.003544614251751,15.27377584369443,3.175578073606694,4.703399999514817,2.1687323485194794,1.96,4.250715403098179,9.752829211153571,18.25426001734993,0,4.9724448046176555,always
2078,15.48030585254452,15.27377584369443,15.356387847234465,0.20653000885008943,4.9724448046176555,2.2298979359194124,1.96,4.370599954402048,10.903175889292381,19.64437579809648,0,4.725955296614553,always
2079,15.021909870045539,15.356387847234465,15.222596656358895,-0.3344779771889268,4.725955296614553,2.173926239920424,1.96,4.260895430244031,11.095492416990435,19.617283277478496,0,4.495251307645045,always
2080,15.728621840240816,15.222596656358895,15.425006729911665,0.5060251838819205,4.495251307645045,2.120200770598163,1.96,4.1555935103724,11.067003145986495,19.378190166731294,0,4.283291816598929,always
2081,13.06720616003265,15.425006729911665,14.481886501960059,-2.3578005698790143,4.283291816598929,2.069611513448582,1.96,4.056438566359221,11.368568163552444,19.481445296270884,0,4.347088402135072,always
2082,12.97832578667993,14.481886501960059,13.880462215848008,-1.5035607152801287,4.347088402135072,2.084967242460915,1.96,4.086535795223393,10.395350706736664,18.568422297183453,0,4.242768723255002,always
2083,16.239288232594834,13.880462215848008,14.823992622546738,2.3588260167468267,4.242768723255002,2.059798223917819,1.96,4.037204518878926,9.843257696969083,17.917666734726932,0,4.308833295956337,always
2084,18.20999814031055,14.823992622546738,16.178394829652262,3.3860055177638113,4.308833295956337,2.0757729394026545,1.96,4.068514961229202,10.755477661317535,18.89250758377594,0,4.6666432994748686,always
2085,15.450842393289271,16.178394829652262,15.887373855107064,-0.7275524363629913,4.6666432994748686,2.1602414910085557,1.96,4.234073322376769,11.944321507275493,20.41246815202903,0,4.459777761884011,always
2086,14.77817844156789,15.887373855107064,15.443695689691396,-1.1091954135391742,4.459777761884011,2.111818591139876,1.96,4.1391644386341575,11.748209416472907,20.026538293741222,0,4.298304597060627,always
2087,17.050096706336806,15.443695689691396,16.086256096349558,1.6064010166454104,4.298304597060627,2.073235297080538,1.96,4.063541182277854,11.380154507413542,19.507236871969248,0,4.212415578521566,always
2088,18.381578241504485,16.086256096349558,17.004384954411528,2.295322145154927,4.212415578521566,2.0524170089242504,1.96,4.022737337491531,12.063518758858027,20.10899343384109,0,4.265219987097418,always
2089,16.735969911213388,17.004384954411528,16.897018937132273,-0.26841504319813936,4.265219987097418,2.065240902920872,1.96,4.047872169724909,12.95651278468662,21.052257124136435,0,4.0555613195133,always
2090,14.52382835598935,16.897018937132273,15.947742704675104,-2.3731905811429233,4.0555613195133,2.013842426684198,1.96,3.9471311563010283,12.949887780831245,20.844150093433303,0,4.134384930258909,always
2091,13.77729533148516,15.947742704675104,15.079563755399127,-2.170447373189944,4.134384930258909,2.03331869864488,1.96,3.985304649343965,11.96243805533114,19.93304735401907,0,4.163207773735319,always
2092,16.081192695260906,15.079563755399127,15.480215331343839,1.0016289398617797,4.163207773735319,2.040394024137328,1.96,3.9991722873091633,11.080391468089964,19.07873604270829,0,4.005210411706985,always
2093,17.427723911128297,15.480215331343839,16.25921876325762,1.9475085797844578,4.005210411706985,2.0013021790092034,1.96,3.9225522708580387,11.557663060485801,19.402767602201877,0,3.994589374538339,always
2094,17.735144008199825,16.25921876325762,16.8495888612345,1.4759252449422036,3.994589374538339,1.9986468859051463,1.96,3.9173478963740864,12.341870866883536,20.176566659631707,0,3.9037776722443067,always
2095,16.500035169037474,16.8495888612345,16.70976738435569,-0.34955369219702703,3.9037776722443067,1.975797983662375,1.96,3.872564047978255,12.977024813256246,20.722152909212756,0,3.71469817781852,always
2096,16.635595022843734,16.70976738435569,16.680098439750907,-0.07417236151195539,3.71469817781852,1.9273552287574078,1.96,3.7776162483645193,12.93215113599117,20.48738363272021,0,3.529238345888207,always
2097,16.248228228624054,16.680098439750907,16.507350355300165,-0.43187021112685287,3.529238345888207,1.8786267180811111,1.96,3.682108367438978,12.997990072311929,20.362206807189885,0,3.362102022556734,always
2098,16.983172499950093,16.507350355300165,16.697679213160136,0.47582214464992845,3.362102022556734,1.8336035619939044,1.96,3.5938629815080527,12.913487373792112,20.101213336808218,0,3.2053172570958597,always
2099,17.747023541207987,16.697679213160136,17.11741694437928,1.0493443280478516,3.2053172570958597,1.7903399836611646,1.96,3.5090663679758825,13.188612845184252,20.20674558113602,0,3.1001075701813763,always
2100,15.324837929412524,17.11741694437928,16.400385338392578,-1.7925790149667549,3.1001075701813763,1.7607122337796646,1.96,3.4509959782081423,13.666420966171136,20.56841292258742,0,3.1057691679172663,always
2101,13.3591749167374,16.400385338392578,15.183901169730508,-3.041210421655178,3.1057691679172663,1.762319258226859,1.96,3.4541457461246434,12.946239592267935,19.85453108451722,0,3.412928750960606,always
2102,18.418325269358007,15.183901169730508,16.477670809581507,3.2344240996274998,3.412928750960606,1.8474113648455792,1.96,3.620926275097335,11.562974894633172,18.804827444827843,0,3.765357276225134,always
2103,20.506395799314497,16.477670809581507,18.089160805474705,4.028724989732989,3.765357276225134,1.9404528533889027,1.96,3.803287592642249,12.674383216939258,20.280958402223757,1,4.388620664558831,always
2104,16.27294600166551,18.089160805474705,17.36267488395103,-1.8162148038091956,4.388620664558831,2.094903497672108,1.96,4.106010855437331,13.983149950037374,22.195171660912038,0,4.334121442009673,always
2105,14.18984045551399,17.36267488395103,16.09354111257621,-3.1728344284370404,4.334121442009673,2.081855288440979,1.96,4.080436365344319,13.282238518606711,21.44311124929535,0,4.620759285422959,always
2106,17.285242711030378,16.09354111257621,16.57022175195788,1.1917015984541663,4.620759285422959,2.149595144538375,1.96,4.213206483295215,11.880334629280997,20.30674759587143,0,4.460728956139722,always
2107,18.60671015216189,16.57022175195788,17.384817112039485,2.0364884002040107,4.460728956139722,2.1120437865109998,1.96,4.13960582156156,12.430615930396321,20.70982757351944,0,4.44505675854101,always
2108,17.503312606803256,17.384817112039485,17.432215309944993,0.11849549476377064,4.44505675854101,2.108330324816538,1.96,4.132327436640415,13.25248967539907,21.5171445486799,0,4.223505979727925,always
2109,19.049955278470456,17.432215309944993,18.079311297355176,1.6177399685254628,4.223505979727925,2.0551170233658045,1.96,4.028029365796977,13.404185944148017,21.46024467574197,0,4.143184811029767,always
2110,16.85738614410493,18.079311297355176,17.590541236055074,-1.2219251532502469,4.143184811029767,2.035481469095154,1.96,3.989543679426502,14.089767617928674,22.06885497678168,0,4.01068062448556,always
2111,15.142224010595479,17.590541236055074,16.611214345871236,-2.4483172254595953,4.01068062448556,2.002668376063686,1.96,3.925230017084824,13.665311218970249,21.5157712531399,0,4.109859455085391,always
2112,16.723721046877223,16.611214345871236,16.65621702627363,0.11250670100598725,4.109859455085391,2.0272788301280587,1.96,3.9734665070509947,12.63774783882024,20.58468085292223,0,3.904999370219684,always
2113,18.798803020909418,16.65621702627363,17.513251424127944,2.1425859946357875,3.904999370219684,1.9761071251882283,1.96,3.8731699653689273,12.783047060904703,20.529386991642557,0,3.939283138929171,always
2114,19.411935840618135,17.513251424127944,18.27272519072402,1.898684416490191,3.939283138929171,1.9847627412184992,1.96,3.890134972788258,13.623116451339685,21.4033863969162,0,3.922569107653847,always
2115,19.36461706076959,18.27272519072402,18.70948193874225,1.0918918700455684,3.922569107653847,1.9805476787125946,1.96,3.8818734502766854,14.390851740447335,22.154598641000707,0,3.7860520450647352,always
2116,17.96067024717496,18.70948193874225,18.409957262115334,-0.7488116915672904,3.7860520450647352,1.9457780050829887,1.96,3.813724889962658,14.895757048779593,22.523206828704907,0,3.6247853902828915,always
2117,17.578169526327798,18.409957262115334,18.07724216780032,-0.8317877357875361,3.6247853902828915,1.9038869163589762,1.96,3.7316183560635934,14.67833890605174,22.141575618178926,0,3.4781396626390744,always
2118,16.927752703236575,18.07724216780032,17.617446381974823,-1.1494894645637466,3.4781396626390744,1.864977121210626,1.96,3.655355157572827,14.421887010227493,21.73259732537315,0,3.370298980964273,always
2119,17.211614313633117,17.617446381974823,17.45511355463814,-0.4058320683417058,3.370298980964273,1.8358374059170581,1.96,3.5982413155974338,14.019205066377388,21.215687697572257,0,3.2100190153007846,always
2120,17.774393506642035,17.45511355463814,17.582825535439696,0.31927995200389603,3.2100190153007846,1.7916525933620013,1.96,3.5116390829895225,13.943474471648617,20.96675263762766,0,3.0546150489233255,always
2121,18.131476150897214,17.582825535439696,17.802285781622704,0.5486506154575181,3.0546150489233255,1.7477457048790952,1.96,3.4255815815630264,14.15724395387667,21.008407117002722,0,2.916935171369255,always
2122,18.90049864859145,17.802285781622704,18.2415709284102,1.0982128669687476,2.916935171369255,1.7079037359784817,1.96,3.347491322517824,14.45479445910488,21.14977710414053,0,2.8313919878595777,always
2123,18.85727963662351,18.2415709284102,18.487854411695523,0.6157087082133081,2.8313919878595777,1.6826740587111866,1.96,3.2980411550739257,14.943529773336277,21.539612083484126,0,2.7087772491350837,always
2124,17.680443962028654,18.487854411695523,18.164890231828775,-0.8074104496668681,2.7087772491350837,1.6458363372872418,1.96,3.225839221082994,15.262015190612528,21.713693632778515,0,2.605933968389892,always
2125,15.715937581493879,18.164890231828775,17.185309171694815,-2.4489526503348955,2.605933968389892,1.6142905464599278,1.96,3.1640094710614584,15.000880760767316,21.328899702890233,0,2.7755057241495127,always
2126,16.440847454976065,17.185309171694815,16.887524485007315,-0.7444617167187495,2.7755057241495127,1.665984911141008,1.96,3.265330425836376,13.919978745858439,20.45063959753119,0,2.6644416003250284,always
2127,17.714513004895082,16.887524485007315,17.21831989296242,0.8269885198877667,2.6644416003250284,1.6323117350325667,1.96,3.1993310006638307,13.688193484343484,20.086855485671144,0,2.565415020910085,always
2128,18.448056445168817,17.21831989296242,17.710214513844978,1.229736552206397,2.565415020910085,1.6016913001293618,1.96,3.139314948253549,14.07900494470887,20.35763484121597,0,2.5127568692562043,always
2129,21.271365325364354,17.710214513844978,19.134674838452728,3.5611508115193757,2.5127568692562043,1.5851677732203,1.96,3.106928835511788,14.60328567833319,20.817143349356765,1,3.0212087809126493,always
2130,18.503131804822353,19.134674838452728,18.882057625000577,-0.6315430336303756,3.0212087809126493,1.738162472530301,1.96,3.40679844615939,15.727876392293338,22.541473284612117,0,2.8900906720333697,always
2131,16.84962994889927,18.882057625000577,18.069086554560055,-2.0324276761013067,2.8900906720333697,1.7000266680359368,1.96,3.332052269350436,15.550005355650141,22.21410989435101,0,2.952124251360829,always
2132,18.210905167794834,18.069086554560055,18.125813999853968,0.14181861323477918,2.952124251360829,1.7181746859271407,1.96,3.3676223844171957,14.70146417014286,21.43670893897725,0,2.8055236647457793,always
2133,18.39873099737634,18.125813999853968,18.234980798862914,0.27291699752237264,2.8055236647457793,1.674969750397236,1.96,3.2829407107785826,14.842873289075385,21.40875471063255,0,2.6689716658853215,always
2134,21.190553693286635,18.234980798862914,19.4172099566324,2.955572894423721,2.6689716658853215,1.633698768404176,1.96,3.2020495860721847,15.032931212790729,21.4370303849351,0,2.972293639303666,always
2135,18.697907779686595,19.4172099566324,19.12948908585408,-0.7193021769458063,2.972293639303666,1.7240341177899194,1.96,3.379106870868242,16.03810308576416,22.796316827500643,0,2.8495487384264315,always
2136,16.85960165464871,19.12948908585408,18.22153411337193,-2.269887431205369,2.8495487384264315,1.6880606441791217,1.96,3.3085988625910785,15.820890223263,22.43808794844516,0,2.9646907490223153,always
2137,15.318598485606454,18.22153411337193,17.06035986226574,-2.9029356277654763,2.9646907490223153,1.7218277350020574,1.96,3.3747823606040326,14.846751752767897,21.596316473975964,0,3.2378079745187063,always
2138,15.984071161324577,17.06035986226574,16.629844381889278,-1.0762887009411646,3.2378079745187063,1.799391001010816,1.96,3.5268063619811993,13.533553500284542,20.587166224246943,0,3.133837444181452,always
2139,18.054544319586505,16.629844381889278,17.19972435696817,1.424699937697227,3.133837444181452,1.7702647949336427,1.96,3.46971899806994,13.160125383819338,20.099563379959218,0,3.078634067596103,always
2140,19.86014710455121,17.19972435696817,18.263893456001384,2.6604227475830413,3.078634067596103,1.7546036782122916,1.96,3.4390232092960913,13.760701147672076,20.63874756626426,0,3.278594824009163,always
2141,19.117458353972836,18.263893456001384,18.605319415189964,0.8535648979714523,3.278594824009163,1.8106890467468906,1.96,3.5489505316239054,14.714942924377478,21.81284398762529,0,3.1510937345611554,always
2142,19.1790737341102,18.605319415189964,18.83482114275806,0.573754318920237,3.1510937345611554,1.775132032993928,1.96,3.4792587846680987,15.126060630521865,22.08457819985806,0,3.009998748757079,always
2143,17.556267097590695,18.83482114275806,18.323399524691112,-1.2785540451673647,3.009998748757079,1.7349347966874948,1.96,3.40047220150749,15.434348941250569,22.23529334426555,0,2.9412338336399166,always
2144,16.195970596740807,18.323399524691112,17.47242795351099,-2.127428927950305,2.9412338336399166,1.7150025754032898,1.96,3.361405047790448,14.961994476900664,21.68480457248156,0,3.02046983413191,always
2145,20.745426470168216,17.47242795351099,18.78162736017388,3.272998516657225,3.02046983413191,1.7379498940222384,1.96,3.4063817922835873,14.066046161227403,20.878809745794577,0,3.405072306927334,always
2146,20.690627057893572,18.78162736017388,19.545227239261756,1.9089996977196932,3.405072306927334,1.8452838011881354,1.96,3.6167562503287454,15.164871109845134,22.398383610502623,0,3.417032683875661,always
2147,16.712440680684214,19.545227239261756,18.41211261583074,-2.832786558577542,3.417032683875661,1.8485217563977063,1.96,3.6231026425395045,15.922124596722252,23.16832988180126,0,3.6474150340047573,always
2148,14.390755236091639,18.41211261583074,16.8035696639351,-4.021357379739101,3.6474150340047573,1.909820681112433,1.96,3.7432485349803684,14.668864080850371,22.155361150811107,1,4.273610041083625,always
2149,14.614212929515865,16.8035696639351,15.927826970167406,-2.189356734419235,4.273610041083625,2.067271158093109,1.96,4.051851469862494,12.751718194072605,20.855421133797595,0,4.299593684556786,always
2150,18.72800417344888,15.927826970167406,17.047897851479995,2.800177203281475,4.299593684556786,2.073546161665273,1.96,4.064150476863935,11.86367649330347,19.99197744703134,0,4.47666361881781,always
2151,19.13313009997153,17.047897851479995,17.88199075087661,2.085232248491536,4.47666361881781,2.115812756086372,1.96,4.14699300192929,12.900904849550706,21.194890853409284,0,4.470240114384373,always
2152,18.056919686743207,17.88199075087661,17.95196232522325,0.1749289358665962,4.470240114384373,2.114294235527395,1.96,4.144016701633694,13.737974049242917,22.026007452510306,0,4.248258115295324,always
2153,16.922323750402754,17.95196232522325,17.54010689529505,-1.0296385748204955,4.248258115295324,2.061130300416576,1.96,4.039815388816489,13.91214693640676,21.99177771403974,0,4.088852989268476,always
2154,17.972173018781447,17.54010689529505,17.71293334468961,0.43206612348639695,4.088852989268476,2.022091241578499,1.96,3.963298833493858,13.576808061801191,21.50340572878891,0,3.8937443965582803,always
2155,16.80202579674146,17.71293334468961,17.34857032551035,-0.910907547948149,3.8937443965582803,1.9732573062219434,1.96,3.867584320195009,13.8453490244946,21.580517664884617,0,3.7405448047758116,always
2156,15.23177053943963,17.34857032551035,16.501850411082064,-2.1167997860707217,3.7405448047758116,1.9340488113736456,1.96,3.7907356702923454,13.557834655218006,21.139305995802697,0,3.7775596312524735,always
2157,16.824495386065436,16.501850411082064,16.630908401075413,0.32264497498337263,3.7775596312524735,1.9435945130742867,1.96,3.809445245625602,12.692405165456462,20.311295656707664,0,3.593886638683951,always
2158,19.130250888969293,16.630908401075413,17.630645396232964,2.4993424878938804,3.593886638683951,1.895754899422378,1.96,3.715679602867861,12.91522879820755,20.346588003943275,0,3.7265279503393316,always
2159,19.314701309995314,17.630645396232964,18.304267761737904,1.68405591376235,3.7265279503393316,1.9304217027217996,1.96,3.7836265373347273,13.847018858898236,21.41427193356769,0,3.682003768856262,always
2160,16.55951474786655,18.304267761737904,17.606366556189364,-1.7447530138713532,3.682003768856262,1.9188548066115534,1.96,3.7609554209586444,14.54331234077926,22.06522318269655,0,3.650111734384107,always
2161,17.044585456859362,17.606366556189364,17.381654116457362,-0.5617810993300019,3.650111734384107,1.9105265594553003,1.96,3.7446320565323883,13.861734499656976,21.350998612721753,0,3.4833860478431227,always
2162,16.58120250953889,17.381654116457362,17.061473473689972,-0.8004516069184717,3.4833860478431227,1.8663831460456137,1.96,3.658110966249403,13.72354315020796,21.039765082706765,0,3.3412528842018845,always
2163,16.394120810114078,17.061473473689972,16.794532408259613,-0.667352663575894,3.3412528842018845,1.8279094299778325,1.96,3.5827024827565515,13.47877099093342,20.644175956446524,0,3.196458218870882,always
2164,15.879940944215997,16.794532408259613,16.428695822642165,-0.9145914640436157,3.196458218870882,1.7878641500043795,1.96,3.5042137340085837,13.29031867425103,20.298746142268197,0,3.07845918523241,always
2165,19.032641684450603,16.428695822642165,17.47027416736554,2.6039458618084375,3.07845918523241,1.7545538422152824,1.96,3.4389255307419533,12.989770291900212,19.86762135338412,0,3.2635629285322536,always
2166,20.179746850103385,17.47027416736554,18.55406324046068,2.709472682737843,3.2635629285322536,1.8065334008902945,1.96,3.540805465744977,13.929468701620564,21.01107963311052,0,3.467446893030771,always
2167,19.24901733135504,18.55406324046068,18.832044876818422,0.6949540908943632,3.467446893030771,1.8621081851038546,1.96,3.6497320428035547,14.904331197657124,22.203795283264235,0,3.318222607801773,always
2168,19.08035410547501,18.832044876818422,18.93136856828106,0.24830922865658778,3.318222607801773,1.8215989151846168,1.96,3.570333873761849,15.261711003056574,22.402378750580272,0,3.1553943510634856,always
2169,21.79267766996557,18.93136856828106,20.075892208954862,2.861309101684512,3.1553943510634856,1.7763429711245196,1.96,3.481632223404058,15.449736344877,22.413000791685118,0,3.4069791222794428,always
2170,16.7215903933766,20.075892208954862,18.734171482723557,-3.3543018155782605,3.4069791222794428,1.8458004015275982,1.96,3.6177687869940924,16.45812342196077,23.693660995948953,0,3.7991971996650515,always
2171,13.779050529727511,18.734171482723557,16.75212310152514,-4.955120952996046,3.7991971996650515,1.949152944143956,1.96,3.8203397705221533,14.913831712201404,22.55451125324571,1,4.836898522622821,always
2172,14.73237249488642,16.75212310152514,15.94422285886965,-2.01975060663872,4.836898522622821,2.1992950058195517,1.96,4.310618211406322,12.441504890118818,21.06274131293146,0,4.799023222142554,always
2173,16.423668798494056,15.94422285886965,16.136001234719416,0.47944593962440507,4.799023222142554,2.190667300651232,1.96,4.2937079092764145,11.650514949593237,20.237930768146065,0,4.570565481486542,always
2174,16.621640160247654,16.136001234719416,16.330256804930713,0.48563892552823873,4.570565481486542,2.1378880890931926,1.96,4.190260654622658,11.945740580096757,20.326261889342074,0,4.353829465711626,always
2175,17.061670100818517,16.330256804930713,16.622822123285836,0.7314132958878048,4.353829465711626,2.086583203639775,1.96,4.089703079133959,12.240553725796754,20.41995988406467,0,4.162886262896118,always
2176,15.851276407433176,16.622822123285836,16.31420383694477,-0.7715457158526604,4.162886262896118,2.040315236157422,1.96,3.9990178628685475,12.623804260417288,20.621839986154384,0,3.9845060893338413,always
2177,17.23249434535677,16.31420383694477,16.68152004030957,0.9182905084119994,3.9845060893338413,1.9961227640938923,1.96,3.9124006176240287,12.401803219320742,20.2266044545688,0,3.8274436577591278,always
2178,18.241405885640397,16.68152004030957,17.3054743784419,1.5598858453308253,3.8274436577591278,1.9563853551279533,1.96,3.8345152960507884,12.847004744258783,20.51603533636036,0,3.7577336673943442,always
2179,18.800139355851336,17.3054743784419,17.903340369405676,1.4946649774094354,3.7577336673943442,1.9384874689804792,1.96,3.7994354392017393,13.506038939240161,21.10490981764364,0,3.681548153759344,always
2180,18.67097334814798,17.903340369405676,18.2103935609026,0.7676329787423057,3.681548153759344,1.9187360823623827,1.96,3.76072272143027,14.142617647975406,21.664063090835946,0,3.5269337655740163,always
2181,18.457024611103137,18.2103935609026,18.309045980982816,0.24663105020053777,3.5269337655740163,1.8780132495736062,1.96,3.680905969164268,14.52948759173833,21.891299530066867,0,3.3536284210414666,always
2182,16.928614687352066,18.309045980982816,17.756873463530518,-1.3804312936307497,3.3536284210414666,1.8312914626136023,1.96,3.5893312667226605,14.719714714260157,21.898377247705476,0,3.281226527811146,always
2183,19.860371610810173,17.756873463530518,18.59827272244238,2.1034981472796552,3.281226527811146,1.811415614322441,1.96,3.550374604071984,14.206498859458534,21.3072480676025,0,3.3384004242010357,always
2184,19.553562297533215,18.59827272244238,18.980388552478715,0.9552895750908341,3.3384004242010357,1.8271290113730436,1.96,3.5811728622911656,15.017099860151216,22.179445584733546,0,3.217109311604845,always
2185,14.75822444417765,18.980388552478715,17.29152290915829,-4.222164108301065,3.217109311604845,1.7936302048094654,1.96,3.515515201426552,15.464873351052162,22.495903753905267,1,3.9475873338958887,always
2186,13.324589899090654,17.29152290915829,15.704749705131235,-3.9669330100676348,3.9475873338958887,1.9868536266911785,1.96,3.89423310831471,13.397289800843579,21.185756017472997,1,4.537035842519307,always
2187,13.754887233823844,15.704749705131235,14.924804716608278,-1.9498624713073909,4.537035842519307,2.130031887676639,1.96,4.1748624998462125,11.529887205285021,19.879612204977448,0,4.50028223324399,always
2188,17.36663933447594,14.924804716608278,15.901538563755345,2.441834617867663,4.50028223324399,2.1213868655301864,1.96,4.1579182564391655,10.766886460169113,19.082722973047446,0,4.573395936632636,always
2189,19.10983214769364,15.901538563755345,17.184855997330665,3.2082935839382962,4.573395936632636,2.1385499612196663,1.96,4.191557923990546,11.7099806397648,20.09309648774589,0,4.859383525837986,always
2190,17.829941074529025,17.184855997330665,17.44289002821001,0.6450850771983596,4.859383525837986,2.2044009448913746,1.96,4.320625851987094,12.864230145343571,21.50548184931776,0,4.637221087387287,always
2191,19.909437739471365,17.44289002821001,18.429509112714552,2.466547711261356,4.637221087387287,2.1534207873491162,1.96,4.2207047432042675,13.222185285005741,21.663594771414274,0,4.709552913614354,always
2192,19.60416641753367,18.429509112714552,18.899372034642198,1.1746573048191173,4.709552913614354,2.1701504357104726,1.96,4.253494853992526,14.176014258722025,22.683003966707076,0,4.543066257121882,always
2193,18.64692852295402,18.899372034642198,18.79839462996693,-0.2524435116881776,4.543066257121882,2.1314469867021986,1.96,4.177636093936309,14.721735940705889,23.077008128578505,0,4.31909933059546,always
2194,15.739463673092423,18.79839462996693,17.574822247217128,-3.058930956874505,4.31909933059546,2.0782442904036715,1.96,4.0733588091911965,14.725035820775732,22.871753439158127,0,4.570997294011945,always
2195,14.371496605381925,17.574822247217128,16.293491990483048,-3.203325641835203,4.570997294011945,2.1379890771498213,1.96,4.19045859121365,13.384363656003478,21.765280838430776,0,4.855512187693293,always
2196,16.558374375328377,16.293491990483048,16.39944494442118,0.264882384845329,4.855512187693293,2.203522676918323,1.96,4.318904446759913,11.974587543723135,20.61239643724296,0,4.616244712198696,always
2197,18.7587870319844,16.39944494442118,17.343181779446468,2.3593420875632205,4.616244712198696,2.1485447894327674,1.96,4.211147787288224,12.188297157132956,20.610592731709403,0,4.663757230896119,always
2198,15.941617680854765,17.343181779446468,16.78255614000979,-1.4015640985917024,4.663757230896119,2.1595733909492676,1.96,4.232763846260564,13.110417933185904,21.575945625707032,0,4.528788465474371,always
2199,15.665116558246357,16.78255614000979,16.335580307304415,-1.1174395817634313,4.528788465474371,2.128095032059041,1.96,4.17106626283572,12.611489877174069,20.953622402845507,0,4.364782603145234,always
2200,17.19936921883069,16.335580307304415,16.681095871914927,0.8637889115262745,4.364782603145234,2.0892062136479574,1.96,4.094844178749996,12.240736128554419,20.430424486054413,0,4.1838500371717595,always
2201,19.35183950351854,16.681095871914927,17.749393324556372,2.6707436316036137,4.1838500371717595,2.045446170685447,1.96,4.009074494543476,12.67202137737145,20.690170366458403,0,4.331301112600734,always
2202,18.978833474175765,17.749393324556372,18.24116938440413,1.2294401496193927,4.331301112600734,2.081177818592331,1.96,4.079108524440969,13.670284800115404,21.82850184899734,0,4.190312211045505,always
2203,18.089577559864477,18.24116938440413,18.18053265458827,-0.15159182453965414,4.190312211045505,2.0470252101636426,1.96,4.012169411920739,14.228999972483392,22.25333879632487,0,3.981945604556593,always
2204,18.28654100847161,18.18053265458827,18.222935996141608,0.10600835388333962,3.981945604556593,1.9954812964687474,1.96,3.911143341078745,14.269389313509524,22.091675995667014,0,3.7834102128834157,always
2205,19.2508358605658,18.222935996141608,18.634095941911283,1.0278998644241923,3.7834102128834157,1.9450990239274235,1.96,3.81239408689775,14.410541909243857,22.03533008303936,0,3.6470686088034086,always
2206,20.501918385929528,18.634095941911283,19.38122491951858,1.8678224440182447,3.6470686088034086,1.9097299832184151,1.96,3.7430707671080934,14.89102517480319,22.377166709019377,0,3.639153212482152,always
2207,21.484517408701123,19.38122491951858,20.2225419151916,2.103292489182543,3.639153212482152,1.9076564712972177,1.96,3.739006683742547,15.642218235776033,23.120231603261125,0,3.6783875166106297,always
2208,19.385729666965034,20.2225419151916,19.88781701590097,-0.8368122482265647,3.6783875166106297,1.9179122807393016,1.96,3.7591080702490314,16.463433844942568,23.98164998544063,0,3.529480877719198,always
2209,17.392444801655422,19.88781701590097,18.88966813020275,-2.495372214245549,3.529480877719198,1.8786912672707026,1.96,3.682234883850577,16.205582132050395,23.570051899751547,0,3.664350958214675,always
2210,18.586585557812196,18.88966813020275,18.768435101246528,-0.30308257239055436,3.664350958214675,1.9142494503629026,1.96,3.751928922711289,15.13773920749146,22.64159705291404,0,3.485726362588285,always
2211,20.559496308475886,18.768435101246528,19.48485958413827,1.7910612072293581,3.485726362588285,1.86701000602254,1.96,3.6593396118041785,15.10909548944235,22.427774713050706,0,3.471835056860965,always
2212,19.578604356291105,19.48485958413827,19.522357492999404,0.09374477215283505,3.471835056860965,1.8632860909857523,1.96,3.6520407383320745,15.832818845806196,23.136900322470346,0,3.298682708133216,always
2213,19.84050467498598,19.522357492999404,19.64961636579403,0.3181471819865749,3.298682708133216,1.816227603615036,1.96,3.5598061030854704,15.962551389913934,23.082163596084875,0,3.138809454196855,always
2214,20.77187863857999,19.64961636579403,20.098521274908414,1.1222622727859601,3.138809454196855,1.7716685508855359,1.96,3.47247035973565,16.177146006058383,23.12208672552968,0,3.0448426119329475,always
2215,21.667904544143013,20.098521274908414,20.726274582602255,1.5693832692345993,3.0448426119329475,1.744947739026286,1.96,3.4200975684915202,16.678423706416893,23.518618843399935,0,3.015748673623974,always
2216,22.469784767275545,20.726274582602255,21.423678656471573,1.7435101846732906,3.015748673623974,1.7365911072051399,1.96,3.403718570122074,17.32255601248018,24.129993152724328,0,3.0169526281457495,always
2217,18.53579438030466,21.423678656471573,20.26852494600481,-2.8878842761669112,3.0169526281457495,1.7369377156782997,1.96,3.4043979227294674,18.019280733742107,24.82807657920104,0,3.2830987763650663,always
2218,17.09493155854379,20.26852494600481,18.999087591020405,-3.1735933874610183,3.2830987763650663,1.811932332170566,1.96,3.5513873710543096,16.7171375749505,23.81991231705912,0,3.622528586993628,always
2219,18.193478289901932,18.999087591020405,18.676843870573016,-0.8056093011184728,3.622528586993628,1.903294140954999,1.96,3.730456516271798,15.268631074748608,22.729544107292202,0,3.473852474946376,always
2220,19.4090108418705,18.676843870573016,18.96971065909201,0.7321669712974845,3.473852474946376,1.8638273726250443,1.96,3.6531016503450866,15.02374222022793,22.329945520918102,0,3.3269632748920035,always
2221,18.76227298075613,18.96971065909201,18.886735587757656,-0.20743767833587867,3.3269632748920035,1.8239965117543409,1.96,3.575033163038508,15.3946774960535,22.544743822130517,0,3.1627666306670723,always
2222,16.512015362671818,18.886735587757656,17.93684749772332,-2.374720225085838,3.1627666306670723,1.7784168888837826,1.96,3.485697102212214,15.401038485545442,22.37243268996987,0,3.2865931065053053,always
2223,17.852591896268535,17.93684749772332,17.903145257141407,-0.08425560145478528,3.2865931065053053,1.812896330876453,1.96,3.5532768085178477,14.383570689205474,21.490124306241167,0,3.1226184014988654,always
2224,18.490513967103343,17.903145257141407,18.138092741126183,0.587368709961936,3.1226184014988654,1.7670932067943856,1.96,3.4635026853169957,14.439642571824411,21.366647942458403,0,2.9837375814960394,always
2225,19.484502653249173,18.138092741126183,18.67665670597538,1.34640991212299,2.9837375814960394,1.727349872346665,1.96,3.3856057497994634,14.75248699132672,21.523698490925646,0,2.925191684994389,always
2226,18.441879295849553,18.67665670597538,18.58274574192505,-0.23477741012582598,2.925191684994389,1.7103191763511245,1.96,3.352225585648204,15.324431120327175,22.02888229162358,0,2.781688122359939,always
2227,16.86088873211863,18.58274574192505,17.894002938002483,-1.721857009806417,2.781688122359939,1.6678393574801917,1.96,3.2689651406611757,15.313780601263872,21.851710882586225,0,2.790843294352917,always
2228,18.43454113191175,17.894002938002483,18.110218215566192,0.540538193909267,2.790843294352917,1.6705817233385851,1.96,3.274340177743627,14.619662760258857,21.16834311574611,0,2.6659102065890057,always
2229,20.04416260329748,18.110218215566192,18.883795970658706,1.9339443877312874,2.6659102065890057,1.6327615277770988,1.96,3.2002125944431135,14.910005621123078,21.310430810009304,0,2.7196217410014225,always
2230,20.865649953004013,18.883795970658706,19.67653756359683,1.9818539823453065,2.7196217410014225,1.6491275696565812,1.96,3.232290036526899,15.651505934131807,22.116086007185604,0,2.7800279143182487,always
2231,22.963604319780107,19.67653756359683,20.991364266070143,3.2870667561832754,2.7800279143182487,1.6673415709800583,1.96,3.267989479120914,16.408548084475918,22.944527042717745,1,3.1812669115825982,always
2232,20.94877191218233,20.991364266070143,20.974327324515016,-0.04259235388781235,3.1812669115825982,1.7836106390080202,1.96,3.4958768524557193,17.495487413614423,24.487241118525862,0,3.0222942714339536,always
2233,19.00258363801554,20.974327324515016,20.185629849915227,-1.971743686499476,3.0222942714339536,1.7384746968057814,1.96,3.4074104057393315,17.566916918775686,24.381737730254347,0,3.065568216124783,always
2234,16.49832223341717,20.185629849915227,18.710706803316004,-3.6873076164980567,3.065568216124783,1.7508764137210777,1.96,3.431717770893312,16.753912079021916,23.617347620808538,1,3.5921016782527726,always
2235,15.65484036023797,18.710706803316004,17.48836022608479,-3.0558664430780347,3.5921016782527726,1.8952840626810463,1.96,3.714756762854851,14.995950040461153,22.425463566170855,0,3.879412580236654,always
2236,20.705487269594197,17.48836022608479,18.775211043488554,3.2171270435094073,3.879412580236654,1.9696224461141414,1.96,3.8604599943837172,13.627900231701073,21.348820220468507,0,4.2029372719288,always
2237,20.398152511737578,18.775211043488554,19.42438763078816,1.6229414682490244,4.2029372719288,2.050106648915807,1.96,4.0182090318749815,14.757002011613572,22.793420075363535,0,4.124487358800475,always
2238,17.507731765042486,19.42438763078816,18.657725284489892,-1.9166558657456747,4.124487358800475,2.030883393698534,1.96,3.9805314516491266,15.443856179139035,23.40491908243729,0,4.101941476245316,always
2239,17.434414421331873,18.657725284489892,18.168400939226686,-1.2233108631580194,4.101941476245316,2.0253250297780148,1.96,3.969637058364909,14.688088226124982,22.627362342854802,0,3.9716688758290712,always
2240,18.758994150211798,18.168400939226686,18.40463822362073,0.5905932109851122,3.9716688758290712,1.9929046328986921,1.96,3.9060930804814364,14.262307858745249,22.074494019708123,0,3.790525449080703,always
2241,18.371929519796204,18.40463822362073,18.391554742090918,-0.03270870382452529,3.790525449080703,1.9469271812475943,1.96,3.815977275245285,14.588660948375445,22.220615498866014,0,3.601052669591962,always
2242,18.373700808702175,18.391554742090918,18.38441316873542,-0.01785393338874286,3.601052669591962,1.8976439786197943,1.96,3.7193821980947965,14.67217254399612,22.110936940185713,0,3.421015974259236,always
2243,20.86981930179836,18.38441316873542,19.378575621960596,2.485406133062938,3.421015974259236,1.8495988684737121,1.96,3.625213782208476,14.759199386526944,22.009626950943897,0,3.5588273578596175,always
2244,19.31355076348023,19.378575621960596,19.35256567856845,-0.06502485848036699,3.5588273578596175,1.8864854512716545,1.96,3.6975114844924426,15.681064137468153,23.076087106453038,0,3.381097401577656,always
2245,16.2502120806397,19.35256567856845,18.11162423939695,-3.102353597928751,3.381097401577656,1.8387760607473809,1.96,3.6040010790648664,15.748564599503583,22.956566757633315,0,3.6932724238278465,always
2246,18.694742297993393,18.11162423939695,18.344871462835528,0.5831180585964439,3.6932724238278465,1.9217888603662594,1.96,3.7667061663178685,14.34491807307908,21.878330405714816,0,3.5256101361495182,always
2247,21.017684706383243,18.344871462835528,19.413996760254612,2.672813243547715,3.5256101361495182,1.8776608149901617,1.96,3.6802151973807167,14.664656265454811,22.025086660216246,0,3.706526161086245,always
2248,19.519961743860257,19.413996760254612,19.45638275369687,0.1059649836056451,3.706526161086245,1.9252340535857568,1.96,3.7734587450280834,15.640538015226529,23.187455505282696,0,3.5217612819194595,always
2249,16.017384168934157,19.45638275369687,18.080783319791784,-3.4389985847627145,3.5217612819194595,1.8766356284370866,1.96,3.67820583173669,15.778176921960181,23.134588585433562,0,3.937008781123484,always
2250,15.921014594772519,18.080783319791784,17.21687582978408,-2.1597687250192656,3.937008781123484,1.9841897039152996,1.96,3.889011819673987,14.191771500117797,21.96979513946577,0,3.973388389345877,always
2251,18.649360017122525,17.21687582978408,17.78986950471946,1.4324841873384457,3.973388389345877,1.9933359950961296,1.96,3.9069385503884138,13.309937279395665,21.123814380172494,0,3.877319517227317,always
2252,22.16511684771298,17.78986950471946,19.53996844191687,4.3752473429935215,3.877319517227317,1.9690910383289333,1.96,3.8594184351247094,13.93045106959475,21.649287939844168,1,4.6405930069845445,always
2253,19.60701713776204,19.53996844191687,19.56678792025494,0.0670486958451697,4.6405930069845445,2.154203566746779,1.96,4.222238990823687,15.317729451093182,23.762207432740556,0,4.408788133016044,always
2254,17.742372036533524,19.56678792025494,18.837021566766374,-1.8244158837214144,4.408788133016044,2.0997114404165265,1.96,4.115434423216392,15.451353497038546,23.68222234347133,0,4.354773392203991,always
2255,19.04213164288144,18.837021566766374,18.919065597212402,0.2051100761150657,4.354773392203991,2.086809380898023,1.96,4.090146386560125,14.74687518020625,22.9271679533265,0,4.139138229759987,always
2256,16.16969195727922,18.919065597212402,17.819316141239128,-2.7493736399331823,4.139138229759987,2.0344872154329177,1.96,3.9875949422485184,14.931470654963883,22.90666053946092,0,4.310134088869959,always
2257,18.91892860483516,17.819316141239128,18.25916112667754,1.0996124635960314,4.310134088869959,2.0760862431194806,1.96,4.069129036514182,13.750187104724946,21.88844517775331,0,4.155084762931248,always
2258,18.68033532595183,18.25916112667754,18.427630806387256,0.4211741992742901,4.155084762931248,2.0384025026797943,1.96,3.995268905252397,14.263892221425143,22.254430031929935,0,3.956199910091403,always
2259,19.43423013333892,18.427630806387256,18.830270537167923,1.0065993269516653,3.956199910091403,1.9890198365253684,1.96,3.898478879589722,14.529151926797535,22.326109685976977,0,3.80905202483781,always
2260,19.877895141443553,18.830270537167923,19.249320378878174,1.0476246042756294,3.80905202483781,1.9516792832936998,1.96,3.8252913952556513,15.004979141912273,22.655561932423574,0,3.673475289170103,always
2261,21.024001605392435,19.249320378878174,19.95919286948388,1.7746812265142609,3.673475289170103,1.9166312345284637,1.96,3.756597219675789,15.492723159202384,23.005917598553964,0,3.6472761974987056,always
2262,20.689339963853996,19.95919286948388,20.251251707231926,0.7301470943701176,3.6472761974987056,1.9097843327189343,1.96,3.7431772921291113,16.216015577354767,23.70237016161299,0,3.4915681265946263,always
2263,15.523167438021208,20.251251707231926,18.36001799954764,-4.728084269210719,3.4915681265946263,1.8685738215533862,1.96,3.662404690244637,16.588847016987287,23.913656397476565,1,4.434728763102788,always
2264,14.97956161015174,18.36001799954764,17.00783544378928,-3.380456389395901,4.434728763102788,2.105879569942875,1.96,4.127523957088035,14.232494042459606,22.487541956635674,0,4.784366594978026,always
2265,18.62096094111036,17.00783544378928,17.653085642717713,1.6131254973210822,4.784366594978026,2.1873194999766326,1.96,4.2871462199542,12.72068922383508,21.294981663743478,0,4.6752569587344945,always
2266,20.57782593041067,17.653085642717713,18.822981757794896,2.9247402876929556,4.6752569587344945,2.162234251586653,1.96,4.23797913310984,13.415106509607874,21.89106477582755,0,4.869199398320483,always
2267,20.940131182326375,18.822981757794896,19.66984152760749,2.1171494245314797,4.869199398320483,2.2066262479904664,1.96,4.324987446061314,14.497994311733581,23.14796920385621,0,4.849855512694158,always
2268,20.646715577695048,19.66984152760749,20.060591147642512,0.9768740500875595,4.849855512694158,2.2022387501572482,1.96,4.316387950308206,15.353453577299282,23.986229477915693,0,4.655076882546173,always
2269,20.018141360098358,20.060591147642512,20.043611232624848,-0.04244978754415385,4.655076882546173,2.1575627181025756,1.96,4.2288229274810485,15.831768220161464,24.28941407512356,0,4.422413137641991,always
2270,18.553614613379793,20.043611232624848,19.447612584926826,-1.4899966192450549,4.422413137641991,2.102953432114461,1.96,4.121788726944343,15.921822505680504,24.165399959569193,0,4.312296977027976,always
2271,15.541092571297977,19.447612584926826,17.885004579475286,-3.9065200136288496,4.312296977027976,2.0766070829668224,1.96,4.070149882614972,15.377462702311854,23.5177624675418,0,4.859727059020714,always
2272,16.552126362806664,17.885004579475286,17.35185329280784,-1.3328782166686217,4.859727059020714,2.204478863364472,1.96,4.320778572194365,13.564226007280922,22.20578315166965,0,4.705568923093165,always
2273,19.972781754243442,17.35185329280784,18.40022467738208,2.6209284614356037,4.705568923093165,2.1692323349731732,1.96,4.25169537654742,13.100157916260418,21.60354866935526,0,4.813753776936667,always
2274,19.259434992317015,18.40022467738208,18.743908803356057,0.8592103149349342,4.813753776936667,2.194026840523303,1.96,4.300292607425674,14.099932069956406,22.700517284807756,0,4.609978206354364,always
2275,19.70368221345085,18.743908803356057,19.127818167393976,0.9597734100947939,4.609978206354364,2.147085980196034,1.96,4.208288521184226,14.53562028217183,22.952197324540283,0,4.425537545972896,always
2276,20.74258177781296,19.127818167393976,19.773723611561568,1.6147636104189829,4.425537545972896,2.1036961629410498,1.96,4.123244479364457,15.004573688029518,23.251062646758434,0,4.334633744550918,always
2277,19.97150842440611,19.773723611561568,19.852837536699383,0.1977848128445423,4.334633744550918,2.0819783247072765,1.96,4.080677516426262,15.693046095135305,23.85440112798783,0,4.119857998932969,always
2278,14.203444366268593,19.852837536699383,17.593080268527068,-5.649393170430789,4.119857998932969,2.029743333264817,1.96,3.978296933199041,15.874540603500343,23.831134469898423,1,5.509647258691823,always
2279,13.806679863490395,17.593080268527068,16.0785201065124,-3.786400405036673,5.509647258691823,2.347263781233763,1.96,4.600637011218176,12.992443257308892,22.193717279745243,0,5.951006297120326,always
2280,21.19906947279406,16.0785201065124,18.126739853025065,5.1205493662816615,5.951006297120326,2.439468445608659,1.96,4.781358153392972,11.297161953119428,20.859878259905372,1,6.964457272890686,always
2281,22.183795062388672,18.126739853025065,19.749561936770508,4.057055209363607,6.964457272890686,2.639025818913238,1.96,5.172490605069946,12.954249247955119,23.29923045809501,0,7.4392192578373715,always
2282,16.922027466342676,19.749561936770508,18.618548148599373,-2.827534470427832,7.4392192578373715,2.727493218660199,1.96,5.34588670857399,14.40367522819652,25.095448645344497,0,7.467005854018383,always
2283,18.10169003107668,18.618548148599373,18.411804901590294,-0.5168581175226947,7.467005854018383,2.7325822684812953,1.96,5.355861246223339,13.262686902376036,23.97440939482271,0,7.107012676999918,always
2284,19.60753367279018,18.411804901590294,18.89009641007025,1.1957287711998852,7.107012676999918,2.665898099515418,1.96,5.225160275050219,13.186644626540076,23.636965176640512,0,6.823150407863681,always
2285,21.55858592157236,18.89009641007025,19.957492214671092,2.6684895115021092,6.823150407863681,2.6121160785584703,1.96,5.119747513974602,13.770348896095648,24.00984392404485,0,6.838034701120335,always
2286,20.73432272937737,19.957492214671092,20.268224420553604,0.7768305147062797,6.838034701120335,2.614963613727796,1.96,5.12532868290648,14.83216353176461,25.082820897577573,0,6.526306248493259,always
2287,19.536639381158494,20.268224420553604,19.97559040479556,-0.7315850393951102,6.526306248493259,2.5546636272694023,1.96,5.007140709448028,15.261083711105577,25.27536513000163,0,6.2267517695619325,always
2288,19.08683613557818,19.97559040479556,19.62008869710861,-0.8887542692173795,6.2267517695619325,2.4953460220101604,1.96,4.8908782031399145,15.084712201655647,24.866468607935474,0,5.954908388636441,always
2289,19.91751445864916,19.62008869710861,19.73905900172483,0.29742576154054845,5.954908388636441,2.440268097696735,1.96,4.7829254714856,14.837163225623009,24.40301416859421,0,5.661586073386017,always
2290,23.010736280234553,19.73905900172483,21.04772991312872,3.271677278509724,5.661586073386017,2.379408765510041,1.96,4.66364118039968,15.07541782132515,24.40270018212451,0,5.913700380452555,always
2291,22.491694042754936,21.04772991312872,21.625315564979207,1.4439641296262167,5.913700380452555,2.4318101036990027,1.96,4.766347803250046,16.281382109878674,25.814077716378765,0,5.722266981812288,always
2292,16.80663930876738,21.625315564979207,19.697845062494476,-4.818676256211827,5.722266981812288,2.392126038028157,1.96,4.688567034535187,16.93674853044402,26.313882599514393,1,6.597135675830655,always
2293,16.69562883680132,19.697845062494476,18.496958572217213,-3.0022162256931573,6.597135675830655,2.5684889869007916,1.96,5.034238414325552,14.663606648168924,24.73208347682003,0,6.717944005329885,always
2294,20.513778799851927,18.496958572217213,19.3036866632711,2.016820227634714,6.717944005329885,2.5918996904451927,1.96,5.080123393272578,13.416835178944636,23.57708196548979,0,6.585424996593218,always
2295,22.952004071314715,19.3036866632711,20.763013626488547,3.6483174080436136,6.585424996593218,2.5662082917396276,1.96,5.02976825180967,14.27391841146143,24.33345491508077,0,6.921664742255261,always
2296,20.061905568274213,20.763013626488547,20.482570403202814,-0.7011080582143343,6.921664742255261,2.6309056885900075,1.96,5.1565751496364145,15.606438476852134,25.91958877612496,0,6.600159130607151,always
2297,19.49605797308936,20.482570403202814,20.087965431157436,-0.9865124301134536,6.600159130607151,2.569077486298759,1.96,5.035391873145568,15.447178530057247,25.51796227634838,0,6.318811512815211,always
2298,20.245795599043316,20.087965431157436,20.151097498311785,0.15783016788588,6.318811512815211,2.5137246294722124,1.96,4.926900273765536,15.1610651573919,25.014865704922972,0,6.004116455269194,always
2299,23.445724528335905,20.151097498311785,21.46894831032143,3.2946270300241203,6.004116455269194,2.4503298666239193,1.96,4.802646538582882,15.348450959728904,24.953744036894665,0,6.246638995854012,always
2300,20.00703431310712,21.46894831032143,20.884182711435706,-1.4619139972143103,6.246638995854012,2.4993277087757044,1.96,4.898682309200381,16.57026600112105,26.36763061952181,0,6.041166672823866,always
2301,18.20775745909568,20.884182711435706,19.813612610499696,-2.6764252523400245,6.041166672823866,2.457878490248016,1.96,4.8174418408861115,16.066740870549594,25.701624552321817,0,6.097270945750841,always
2302,19.149458746213917,19.813612610499696,19.547951064785384,-0.6641538642857796,6.097270945750841,2.4692652643551365,1.96,4.8397599181360675,14.973852692363629,24.653372528635764,0,5.814462416235585,always
2303,20.337963293122346,19.547951064785384,19.86395595612017,0.7900122283369626,5.814462416235585,2.4113196420706204,1.96,4.726186498458416,14.821764566326967,24.274137563243798,0,5.554945261469903,always
2304,19.980517478121044,19.86395595612017,19.91058056492052,0.11656152200087533,5.554945261469903,2.3568931374735476,1.96,4.619510549448153,15.244445406672016,24.483466505568323,0,5.277877327816966,always
2305,16.362815581800838,19.91058056492052,18.491474571672647,-3.5477649831196807,5.277877327816966,2.297363124936275,1.96,4.502831724875099,15.40774884004542,24.413412289795616,0,5.643315280198626,always
2306,17.86288139943528,18.491474571672647,18.2400373027777,-0.6285931722373661,5.643315280198626,2.3755663072620443,1.96,4.656109962233606,13.83536460943904,23.147584533906254,0,5.380905984997867,always
2307,21.777858138310606,18.2400373027777,19.655165636990866,3.537820835532905,5.380905984997867,2.319677991661314,1.96,4.546568863656176,13.693468439121524,22.786606166433877,0,5.73766949896451,always
2308,22.082941415009856,19.655165636990866,20.62627594819846,2.42777577801899,5.73766949896451,2.3953432945956847,1.96,4.694872857407542,14.960292779583323,24.350038494398408,0,5.74549078543307,always
2309,23.951407555144275,20.62627594819846,21.95632859097679,3.3251316069458134,5.74549078543307,2.396975341014811,1.96,4.698071668389029,15.928204279809432,25.32434761658749,0,6.011041256336918,always
2310,22.03693754465543,21.95632859097679,21.988572172448244,0.08060895367864163,6.011041256336918,2.451742493888157,1.96,4.805415288020788,17.150913302956,26.761743878997578,0,5.71081408369073,always
2311,21.870502331997322,21.988572172448244,21.941344236267874,-0.1180698404509215,5.71081408369073,2.3897309647093605,1.96,4.683872690830347,17.304699481617895,26.672444863278592,0,5.425970403867399,always
2312,21.183463245965633,21.941344236267874,21.638191840146977,-0.7578809903022403,5.425970403867399,2.329371246467037,1.96,4.565567643075393,17.37577659319248,26.506911879343267,0,5.183391063447104,always
2313,21.701937746420604,21.638191840146977,21.663690202656426,0.06374590627362764,5.183391063447104,2.27670618733448,1.96,4.46234412717558,17.175847712971397,26.100535967322557,0,4.924424687303081,always
2314,21.53579335576989,21.663690202656426,21.61253146390181,-0.1278968468865358,4.924424687303081,2.2191044786812273,1.96,4.349444778215205,17.31424542444122,26.01313498087163,0,4.679021333110103,always
2315,22.811184088106977,21.61253146390181,22.091992513583875,1.1986526242051667,4.679021333110103,2.1631045589869444,1.96,4.239684935614411,17.372846528287397,25.852216399516223,0,4.516908672130294,always
2316,21.690222800177843,22.091992513583875,21.931284628221462,-0.40176971340603274,4.516908672130294,2.125302019038775,1.96,4.165591957315999,17.926400556267875,26.257584470899875,0,4.299134183654297,always
2317,21.040222698186398,21.931284628221462,21.57485985620744,-0.8910619300350646,4.299134183654297,2.0734353579637577,1.96,4.063933301608965,17.867351326612496,25.995217929830428,0,4.123877042629473,always
2318,21.01602161929798,21.57485985620744,21.351324561443654,-0.5588382369094589,4.123877042629473,2.0307331293474955,1.96,3.980236933521091,17.594622922686348,25.55509678972853,0,3.9332981992496028,always
2319,20.34457343529461,21.351324561443654,20.948624110984035,-1.0067511261490445,3.9332981992496028,1.9832544464212358,1.96,3.8871787149856223,17.46414584645803,25.238503276429277,0,3.787310680787241,always
2320,20.99370672991479,20.948624110984035,20.966657158556337,0.04508261893075627,3.787310680787241,1.946101405576606,1.96,3.8143587549301476,17.134265356053888,24.762982865914182,0,3.5980467688743616,always
2321,24.463016689598092,20.966657158556337,22.365200970973042,3.4963595310417546,3.5980467688743616,1.896851804668557,1.96,3.717829537150372,17.248827621405965,24.68448669570671,0,4.029370928945969,always
2322,22.462861235658295,22.365200970973042,22.404265076847143,0.09766026468525268,4.029370928945969,2.007329302567461,1.96,3.934365433032223,18.43083553794082,26.299566404005265,0,3.82837925886359,always
2323,20.562905735875802,22.404265076847143,21.667721340458606,-1.8413593409713407,3.82837925886359,1.9566244552452037,1.96,3.834983932280599,18.569281144566542,26.239249009127743,0,3.806490507049531,always
2324,21.680481250000497,21.667721340458606,21.672825304275364,0.012759909541891545,3.806490507049531,1.951022938627204,1.96,3.82400495970932,17.843716380749285,25.491726300167926,0,3.61617412246163,always
2325,23.12471580347882,21.672825304275364,22.253581503956745,1.4518904992034578,3.61617412246163,1.901624074958463,1.96,3.7271831869185874,17.945642117356776,25.40000849119395,0,3.540764717422412,always
2326,21.739663483666092,22.253581503956745,22.048014295840485,-0.513918020290653,3.540764717422412,1.8816919826109724,1.96,3.6881162859175056,18.56546521803924,25.94169778987425,0,3.376932068130264,always
2327,16.5938571340242,22.048014295840485,19.86635143111397,-5.454157161816283,3.376932068130264,1.837643074193208,1.96,3.6017804254186876,18.446233870421796,25.649794721259173,1,4.695476982013344,always
2328,18.549036766554174,19.86635143111397,19.33942556529005,-1.3173146645597953,4.695476982013344,2.166904931466386,1.96,4.2471336656741165,15.619217765439853,24.113485096788086,0,4.547469029185891,always
2329,18.19078210498582,19.33942556529005,18.87996818116836,-1.1486434603042284,4.547469029185891,2.13247954953521,1.96,4.179659917089011,15.159765648201038,23.51908548237906,0,4.3860646676715795,always
2330,22.532356726126253,18.87996818116836,20.340923599151516,3.652388544957894,4.3860646676715795,2.0942933575962037,1.96,4.104814980888559,14.7751532002798,22.984783162056917,0,4.833758538454982,always
2331,23.365733789972733,20.340923599151516,21.550847675480004,3.024810190821217,4.833758538454982,2.198581028403316,1.96,4.3092188156705,16.03170478348102,24.650142414822014,0,5.049544446057028,always
2332,22.940272940728498,21.550847675480004,22.106617781579402,1.3894252652484944,5.049544446057028,2.247119143716467,1.96,4.404353521684275,17.14649415379573,25.95520119716428,0,4.893592352139719,always
2333,19.415630162179156,22.106617781579402,21.030222733819304,-2.6909876194002464,4.893592352139719,2.2121465485224343,1.96,4.335807235103971,17.77081054647543,26.442425016683373,0,5.010983452921003,always
2334,16.537980416993165,21.030222733819304,19.233325807088846,-4.49224231682614,5.010983452921003,2.2385226049609157,1.96,4.387504305723395,16.64271842809591,25.417727039542697,1,5.769446331929127,always
2335,19.29360474531807,19.233325807088846,19.257437382380537,0.060278938229224366,5.769446331929127,2.401967179611147,1.96,4.707855672037848,14.525470135050998,23.941181479126694,0,5.481155692852373,always
2336,21.944267478760047,19.257437382380537,20.33216942093234,2.6868300963795093,5.481155692852373,2.3411868128904993,1.96,4.5887261532653785,14.668711229115159,23.846163535645914,0,5.56805070655029,always
2337,21.469946875361245,20.33216942093234,20.7872804027039,1.1377774544289068,5.56805070655029,2.3596717370325666,1.96,4.62495660458383,15.707212816348509,24.957126025516168,0,5.354375048013111,always
2338,20.724326306935865,20.7872804027039,20.762098764396686,-0.06295409576803479,5.354375048013111,2.313952257072974,1.96,4.535346423863029,16.25193397884087,25.32262682656693,0,5.086854456521154,always
2339,24.538276184529288,20.762098764396686,22.272569732449725,3.7761774201326013,5.086854456521154,2.2554056079829974,1.96,4.4205949916466745,16.341503772750013,25.18269375604336,0,5.545487529111061,always
2340,24.300090878303223,22.272569732449725,23.083578190791123,2.0275211458534983,5.545487529111061,2.3548858845198977,1.96,4.615576333658999,17.656993398790725,26.888146066108725,0,5.473755252499662,always
2341,22.572664343512265,23.083578190791123,22.879212651879577,-0.5109138472788572,5.473755252499662,2.339605789978231,1.96,4.585627348357333,18.497950842433788,27.669205539148457,0,5.213119137841742,always
2342,21.34695850428578,22.879212651879577,22.266310992842058,-1.5322541475937967,5.213119137841742,2.2832255994188886,1.96,4.4751221748610215,18.404090477018556,27.354334826740597,0,5.069853319590575,always
2343,22.428536146593625,22.266310992842058,22.331201054342685,0.16222515375156732,5.069853319590575,2.251633478075545,1.96,4.413201617028068,17.85310937581399,26.679512609870127,0,4.817676503636532,always
2344,21.186034926462167,22.331201054342685,21.87313460319048,-1.1451661278805183,4.817676503636532,2.1949206144269846,1.96,4.30204440427689,18.029156650065794,26.633245458619577,0,4.642362951476948,always
2345,17.102710921067548,21.87313460319048,19.964965130341305,-4.7704236821229316,4.642362951476948,2.154614339383489,1.96,4.223044105191638,17.65009049799884,26.09617870838212,1,5.548091909251067,always
2346,18.073229889900432,19.964965130341305,19.208271034164955,-1.8917352404408732,5.548091909251067,2.3554387933569974,1.96,4.616660034979715,15.34830509536159,24.58162516532102,0,5.449620424784808,always
2347,22.197686038401237,19.208271034164955,20.404037035859467,2.9894150042362817,5.449620424784808,2.3344422084911005,1.96,4.575506728642557,14.632764305522398,23.78377776280751,0,5.623969506923218,always
2348,21.514796085417917,20.404037035859467,20.848340655682847,1.1107590495584496,5.623969506923218,2.3714909881598154,1.96,4.6481223367932385,15.755914699066228,25.052159372652707,0,5.404460314885856,always
2349,20.232985706316136,20.848340655682847,20.60219867593616,-0.6153549493667114,5.404460314885856,2.32474951659009,1.96,4.556509052516576,16.291831603166273,25.40484970819942,0,5.153170384827069,always
2350,19.03223876657725,20.60219867593616,19.974214712192598,-1.5699599093589107,5.153170384827069,2.2700595553480682,1.96,4.449316728482214,16.15288194745395,25.051515404418375,0,5.018750571435427,always
2351,22.243394284552977,19.974214712192598,20.88188654113675,2.269179572360379,5.018750571435427,2.2402568092599178,1.96,4.390903346149439,15.583311366043159,24.365118058342038,0,5.025271839444537,always
2352,23.641602710553002,20.88188654113675,21.98577300890325,2.759716169416251,5.025271839444537,2.241711810078302,1.96,4.393755147753471,16.48813139338328,25.27564168889022,0,5.154809914259185,always
2353,22.72807541502125,21.98577300890325,22.28269397135045,0.7423024061180001,5.154809914259185,2.2704206469857486,1.96,4.450024468092067,17.535748540811184,26.43579747699532,0,4.924620061652654,always
2354,21.435945863417707,22.28269397135045,21.94399472817735,-0.8467481079327435,4.924620061652654,2.2191484992340316,1.96,4.349531058498702,17.93316291285175,26.632225029849153,0,4.714238176484405,always
2355,20.129155931711807,21.94399472817735,21.218059209591132,-1.8148387964655441,4.714238176484405,2.171229646187709,1.96,4.25561010652791,17.68838462164944,26.199604834705262,0,4.643208260518009,always
2356,20.343355051109484,21.218059209591132,20.868177546198474,-0.8747041584816486,4.643208260518009,2.154810492947816,1.96,4.223428566177719,16.994630643413412,25.441487775768852,0,4.4493032157353625,always
2357,19.051158194011308,20.868177546198474,20.141369805323606,-1.8170193521871667,4.4493032157353625,2.109337150797701,1.96,4.134300815563494,16.733876730634982,25.002478361761966,0,4.3919160212597275,always
2358,16.66685442272619,20.141369805323606,18.751563652284638,-3.474515382597417,4.3919160212597275,2.095689867623482,1.96,4.107552140542025,16.03381766478158,24.248921945865632,0,4.775933077392045,always
2359,19.387155252147593,18.751563652284638,19.00580029222982,0.6355915998629555,4.775933077392045,2.185390829438077,1.96,4.283366025698631,14.468197626586008,23.034929677983268,0,4.55733525761326,always
2360,22.47235132433368,19.00580029222982,20.392420705071366,3.466551032103858,4.55733525761326,2.134791619248413,1.96,4.184191573726889,14.821608718502933,23.18999186595671,0,4.930317297641613,always
2361,24.291230021164477,20.392420705071366,21.95194443150861,3.8988093160931108,4.930317297641613,2.220431781803173,1.96,4.352046292334219,16.040374412737147,24.744466997405585,0,5.443837136922253,always
2362,24.383066074655396,21.95194443150861,22.924393088767324,2.431121643146785,5.443837136922253,2.3332031923778636,1.96,4.5730782570606126,17.378866174448,26.525022688569223,0,5.467162902264977,always
2363,23.526722361709417,22.924393088767324,23.165324797944162,0.602329272942093,5.467162902264977,2.33819650634094,1.96,4.5828651524282416,18.341527936339084,27.507258241195565,0,5.211944784803875,always
2364,19.114964989757134,23.165324797944162,21.545180874669352,-4.050359808187029,5.211944784803875,2.2829684152006737,1.96,4.47461809379332,18.69070670415084,27.639942891737483,0,5.771618274352525,always
2365,17.86472026057492,21.545180874669352,20.07299662903158,-3.6804606140944323,5.771618274352525,2.4024192544917145,1.96,4.70874173880376,16.836439135865593,26.25392261347311,0,6.160326877229917,always
2366,20.569351105288455,20.07299662903158,20.27153841953433,0.4963544762568759,6.160326877229917,2.482000579619174,1.96,4.864721136053581,15.208275492977997,24.93771776508516,0,5.864628921673432,always
2367,25.89460754949888,20.27153841953433,22.52076607152015,5.6230691299645486,5.864628921673432,2.421699593606406,1.96,4.746531203468556,15.525007216065774,25.018069623002887,1,7.1523427976077745,always
2368,26.15973778262597,22.52076607152015,23.97635475596248,3.638971711105821,7.1523427976077745,2.6743864338587597,1.96,5.241797410363169,17.27896866115698,27.76256348188332,0,7.456831413438806,always
2369,23.115134637823715,23.97635475596248,23.631866708706973,-0.861220118138764,7.456831413438806,2.7307199441610277,1.96,5.352211090555614,18.624143665406866,29.328565846518092,0,7.121074847361212,always
2370,18.895029958057307,23.631866708706973,21.737132008447105,-4.736836750649665,7.121074847361212,2.6685342132641305,1.96,5.2303270579976955,18.401539650709278,28.862193766704667,0,7.886902225108416,always
2371,17.14215120918984,21.737132008447105,19.8991396887442,-4.594980799257264,7.886902225108416,2.808362908370002,1.96,5.504391300405204,16.232740708041902,27.241523308852308,0,8.548249541130142,always
2372,20.70863757156011,19.8991396887442,20.222938841870565,0.8094978828159114,8.548249541130142,2.9237389659697977,1.96,5.730528373300803,14.168611315443396,25.629668062045003,0,8.153601405187807,always
2373,20.890615041989605,20.222938841870565,20.49000932191818,0.6676762001190397,8.153601405187807,2.855451173665522,1.96,5.596684300384423,14.626254541486142,25.81962314225499,0,7.768210910338687,always
2374,20.509895712943255,20.49000932191818,20.49796387832821,0.019886391025075056,7.768210910338687,2.78715103830752,1.96,5.4628160350827395,15.027193286835441,25.95282535700092,0,7.379820138249152,always
2375,20.375962983268266,20.49796387832821,20.449163520304232,-0.12200089505994427,7.379820138249152,2.7165824372268093,1.96,5.324501576964546,15.173462301363664,25.822465455292757,0,7.011573342256466,always
2376,23.047498067173542,20.449163520304232,21.488497339051957,2.59833454686931,7.011573342256466,2.647937563889388,1.96,5.1899576252232,15.259205895081031,25.639121145527433,0,6.99856179601637,always
2377,21.795971394230474,21.488497339051957,21.61148696112336,0.3074740551785169,6.99856179601637,2.645479502097185,1.96,5.1851398241104825,16.303357514941474,26.67363716316244,0,6.6533607209459475,always
2378,16.582459345092587,21.61148696112336,19.599875914711053,-5.029027616030774,6.6533607209459475,2.5794109251815516,1.96,5.055645413355841,16.55584154776752,26.667132374479202,0,7.585248623038659,always
2379,18.495656881434016,19.599875914711053,19.158188301400237,-1.1042190332770367,7.585248623038659,2.7541330075068378,1.96,5.398100694713402,14.20177521999765,24.997976609424455,0,7.2669511755592895,always
2380,20.445131676658228,19.158188301400237,19.672965651503432,1.2869433752579909,7.2669511755592895,2.6957283200573623,1.96,5.28362750731243,13.874560794087806,24.44181580871267,0,6.986414779337347,always
2381,21.770697101934548,19.672965651503432,20.51205823167588,2.097731450431116,6.986414779337347,2.643182698819237,1.96,5.180638089685704,14.492327561817728,24.853603741189136,0,6.857117902276871,always
2382,21.397295371568426,20.51205823167588,20.866153087632895,0.8852371398925456,6.857117902276871,2.6186099179291427,1.96,5.132475439141119,15.37958279253476,25.644533670816998,0,6.553444246855284,always
2383,20.22997267824713,20.866153087632895,20.611680923878588,-0.6361804093857657,6.553444246855284,2.5599695792831767,1.96,5.0175403753950265,15.84861271223787,25.88369346302792,0,6.246008310176832,always
2384,21.312346793841122,20.611680923878588,20.8919472718636,0.7006658699625348,6.246008310176832,2.4992015345259437,1.96,4.89843500767085,15.713245916207738,25.510115931549436,0,5.958254527734507,always
2385,19.06062441965205,20.8919472718636,20.15941813097898,-1.8313228522115494,5.958254527734507,2.440953610320054,1.96,4.7842690762273055,16.107678195636296,25.676216348090904,0,5.828028970799394,always
2386,18.692179917439127,20.15941813097898,19.57252284556304,-1.4672382135398543,5.828028970799394,2.414131100582442,1.96,4.731696957141587,15.427721173837394,24.891115088120568,0,5.644266921023005,always
2387,21.398552610313523,19.57252284556304,20.302934751463233,1.8260297647504835,5.644266921023005,2.37576659649533,1.96,4.656502529130847,14.916020316432192,24.229025374693887,0,5.52877281005959,always
2388,21.259414444452,20.302934751463233,20.68552662865874,0.9564796929887649,5.52877281005959,2.3513342616607256,1.96,4.608615152855022,15.69431959860821,24.911549904318257,0,5.298076839711604,always
2389,18.33066229760948,20.68552662865874,19.743580896239035,-2.35486433104926,5.298076839711604,2.301755165023336,1.96,4.511440123445738,16.174086505213,25.196966752104476,0,5.310442298608428,always
2390,20.059023171224794,19.743580896239035,19.869757806233338,0.3154422749857595,5.310442298608428,2.304439692985787,1.96,4.516701798252142,15.226879097986892,24.260282694491178,0,5.049895375120416,always
2391,23.24222469959244,19.869757806233338,21.21874456357698,3.3724668933591033,5.049895375120416,2.247197226573675,1.96,4.404506564084403,15.465251242148934,24.27426437031774,0,5.366077253704555,always
2392,22.535830422678558,21.21874456357698,21.745578907217613,1.317085859101578,5.366077253704555,2.316479495636548,1.96,4.540299811447634,16.678444752129344,25.759044375024615,0,5.184509149031594,always
2393,17.646617506106615,21.745578907217613,20.105994346773215,-4.098961401110998,5.184509149031594,2.2769517230348986,1.96,4.462825377148401,17.28275353006921,26.208404284366015,0,5.765357919969906,always
2394,19.066509912372915,20.105994346773215,19.690200573013094,-1.0394844344003005,5.765357919969906,2.4011159738692145,1.96,4.706187308783661,15.399807037989554,24.812181655556877,0,5.531116418439437,always
2395,18.81426537224091,19.690200573013094,19.33982649270422,-0.875935200772183,5.531116418439437,2.3518325659875186,1.96,4.609591829335536,15.080608743677558,24.29979240234863,0,5.292923721315055,always
2396,20.906003182430336,19.33982649270422,19.966297168594664,1.5661766897261167,5.292923721315055,2.3006355037934747,1.96,4.509245587435211,14.83058090526901,23.84907208013943,0,5.150923006421375,always
2397,20.492773486224507,19.966297168594664,20.176887695646602,0.526476317629843,5.150923006421375,2.2695644970833886,1.96,4.448346414283441,15.517950754311222,24.414643582878107,0,4.90723572175156,always
2398,18.790403571869085,20.176887695646602,19.622294046135597,-1.3864841237775174,4.90723572175156,2.215228142145084,1.96,4.341847158604365,15.835040537042238,24.518734854250965,0,4.757990846938338,always
2399,19.052490374389663,19.622294046135597,19.394372577437224,-0.5698036717459338,4.757990846938338,2.181281927431284,1.96,4.275312577765317,15.34698146837028,23.897606623900913,0,4.536325115808178,always
2400,20.44884610405836,19.394372577437224,19.81616198808568,1.0544735266211376,4.536325115808178,2.129865046383967,1.96,4.174535490912575,15.219837086524649,23.5689080683498,0,4.36510458093501,always
2401,22.02675009966051,19.81616198808568,20.70039723271561,2.2105881115748325,4.36510458093501,2.0892832696728822,1.96,4.094995208558849,15.721166779526829,23.911157196644528,0,4.3911843418400585,always
2402,24.124681925089853,20.70039723271561,22.070111109665305,3.4242846923742434,4.3911843418400585,2.095515292676257,1.96,4.107209973645463,16.593187259070145,24.807607206361073,0,4.757911407469484,always
2403,23.042330037535404,22.070111109665305,22.458998680813345,0.9722189278700988,4.757911407469484,2.181263718001444,1.96,4.27527688728283,17.794834222382477,26.345387996948133,0,4.567276319281453,always
2404,23.48334336748405,22.458998680813345,22.868736555481625,1.0243446866707053,4.567276319281453,2.1371186956464197,1.96,4.188752643466983,18.27024603734636,26.64775132428033,0,4.391376605172906,always
2405,23.240600750187948,22.868736555481625,23.017482233364156,0.3718641947063226,4.391376605172906,2.0955611671275323,1.96,4.107299887569964,18.76143666791166,26.97603644305159,0,4.178721923879489,always
2406,21.406352956476283,23.017482233364156,22.373030522609007,-1.6111292768878727,4.178721923879489,2.044192242397835,1.96,4.006616795099756,19.0108654382644,27.02409902846391,0,4.099572705027776,always
2407,20.17460157304337,22.373030522609007,21.49365894278275,-2.1984289495656384,4.099572705027776,2.024740157409779,1.96,3.968490708523167,18.40453981408584,26.341521231132173,0,4.136248562090801,always
2408,19.180340017016718,21.49365894278275,20.568331372476337,-2.3133189257660334,4.136248562090801,2.0337769204341956,1.96,3.9862027640510234,17.50745617873173,25.479861706833773,0,4.197008356601627,always
2409,22.10700299048858,20.568331372476337,21.183800019681236,1.5386716180122448,4.197008356601627,2.048660136919159,1.96,4.015373868361552,16.552957504114787,24.583705240837887,0,4.105533456175366,always
2410,23.39215046490775,21.183800019681236,22.06714019777184,2.2083504452265146,4.105533456175366,2.02621160202368,1.96,3.971374739966412,17.212425279714825,25.155174759647647,0,4.144097367813205,always
2411,19.673495491605088,22.06714019777184,21.10968231530514,-2.3936447061667536,4.144097367813205,2.035705619143693,1.96,3.989983013521638,18.077157184250204,26.05712321129348,0,4.223369248390551,always
2412,19.55444975335508,21.10968231530514,20.487589290525115,-1.55523256195006,4.223369248390551,2.0550837570256233,1.96,4.027964163770221,17.08171815153492,25.13764647907536,0,4.133138202058511,always
2413,20.794371062328075,20.487589290525115,20.610301999246296,0.3067817718029602,4.133138202058511,2.0330121008145796,1.96,3.984703717596576,16.502885572928538,24.472293008121692,0,3.9311870447311135,always
2414,25.312914148975295,20.610301999246296,22.491346859137895,4.702612149728999,3.9311870447311135,1.982722129984712,1.96,3.8861353747700353,16.72416662447626,24.49643737401633,1,4.840355744033498,always
2415,22.486395040381176,22.491346859137895,22.489366131635208,-0.004951818756719462,4.840355744033498,2.200080849431106,1.96,4.312158464884968,18.179188394252925,26.803505324022865,0,4.598339182857273,always
2416,18.923353750139977,22.489366131635208,21.062961179037117,-3.5660123814952307,4.598339182857273,2.1443738440060476,1.96,4.202972734251853,18.286393397383357,26.69233886588706,0,5.004244438963273,always
2417,22.02576919455195,21.062961179037117,21.44808438524305,0.9628080155148311,5.004244438963273,2.2370168615733035,1.96,4.384553048683674,16.678408130353443,25.44751422772079,0,4.800382180752089,always
2418,26.038929377857126,21.44808438524305,23.28442238228868,4.590844992614077,4.800382180752089,2.1909774487091576,1.96,4.294315799469949,17.1537685857731,25.742400184713,1,5.614155959024971,always
2419,23.74299862134984,23.28442238228868,23.467852877913145,0.4585762390611592,5.614155959024971,2.3694210176802626,1.96,4.644065194653314,18.640357187635367,27.928487576941997,0,5.343962769425296,always
2420,20.528205749667976,23.467852877913145,22.29199402661508,-2.93964712824517,5.343962769425296,2.3117012716666694,1.96,4.530934492466672,18.936918385446475,27.998787370379816,0,5.5088408928840344,always
2421,21.61977723395583,22.29199402661508,22.023107309551378,-0.672216792659249,5.5088408928840344,2.3470920077585444,1.96,4.600300335206747,17.691693691408332,26.892294361821826,0,5.255992619056487,always
2422,19.467113770121543,22.023107309551378,21.000709893779444,-2.555993539429835,5.255992619056487,2.2925951712102353,1.96,4.493486535572061,17.529620773979318,26.516593845123438,0,5.319848136784016,always
2423,18.328589118336676,21.000709893779444,19.931861583602338,-2.6721207754427674,5.319848136784016,2.306479598172075,1.96,4.520700012417267,16.48000988136218,25.52140990619671,0,5.410867201872457,always
2424,21.09249648466517,19.931861583602338,20.39611554402747,1.1606349010628314,5.410867201872457,2.326127082055591,1.96,4.559209080828958,15.37265250277338,24.491070664431295,0,5.20767751045709,always
2425,26.066039180824454,20.39611554402747,22.66408499874626,5.669923636796984,5.20767751045709,2.2820336348216013,1.96,4.4727859242503385,15.923329619777132,24.86890146827781,1,6.554695337289692,always
2426,24.689780133911977,22.66408499874626,23.47436305281255,2.0256951351657158,6.554695337289692,2.560213924126203,1.96,5.0180192912873585,17.646065707458902,27.68210429003362,0,6.432132609456909,always
2427,22.182253677537688,23.47436305281255,22.957519302702604,-1.2921093752748618,6.432132609456909,2.536164941295599,1.96,4.970883284939374,18.503479767873174,28.445246337751925,0,6.194003310867723,always
2428,22.91514604841264,22.957519302702604,22.940570000986618,-0.04237325428996286,6.194003310867723,2.4887754641324564,1.96,4.877999909699614,18.07951939300299,27.835519212402218,0,5.884392919958293,always
2429,26.06828789019596,22.940570000986618,24.191657156670356,3.127717889209343,5.884392919958293,2.4257767663077106,1.96,4.754522461963113,18.186047539023505,27.69509246294973,0,6.079304233684385,always
2430,23.568127000188788,24.191657156670356,23.942245094077727,-0.6235301564815678,6.079304233684385,2.4656245119004607,1.96,4.832624043324903,19.359033113345454,29.024281199995258,0,5.794778514802262,always
2431,21.33147716941515,23.942245094077727,22.897937924212698,-2.610767924662575,5.794778514802262,2.40723461980802,1.96,4.718179854823719,19.22406523925401,28.660424948901444,0,5.845845046884495,always
2432,23.997905633568962,22.897937924212698,23.337925007955203,1.0999677093562639,5.845845046884495,2.417818241076962,1.96,4.738923752510845,18.159014171701852,27.636861676723544,0,5.6140492426215935,always
2433,21.69970588264666,23.337925007955203,22.682637357831787,-1.6382191253085416,5.6140492426215935,2.369398498062661,1.96,4.644021056202815,18.69390395175239,27.981946064158016,0,5.467534875616848,always
2434,22.812242318634247,22.682637357831787,22.73447934215277,0.1296049608024603,5.467534875616848,2.338276047778972,1.96,4.583021053646785,18.099616304185002,27.265658411478572,0,5.194998004129236,always
2435,21.56001915131533,22.73447934215277,22.264695265817792,-1.17446019083744,5.194998004129236,2.2792538261740916,1.96,4.46733749930122,18.26714184285155,27.20181684145399,0,5.00421594091587,always
2436,21.93359888212681,22.264695265817792,22.1322567123414,-0.3310963836909835,5.00421594091587,2.2370104919101004,1.96,4.384540564143797,17.880154701673995,26.64923582996159,0,4.759486384634738,always
2437,22.26622118251801,22.1322567123414,22.185842500412043,0.13396447017661117,4.759486384634738,2.181624712143392,1.96,4.275984435801048,17.856272276540352,26.408241148142444,0,4.522409389366485,always
2438,21.205915867395557,22.185842500412043,21.79387184720545,-0.9799266330164862,4.522409389366485,2.126595727769264,1.96,4.168127626427757,18.017714873984286,26.3539701268398,0,4.344301730202912,always
2439,20.365786037690917,21.79387184720545,21.222637523399634,-1.4280858095145312,4.344301730202912,2.084298858178191,1.96,4.085225762029254,17.708646085176195,25.8790976092347,0,4.229058097659605,always
2440,22.281135235297402,21.222637523399634,21.64603660815874,1.0584977118977683,4.229058097659605,2.0564673830770097,1.96,4.030676070830939,17.191961452568695,25.253313594230573,0,4.0736260630812655,always
2441,24.929097114577004,21.64603660815874,22.95926081072605,3.2830605064182627,4.0736260630812655,2.018322586476519,1.96,3.955912269493977,17.690124338664766,25.601948877652717,0,4.408869074367368,always
2442,23.872286346314745,22.95926081072605,23.324471024961525,0.9130255355886945,4.408869074367368,2.0997307147268596,1.96,4.1154722008646445,18.843788609861406,27.074733011590695,0,4.2301064020808505,always
2443,22.213992988600168,23.324471024961525,22.880279810416983,-1.1104780363613571,4.2301064020808505,2.056722247188679,1.96,4.03117560448981,19.293295420471715,27.355646629451336,0,4.080259155438856,always
2444,22.499013719439297,22.880279810416983,22.727773374025908,-0.38126609097768593,4.080259155438856,2.0199651371840197,1.96,3.9591316688806786,18.921148141536303,26.839411479297663,0,3.883514389273383,always
2445,21.18498357784405,22.727773374025908,22.110657455553167,-1.5427897961818573,3.883514389273383,1.9706634388635171,1.96,3.8625003401724936,18.865273033853413,26.590273714198403,0,3.8083486875698567,always
2446,22.821022049606164,22.110657455553167,22.394803293174366,0.7103645940529972,3.8083486875698567,1.951499087258269,1.96,3.824938211026207,18.28571924452696,25.935595666579374,0,3.643162146015568,always
2447,24.579136086431294,22.394803293174366,23.26853641047714,2.184332793256928,3.643162146015568,1.9087069303629534,1.96,3.7410655835113884,18.653737709662977,26.135868876685755,0,3.69956952629967,always
2448,27.49241007518131,23.26853641047714,24.95808587635881,4.223873664704172,3.69956952629967,1.923426506602129,1.96,3.7699159529401727,19.498620457536965,27.038452363417314,1,4.406646486753759,always
2449,23.891721716053766,24.95808587635881,24.53154021223679,-1.0663641603050422,4.406646486753759,2.0992013926142863,1.96,4.114434729524001,20.84365114683481,29.072520605882808,0,4.243170788535225,always
2450,20.151705289539414,24.53154021223679,22.77960624315784,-4.379834922697377,4.243170788535225,2.0598958198256594,1.96,4.037395806858292,20.4941444053785,28.568936019095084,1,4.99015994661244,always
2451,21.548611123057384,22.77960624315784,22.287208195117657,-1.2309951201004559,4.99015994661244,2.2338665910506923,1.96,4.378378518459357,18.401227724698483,27.157984761617197,0,4.816419398567375,always
2452,24.33197028243293,22.287208195117657,23.105113030043768,2.0447620873152736,4.816419398567375,2.194634228879012,1.96,4.301483088602863,17.985725106514792,26.58869128372052,0,4.7846510283251025,always
2453,23.272245877866,23.105113030043768,23.171966169172663,0.1671328478222307,4.7846510283251025,2.1873845177117586,1.96,4.2872736547150465,18.81783937532872,27.392386684758815,0,4.546815146349906,always
2454,21.442618370108057,23.171966169172663,22.48022704954682,-1.7293477990646053,4.546815146349906,2.1323262288753817,1.96,4.179359408595748,18.992606760576916,27.35132557776841,0,4.46900657953889,always
2455,22.291144340458896,22.48022704954682,22.40459396591165,-0.18908270908792346,4.46900657953889,2.1140025022546425,1.96,4.143444904419099,18.33678214512772,26.623671953965918,0,4.247343864105747,always
2456,21.662001058119316,22.40459396591165,22.10755680279472,-0.7425929077923357,4.247343864105747,2.060908504544961,1.96,4.039380668908123,18.36521329700353,26.443974634819774,0,4.062548882235633,always
2457,21.48582748261962,22.10755680279472,21.858865074724676,-0.6217293201750991,4.062548882235633,2.015576563228406,1.96,3.9505300639276757,18.157026738867042,26.058086866722395,0,3.8787488055021204,always
2458,22.444885111564766,21.858865074724676,22.093273089460713,0.5860200368400896,3.8787488055021204,1.9694539358670262,1.96,3.8601297142993714,17.998735360425304,25.71899478902405,0,3.7019823394059173,always
2459,24.467925352862437,22.093273089460713,23.043133994821403,2.3746522634017246,3.7019823394059173,1.9240536217595177,1.96,3.7711450986486548,18.322127990812056,25.86441818810937,0,3.7988318910395678,always
2460,22.801414731665766,23.043133994821403,22.946446289559148,-0.24171926315563752,3.7988318910395678,1.9490592323065936,1.96,3.8201560953209235,19.222977899500478,26.86329009014233,0,3.6118117065966144,always
2461,18.933309469522232,22.946446289559148,21.34119156154438,-4.013136820036916,3.6118117065966144,1.9004767050918079,1.96,3.724934341979943,19.221511947579206,26.67138063153909,1,4.236484478083584,always
2462,17.334382114603137,21.34119156154438,19.738467782767884,-4.006809446941244,4.236484478083584,2.0582722069939106,1.96,4.034213525708065,17.306978035836316,25.375405087252446,0,4.827386351384284,always
2463,19.294854933941565,19.738467782767884,19.561022643237358,-0.44361284882631935,4.827386351384284,2.1971313914703154,1.96,4.3063775272818186,15.432090255486067,24.044845310049702,0,4.59585665179726,always
2464,21.18997032576346,19.561022643237358,20.2126017162478,1.6289476825261033,4.59585665179726,2.143794918315943,1.96,4.201838039899248,15.359184603338111,23.762860683136605,0,4.498737346827755,always
2465,23.08463859055743,20.2126017162478,21.36141646597165,2.8720368743096287,4.498737346827755,2.1210227124733376,1.96,4.157204516447742,16.05539719980006,24.36980623269554,0,4.686230269856079,always
2466,21.722477761056318,21.36141646597165,21.505840984005516,0.3610612950846672,4.686230269856079,2.164770257984916,1.96,4.242949705650435,17.118466760321216,25.604366171622086,0,4.458437019303686,always
2467,20.687034921623273,21.505840984005516,21.17831855905262,-0.8188060623822437,4.458437019303686,2.111501129363583,1.96,4.138542213552623,17.367298770452894,25.644383197558138,0,4.269037336728196,always
2468,20.639853244972727,21.17831855905262,20.96293243342066,-0.5384653140798932,4.269037336728196,2.066164886142487,1.96,4.049683176839275,17.128635382213346,25.228001735891894,0,4.070082714615144,always
2469,21.62963269490001,20.96293243342066,21.2296125380124,0.6667002614793489,4.070082714615144,2.017444600135316,1.96,3.954191416265219,17.008741017155444,24.91712384968588,0,3.8888030408172183,always
2470,24.89160949173833,21.2296125380124,22.69441131950277,3.6619969537259287,3.8888030408172183,1.9720048277875026,1.96,3.8651294624635053,17.364483075548897,25.094742000475904,0,4.364873973231257,always
2471,25.363070731738766,22.69441131950277,23.761875084397168,2.6686594122359963,4.364873973231257,2.0892280807109733,1.96,4.094887038193508,18.59952428130926,26.78929835769628,0,4.502717427495482,always
2472,23.046231816088103,23.761875084397168,23.475617777073545,-0.7156432683090657,4.502717427495482,2.121960750696271,1.96,4.159043071364691,19.602832013032476,27.92091815576186,0,4.303188820494512,always
2473,20.70466430291222,23.475617777073545,22.367236387409015,-2.770953474161324,4.303188820494512,2.074412885732855,1.96,4.065849256036396,19.40976852103715,27.54146703310994,0,4.471938537268121,always
2474,20.499833688768746,22.367236387409015,21.62027530795291,-1.8674026986402694,4.471938537268121,2.1146958498252464,1.96,4.144803865657483,18.222432521751532,26.5120402530665,0,4.422701252349163,always
2475,22.689187766733063,21.62027530795291,22.047840291464972,1.0689124587801544,4.422701252349163,2.103021933397073,1.96,4.121922989458263,17.498352318494646,25.74219829741117,0,4.258694881958476,always
2476,24.4898494256839,22.047840291464972,23.024643945152544,2.442009134218928,4.258694881958476,2.0636605539570883,1.96,4.044774685755893,18.00306560570908,26.092614977220865,0,4.343930568440986,always
2477,22.237889512892906,23.024643945152544,22.709942172248688,-0.786754432259638,4.343930568440986,2.0842098187181124,1.96,4.0850512446875005,18.93959270046504,27.109695189840046,0,4.157683166852946,always
2478,21.40253012831514,22.709942172248688,22.18697735467527,-1.3074120439335495,4.157683166852946,2.039039765883183,1.96,3.9965179411310383,18.71342423111765,26.706460113379727,0,4.0352653211414236,always
2479,18.925143967548088,22.18697735467527,20.882243999824396,-3.261833387127183,4.0352653211414236,2.0087969835554373,1.96,3.937242087768657,18.249735266906615,26.124219442443927,0,4.365479907353232,always
2480,21.221391992627176,20.882243999824396,21.017903196945507,0.3391479928027792,4.365479907353232,2.0893730895541927,1.96,4.095171255526218,16.78707274429818,24.977415255350614,0,4.152956980036678,always
2481,24.66348707474029,21.017903196945507,22.47613674806342,3.645583877794781,4.152956980036678,2.0378805117171805,1.96,3.9942458029656738,17.023657393979832,25.012148999911183,0,4.609823221536706,always
2482,24.01729330820927,22.47613674806342,23.09259937212176,1.541156560145847,4.609823221536706,2.147049887994386,1.96,4.208217780468996,18.267918967594426,26.684354528532417,0,4.4980902376039,always
2483,25.053422941765575,23.09259937212176,23.876928799979286,1.9608235696438143,4.4980902376039,2.12087016047751,1.96,4.15690551453592,18.93569385758584,27.249504886657682,0,4.465427179287239,always
2484,21.951549439800637,23.876928799979286,23.106777055907827,-1.925379360178649,4.465427179287239,2.1131557394776275,1.96,4.14178524937615,19.735143550603137,28.018714049355435,0,4.427510104352975,always
2485,21.220378815952486,23.106777055907827,22.35221775992569,-1.8863982399553407,4.427510104352975,2.104164942287789,1.96,4.124163286884066,18.98261376902376,27.230940342791893,0,4.384059515120656,always
2486,21.95271544967224,22.35221775992569,22.19241683582431,-0.3995023102534496,4.384059515120656,2.0938145847043517,1.96,4.1038765860205295,18.24834117390516,26.45609434594622,0,4.172836644159514,always
2487,22.660993360661987,22.19241683582431,22.37984744575938,0.4685765248376761,4.172836644159514,2.0427522228991735,1.96,4.00379435688238,18.18862247894193,26.19621119270669,0,3.9751730099329863,always
2488,22.69875503955395,22.37984744575938,22.50741048327721,0.31890759379457023,3.9751730099329863,1.9937835915497415,1.96,3.907815839437493,18.472031606321888,26.287663285196874,0,3.781499462105329,always
2489,22.699413888415584,22.50741048327721,22.58421184533256,0.19200340513837588,3.781499462105329,1.9446077913310253,1.96,3.8114312710088094,18.695979212268398,26.31884175428602,0,3.5942677543792985,always
2490,23.79220892846792,22.58421184533256,23.067410678586704,1.2079970831353606,3.5942677543792985,1.8958554149457965,1.96,3.715876613293761,18.8683352320388,26.300088458626323,0,3.4875172143035105,always
2491,25.242222767285078,23.067410678586704,23.937335514066056,2.174812088698374,3.4875172143035105,1.8674895486463934,1.96,3.660279515346931,19.40713116323977,26.727690193933636,0,3.5496317346457644,always
2492,23.49585382938085,23.937335514066056,23.760742840191973,-0.44148168468520765,3.5496317346457644,1.8840466381291532,1.96,3.69273141073314,20.244604103332918,27.630066924799195,0,3.3818954518091005,always
2493,22.94937502224342,23.760742840191973,23.436195713012552,-0.811367817948554,3.3818954518091005,1.8389930537685835,1.96,3.6044263853864233,20.15631645480555,27.3651692255784,0,3.2457165660187752,always
2494,21.219047679255453,23.436195713012552,22.549336499509714,-2.2171480337570983,3.2457165660187752,1.8015872351953361,1.96,3.531110980982859,19.905084732029692,26.96730669399541,0,3.329218007897485,always
2495,22.655674275520912,22.549336499509714,22.591871609914193,0.10633777601119832,3.329218007897485,1.8246144819926988,1.96,3.5762443847056895,18.973092114804025,26.125580884215402,0,3.1633224936329607,always
2496,22.090893439944335,22.591871609914193,22.391480341926247,-0.5009781699698586,3.1633224936329607,1.7785731622941354,1.96,3.4860033980965053,19.105868211817686,26.0778750080107,0,3.01770532529063,always
2497,23.812688830338345,22.391480341926247,22.959963737291083,1.4212084884120983,3.01770532529063,1.7371543757797203,1.96,3.4048225765282516,18.986657765397997,25.796302918454497,0,2.9678117374028283,always
2498,26.808127894320698,22.959963737291083,24.49922940010293,3.848164157029615,2.9678117374028283,1.7227337976027604,1.96,3.3765582433014103,19.583405493989673,26.336521980592494,1,3.559839519505059,always
2499,24.245406489466156,24.49922940010293,24.39770023584822,-0.2538229106367744,3.559839519505059,1.886753698685936,1.96,3.6980372494244342,20.801192150678496,28.197266649527364,0,3.385068847028012,always
2500,18.10436471030823,24.39770023584822,21.88036602563222,-6.293335525539991,3.385068847028012,1.8398556592917858,1.96,3.6061170922119,20.79158314363632,28.00381732806012,1,5.196119006527797,always
2501,19.792806181584623,21.88036602563222,21.04534208801318,-2.087559844047597,5.196119006527797,2.2794997272488975,1.96,4.467819465407839,17.41254656022438,26.34818549104006,0,5.154208361325408,always
2502,26.546314055230617,21.04534208801318,23.245730874900154,5.500971967217438,5.154208361325408,2.2702881670231663,1.96,4.449764807365406,16.595577280647774,25.495106895378584,1,6.409532572464743,always
2503,28.736000522883927,23.245730874900154,25.441838734093665,5.490269647983773,6.409532572464743,2.531705467163339,1.96,4.9621427156401445,18.28358815926001,28.2078735905403,1,7.596208984220098,always
2504,26.21681368412759,25.441838734093665,25.751828714107234,0.7749749500339256,7.596208984220098,2.7561220916752034,1.96,5.401999299683399,20.039839434410265,30.843838033777065,0,7.246427843668097,always
2505,24.750090482966847,25.751828714107234,25.351133421651078,-1.0017382311403864,7.246427843668097,2.6919189890611674,1.96,5.2761612185598885,20.475667495547345,31.027989932667122,0,6.934280425671105,always
2506,24.343327606588943,25.351133421651078,24.948011095626224,-1.0078058150621345,6.934280425671105,2.6333021903441134,1.96,5.161272293074462,20.189861128576617,30.51240571472554,0,6.638350032431202,always
2507,25.932539103646647,24.948011095626224,25.341822298834394,0.9845280080204226,6.638350032431202,2.5764995696547675,1.96,5.049939156523344,19.89807193910288,29.99795025214957,0,6.354897300738474,always
2508,26.641995173863997,25.341822298834394,25.861891448846237,1.3001728750296024,6.354897300738474,2.5208921636473214,1.96,4.94094864074875,20.400873658085644,30.282770939583145,0,6.121674910949688,always
2509,27.176478231600512,25.861891448846237,26.387726161947946,1.3145867827542759,6.121674910949688,2.4742018735240032,1.96,4.849435672107046,21.01245577673919,30.711327120953282,0,5.901998085871815,always
2510,25.39808347788769,26.387726161947946,25.991869088323845,-0.9896426840602572,5.901998085871815,2.4294028249493365,1.96,4.761629536900699,21.626096625047246,31.149355698848645,0,5.655867813683924,always
2511,24.883500073173288,25.991869088323845,25.548521482263624,-1.1083690151505579,5.655867813683924,2.378206848380503,1.96,4.661285422825785,21.33058366549806,30.65315451114963,0,5.434498516687018,always
2512,23.64536769533145,25.548521482263624,24.787259967490755,-1.9031537869321724,5.434498516687018,2.3312010888567762,1.96,4.569154134159281,20.979367348104343,30.117675616422904,0,5.34387330768838,always
2513,22.718279363273716,24.787259967490755,23.95966772580394,-2.068980604217039,5.34387330768838,2.3116819218241034,1.96,4.530896566775242,20.256363400715514,29.318156534265995,0,5.290713679335276,always
2514,26.243435230926963,23.95966772580394,24.873174727853147,2.2837675051230235,5.290713679335276,2.3001551424491513,1.96,4.508304079200337,19.451363646603603,28.467971805004275,0,5.286957696241305,always
2515,26.586228471403352,24.873174727853147,25.558396225273228,1.713053743550205,5.286957696241305,2.2993385345010213,1.96,4.506703527622002,20.366471200231146,29.37987825547515,0,5.169337467843808,always
2516,25.9123403161721,25.558396225273228,25.699973861632778,0.3539440908988709,5.169337467843808,2.2736177048580104,1.96,4.4562907015217,21.102105523751526,30.01468692679493,0,4.917134415425728,always
2517,24.314899975618665,25.699973861632778,25.145944307227133,-1.385073886014112,4.917134415425728,2.217461254548933,1.96,4.346224058915909,21.35374980271687,30.046197920548686,0,4.767199178140353,always
2518,22.627996350905203,25.145944307227133,24.13876512469836,-2.5179479563219296,4.767199178140353,2.183391668514917,1.96,4.279447670289238,20.866496636937896,29.42539197751637,0,4.845842314770624,always
2519,23.31082216160739,24.13876512469836,23.80758793946197,-0.8279429630909689,4.845842314770624,2.2013273983600494,1.96,4.314601700785697,19.824163423912662,28.453366825484057,0,4.637824676538685,always
2520,26.701486148163404,23.80758793946197,24.965147222942544,2.893898208701433,4.637824676538685,2.153560929376897,1.96,4.2209794215787175,19.586608517883253,28.02856736104069,0,4.824665784828018,always
2521,27.073340719513485,24.965147222942544,25.80842462157092,2.108193496570941,4.824665784828018,2.196512186360007,1.96,4.305163885265613,20.65998333767693,29.27031110820816,0,4.805656486535818,always
2522,22.2010516180307,25.80842462157092,24.365475420154834,-3.6073730035402214,4.805656486535818,2.1921807604611026,1.96,4.296674290503761,21.511750331067162,30.10509891207468,0,5.2160306615425664,always
2523,21.336093926197446,24.365475420154834,23.15372282257188,-3.0293814939573878,5.2160306615425664,2.283863100438064,1.96,4.476371676858605,19.88910374329623,28.84184709701344,0,5.414086740262012,always
2524,26.249571235760186,23.15372282257188,24.392062187847202,3.095848413188307,5.414086740262012,2.3268190175133974,1.96,4.560565274326259,18.59315754824562,27.714288096898137,0,5.622596273120939,always
2525,26.63600048558245,24.392062187847202,25.2896375069413,2.243938297735248,5.622596273120939,2.3712014408567104,1.96,4.647554824079152,19.74450736376805,29.039617011926353,0,5.593229413667039,always
2526,22.031096635868106,25.2896375069413,23.986221158512024,-3.258540871073194,5.593229413667039,2.3650009331218116,1.96,4.63540182891875,20.654235678022552,29.92503933586005,0,5.84447237340641,always
2527,24.615231066863455,23.986221158512024,24.237825121852595,0.6290099083514313,5.84447237340641,2.417534358268029,1.96,4.738367342205336,19.247853816306687,28.72458850071736,0,5.572031427976303,always
2528,26.65217908690321,24.237825121852595,25.20356670787284,2.4143539650506156,5.572031427976303,2.360515076837321,1.96,4.626609550601149,19.611215571251446,28.864434672453744,0,5.584885110005269,always
2529,25.453672630491,25.20356670787284,25.303609076920104,0.25010592261815745,5.584885110005269,2.363236151975775,1.96,4.631942857872519,20.57162385000032,29.83550956574536,0,5.308768503131438,always
2530,23.263987430719894,25.303609076920104,24.48776041844002,-2.03962164620021,5.308768503131438,2.3040764968054854,1.96,4.5159899337387515,20.787619143181352,29.819599010658855,0,5.25133290095729,always
2531,24.730084037874043,24.48776041844002,24.58468986621363,0.2423236194340248,5.25133290095729,2.2915786918535637,1.96,4.491494236032985,19.996266182407034,28.979254654473003,0,4.991702292736205,always
2532,24.268081607025188,24.58468986621363,24.458046562538254,-0.3166082591884418,4.991702292736205,2.2342117833222983,1.96,4.3790550953117044,20.205634770901924,28.963744961525336,0,4.747129217588711,always
2533,25.79319158205207,24.458046562538254,24.99210457034378,1.335145019513817,4.747129217588711,2.178790769575801,1.96,4.27042990836857,20.187616654169684,28.728476470906823,0,4.598903367865902,always
2534,26.030167074305034,24.99210457034378,25.407329571928283,1.0380625039612532,4.598903367865902,2.1445053900295754,1.96,4.203230564457968,20.788874005885813,29.19533513480175,0,4.4228368875791215,always
2535,24.96352734178801,25.407329571928283,25.229808679872175,-0.44380223014027465,4.4228368875791215,2.1030541808472556,1.96,4.121986194460621,21.28534337746766,29.529315766388905,0,4.211543064174039,always
2536,24.05630507592368,25.229808679872175,24.76040723829278,-1.1735036039484932,4.211543064174039,2.052204440150649,1.96,4.022320702695272,21.207487977176903,29.252129382567446,0,4.069821446389342,always
2537,23.564567319588935,24.76040723829278,24.28207127081124,-1.195839918703843,4.069821446389342,2.017379846828391,1.96,3.9540644997836463,20.80634273850913,28.714471738076426,0,3.937832029628155,always
2538,25.55404803410542,24.28207127081124,24.790861976128912,1.2719767632941803,3.937832029628155,1.9843971451370703,1.96,3.8894184044686577,20.392652866342583,28.171489675279897,0,3.821836672464764,always
2539,24.127130912516034,24.790861976128912,24.525369550683763,-0.6637310636128788,3.821836672464764,1.9549518337966192,1.96,3.8317055942413734,20.95915638188754,28.622567570370286,0,3.6527717850817596,always
2540,21.141366840211596,24.525369550683763,23.171768466494896,-3.384002710472167,3.6527717850817596,1.9112225890988626,1.96,3.7459962746337707,20.77937327604999,28.271365825317535,0,4.04270691305182,always
2541,23.417914832207654,23.171768466494896,23.270227012779998,0.2461463657127574,4.04270691305182,2.0106483812571057,1.96,3.940870827263927,19.230897639230967,27.112639293758825,0,3.8436009690669084,always
2542,26.301922971319517,23.270227012779998,24.482905396195804,3.031695958539519,3.8436009690669084,1.960510384840363,1.96,3.8426003542871117,19.427626658492887,27.11282736706711,0,4.110979939864805,always
2543,26.667558095455533,24.482905396195804,25.356766475899697,2.184652699259729,4.110979939864805,2.027555163211301,1.96,3.9740081198941497,20.508897276301653,28.456913516089955,0,4.144066313690706,always
2544,25.33616592604062,25.356766475899697,25.348526255956067,-0.020600549859075556,4.144066313690706,2.0356979917685987,1.96,3.989968063866453,21.366798412033244,29.34673453976615,0,3.936884217138895,always
2545,23.262109940390285,25.348526255956067,24.513959729729756,-2.0864163155657813,3.936884217138895,1.9841583145351318,1.96,3.8889502964888583,21.45957595946721,29.237476552444924,0,3.9576966583749047,always
2546,24.345407057792148,24.513959729729756,24.44653866095471,-0.1685526719376078,3.9576966583749047,1.9893960536743067,1.96,3.899216265201641,20.614743464528114,28.413175994931397,0,3.7612323256170246,always
2547,24.782852074348334,24.44653866095471,24.58106402631216,0.3363134133936221,3.7612323256170246,1.9393896786404285,1.96,3.8012037701352397,20.645334890819473,28.24774243108995,0,3.5788260449375966,always
2548,23.84133737449016,24.58106402631216,24.285173365583358,-0.739726651822,3.5788260449375966,1.89177854014089,1.96,3.7078859386761445,20.873178087636013,28.288949964988305,0,3.427244518661506,always
2549,23.32053941913683,24.285173365583358,23.899319787004742,-0.9646339464465292,3.427244518661506,1.8512818582435,1.96,3.62851244215726,20.6566609234261,27.913685807740617,0,3.302408225260281,always
2550,26.977614512400763,23.899319787004742,25.13063767716315,3.0782947253960202,3.302408225260281,1.8172529337602625,1.96,3.5618157501701146,20.337504036834627,27.461135537174858,0,3.6110827348173147,always
2551,23.798834874803894,25.13063767716315,24.597916556219445,-1.331802802359256,3.6110827348173147,1.9002849088537526,1.96,3.724558421353355,21.406079255809797,28.855196098516505,0,3.519213533295047,always
2552,23.41517582512565,24.597916556219445,24.124820263781928,-1.1827407310937943,3.519213533295047,1.8759566981396578,1.96,3.6768751283537293,20.921041427865717,28.274791684573174,0,3.4131966384797083,always
2553,21.50602241623787,24.124820263781928,23.077301124764304,-2.6187978475440588,3.4131966384797083,1.8474838669064768,1.96,3.6210683791366947,20.503751884645233,27.745888642918622,0,3.585441914870793,always
2554,22.908675529695437,23.077301124764304,23.009850886736757,-0.16862559506886754,3.585441914870793,1.893526317448689,1.96,3.7113115821994302,19.365989542564876,26.788612706963733,0,3.4075915486928694,always
2555,24.216752881967047,23.009850886736757,23.492611684828873,1.2069019952302895,3.4075915486928694,1.8459662913208543,1.96,3.6180939309888744,19.391756955747883,26.62794481772563,0,3.3100425925627683,always
2556,21.823171519312694,23.492611684828873,22.8248356186224,-1.6694401655161784,3.3100425925627683,1.8193522453232547,1.96,3.565930400833579,19.926681283995293,27.058542085662452,0,3.283891986246564,always
2557,23.444082856254738,22.8248356186224,23.072534513675336,0.6192472376323366,3.283891986246564,1.812151204024257,1.96,3.5518163598875434,19.27301925873486,26.376651978509944,0,3.1388707439999997,always
2558,24.4598068608082,23.072534513675336,23.62744345252848,1.387272347132864,3.1388707439999997,1.771685847999018,1.96,3.4725042620780755,19.60003025159726,26.54503877575341,0,3.078153435055976,always
2559,21.680033174515685,23.62744345252848,22.848479341323362,-1.9474102780127964,3.078153435055976,1.7544667095889783,1.96,3.4387547507943976,20.188688701734083,27.06619820332288,0,3.1138661028486707,always
2560,23.91246861046669,22.848479341323362,23.27407504898069,1.0639892691433275,3.1138661028486707,1.7646150013101074,1.96,3.4586454025678104,19.38983393875555,26.307124743891173,0,3.0147764559488444,always
2561,27.53497384600557,23.27407504898069,24.978434567790643,4.260898797024879,3.0147764559488444,1.7363111633428048,1.96,3.4031698801518973,19.870905168828795,26.677244929132588,1,3.771800561075805,always
2562,28.674936515814856,24.978434567790643,26.45703534700033,3.6965019480242134,3.771800561075805,1.9421123966124632,1.96,3.806540297360428,21.171894270430215,28.78497486515107,0,4.266416865609355,always
2563,25.850909647463332,26.45703534700033,26.21458506718553,-0.6061256995369959,4.266416865609355,2.0655306498837906,1.96,4.0484400737722295,22.408595273228098,30.50547542077256,0,4.071465440510848,always
2564,23.117164738436244,26.21458506718553,24.975616935685814,-3.097420328749287,4.071465440510848,2.0177872634425187,1.96,3.9548630363473367,22.259722030838194,30.16944810353287,0,4.347592803132772,always
2565,24.812078950673776,24.975616935685814,24.910201741681,-0.16353798501203798,4.347592803132772,2.0850882003245745,1.96,4.086772872636166,20.888844063049646,29.06238980832198,0,4.131550396603223,always
2566,27.72724037919629,24.910201741681,26.037017196687117,2.8170386375152887,4.131550396603223,2.032621557645009,1.96,3.9839382529842178,20.926263488696783,28.894139994665217,0,4.321758211035761,always
2567,27.805657806494324,26.037017196687117,26.74447344061,1.768640609807207,4.321758211035761,2.078883885895449,1.96,4.074612416355079,21.962404780332037,30.111629613042197,0,4.262074780816933,always
2568,23.28246809095375,26.74447344061,25.3596713007475,-3.462005349656252,4.262074780816933,2.0644793001667354,1.96,4.0463794283268015,22.6980940122832,30.790852868936803,0,4.648245093828512,always
2569,22.24366923114747,25.3596713007475,24.113270472907487,-3.116002069600029,4.648245093828512,2.1559789177606796,1.96,4.2257186788109316,21.13395262193657,29.585389979558432,0,4.9013062840246695,always
2570,24.239241709648752,24.113270472907487,24.163658967603993,0.12597123674126465,4.9013062840246695,2.213889401940546,1.96,4.339223227803471,19.774047245104015,28.45249370071096,0,4.6570344074477426,always
2571,22.58228495683967,24.163658967603993,23.531109363298263,-1.5813740107643248,4.6570344074477426,2.1580163130633983,1.96,4.22971197360426,19.933946993999733,28.393370941208254,0,4.5492198751713975,always
2572,24.008791108710582,23.531109363298263,23.72218206146319,0.477681745412319,4.5492198751713975,2.1328900288508543,1.96,4.180464456547674,19.35064490675059,27.71157381984594,0,4.333167873907835,always
2573,28.3986199257756,23.72218206146319,25.592757207188154,4.676437864312408,4.333167873907835,2.0816262570182564,1.96,4.079987463755782,19.64219459770741,27.80216952521897,1,5.209963035151183,always
2574,27.869680649811254,25.592757207188154,26.50352658423739,2.276923442623101,5.209963035151183,2.2825343447911544,1.96,4.473767315790663,21.11898989139749,30.066524522978817,0,5.2086839015719555,always
2575,26.607618049161587,26.50352658423739,26.54516317020707,0.10409146492419552,5.2086839015719555,2.282254127298701,1.96,4.473218089505454,22.030308494731937,30.976744673742846,0,4.948791458146861,always
2576,24.179102599784382,26.54516317020707,25.598738942037993,-2.366060570422686,4.948791458146861,2.224587929965202,1.96,4.3601923427317955,22.184970827475272,30.905355512938865,0,4.981264016384964,always
2577,22.968825049314106,25.598738942037993,24.546773384948438,-2.629913892723888,4.981264016384964,2.231874552116441,1.96,4.374474122148224,21.22426481988977,29.97321306418622,0,5.078023169722821,always
2578,24.138650814817737,24.546773384948438,24.383524356896157,-0.4081225701307005,5.078023169722821,2.2534469529418306,1.96,4.416756027765988,20.13001735718245,28.963529412714426,0,4.832450212849183,always
2579,23.65003799225694,24.383524356896157,24.09012981104047,-0.7334863646392158,4.832450212849183,2.198283469630153,1.96,4.3086356004751,20.074888756421057,28.692159957371256,0,4.617727814562307,always
2580,22.55003460709371,24.09012981104047,23.474091729461765,-1.540095203946759,4.617727814562307,2.148889902848051,1.96,4.21182420958218,19.87830560145829,28.30195402062265,0,4.505436085695182,always
2581,25.479458603881803,23.474091729461765,24.276238479229782,2.0053668744200372,4.505436085695182,2.1226012545212494,1.96,4.160298458861648,19.313793270600115,27.634390188323415,0,4.481239096461483,always
2582,27.946171373082002,24.276238479229782,25.74421163677067,3.66993289385222,4.481239096461483,2.1168937376404804,1.96,4.149111725775342,20.12712675345444,28.425350205005124,0,4.930597513907335,always
2583,24.416314048527276,25.74421163677067,25.213052601473315,-1.3278975882433954,4.930597513907335,2.2204948804055675,1.96,4.352169965594912,21.39204167117576,30.096381602365582,0,4.7722332384551,always
2584,24.00370094940616,25.213052601473315,24.729311940646454,-1.2093516520671557,4.7722332384551,2.184544171779344,1.96,4.2817065766875135,20.931346024785803,29.494759178160827,0,4.606748147450222,always
2585,23.938623581971026,24.729311940646454,24.41303659717628,-0.7906883586754283,4.606748147450222,2.1463336524059398,1.96,4.2068139587156415,20.52249798193081,28.936125899362096,0,4.407670144104953,always
2586,24.746036536215183,24.41303659717628,24.54623657279184,0.3329999390389027,4.407670144104953,2.0994451991192706,1.96,4.114912590273771,20.29812400690251,28.52794918745005,0,4.1928310848697015,always
2587,25.44363808989619,24.54623657279184,24.905197179633582,0.897401517104349,4.1928310848697015,2.047640370003898,1.96,4.013375125207641,20.5328614475842,28.559611697999483,0,4.023456004771275,always
2588,26.2596902880166,24.905197179633582,25.44699442298679,1.3544931083830178,4.023456004771275,2.0058554296786384,1.96,3.9314766421701313,20.97372053746345,28.836673821803714,0,3.914015783565566,always
2589,25.03307243065665,25.44699442298679,25.281425626054734,-0.4139219923301418,3.914015783565566,1.978387167256593,1.96,3.8776388478229222,21.56935557516387,29.324633270809713,0,3.7268815651740153,always
2590,25.880241307338594,25.281425626054734,25.520951898568278,0.5988156812838596,3.7268815651740153,1.9305132905976108,1.96,3.783806049571317,21.497619576483416,29.065231675626052,0,3.558466497922887,always
2591,25.350727828714717,25.520951898568278,25.452862270626852,-0.17022406985356042,3.558466497922887,1.886389805401547,1.96,3.6973240185870324,21.823627879981245,29.21827591715531,0,3.381991984724618,always
2592,25.08159245226383,25.452862270626852,25.304354343281645,-0.37126981836302164,3.381991984724618,1.8390192997151003,1.96,3.6044778274415963,21.848384443185257,29.057340098068448,0,3.2197844493897527,always
2593,22.99869766969507,25.304354343281645,24.382091673847015,-2.3056566735865758,3.2197844493897527,1.7943757826580675,1.96,3.5169765340098125,21.78737780927183,28.82133087729146,0,3.3245978617429803,always
2594,26.371410891742375,24.382091673847015,25.177819361005156,1.9893192178953605,3.3245978617429803,1.8233479815282052,1.96,3.573762043795282,20.808329630051734,27.955853717642295,0,3.356237516190222,always
2595,26.903235085005342,25.177819361005156,25.86798565060523,1.725415724000186,3.356237516190222,1.8320036889128313,1.96,3.5907272302691493,21.587092130736007,28.768546591274305,0,3.337278611412065,always
2596,25.900731743149663,25.86798565060523,25.881084087623,0.03274609254443206,3.337278611412065,1.8268219977359768,1.96,3.580571115562514,22.287414535042718,29.448556766167744,0,3.170468296170308,always
2597,21.551542786569815,25.881084087623,24.149267567201726,-4.329541301053187,3.170468296170308,1.7805808872865923,1.96,3.4899385390817206,22.39114554854128,29.371022626704722,1,3.949191275238058,always
2598,20.621506765748407,24.149267567201726,22.7381632466204,-3.5277608014533186,3.949191275238058,1.9872572242259072,1.96,3.895024159482778,20.25424340771895,28.044291726684502,0,4.373986525089683,always
2599,25.32895819804223,22.7381632466204,23.77448122718913,2.590794951421831,4.373986525089683,2.0914077854616693,1.96,4.099159259504872,18.639003987115526,26.837322506125272,0,4.490898122850841,always
2600,27.191958213390038,23.77448122718913,25.141472021669493,3.4174769862009065,4.490898122850841,2.119173924634512,1.96,4.153580892283643,19.62090033490549,27.928062119472774,0,4.850310664268941,always
2601,24.342526226769518,25.141472021669493,24.821893703709506,-0.798945794899975,4.850310664268941,2.2023420861139944,1.96,4.3165904887834285,20.824881532886064,29.458062510452923,0,4.639710850214911,always
2602,26.129471522842422,24.821893703709506,25.344924831362672,1.3075778191329164,4.639710850214911,2.15399880459923,1.96,4.221837657014491,20.600056046695016,29.043731360723996,0,4.4932132953585855,always
2603,26.25324559379161,25.344924831362672,25.70825313633425,0.9083207624289393,4.4932132953585855,2.1197200983522766,1.96,4.154651392770462,21.19027343859221,29.499576224133133,0,4.30980496096363,always
2604,28.36668707366882,25.70825313633425,26.771626711268077,2.6584339373345713,4.30980496096363,2.076006975172201,1.96,4.068973671337513,21.639279464996736,29.777226807671763,0,4.447678262874058,always
2605,27.324135929399937,26.771626711268077,26.992630398520824,0.5525092181318598,4.447678262874058,2.1089519346998067,1.96,4.133545792011621,22.638080919256456,30.905172503279697,0,4.240557671536389,always
2606,26.080698049836343,26.992630398520824,26.62785745904703,-0.9119323486844806,4.240557671536389,2.05926143836483,1.96,4.036152419195067,22.956477979325758,31.02878281771589,0,4.070110818388429,always
2607,27.317282733089307,26.62785745904703,26.903627568663943,0.6894252740422786,4.070110818388429,2.0174515653141287,1.96,3.954205068015692,22.673652391031336,30.58206252706272,0,3.8903706378934206,always
2608,25.56628115865342,26.903627568663943,26.368689004659732,-1.3373464100105217,3.8903706378934206,1.9724022505293946,1.96,3.8659084110376134,23.03771915762633,30.769535979701555,0,3.785276877017151,always
2609,23.75435711689649,26.368689004659732,25.322956249554434,-2.6143318877632424,3.785276877017151,1.945578802571911,1.96,3.8133344530409454,22.555354551618787,30.182023457700677,0,3.9377495941350795,always
2610,24.73722606021402,25.322956249554434,25.08866417381827,-0.5857301893404134,3.9377495941350795,1.9843763741123002,1.96,3.889377693260108,21.433578556294325,29.212333942814542,0,3.7580161071635634,always
2611,27.768416277111996,25.08866417381827,26.16056501513576,2.679752103293726,3.7580161071635634,1.938560318164891,1.96,3.799578223603186,21.28908595021508,28.888242397421457,0,3.9291688685607427,always
2612,25.858620857239952,26.16056501513576,26.039787351977438,-0.3019441578958073,3.9291688685607427,1.982213123899835,1.96,3.8851377228436768,22.275427292292083,30.045702737979436,0,3.737268938857076,always
2613,22.691412475954326,26.039787351977438,24.700437401568195,-3.3483748760231116,3.737268938857076,1.933201732581749,1.96,3.789075395860228,22.25071195611721,29.828862747837665,0,4.110986207433362,always
2614,25.483618447518307,24.700437401568195,25.01370981994824,0.7831810459501121,4.110986207433362,2.027556708808255,1.96,3.9740111492641796,20.726426252304016,28.674448550832373,0,3.936105524598469,always
2615,26.602497361683312,25.01370981994824,25.64922483664227,1.5887875417350728,3.936105524598469,1.9839620774093614,1.96,3.8885656717223482,21.125144148225893,28.902275491670586,0,3.865512541007174,always
2616,26.19385017387041,25.64922483664227,25.867074971533526,0.5446253372281404,3.865512541007174,1.9660906746656355,1.96,3.8535377223446456,21.79568711429762,29.502762558986916,0,3.687067751854358,always
2617,23.19234582057034,25.867074971533526,24.797183311148252,-2.674729150963188,3.687067751854358,1.92017388583804,1.96,3.7635408162425583,22.10353415529097,29.630615787776083,0,3.8604231658122528,always
2618,23.362513433879023,24.797183311148252,24.223315360240562,-1.4346698772692292,3.8604231658122528,1.964795960351164,1.96,3.8510000822882815,20.946183228859972,28.648183393436533,0,3.770315890358825,always
2619,25.97248420509552,24.223315360240562,24.922982898182546,1.7491688448549567,3.770315890358825,1.9417301280968025,1.96,3.8057910510697326,20.41752430917083,28.029106411310295,0,3.734779678231445,always
2620,28.860300592552136,24.922982898182546,26.497909975930384,3.9373176943695896,3.734779678231445,1.9325578072159821,1.96,3.787813302143325,21.135169596039223,28.71079620032587,1,4.323164225639665,always
2621,26.73559300363156,26.497909975930384,26.59298318701085,0.237683027701177,4.323164225639665,2.0792220241329846,1.96,4.07527516730065,22.422634808629734,30.573185143231033,0,4.109830675440542,always
2622,27.65976968625161,26.59298318701085,27.019697786707155,1.0667864992407594,4.109830675440542,2.027271732018316,1.96,3.973452594755899,22.619530592254954,30.56643578176675,0,3.961240813416633,always
2623,25.763731273665485,27.019697786707155,26.517311181490488,-1.2559665130416704,3.961240813416633,1.9902866158964725,1.96,3.900961767157086,23.11873601955007,30.92065955386424,0,3.842051366839904,always
2624,24.166216218695723,26.517311181490488,25.57687319637258,-2.3510949627947646,3.842051366839904,1.9601151412200009,1.96,3.841825676791202,22.675485504699285,30.35913685828169,0,3.926331174701854,always
2625,27.486400422231398,25.57687319637258,26.34068408671611,1.9095272258588167,3.926331174701854,1.9814972053227464,1.96,3.883734522432583,21.69313867394,29.460607718805164,0,3.9123293272815647,always
2626,28.288422372536854,26.34068408671611,27.119779401044404,1.9477382858207442,3.9123293272815647,1.9779609013530992,1.96,3.8768033666520743,22.463880720064036,30.217487453368182,0,3.906397082420083,always
2627,25.964316118889045,27.119779401044404,26.65759408818226,-1.1554632821553597,3.906397082420083,1.9764607464910815,1.96,3.8738630631225197,23.245916337921884,30.993642464166925,0,3.7778319981195407,always
2628,24.76417878829411,26.65759408818226,25.900227968227,-1.8934152998881508,3.7778319981195407,1.9436645796329008,1.96,3.809582576080486,22.848011512101774,30.467176664262748,0,3.76819147310609,always
2629,27.46845957984503,25.900227968227,26.527520612874213,1.5682316116180317,3.76819147310609,1.9411830086589184,1.96,3.80471869697148,22.09550927125552,29.70494666519848,0,3.70274941883469,always
2630,29.860790583198483,26.527520612874213,27.860828601003924,3.3332699703242703,3.70274941883469,1.9242529508447401,1.96,3.7715357836556906,22.755984829218523,30.299056396529902,0,4.073146382646233,always
2631,26.51955479109119,27.860828601003924,27.32431907703883,-1.3412738099127353,4.073146382646233,2.018203751519215,1.96,3.9556793529776613,23.905149248026262,31.816507953981585,0,3.9594398351718127,always
2632,24.48018686793681,27.32431907703883,26.186666193398022,-2.844132209102021,3.9594398351718127,1.9898341225267528,1.96,3.9000748801524354,23.424244196886395,31.224393957191264,0,4.165922244555799,always
2633,25.12606996671785,26.186666193398022,25.76242770272595,-1.0605962266801718,4.165922244555799,2.0410590987415818,1.96,4.0004758335335,22.186190359864522,30.18714202693152,0,4.0138693501304195,always
2634,24.91868838028741,25.76242770272595,25.424931973750535,-0.843739322438541,4.0138693501304195,2.0034643371246763,1.96,3.9267901007643653,21.835637601961587,29.689217803490315,0,3.8487706848353507,always
2635,25.867150465838527,25.424931973750535,25.601819370585734,0.44221849208799213,3.8487706848353507,1.9618284035142703,1.96,3.8451836708879696,21.579748302862566,29.270115644638505,0,3.6661100103308115,always
2636,26.63143038003696,25.601819370585734,26.013663774366222,1.0296110094512265,3.6661100103308115,1.9147088578504075,1.96,3.7528293613867985,21.848990009198936,29.35464873197253,0,3.5358094513534293,always
2637,28.318097213508015,26.013663774366222,26.93543715002294,2.3044334391417927,3.5358094513534293,1.8803748167196426,1.96,3.6855346407704994,22.328129133595723,29.69919841513672,0,3.6245396525575013,always
2638,29.04878068055313,26.93543715002294,27.780774562235017,2.113343530530191,3.6245396525575013,1.9038223794665041,1.96,3.731491863754348,23.203945286268592,30.666929013777285,0,3.6666237138313167,always
2639,26.338905704039355,27.780774562235017,27.20402701895675,-1.4418688581956616,3.6666237138313167,1.9148429997864882,1.96,3.7530922795815167,24.0276822826535,31.533866841816533,0,3.587241818351474,always
2640,24.52052336635583,27.20402701895675,26.130625557916385,-2.683503652600919,3.587241818351474,1.8940015359950144,1.96,3.712243010550228,23.491784008406523,30.91627002950698,0,3.767939320110024,always
2641,26.101799620877273,26.130625557916385,26.11909518310074,-0.028825937039112404,3.767939320110024,1.9411180592921244,1.96,3.804591396212564,22.32603416170382,29.93521695412895,0,3.5795839008368318,always
2642,26.08553541595793,26.11909518310074,26.105671276243616,-0.03355976714280828,3.5795839008368318,1.8919788320266249,1.96,3.7082785107721845,22.410816672328554,29.827373693872925,0,3.400661018693524,always
2643,27.045881666742225,26.105671276243616,26.48175543244306,0.9402103904986099,3.400661018693524,1.8440881266071651,1.96,3.6144127281500436,22.491258548093573,29.72008400439366,0,3.274827746678925,always
2644,26.615401561012547,26.48175543244306,26.535213883870853,0.1336461285694881,3.274827746678925,1.8096485146787276,1.96,3.546911088770306,22.934844343672754,30.028666521213363,0,3.1119794237290592,always
2645,24.554702236628483,26.535213883870853,25.743009224973903,-1.9805116472423698,3.1119794237290592,1.7640803336948856,1.96,3.457597454041976,23.077616429828876,29.99281133791283,0,3.1525017717857406,always
2646,23.552365492151345,25.743009224973903,24.86675173184488,-2.190643732822558,3.1525017717857406,1.7755285894025308,1.96,3.4800360352289603,22.262973189744944,29.223045260202863,0,3.2348226814041907,always
2647,27.587156221023218,24.86675173184488,25.954913527516215,2.720404489178339,3.2348226814041907,1.7985612809699287,1.96,3.52518011070106,21.341571621143817,28.39193184254594,0,3.443111576571064,always
2648,28.103978767823307,25.954913527516215,26.81453962363905,2.149065240307092,3.443111576571064,1.8555623343264607,1.96,3.6369021752798627,22.318011352236354,29.591815702796076,0,3.5018800680973197,always
2649,29.09184029102984,26.81453962363905,27.725459890595367,2.27730066739079,3.5018800680973197,1.8713310952627598,1.96,3.667808946715009,23.14673067692404,30.48234857035406,0,3.5860909811773802,always
2650,26.195160399633885,27.725459890595367,27.113340094210777,-1.5302994909614824,3.5860909811773802,1.8936977005787856,1.96,3.7116474931344197,24.013812397460946,31.43710738372979,0,3.5238772587203595,always
2651,25.170483895962654,27.113340094210777,26.336197614911526,-1.9428561982481227,3.5238772587203595,1.8771993124653439,1.96,3.679310652432074,23.434029441778705,30.79265074664285,0,3.5364179061378986,always
2652,29.15622522228801,26.336197614911526,27.464208657862123,2.8200276073764847,3.5364179061378986,1.8805366005844977,1.96,3.685851737145615,22.65034587776591,30.02204935205714,0,3.7572247961492806,always
2653,26.88491306839656,27.464208657862123,27.232490422075898,-0.5792955894655627,3.7572247961492806,1.9383562098203932,1.96,3.799178171247971,23.665030486614153,31.263386829110093,0,3.586142725340529,always
2654,22.268613480044266,27.232490422075898,25.246939645263243,-4.963876942031632,3.586142725340529,1.8937113627320636,1.96,3.7116742709548447,23.520816151121053,30.944164693030743,1,4.638839303855168,always
2655,25.41109675075913,25.246939645263243,25.312602487461596,0.16415710549588525,4.638839303855168,2.15379648617393,1.96,4.221441112900902,21.02549853236234,29.468380758164145,0,4.4082447164266485,always
2656,26.43463765234373,25.312602487461596,25.76141655341445,1.122035164882135,4.4082447164266485,2.0995820337454427,1.96,4.115180786141067,21.19742170132053,29.427783273602664,0,4.25078062616692,always
2657,26.686674669867323,25.76141655341445,26.1315197999956,0.9252581164528735,4.25078062616692,2.0617421337710784,1.96,4.0410145821913135,21.720401971223136,29.80243113560576,0,4.081046723961669,always
2658,25.47830866007115,26.1315197999956,25.870235344025822,-0.6532111399244513,4.081046723961669,2.0201600738460477,1.96,3.9595137447382536,22.17200605525735,30.091033544733854,0,3.8983286274296556,always
2659,25.908392032542004,25.870235344025822,25.885498019432294,0.0381566885161817,3.8983286274296556,1.974418554265953,1.96,3.8698603663612676,22.000374977664556,29.740095710387088,0,3.7034849927020987,always
2660,24.942576578711012,25.885498019432294,25.50832944314378,-0.9429214407212818,3.7034849927020987,1.9244440736748103,1.96,3.771910384402628,22.113587635029667,29.65740840383492,0,3.5627657852355887,always
2661,25.303939799130646,25.50832944314378,25.426573585538527,-0.20438964401313342,3.5627657852355887,1.8875290157334241,1.96,3.6995568708375113,21.808772572306268,29.20788631398129,0,3.3867162523028,always
2662,26.948298579957683,25.426573585538527,26.03526358330619,1.5217249944191558,3.3867162523028,1.8403033044318537,1.96,3.6069944766864332,21.819579108852093,29.033568062224962,0,3.3331627876196586,always
2663,25.567045918997895,26.03526358330619,25.84797651758287,-0.4682176643082947,3.3331627876196586,1.8256951518858944,1.96,3.578362497696353,22.456901085609836,29.613626081002543,0,3.177466037297191,always
2664,24.37845221695106,25.84797651758287,25.260166797330147,-1.4695243006318108,3.177466037297191,1.7825448205577303,1.96,3.4937878482931515,22.35418866928972,29.341764365876024,0,3.126567818939702,always
2665,24.88497412027389,25.260166797330147,25.110089726507642,-0.37519267705625836,3.126567818939702,1.7682103435224277,1.96,3.4656922733039583,21.79447452402619,28.725859070634105,0,2.977277905238549,always
2666,24.161035212349386,25.110089726507642,24.73046792084434,-0.9490545141582558,2.977277905238549,1.725479036452935,1.96,3.3819389114477527,21.72815081505989,28.492028637955393,0,2.8734492335188295,always
2667,24.982792593074564,24.73046792084434,24.831397789736428,0.25232467223022326,2.8734492335188295,1.6951251380115953,1.96,3.3224452705027265,21.408022650341614,28.052913191347066,0,2.7329601588536927,always
2668,26.6498527595244,24.831397789736428,25.558779777651615,1.8184549697879717,2.7329601588536927,1.6531667063105562,1.96,3.24020674436869,21.591191045367736,28.07160453410512,0,2.7616510747683365,always
2669,26.461691946794716,25.558779777651615,25.919944645308853,0.9029121691431001,2.7616510747683365,1.6618216134014916,1.96,3.2571703622669235,22.301609415384693,28.815950139918538,0,2.6643310402892544,always
2670,25.707524048917044,25.919944645308853,25.83497640675213,-0.21242059639180866,2.6643310402892544,1.6322778685901658,1.96,3.1992646224367247,22.720680022872127,29.11920926774558,0,2.533370613763364,always
2671,25.72631594959299,25.83497640675213,25.791512223888475,-0.10866045715913941,2.533370613763364,1.5916565627557233,1.96,3.1196468630012175,22.71532954375091,28.95462326975335,0,2.4072924378226968,always
2672,25.1609123516488,25.791512223888475,25.539272274992605,-0.6305998722396744,2.4072924378226968,1.551545177499739,1.96,3.0410285478994887,22.750483675988985,28.832540771787965,0,2.3068106258749963,always
2673,26.8324832849931,25.539272274992605,26.056556678992806,1.293211010000494,2.3068106258749963,1.5188188258890514,1.96,2.9768848987425405,22.562387376250065,28.516157173735145,0,2.275089830400571,always
2674,29.23550098237412,26.056556678992806,27.32813440034533,3.1789443033813143,2.275089830400571,1.5083400910937066,1.96,2.956346578543665,23.10021010044914,29.012903257536472,1,2.6666196830805675,always
2675,26.990988358634745,27.32813440034533,27.193275983661096,-0.3371460417105858,2.6666196830805675,1.6329787760655579,1.96,3.200638401088493,24.127495999256837,30.528772801433824,0,2.538972071598595,always
2676,25.867139871210348,27.193275983661096,26.6628215386808,-1.3261361124507474,2.538972071598595,1.593415222595352,1.96,3.12309383628689,24.070182147374204,30.316369819947987,0,2.499955317455964,always
2677,25.227864010256866,26.6628215386808,26.088838527311225,-1.4349575284239329,2.499955317455964,1.5811247001599729,1.96,3.0990044123135467,23.56381712636725,29.761825950994346,0,2.4779127070021922,always
2678,26.3138794881067,26.088838527311225,26.178854911629415,0.2250409607954751,2.4779127070021922,1.5741387191102925,1.96,3.085311889456173,23.003526637855053,29.174150416767397,0,2.35654924335387,always
2679,29.08556498454047,26.178854911629415,27.341538940793836,2.9067100729110535,2.35654924335387,1.5351056130943792,1.96,3.0088070016649833,23.17004790996443,29.1876619132944,0,2.661169953584306,always
2680,28.619888561198078,27.341538940793836,27.852878788955532,1.2783496204042422,2.661169953584306,1.631309275883732,1.96,3.1973661807321148,24.14417276006172,30.53890512152595,0,2.6098203435044742,always
2681,23.53152883623409,27.852878788955532,26.124338807866955,-4.321349952721441,2.6098203435044742,1.6154938388940003,1.96,3.1663679242322407,24.686510864723292,31.019246713187773,1,3.4130325970235305,always
2682,24.052466468311852,26.124338807866955,25.295589872044914,-2.071872339555103,3.4130325970235305,1.847439470462708,1.96,3.6209813621069076,22.50335744576005,29.745320169973862,0,3.4570137167430306,always
2683,28.077511077833577,25.295589872044914,26.40835835436038,2.781921205788663,3.4570137167430306,1.8593046325825766,1.96,3.64423707986185,21.651352792183065,28.939826951906763,0,3.6711173106667117,always
2684,28.050379157547063,26.40835835436038,27.065166675635055,1.642020803186682,3.6711173106667117,1.9160159995852621,1.96,3.7553913591871138,22.652966995173266,30.163749713547496,0,3.622373061038268,always
2685,27.847424164788197,27.065166675635055,27.378069671296313,0.7822574891531424,3.622373061038268,1.9032532834697193,1.96,3.73037643560065,23.334790240034405,30.795543111235705,0,3.471850746953163,always
2686,25.210591608371466,27.378069671296313,26.511078446126376,-2.1674780629248467,3.471850746953163,1.8632903013092628,1.96,3.652048990566155,23.72602068073016,31.030118661862467,0,3.5331562672685273,always
2687,22.53683414334537,26.511078446126376,24.921380725013975,-3.974244302781006,3.5331562672685273,1.8796691909132648,1.96,3.684151614189999,22.826926831936376,30.195230060316376,1,4.146229342814465,always
2688,24.691058210070448,24.921380725013975,24.829251719036563,-0.23032251494352707,4.146229342814465,2.0362291970243587,1.96,3.991009226167743,20.93037149884623,28.91238995118172,0,3.9415702987182373,always
2689,24.474002773250113,24.829251719036563,24.687152140721984,-0.3552489457864496,3.9415702987182373,1.98533883725631,1.96,3.8912641210223677,20.937987598014196,28.72051584005893,0,3.7508018744564446,always
2690,25.541716039574457,24.687152140721984,25.028977700262974,0.8545638988524722,3.7508018744564446,1.936698705131091,1.96,3.7959294620569386,20.891222678665045,28.483081602778924,0,3.5997757535947192,always
2691,28.58079163108787,25.028977700262974,26.44970327259293,3.5518139308248955,3.5997757535947192,1.8973075010642633,1.96,3.718722702085956,21.31025499817702,28.74770040234893,0,4.050556075875074,always
2692,25.075472600246073,26.44970327259293,25.900011003654186,-1.374230672346858,4.050556075875074,2.012599333169688,1.96,3.944694693012589,22.50500857958034,30.39439796560552,0,3.942453769122265,always
2693,22.398142550732864,25.900011003654186,24.499263622485657,-3.5018684529213218,3.942453769122265,1.9855613234353315,1.96,3.8917001939332496,22.008310809720935,29.791711197587436,0,4.35848521374443,always
2694,22.915600862574315,24.499263622485657,23.865798518521117,-1.5836627599113413,4.35848521374443,2.0876985447483625,1.96,4.09188914770679,20.407374474778866,28.591152770192448,0,4.2659603399137085,always
2695,26.017809452611715,23.865798518521117,24.72660289215736,2.1520109340905975,4.2659603399137085,2.065420136416247,1.96,4.048223467375845,19.817575051145273,27.914021985896962,0,4.284219875940297,always
2696,27.16681006181056,24.72660289215736,25.70268576001864,2.440207169653199,4.284219875940297,2.0698357123067272,1.96,4.056877996121186,20.669724896036172,28.783480888278547,0,4.367739433684626,always
2697,28.952385883324606,25.70268576001864,27.00256580934103,3.249700123305967,4.367739433684626,2.089913738335778,1.96,4.096230927138125,21.606454832880516,29.798916687156762,0,4.677380006571136,always
2698,28.782048992727027,27.00256580934103,27.714359082695427,1.7794831833859988,4.677380006571136,2.1627251343088276,1.96,4.238941263245302,22.763624546095727,31.24150707258633,0,4.601839026240257,always
2699,27.098445873076813,27.714359082695427,27.467993798847985,-0.6159132096186148,4.601839026240257,2.1451897413143337,1.96,4.204571892976094,23.509787189719333,31.918930975671522,0,4.390714529017379,always
2700,25.648988498998403,27.467993798847985,26.740391678908153,-1.8190052998495823,4.390714529017379,2.095403190084758,1.96,4.106990252566125,23.36100354628186,31.57498405141411,0,4.336617816610554,always
2701,27.742514828337875,26.740391678908153,27.141240938680042,1.0021231494297211,4.336617816610554,2.0824547573982377,1.96,4.081611324500546,22.658780354407607,30.8220030034087,0,4.169999466111173,always
2702,27.84054111453346,27.141240938680042,27.42096100902141,0.6993001758534163,4.169999466111173,2.0420576549429676,1.96,4.002433003688217,23.138807934991824,31.14367394236826,0,3.9859505296030444,always
2703,29.431382784886054,27.42096100902141,28.22512971936727,2.0104217758646428,3.9859505296030444,1.996484542790914,1.96,3.9131097038701914,23.50785130515122,31.334070712891602,0,3.9887427889664293,always
2704,27.3829927321261,28.22512971936727,27.888274924470803,-0.8421369872411688,3.9887427889664293,1.9971837143754276,1.96,3.914480080175838,24.310649639191432,32.13960979954311,0,3.8247653847820895,always
2705,28.27966973768598,27.888274924470803,28.044832849756872,0.3913948132151752,3.8247653847820895,1.9557007400883422,1.96,3.8331734505731507,24.05510147389765,31.721448375043956,0,3.641186610533572,always
2706,30.368019229726784,28.044832849756872,28.974107401744835,2.3231863799699113,3.641186610533572,1.908189353951429,1.96,3.740051133744801,24.304781716012073,31.784883983501672,0,3.728987027810778,always
2707,29.70977357212521,28.974107401744835,29.268373869896987,0.7356661703803766,3.728987027810778,1.9310585252163588,1.96,3.7848747094240633,25.189232692320772,32.7589821111689,0,3.5695979121323456,always
2708,27.690034939968772,29.268373869896987,28.6370382979257,-1.578338929928215,3.5695979121323456,1.8893379560397197,1.96,3.7031023938378507,25.565271476059138,32.971476263734836,0,3.5156757054120753,always
2709,27.672099040383166,28.6370382979257,28.25106259490869,-0.9649392575425324,3.5156757054120753,1.8750135213944659,1.96,3.675026501933153,24.962011795992545,32.31206479985885,0,3.386447308678808,always
2710,23.778464399094503,28.25106259490869,26.462023316583014,-4.472598195814186,3.386447308678808,1.8402302325195095,1.96,3.6068512557382384,24.64421133917045,31.857913850646927,1,4.217331674304883,always
2711,26.196916446993306,26.462023316583014,26.355980568747132,-0.2651068695897081,4.217331674304883,2.0536142954081913,1.96,4.0250840190000545,22.43693929758296,30.48710733558307,0,4.009979173204822,always
2712,28.97138667188902,26.355980568747132,27.40214301000389,2.61540610314189,4.009979173204822,2.0024932392407275,1.96,3.9248867489118258,22.431093819835304,30.28086731765896,0,4.151497668762173,always
2713,29.52093161005127,27.40214301000389,28.249658450022842,2.118788600047381,4.151497668762173,2.0375224339285625,1.96,3.9935439704999824,23.40859903950391,31.39568698050387,0,4.168386041908601,always
2714,29.599164399432993,28.249658450022842,28.7894608297869,1.3495059494101511,4.168386041908601,2.041662568082346,1.96,4.001658633441398,24.247999816581444,32.251317083464244,0,4.05102505518784,always
2715,28.19937945228707,28.7894608297869,28.553428278786967,-0.5900813774998319,4.05102505518784,2.0127158406461256,1.96,3.944923047666406,24.844537782120494,32.734383877453304,0,3.865883604032053,always
2716,25.722235186679008,28.553428278786967,27.420951041943784,-2.8311930921079593,3.865883604032053,1.9661850380958688,1.96,3.8537226746679027,24.699705604119064,32.40715095345487,0,4.0733721400704415,always
2717,26.434047379625802,27.420951041943784,27.02618957701659,-0.9869036623179817,4.0733721400704415,2.018259681029783,1.96,3.955788974818374,23.46516206712541,31.37674001676216,0,3.9184024750017517,always
2718,28.413144060557215,27.02618957701659,27.58097137043284,1.3869544835406238,3.9184024750017517,1.9794955102252068,1.96,3.8798112000414053,23.146378376975186,30.906000777057997,0,3.818664488222336,always
2719,29.315763613892944,27.58097137043284,28.274888267816884,1.7347922434601024,3.818664488222336,1.9541403450679626,1.96,3.8301150763332066,23.750856294099634,31.41108644676605,0,3.778206470209686,always
2720,28.93826518898476,28.274888267816884,28.540239036284035,0.6633769211678775,3.778206470209686,1.9437609087049996,1.96,3.809771381061799,24.465116886755084,32.084659648878684,0,3.61129959367611,always
2721,29.576630873822218,28.540239036284035,28.95479577129931,1.0363918375381829,3.61129959367611,1.900341967561657,1.96,3.724670256420848,24.815568779863188,32.264909292704886,0,3.484440016038093,always
2722,26.960294100249726,28.95479577129931,28.156995102879478,-1.9945016710495835,3.484440016038093,1.866665480486017,1.96,3.6586643417525933,25.296131429546715,32.6134601130519,0,3.5091198610271674,always
2723,26.963911707486,28.156995102879478,27.679761744722086,-1.1930833953934759,3.5091198610271674,1.8732644930781044,1.96,3.6715984064330844,24.485396696446394,31.82859350931256,0,3.4048362673939905,always
2724,29.945594522294098,27.679761744722086,28.58609485575089,2.2658327775720117,3.4048362673939905,1.845219842564563,1.96,3.6166308914265435,24.063130853295544,31.296392636148628,0,3.491294362820276,always
2725,27.195983614227664,28.58609485575089,28.0300503591416,-1.3901112415232255,3.491294362820276,1.8685005653786342,1.96,3.662261108142123,24.923833747608768,32.24835596389301,0,3.413350107869724,always
2726,26.926762928559626,28.0300503591416,27.58873538690881,-1.1032874305819753,3.413350107869724,1.8475254011433033,1.96,3.6211497862408746,24.408900572900727,31.651200145382475,0,3.3035447602002463,always
2727,26.992498197062375,27.58873538690881,27.350240510970238,-0.596237189846434,3.3035447602002463,1.8175656137262959,1.96,3.5624286029035397,24.026306784005268,31.15116398981235,0,3.1561424615180327,always
2728,27.488551877247954,27.350240510970238,27.405565057481326,0.13831136627771556,3.1561424615180327,1.7765535346614334,1.96,3.482044927936409,23.868195583033827,30.83228543890665,0,2.999291840144211,always
2729,26.952170772995952,27.405565057481326,27.224207343687176,-0.45339428448537333,2.999291840144211,1.731846367361785,1.96,3.3944188800290984,24.011146177452225,30.799983937510426,0,2.8596055669972005,always
2730,27.48520045162293,27.224207343687176,27.32860458686148,0.2609931079357537,2.8596055669972005,1.6910368319457743,1.96,3.3144321906137173,23.909775153073458,30.538639534300895,0,2.7200311587668384,always
2731,31.089418306116137,27.32860458686148,28.832930074563343,3.7608137192546565,2.7200311587668384,1.6492516966087494,1.96,3.2325333253531485,24.09607126150833,30.56113791221463,1,3.2912155923751985,always
2732,28.326905216092396,28.832930074563343,28.630520131174965,-0.5060248584709477,3.2912155923751985,1.8141707726603906,1.96,3.5557747144143654,25.277155360148978,32.388704788977705,0,3.1394578706259657,always
2733,25.00951897287913,28.630520131174965,27.18211966785663,-3.6210011582958366,3.1394578706259657,1.7718515374110682,1.96,3.4728290133256934,25.15769111784927,32.103349144500655,1,3.6380674465136567,always
2734,24.201856920436022,27.18211966785663,25.990014568888384,-2.980262747420607,3.6380674465136567,1.9073718689635895,1.96,3.7384488631686352,23.443670804687994,30.920568531025264,0,3.900262376371125,always
2735,29.919982095764198,25.990014568888384,27.56200157963871,3.9299675268758136,3.900262376371125,1.974908194415914,1.96,3.8708200610551913,22.119194507833193,29.860834629943575,1,4.477481495667488,always
2736,30.470051238958575,27.56200157963871,28.725221443366657,2.9080496593198646,4.477481495667488,2.1160060244875223,1.96,4.147371807995544,23.414629771643167,31.709373387634255,0,4.676445061937633,always
2737,28.596081104971535,28.725221443366657,28.673565308008605,-0.1291403383951213,4.676445061937633,2.1625089738397927,1.96,4.238517588725993,24.486703854640663,32.96373903209265,0,4.443456670190791,always
2738,26.630948631844277,28.673565308008605,27.856518637542873,-2.0426166761643287,4.443456670190791,2.107950822526653,1.96,4.131583612152239,24.541981695856364,32.805148920160846,0,4.429897980968482,always
2739,25.57639430901616,27.856518637542873,26.944468906132187,-2.280124328526714,4.429897980968482,2.1047322824930683,1.96,4.125275273686414,23.731243363856457,31.98179391122929,0,4.468351429597028,always
2740,26.990136299565904,26.944468906132187,26.962735863505674,0.04566739343371751,4.468351429597028,2.113847541710856,1.96,4.143141181753277,22.801327724378908,31.087610087885466,0,4.245038133658328,always
2741,32.4057500338363,26.962735863505674,29.139941531637923,5.443014170330624,4.245038133658328,2.0603490319987845,1.96,4.0382841027176175,22.924451760788056,31.001019966223293,1,5.51410638989641,always
2742,33.34898825198021,29.139941531637923,30.823560219774837,4.209046720342286,5.51410638989641,2.3482134464090803,1.96,4.6024983549617975,24.537443176676128,33.74243988659972,0,6.124204785102797,always
2743,27.83961120758157,30.823560219774837,29.62998061489753,-2.9839490121932677,6.124204785102797,2.474713071267616,1.96,4.850437619684528,25.97312260009031,35.67399783945937,0,6.263192131216115,always
2744,26.313133753151366,29.62998061489753,28.303241870199063,-3.316846861746164,6.263192131216115,2.502637035452028,1.96,4.9051685894859745,24.724812025411556,34.5351492043835,0,6.5001061798690785,always
2745,25.933290489100468,28.303241870199063,27.355261317759627,-2.369951381098595,6.5001061798690785,2.549530580296906,1.96,4.997079937381936,23.306161932817126,33.300321807581,0,6.455934348314181,always
2746,25.051355958615268,27.355261317759627,26.433699174101882,-2.303905359144359,6.455934348314181,2.5408530749168046,1.96,4.980072026836937,22.37518929092269,32.33533334459656,0,6.398536626093176,always
2747,28.905934707115872,26.433699174101882,27.42259338730748,2.47223553301399,6.398536626093176,2.5295328869364746,1.96,4.95788445839549,21.47581471570639,31.391583632497372,0,6.384207221323365,always
2748,31.870522114927216,27.42259338730748,29.201764878355373,4.447928727619736,6.384207221323365,2.5266988782447672,1.96,4.952329801359744,22.470263585947734,32.374923188667225,0,7.054200358556442,always
2749,31.55092429197024,29.201764878355373,30.14142864380132,2.349159413614867,7.054200358556442,2.6559744649669437,1.96,5.205709951335209,23.996054927020165,34.407474829690585,0,6.977417838157386,always
2750,27.602995643889173,30.14142864380132,29.12605544383646,-2.538432999912146,6.977417838157386,2.641480236185269,1.96,5.177301262923128,24.964127380878192,35.31872990672445,0,6.950729051001665,always
2751,25.848671639345405,29.12605544383646,27.81510192204004,-3.2773838044910555,6.950729051001665,2.636423534070667,1.96,5.167390126778507,23.958665317057953,34.29344557061496,0,7.140254828548595,always
2752,28.14485349214984,27.81510192204004,27.94700255008396,0.3297515701097993,7.140254828548595,2.672125526345758,1.96,5.237366031637685,22.577735890402355,33.05246795367773,0,6.788678892020659,always
2753,29.86232033163936,27.94700255008396,28.713129662706116,1.9153177815554017,6.788678892020659,2.6055093344719875,1.96,5.1067982955650955,22.840204254518863,33.05380084564905,0,6.632667057636741,always
2754,28.567009245963128,28.713129662706116,28.65468149600892,-0.14612041674298837,6.632667057636741,2.575396485521548,1.96,5.047777111622234,23.66535255108388,33.76090677432835,0,6.302101263564361,always
2755,25.092937651580947,28.65468149600892,27.229983958237728,-3.5617438444279728,6.302101263564361,2.5103986264265603,1.96,4.920381307796058,23.734300188212863,33.575062803804975,0,6.621297161052171,always
2756,26.25557075918002,27.229983958237728,26.840218678614644,-0.9744131990577074,6.621297161052171,2.5731881316864826,1.96,5.043448738105506,22.18653522013222,32.273432696343235,0,6.337706357124456,always
2757,30.13788808857171,26.840218678614644,28.15928644259747,3.2976694099570665,6.337706357124456,2.5174801602245958,1.96,4.934261114040208,21.905957564574436,31.77447979265485,0,6.564552216136562,always
2758,28.471065040001776,28.15928644259747,28.28399788155919,0.3117785974043059,6.564552216136562,2.5621382117552836,1.96,5.021790895040356,23.137495547557116,33.181077337637824,0,6.241184900019704,always
2759,28.284334052229177,28.28399788155919,28.284132349827185,0.00033617066998559153,6.241184900019704,2.4982363579172615,1.96,4.896543261517833,23.38745462004136,33.18054114307702,0,5.929125660669254,always
2760,28.544880454037155,28.284132349827185,28.38843159151117,0.26074810420996997,5.929125660669254,2.4349796016946947,1.96,4.772560019321602,23.511572330505583,33.056692369148784,0,5.6360688563282455,always
2761,29.422483641156205,28.38843159151117,28.802052411369186,1.0340520496450338,5.6360688563282455,2.374040618087282,1.96,4.653119611451073,23.735311980060096,33.041551202962246,0,5.407728595580587,always
2762,30.001513207253655,28.802052411369186,29.281836729722976,1.1994607958844696,5.407728595580587,2.325452342143478,1.96,4.557886590601217,24.244165820767968,33.3599390019704,0,5.209277475844748,always
2763,27.56046824088606,29.281836729722976,28.593289334188206,-1.7213684888369158,5.209277475844748,2.282384164825183,1.96,4.473472963057358,24.808363766665618,33.75530969278034,0,5.096969075770545,always
2764,24.42258524065739,28.593289334188206,26.92500769677588,-4.170704093530816,5.096969075770545,2.25764680049173,1.96,4.4249877289637904,24.168301605224414,33.018277063152,0,5.7118592537717525,always
2765,25.385537735427086,26.92500769677588,26.309219712236363,-1.539469961348793,5.7118592537717525,2.3899496341495885,1.96,4.684301282933194,22.240706413842684,31.609308979709073,0,5.544764679177927,always
2766,29.66622099721807,26.309219712236363,27.652020226229045,3.357001284981706,5.544764679177927,2.354732400757659,1.96,4.615275505485012,21.69394420675135,30.924495217721375,0,5.830999326587472,always
2767,29.606457875328342,27.652020226229045,28.43379528586876,1.9544376490992974,5.830999326587472,2.4147462240549156,1.96,4.732902599147635,22.91911762708141,32.38492282537668,0,5.7304406864689375,always
2768,27.20219924080151,28.43379528586876,27.941156867841862,-1.2315960450672527,5.7304406864689375,2.3938338886541266,1.96,4.691914421762088,23.741880864106673,33.12570970763085,0,5.519760093056756,always
2769,24.09856509392978,27.941156867841862,26.404120158277028,-3.8425917739120834,5.519760093056756,2.3494169687513446,1.96,4.604857258752635,23.336299609089227,32.5460141265945,0,5.982047665450758,always
2770,28.799510767783524,26.404120158277028,27.362276402079626,2.395390609506496,5.982047665450758,2.4458224926291683,1.96,4.79381208555317,21.610308072723857,31.1979322438302,0,5.969840090783815,always
2771,31.781494375843188,27.362276402079626,29.129963591585053,4.419217973763562,5.969840090783815,2.443325621112302,1.96,4.788918217380111,22.573358184699515,32.15119461945974,0,6.6478224612263705,always
2772,31.136485213526296,29.129963591585053,29.93257224036155,2.0065216219412427,6.6478224612263705,2.578337150418147,1.96,5.053540814819568,24.076422776765483,34.18350440640462,0,6.5167377891309375,always
2773,29.55523202036339,29.93257224036155,29.781636152362285,-0.37734021999816036,6.5167377891309375,2.5527901968495055,1.96,5.003468785825031,24.92910345453652,34.93604102618658,0,6.198020181755803,always
2774,28.342459147769986,29.781636152362285,29.205965350525368,-1.439177004592299,6.198020181755803,2.489582330784785,1.96,4.879581368338179,24.902054784024106,34.66121752070046,0,5.991680695195376,always
2775,27.173866195711,29.205965350525368,28.393125688599618,-2.032099154814368,5.991680695195376,2.4477909827424758,1.96,4.797670326175252,24.408295024350117,34.00363567670062,0,5.89856800918547,always
2776,27.199943987358303,28.393125688599618,27.915853008103092,-1.1931817012413148,5.89856800918547,2.4286967717657695,1.96,4.760245672660908,23.63288001593871,33.153371361260525,0,5.6748237373350525,always
2777,27.404186747671293,27.915853008103092,27.71118650393037,-0.5116662604317987,5.6748237373350525,2.3821888542546437,1.96,4.669090154339101,23.24676285376399,32.584943162442194,0,5.404172668571513,always
2778,32.107151186546126,27.71118650393037,29.46957237697667,4.395964682615755,5.404172668571513,2.32468764967931,1.96,4.556387793371448,23.15479871055892,32.26757429730182,0,6.10018930968319,always
2779,31.70856538504119,29.46957237697667,30.36516958020248,2.2389930080645186,6.10018930968319,2.4698561313734833,1.96,4.840918017492027,24.628654359484646,34.3104903944687,0,6.04583432870712,always
2780,27.588362975724497,30.36516958020248,29.254446938411288,-2.776806604477983,6.04583432870712,2.4588278363291565,1.96,4.819302559205147,25.545867020997335,35.184472139407625,0,6.129075358205391,always
2781,26.709480254163523,29.254446938411288,28.236460264712182,-2.5449666842477647,6.129075358205391,2.4756969439342513,1.96,4.852366010111132,24.402080928300155,34.10681294852242,0,6.146464361491674,always
2782,26.027703287851388,28.236460264712182,27.352957473967866,-2.208756976860794,6.146464361491674,2.4792063975174945,1.96,4.8592445391342896,23.37721572557789,33.09570480384647,0,6.083071512558651,always
2783,29.83114192351291,27.352957473967866,28.344231253785882,2.4781844495450436,6.083071512558651,2.4663883539618516,1.96,4.834121173765229,22.518836300202636,32.187078647733095,0,6.085987845229061,always
2784,29.20572986647134,28.344231253785882,28.688830698860066,0.8614986126854589,6.085987845229061,2.4669794983398345,1.96,4.835279816746076,23.508951437039805,33.17951107053196,0,5.8187974459505565,always
2785,28.671995107060045,28.688830698860066,28.68209646214006,-0.01683559180002092,5.8187974459505565,2.412218366141539,1.96,4.727947997637417,23.96088270122265,33.41677869649748,0,5.527871745510591,always
2786,29.51179857561506,28.68209646214006,29.01397730753006,0.8297021134750011,5.527871745510591,2.3511426467806227,1.96,4.60823958769002,24.073856874450037,33.29033604983008,0,5.285898438090305,always
2787,29.260734408146504,29.01397730753006,29.112680147776636,0.2467571006164455,5.285898438090305,2.2991081832071987,1.96,4.506252039086109,24.50772526844395,33.52022934661617,0,5.024647969521021,always
2788,28.25474634480983,29.112680147776636,28.769506626589912,-0.8579338029668051,5.024647969521021,2.24157265541874,1.96,4.39348240462073,24.719197743155906,33.50616255239737,0,4.810218091558624,always
2789,27.65118373009667,28.769506626589912,28.322177467992613,-1.1183228964932432,4.810218091558624,2.193220939978146,1.96,4.298713042357166,24.470793584232744,33.06821966894708,0,4.6322394920217445,always
2790,27.691175420322423,28.322177467992613,28.069776648924538,-0.6310020476701901,4.6322394920217445,2.1522638063262005,1.96,4.218437060399353,24.10374040759326,32.54061452839197,0,4.420535696628855,always
2791,27.236565653753864,28.069776648924538,27.73649225085627,-0.8332109951706741,4.420535696628855,2.102507002753821,1.96,4.120913725397489,23.94886292352705,32.190690374322024,0,4.2342209399210775,always
2792,27.13462653743655,27.73649225085627,27.495745965488382,-0.6018657134197198,4.2342209399210775,2.057722269870518,1.96,4.033135648946216,23.703356601910052,31.769627899802487,0,4.040622009774535,always
2793,30.1943786560614,27.495745965488382,28.57519904171759,2.6986326905730174,4.040622009774535,2.0101298489835266,1.96,3.939854504007712,23.55589146148067,31.435600469496094,0,4.2027218292172766,always
2794,29.699008975890827,28.57519904171759,29.024723015386886,1.123809934173238,4.2027218292172766,2.0500541039731797,1.96,4.018106043787432,24.557092997930155,32.59330508550502,0,4.055733176163735,always
2795,26.856021653429636,29.024723015386886,28.157242470603986,-2.1687013619572504,4.055733176163735,2.013885095074626,1.96,3.947214786346267,25.077508229040617,32.971937801733155,0,4.08810979722331,always
2796,25.802162108820106,28.157242470603986,27.215210325890432,-2.3550803617838802,4.08810979722331,2.0219074650496025,1.96,3.962938631497221,24.194303839106766,32.120181102101206,0,4.161024482885149,always
2797,29.01634245962308,27.215210325890432,27.93566317938349,1.8011321337326471,4.161024482885149,2.039858937006466,1.96,3.998123516532673,23.21708680935776,31.213333842423104,0,4.115177106899107,always
2798,30.83463437111051,27.93566317938349,29.0952516560743,2.8989711917270213,4.115177106899107,2.028589930690554,1.96,3.976036264153486,23.959626915230004,31.911699443536975,0,4.329619950077311,always
2799,30.14560316020315,29.0952516560743,29.51539225772584,1.0503515041288516,4.329619950077311,2.08077388249596,1.96,4.078316809692081,25.01693484638222,33.17356846576638,0,4.168300866684732,always
2800,27.596262912201947,29.51539225772584,28.747740519516285,-1.919129345523892,4.168300866684732,2.0416417086954146,1.96,4.001617749043013,25.513774508682825,33.51701000676885,0,4.144038695593044,always
2801,29.46999987247901,28.747740519516285,29.036644260701376,0.7222593529627268,4.144038695593044,2.0356912083105936,1.96,3.9899547682887633,24.757785751227523,32.737695287805046,0,3.9629196894604983,always
2802,30.04352677996046,29.036644260701376,29.43939726840501,1.006882519259083,3.9629196894604983,1.9907083386223352,1.96,3.901788343699777,25.134855917001598,32.93843260440115,0,3.815464325366949,always
2803,30.026695084718106,29.43939726840501,29.67431639493025,0.5872978163130966,3.815464325366949,1.953321357423542,1.96,3.828509860550142,25.610887407854868,33.26790712895515,0,3.641937045350908,always
2804,31.573960391938254,29.67431639493025,30.434173993733452,1.8996439970080026,3.641937045350908,1.9083859791328661,1.96,3.7404365191004176,25.933879875829835,33.41475291403067,0,3.6402725588517892,always
2805,32.3674452111825,30.434173993733452,31.207482480713068,1.9332712174490467,3.6402725588517892,1.9079498313246575,1.96,3.7395816693963284,26.694592324337123,34.17375566312978,0,3.6451358109200456,always
2806,29.285622161814167,31.207482480713068,30.438738353153507,-1.9218603188989007,3.6451358109200456,1.9092238765844214,1.96,3.742078798105466,27.4654036826076,34.949561278818535,0,3.6475563746419524,always
2807,27.229361012134387,30.438738353153507,29.15498741674586,-3.2093773410191204,3.6475563746419524,1.9098576843948223,1.96,3.7433210614138517,26.695417291739655,34.18205941456736,0,3.9801837017622024,always
2808,28.98285875559366,29.15498741674586,29.086135952284984,-0.17212866115220038,3.9801837017622024,1.9950397744812514,1.96,3.9102779579832525,25.244709458762607,33.065265374729115,0,3.7826559304735943,always
2809,33.48923330929327,29.086135952284984,30.8473748950883,4.403097357008285,3.7826559304735943,1.9449051212009274,1.96,3.812014037553818,25.274121914731165,32.8981499898388,1,4.562886450714582,always
2810,29.85376286107564,30.8473748950883,30.449930081483238,-0.99361203401266,4.562886450714582,2.136091395683851,1.96,4.186739135540348,26.66063575954795,35.03411403062865,0,4.384105371885592,always
2811,28.710140471354507,30.449930081483238,29.754014237431747,-1.7397896101287316,4.384105371885592,2.09382553520717,1.96,4.1038980490060535,26.346032032477183,34.55382813048929,0,4.316243497666906,always
2812,27.36013785491516,29.754014237431747,28.796463684425113,-2.393876382516588,4.316243497666906,2.077557098533493,1.96,4.072011913125646,25.6820023243061,33.8260261505574,0,4.386963529522095,always
2813,28.234515986983524,28.796463684425113,28.57168460544848,-0.5619476974415889,4.386963529522095,2.094507944487701,1.96,4.105235571195894,24.69122811322922,32.901699255621004,0,4.183404613778985,always
2814,29.838998037636173,28.57168460544848,29.078609978323556,1.267313432187695,4.183404613778985,2.045337286067749,1.96,4.008861080692788,24.56282352475569,32.580545686141264,0,4.054538549860204,always
2815,30.280378313934605,29.078609978323556,29.559317312567977,1.2017683356110496,4.054538549860204,2.0135884757964333,1.96,3.946633412561009,25.131976565762546,33.02524339088456,0,3.9240239789910607,always
2816,29.57303406005386,29.559317312567977,29.56480401156233,0.013716747485883474,3.9240239789910607,1.9809149348195294,1.96,3.8825932722462775,25.676724040321698,33.44191058481425,0,3.7278321874995872,always
2817,29.73944186962957,29.56480401156233,29.634659154789226,0.1746378580672392,3.7278321874995872,1.9307594846328187,1.96,3.7842885898803247,25.780515421682004,33.349092601442656,0,3.5429654971981237,always
2818,29.37926474180494,29.634659154789226,29.53250138959551,-0.25539441298428756,3.5429654971981237,1.8822766792366428,1.96,3.6892622913038196,25.945396863485406,33.323921446093046,0,3.369078537647397,always
2819,27.68915183298695,29.53250138959551,28.795161566952086,-1.8433495566085583,3.369078537647397,1.8355049816460312,1.96,3.597589764026221,25.93491162556929,33.130091153621734,0,3.370521490157475,always
2820,30.218663147673865,28.795161566952086,29.364562199240797,1.42350158072178,3.370521490157475,1.8358980064691708,1.96,3.5983600926795747,25.19680147427251,32.39352165963166,0,3.3033132531654714,always
2821,32.54093022283416,29.364562199240797,30.635109408678147,3.1763680235933656,3.3033132531654714,1.8175019265919559,1.96,3.5623037761202334,25.802258423120563,32.92686597536103,0,3.642613281572519,always
2822,32.80498802489757,30.635109408678147,31.503060855165916,2.169878616219421,3.642613281572519,1.9085631458174286,1.96,3.74078376580216,26.894325642875987,34.37589317448031,0,3.6959012779502083,always
2823,28.226425959125336,31.503060855165916,30.192406896749684,-3.27663489604058,3.6959012779502083,1.9224726988829277,1.96,3.7680464898105384,27.73501436535538,35.27110734497646,0,4.047923026150241,always
2824,28.106738791902643,30.192406896749684,29.35813965481087,-2.0856681048470413,4.047923026150241,2.0119450852720213,1.96,3.9434123671331616,26.248994529616525,34.135819263882844,0,4.0630274470215415,always
2825,30.8897985792893,29.35813965481087,29.970803224602243,1.5316589244784318,4.0630274470215415,2.0156952763306117,1.96,3.950762741607999,25.40737691320287,33.30890239641887,0,3.977175027717186,always
2826,30.05870664896288,29.970803224602243,30.005964594346498,0.08790342436063625,3.977175027717186,1.9942855933183656,1.96,3.9087997629039966,26.062003461698247,33.87960298750624,0,3.7787026269320427,always
2827,29.729084572006272,30.005964594346498,29.895212585410405,-0.2768800223402259,3.7787026269320427,1.9438885325378208,1.96,3.810021523774129,26.19594307057237,33.81598611812063,0,3.5936006229239967,always
2828,29.758697450756777,29.895212585410405,29.840606531548953,-0.13651513465362797,3.5936006229239967,1.8956794620726356,1.96,3.7155317456623655,26.17968083974804,33.61074433107277,0,3.4148524108772715,always
2829,32.87890217230333,29.840606531548953,31.0559247878507,3.0382956407543737,3.4148524108772715,1.8479319280961817,1.96,3.621946579068516,26.218659952480436,33.46255311061747,0,3.7056718103647595,always
2830,34.859736633522466,31.0559247878507,32.57744952611941,3.803811845671767,3.7056718103647595,1.925012158497904,1.96,3.773023830655892,27.28290095719481,34.828948618506594,1,4.243837447710164,always
2831,29.104856303966518,32.57744952611941,31.18841223725825,-3.4725932221528915,4.243837447710164,2.06005763213318,1.96,4.037712958981033,28.539736567138377,36.61516248510044,0,4.634590759651766,always
2832,30.898935974210662,31.18841223725825,31.072621732039217,-0.28947626304758955,4.634590759651766,2.1528099683092714,1.96,4.219507537886172,26.96890469937208,35.40791977514442,0,4.407051047012577,always
2833,29.739094850813153,31.072621732039217,30.53921097954879,-1.3335268812260637,4.407051047012577,2.099297750918763,1.96,4.114623591800775,26.95799814023844,35.18724532383999,0,4.275613191809573,always
2834,30.989998864873698,30.53921097954879,30.71952613367875,0.45078788532490677,4.275613191809573,2.0677555928613938,1.96,4.052800962008332,26.486410017540457,34.592011941557125,0,4.0719930180968795,always
2835,32.305198864813235,30.71952613367875,31.353795226132547,1.5856727311344834,4.0719930180968795,2.017917990924527,1.96,3.9551192622120728,26.76440687146668,34.67464539589083,0,3.9941112677052097,always
2836,29.51958454618838,31.353795226132547,30.620110954154878,-1.8342106799441673,3.9941112677052097,1.9985272746963474,1.96,3.917113458404841,27.436681767727706,35.27090868453739,0,3.9626221452410118,always
2837,29.42405298606506,30.620110954154878,30.14168776691895,-1.1960579680898178,3.9626221452410118,1.9906336039665893,1.96,3.9016418637745147,26.718469090380363,34.521752817929396,0,3.8360187711305183,always
2838,29.858338902145746,30.14168776691895,30.028348221009665,-0.28334886477320254,3.8360187711305183,1.9585756996170758,1.96,3.8388083712494683,26.302879395669482,33.98049613816842,0,3.6482321615324054,always
2839,31.159471855203506,30.028348221009665,30.480797674687203,1.131123634193841,3.6482321615324054,1.9100345969464547,1.96,3.7436678100150513,26.284680410994614,33.77201603102472,0,3.529792587247379,always
2840,31.23752211562017,30.480797674687203,30.78348745106039,0.7567244409329668,3.529792587247379,1.8787742246601584,1.96,3.6823974803339103,26.79840019435329,34.163195155021114,0,3.381934551860276,always
2841,32.08228656982572,30.78348745106039,31.303007098566525,1.2987991187653272,3.381934551860276,1.8390036845695215,1.96,3.604447221756262,27.179040229304128,34.387934672816655,0,3.2971817818125415,always
2842,30.868710198804436,31.303007098566525,31.129288338661688,-0.43429689976208863,3.2971817818125415,1.815814357750412,1.96,3.5589961411908075,27.744010957375718,34.862003239757335,0,3.1417533825790622,always
2843,29.353271730230336,31.129288338661688,30.418881695289144,-1.7760166084313518,3.1417533825790622,1.7724991911363632,1.96,3.4740984146272718,27.655189924034417,34.60338675328896,0,3.142377463121309,always
2844,30.94670428832175,30.418881695289144,30.630010732502186,0.5278225930326066,3.142377463121309,1.7726752277620708,1.96,3.4744434464136584,26.944438248875485,33.8933251417028,0,2.9991884244510265,always
2845,31.886980655165786,30.630010732502186,31.132798701567623,1.2569699226636004,2.9991884244510265,1.7318165100411262,1.96,3.3943603596806073,27.235650372821578,34.02437109218279,0,2.928227672552522,always
2846,31.881556340419927,31.132798701567623,31.432301757108547,0.7487576388523038,2.928227672552522,1.7112064961752926,1.96,3.3539647325035733,27.77883396906405,34.48676343407119,0,2.8098481890118796,always
2847,29.313563468281167,31.432301757108547,30.584806441577598,-2.1187382888273802,2.8098481890118796,1.6762601793909797,1.96,3.2854699516063204,28.146831805502227,34.71777170871487,0,2.8938083763884443,always
2848,27.20446573866103,30.584806441577598,29.23267016041097,-3.3803407029165697,2.8938083763884443,1.7011197419313093,1.96,3.334194694185366,27.25061174739223,33.91900113576296,1,3.3204531209587462,always
2849,27.93931449417698,29.23267016041097,28.715327893917372,-1.293355666233989,3.3204531209587462,1.8222110528033646,1.96,3.5715336634945944,25.661136496916374,32.80420382390556,0,3.2380689088797867,always
2850,29.35512374865479,28.715327893917372,28.97124623581234,0.6397958547374181,3.2380689088797867,1.799463505848281,1.96,3.5269484714626307,25.18837942245474,32.24227636538,0,3.0966324002227563,always
2851,31.947715905083754,28.97124623581234,30.161834103520906,2.976469669271413,3.0966324002227563,1.75972509222968,1.96,3.449061180770173,25.52218505504217,32.42030741658252,0,3.3847693648162522,always
2852,33.08004374416393,30.161834103520906,31.329117959778117,2.918209640643024,3.3847693648162522,1.839774270071264,1.96,3.6059575693396773,26.55587653418123,33.76779167286058,0,3.641328271912534,always
2853,30.766472859657878,31.329117959778117,31.10405991973002,-0.562645100120239,3.641328271912534,1.9082264729094747,1.96,3.74012388690257,27.588994072875547,35.06924184668069,0,3.4750903337513726,always
2854,31.191240371949288,31.10405991973002,31.138932100617726,0.08718045221926829,3.4750903337513726,1.8641594174724898,1.96,3.65375245824608,27.450307461483938,34.7578123779761,0,3.3017158386262615,always
2855,32.50921188398833,31.138932100617726,31.687044013965966,1.3702797833706022,3.3017158386262615,1.8170624201238277,1.96,3.5614423434427023,27.577489757175023,34.70037444406043,0,3.2305133809306574,always
2856,31.400005319019158,31.687044013965966,31.572228535987243,-0.28703869494680845,3.2305133809306574,1.7973628962818435,1.96,3.5228312767124135,28.164212737253553,35.20987529067838,0,3.0731072725039628,always
2857,28.477559592102768,31.572228535987243,30.334360958433454,-3.094668943884475,3.0731072725039628,1.7530280295830876,1.96,3.4359349379828514,28.136293598004393,35.00816347397009,0,3.398300702490917,always
2858,30.874598069905392,30.334360958433454,30.550455803022228,0.5402371114719386,3.398300702490917,1.8434480471363757,1.96,3.6131581723872963,26.721202786046156,33.94751913082075,0,3.2429784741969483,always
2859,31.31945301934924,30.550455803022228,30.858054689553033,0.768997216327012,3.2429784741969483,1.800827163888014,1.96,3.5296212412205072,27.02083456180172,34.080077044242735,0,3.1103973864230356,always
2860,30.668620571303308,30.858054689553033,30.782281042253143,-0.189434118249725,3.1103973864230356,1.7636318738396162,1.96,3.4567184727256475,27.401336216827385,34.314773162278684,0,2.956671781359736,always
2861,29.35703829469751,30.782281042253143,30.21218394323089,-1.4252427475556324,2.956671781359736,1.7194975374683548,1.96,3.3702151734379755,27.412065868815166,34.152496215691116,0,2.9104040367647457,always
2862,28.070227201721057,30.21218394323089,29.355401246626958,-2.1419567415098335,2.9104040367647457,1.7059906320858698,1.96,3.3437416388883046,26.868442304342587,33.555925582119194,0,2.9942827690514795,always
2863,27.08565802821094,29.355401246626958,28.44750395926055,-2.269743218416018,2.9942827690514795,1.7303995980846387,1.96,3.3915832122458918,25.963818034381067,32.74698445887285,0,3.1021553444761802,always
2864,30.290583701401964,28.44750395926055,29.18473585611712,1.8430797421414127,3.1021553444761802,1.7612936565139217,1.96,3.4521355667672866,24.995368392493265,31.899639526027837,0,3.116894724046974,always
2865,30.581419625890774,29.18473585611712,29.743409364026583,1.3966837697736558,3.116894724046974,1.7654729462801106,1.96,3.460326974709017,25.724408881408102,32.645062830826134,0,3.0585862654820826,always
2866,34.91785676832872,29.743409364026583,31.81318832574744,5.174447404302136,3.0585862654820826,1.74888143265405,1.96,3.427807608001938,26.315601756024645,33.17121697202852,1,4.244402249202434,always
2867,31.155893874133127,31.81318832574744,31.550270545101714,-0.6572944516143124,4.244402249202434,2.060194711478125,1.96,4.037981634497124,27.775206691250315,35.85116996024456,0,4.05378393654846,always
2868,26.473534227843462,31.550270545101714,29.519576018198414,-5.076736317258252,4.05378393654846,2.013401086854892,1.96,3.9462661302355886,27.604004414866125,35.4965366753373,1,5.139757321469482,always
2869,28.196381673059676,29.519576018198414,28.99029828014292,-1.323194345138738,5.139757321469482,2.267103288663638,1.96,4.44352244578073,25.076053572417685,33.963098463979144,0,4.970311619146364,always
2870,33.10003210836502,28.99029828014292,30.63419181143176,4.109733828222101,4.970311619146364,2.229419570010626,1.96,4.369662357220826,24.620635922922094,33.35996063736375,0,5.5662916451307005,always
2871,32.98371291390401,30.63419181143176,31.57400025242066,2.3495211024722487,5.5662916451307005,2.359298973239869,1.96,4.624225987550143,26.009965823881615,35.2584177989819,0,5.563989533422285,always
2872,31.223575324440805,31.57400025242066,31.43383028122872,-0.350424927979855,5.563989533422285,2.3588110423309208,1.96,4.623269642968604,26.950730609452055,36.19726989538926,0,5.291929938258654,always
2873,26.601967611524415,31.43383028122872,29.501085213346997,-4.831862669704304,5.291929938258654,2.3004195135363146,1.96,4.508822246531176,26.92500803469754,35.9426525277599,1,6.194678284289822,always
2874,26.458125586156598,29.501085213346997,28.283901362470836,-3.042959627190399,6.194678284289822,2.488911063957453,1.96,4.878265685356608,24.622819527990387,34.379350898703606,0,6.347924534710867,always
2875,28.0884679522254,28.283901362470836,28.205727998372662,-0.19543341024543537,6.347924534710867,2.5195087883773826,1.96,4.93823722521967,23.345664137251166,33.22213858769051,0,6.032438018867331,always
2876,27.906449203335118,28.205727998372662,28.086016480357646,-0.2992787950375444,6.032438018867331,2.4561022004117277,1.96,4.813960312806986,23.391767685565675,33.01968831117965,0,5.73529450778192,always
2877,30.0001058969242,28.086016480357646,28.851652246984266,1.9140894165665543,5.73529450778192,2.394847491549706,1.96,4.693901083437424,23.39211539692022,32.77991756379507,0,5.631716697123428,always
2878,27.80759750407131,28.851652246984266,28.434030349819082,-1.0440547429129552,5.631716697123428,2.373123826757346,1.96,4.651322700444398,24.20032954653987,33.50297494742866,0,5.404633377577208,always
2879,26.82621160484951,28.434030349819082,27.790902851831255,-1.6078187449695704,5.404633377577208,2.3247867380852827,1.96,4.556582006647154,23.877448343171928,32.99061235646624,0,5.263655764532124,always
2880,28.51113751985392,27.790902851831255,28.07899671904032,0.7202346680226661,5.263655764532124,2.2942658443458823,1.96,4.496761054917929,23.294141796913326,32.28766390674919,0,5.026409875156603,always
2881,29.571647955560984,28.07899671904032,28.676057213648583,1.4926512365206648,5.026409875156603,2.24196562755913,1.96,4.394252630015894,23.684744089024424,32.47324934905621,0,4.886489767093106,always
2882,31.207032766720232,28.676057213648583,29.68844743487724,2.5309755530716487,4.886489767093106,2.2105406051672305,1.96,4.332659586127772,24.34339762752081,33.00871679977635,0,4.962457141250767,always
2883,31.521765970105367,29.68844743487724,30.42177484896849,1.833318535228127,4.962457141250767,2.227657321324527,1.96,4.366208349796073,25.322239085081165,34.054655784673315,0,4.882387126768779,always
2884,31.775241317606287,30.42177484896849,30.963161436423608,1.353466468637798,4.882387126768779,2.209612438136783,1.96,4.330840378748095,26.090934470220393,34.75261522771658,0,4.729861344516683,always
2885,31.557837404580106,30.963161436423608,31.201031823686208,0.5946759681564977,4.729861344516683,2.1748244399299645,1.96,4.262655902262731,26.700505534160875,35.22581733868634,0,4.511050252645993,always
2886,31.88330096798699,31.201031823686208,31.47393948140652,0.6822691443007827,4.511050252645993,2.1239233160935904,1.96,4.162889699543437,27.03814212414277,35.36392152322964,0,4.3087722992769395,always
2887,30.47318427848856,31.47393948140652,31.073637400239335,-1.0007552029179614,4.3087722992769395,2.0757582468285993,1.96,4.068486163784055,27.405453317622467,35.542425645190576,0,4.143409233121461,always
2888,29.922460434324645,31.073637400239335,30.613166613873457,-1.15117696591469,4.143409233121461,2.0355365958688783,1.96,3.9896517279030013,27.083985672336333,35.06328912814234,0,4.002499191808015,always
2889,30.609154674229295,30.613166613873457,30.611561838015795,-0.004011939644161799,4.002499191808015,2.0006247003893596,1.96,3.9212244127631446,26.69194220111031,34.5343910266366,0,3.8023750370005995,always
2890,30.74174763346179,30.611561838015795,30.663636156194194,0.13018579544599618,3.8023750370005995,1.9499679579420273,1.96,3.821937197566373,26.78962464044942,34.433499035582166,0,3.6131037022173644,always
2891,29.669679778086817,30.663636156194194,30.266053604951246,-0.9939563781073772,3.6131037022173644,1.9008165882634138,1.96,3.725600512996291,26.938035643197903,34.38923666919048,0,3.481845981185513,always
2892,29.05727024861154,30.266053604951246,29.782540262415367,-1.2087833563397048,3.481845981185513,1.8659705199133005,1.96,3.657302219030069,26.608751385921178,33.92335582398132,0,3.380811542254431,always
2893,28.498184662628567,29.782540262415367,29.268798022500647,-1.2843555997867995,3.380811542254431,1.8386983282350673,1.96,3.603848723340732,26.178691539074634,33.3863889857561,0,3.294249430476895,always
2894,30.327700918136117,29.268798022500647,29.692359180754835,1.0589028956354696,3.294249430476895,1.8150067301464463,1.96,3.5574131910870346,25.71138483141361,32.82621121358768,0,3.185600726072309,always
2895,30.931505458439652,29.692359180754835,30.18801769182876,1.2391462776848172,3.185600726072309,1.7848251247873863,1.96,3.498257244583277,26.194101936171556,33.19061642533811,0,3.1030948646437,always
2896,29.525292190040584,30.18801769182876,29.92292749111349,-0.6627255017881772,3.1030948646437,1.7615603494185774,1.96,3.4526582848604117,26.73535940696835,33.640675976689174,0,2.9699003759475344,always
2897,28.381055355817637,29.92292749111349,29.30617863699515,-1.5418721352958542,2.9699003759475344,1.723339889849804,1.96,3.377746184105616,26.545181307007876,33.30067367521911,0,2.940273841230247,always
2898,27.57538902679611,29.30617863699515,28.613862792915533,-1.7307896101990394,2.940273841230247,1.714722671813214,1.96,3.3608564367538993,25.94532220024125,32.66703507374905,0,2.943041782907382,always
2899,30.947967750024645,28.613862792915533,29.547504775759176,2.334104957109112,2.943041782907382,1.715529592547847,1.96,3.3624380013937802,25.251424791521753,31.976300794309314,0,3.0682919913020794,always
2900,32.024012640914414,29.547504775759176,30.538107921821272,2.476507865155238,3.0682919913020794,1.7516540729556391,1.96,3.4332419829930525,26.114262792766123,32.980746758752225,0,3.2215319520457633,always
2901,31.44622368017642,30.538107921821272,30.90135422516333,0.908115758355148,3.2215319520457633,1.79486265548252,1.96,3.517930804745739,27.020177117075534,34.05603872656701,0,3.1016890659721223,always
2902,33.068549512051675,30.90135422516333,31.76823233991867,2.1671952868883437,3.1016890659721223,1.7611612833503132,1.96,3.451876115366614,27.44947810979672,34.35323034052995,0,3.1814413832490684,always
2903,32.277344652451234,31.76823233991867,31.971877264931692,0.5091123125325652,3.1814413832490684,1.783659548021726,1.96,3.495972714122583,28.272259625796085,35.26420505404125,0,3.0353290814252274,always
2904,29.722381094926554,31.971877264931692,31.072078796929638,-2.2494961700051377,3.0353290814252274,1.7422195847324262,1.96,3.4147503860755553,28.55712687885614,35.386627651007245,0,3.1365742782973554,always
2905,32.22658976455901,31.072078796929638,31.533883183981388,1.1545109676293706,3.1365742782973554,1.771037627578069,1.96,3.471233750053015,27.60084504687662,34.543312546982655,0,3.0463903431013124,always
2906,32.66911782692296,31.533883183981388,31.987977041158018,1.135234642941569,3.0463903431013124,1.7453911719443618,1.96,3.420966697010949,28.112916486970438,34.954849880992334,0,2.95850871067298,always
2907,31.874827178561084,31.987977041158018,31.942717096119246,-0.11314986259693427,2.95850871067298,1.7200316016495105,1.96,3.3712619392330407,28.616715101924978,35.35923898039106,0,2.8112234197096164,always
2908,31.852107424198937,31.942717096119246,31.906473227351125,-0.09060967192030844,2.8112234197096164,1.6766703372188632,1.96,3.2862738609489717,28.656443235170276,35.22899095706822,0,2.671072754356411,always
2909,33.88773469942399,31.906473227351125,32.69897781618027,1.9812614720728625,2.671072754356411,1.6343416883737656,1.96,3.2033097092125806,28.703163518138545,35.109782936563704,0,2.7337889676746063,always
2910,33.43664304385439,32.69897781618027,32.99404390724992,0.7376652276741211,2.7337889676746063,1.653417360400757,1.96,3.2406980263854837,29.458279789794783,35.93967584256575,0,2.624307018696851,always
2911,30.319442787382794,32.99404390724992,31.92420345930307,-2.6746011198671233,2.624307018696851,1.6199713018127362,1.96,3.175143751552963,29.818900155696955,36.16918765880288,0,2.850766225281732,always
2912,31.28915965667075,31.92420345930307,31.670185938250142,-0.6350438026323175,2.850766225281732,1.6884212227053212,1.96,3.3093055965024294,28.61489786280064,35.2335090558055,0,2.7283919455807313,always
2913,31.886289813918467,31.670185938250142,31.756627488517474,0.216103875668324,2.7283919455807313,1.6517844731019635,1.96,3.2374975672798483,28.432688370970293,34.90768350552999,0,2.5943073925556384,always
2914,35.3190800173099,31.756627488517474,33.18160850003444,3.562452528792427,2.5943073925556384,1.6106853797547298,1.96,3.1569433443192705,28.599684144198203,34.91357083283675,1,3.099145423922834,always
2915,34.24662352042987,33.18160850003444,33.60761450819261,1.0650150203954283,3.099145423922834,1.7604389861403418,1.96,3.4504604128350698,29.731148087199372,36.632068912869514,0,3.0009010024100857,always
2916,28.53588085675497,33.60761450819261,31.578921047617555,-5.07173365143764,3.0009010024100857,1.7323108850348097,1.96,3.3953293346682267,30.212285173524386,37.00294384286084,1,4.136980063845829,always
2917,29.53426421207156,31.578921047617555,30.761058313399154,-2.0446568355459966,4.136980063845829,2.0339567507313987,1.96,3.9865552314335413,27.592365816184014,35.5654762790511,0,4.139162139410786,always
2918,35.369514787255795,30.761058313399154,32.60444090294181,4.608456473856641,4.139162139410786,2.0344930915121795,1.96,3.987606459363872,26.773451854035283,34.74866477276303,1,4.994097586011806,always
2919,37.818457199135786,32.60444090294181,34.6900474214194,5.214016296193975,4.994097586011806,2.234747767872653,1.96,4.3801056250304,28.22433527791141,36.98454652797221,1,6.103691003560032,always
2920,36.75274835898842,34.6900474214194,35.51512779644701,2.0627009375690193,6.103691003560032,2.4705649158765355,1.96,4.842307235118009,29.84774018630139,39.53235465653741,0,6.011243211274436,always
2921,30.612780137752964,35.51512779644701,33.55418873296939,-4.9023476586940475,6.011243211274436,2.4517836795432086,1.96,4.805496011904689,30.709631784542324,40.3206238083517,1,6.912331679045865,always
2922,30.359522497122736,33.55418873296939,32.276322238630726,-3.1946662358466575,6.912331679045865,2.6291313544678334,1.96,5.153097454756954,28.40109127821244,38.707286187726346,0,7.077009713016504,always
2923,30.82633161979209,32.276322238630726,31.69632599109527,-1.449990618838637,7.077009713016504,2.660264970452474,1.96,5.214119342086849,27.062202896543877,37.49044158071757,0,6.828282867101681,always
2924,32.652471822439274,31.69632599109527,32.078784323632874,0.9561458313440028,6.828282867101681,2.613098327101696,1.96,5.121672721119324,26.574653269975947,36.817998712214596,0,6.532579466286422,always
2925,31.268888640457916,32.078784323632874,31.754826050362894,-0.8098956831749575,6.532579466286422,2.5558911295840483,1.96,5.009546613984734,27.06923770964814,37.088330937617606,0,6.2387470438533725,always
2926,30.46841362573104,31.754826050362894,31.24026108051015,-1.2864124246318553,6.2387470438533725,2.497748394825502,1.96,4.895586853857984,26.85923919650491,36.65041290422088,0,6.009552537973064,always
2927,30.632233809164244,31.24026108051015,30.99705017197179,-0.6080272713459074,6.009552537973064,2.4514388709435657,1.96,4.804820187049389,26.435440893460765,36.04508126755954,0,5.727559769209427,always
2928,33.49296639284695,30.99705017197179,31.995416660321855,2.495916220875163,5.727559769209427,2.393232075919389,1.96,4.690734868802002,26.30631530316979,35.68778504077379,0,5.752661669830343,always
2929,34.980741613630535,31.995416660321855,33.18954664164532,2.9853249533086803,5.752661669830343,2.3984706939694598,1.96,4.701002560180141,27.294414100141715,36.696419220501994,0,5.9106368401811995,always
2930,33.657191365751075,33.18954664164532,33.376604531287626,0.4676447241057531,5.9106368401811995,2.431180133223616,1.96,4.765113061118288,28.424433580527033,37.95465970276361,0,5.626039577571337,always
2931,29.678311885552297,33.376604531287626,31.897287472993497,-3.6982926457353287,5.626039577571337,2.3719273971964947,1.96,4.64897769850513,28.727626832782498,38.025582229792754,0,6.028606023367772,always
2932,29.510932297531262,31.897287472993497,30.942745402808605,-2.386355175462235,6.028606023367772,2.4553219795716754,1.96,4.812431079960484,27.084856393033014,36.70971855295398,0,6.011910273372153,always
2933,30.74822871132852,30.942745402808605,30.86493872621657,-0.19451669148008577,6.011910273372153,2.4519197118527662,1.96,4.805762635231422,26.136982767577184,35.74850803804003,0,5.713206596866763,always
2934,33.997984713073215,30.86493872621657,32.118157120959225,3.1330459868566436,5.713206596866763,2.390231494409435,1.96,4.6848537290424925,26.180084997174077,35.549792455259066,0,5.91834512481135,always
2935,35.791953751405444,32.118157120959225,33.58767577313772,3.673796630446219,5.91834512481135,2.432764913593451,1.96,4.768219230643163,27.349937890316063,36.88637635160239,0,6.297266952664682,always
2936,35.06075827335298,33.58767577313772,34.17690877322382,1.4730825002152628,6.297266952664682,2.509435584482033,1.96,4.918493745584784,28.669182027552935,38.5061695187225,0,6.09090220765347,always
2937,31.007648959183534,34.17690877322382,32.90920484760771,-3.169259814040288,6.09090220765347,2.4679753255763055,1.96,4.837231638129559,29.339677135094263,39.01414041135338,0,6.288567485715331,always
2938,25.96491055539941,32.90920484760771,30.13148713072439,-6.944294292208301,6.288567485715331,2.5077016341094747,1.96,4.9150952028545705,27.99410964475314,37.824300050462284,1,8.385300272269403,always
2939,26.4246790064528,30.13148713072439,28.648763881015753,-3.7068081242715927,8.385300272269403,2.895738294851488,1.96,5.675647057908916,24.455840072815477,35.807134188633306,0,8.653056582164226,always
2940,34.004792593295285,28.648763881015753,30.791175365927565,5.356028712279532,8.653056582164226,2.9416078226310565,1.96,5.76555133235687,22.883212548658882,34.414315213372625,0,9.654755931394151,always
2941,35.58865364377104,30.791175365927565,32.710166677064954,4.797478277843474,9.654755931394151,3.1072103133508926,1.96,6.090132214167749,24.701043151759816,36.88130758009531,0,10.322808026143441,always
2942,32.224708962217306,32.710166677064954,32.515983591125895,-0.485457714847648,10.322808026143441,3.21291270129511,1.96,6.297308894538416,26.412857782526537,39.00747557160337,0,9.818451084481524,always
2943,33.00448899559922,32.515983591125895,32.71138575291522,0.48850540447332236,9.818451084481524,3.1334407740503925,1.96,6.141543917138769,26.374439673987126,38.657527508264664,0,9.33946040676743,always
2944,34.58807883448337,32.71138575291522,33.462062985542474,1.876693081568149,9.33946040676743,3.0560530765625504,1.96,5.9898640300625985,26.72152172285262,38.70124978297782,0,9.048586232549345,always
2945,33.28727588577009,33.462062985542474,33.39214814563352,-0.17478709977238083,9.048586232549345,3.0080868060196244,1.96,5.895850139798464,27.566212845744012,39.357913125340936,0,8.59768444743422,always
2946,31.23822147762441,33.39214814563352,32.530577478429876,-2.1539266680091096,8.59768444743422,2.9321808347089067,1.96,5.747074436029457,27.645073709604063,39.13922258166298,0,8.39977022962055,always
2947,30.90114312446991,32.530577478429876,31.87880373684589,-1.6294343539599652,8.39977022962055,2.8982357098104616,1.96,5.6805419912285045,26.85003548720137,38.21111946965838,0,8.112534533832768,always
2948,32.26231933345094,31.87880373684589,32.03220997548791,0.38351559660505075,8.112534533832768,2.848251136018867,1.96,5.582572226596979,26.29623151024891,37.46137596344287,0,7.714262017783096,always
2949,35.30689095981502,32.03220997548791,33.34208236921876,3.2746809843271123,7.714262017783096,2.7774560334563527,1.96,5.443813825574451,26.588396149913457,37.47602380106236,0,7.86472569434962,always
2950,34.68667604551938,33.34208236921876,33.879919839739,1.3445936763006188,7.86472569434962,2.804411826809611,1.96,5.496647180546837,27.84543518867192,38.838729549765596,0,7.5618860173495195,always
2951,33.24760369696283,33.879919839739,33.626993382628534,-0.6323161427761761,7.5618860173495195,2.7498883645249164,1.96,5.389781194468836,28.490138645270168,39.26970103420784,0,7.20378290170281,always
2952,33.359129359023264,33.626993382628534,33.51984777318643,-0.26786402360527006,7.20378290170281,2.683986382547946,1.96,5.260613309793975,28.36638007283456,38.88760669242251,0,6.84718131337477,always
2953,30.637161765395916,33.51984777318643,32.36677337007022,-2.882686007790511,6.84718131337477,2.6167119278542623,1.96,5.128755378594354,28.39109239459207,38.64860315178078,0,6.92031617868159,always
2954,31.83502521843698,32.36677337007022,32.154074109416925,-0.5317481516332414,6.92031617868159,2.6306493834567903,1.96,5.156072791575309,27.21070057849491,37.52284616164553,0,6.588438174585779,always
2955,32.34058111637181,32.154074109416925,32.22867691219888,0.18650700695488354,6.588438174585779,2.566795312171537,1.96,5.030918811856212,27.123155297560714,37.184992921273135,0,6.260755509038653,always
2956,28.712693266945443,32.22867691219888,30.8222834540975,-3.515983645253435,6.260755509038653,2.5021501771553707,1.96,4.904214347224526,27.324462564974354,37.1328912594234,0,6.565824783271201,always
2957,26.865071089002644,30.8222834540975,29.23939850805956,-3.9572123650948576,6.565824783271201,2.562386540565494,1.96,5.022277619508369,25.800005834589133,35.844561073605874,0,7.020510029230623,always
2958,29.235519602650836,29.23939850805956,29.237846945896067,-0.0038789054087224883,7.020510029230623,2.6496245072143,1.96,5.193264034140028,24.04613447391953,34.43266254219959,0,6.66948528006445,always
2959,33.90561105997805,29.237846945896067,31.10495259152886,4.667764114081983,6.66948528006445,2.582534661928945,1.96,5.061767937380732,24.176079008515334,34.299614883276796,0,7.425412107296805,always
2960,34.89630618267186,31.10495259152886,32.62149402798606,3.7913535911429967,7.425412107296805,2.7249609368386927,1.96,5.340923436203838,25.764029155325023,36.445876027732695,0,7.772859604585609,always
2961,33.26152824037759,32.62149402798606,32.87750771294267,0.6400342123915266,7.772859604585609,2.7879848644828775,1.96,5.46445033438644,27.15704369359962,38.0859443623725,0,7.40469881400791,always
2962,34.43517907692066,32.87750771294267,33.50057625853387,1.5576713639779882,7.40469881400791,2.7211576238814077,1.96,5.333468942807559,27.544038770135113,38.21097665575023,0,7.155780877215366,always
2963,31.126708903673883,33.50057625853387,32.551029316589876,-2.3738673548599856,7.155780877215366,2.6750291357694342,1.96,5.243057106108091,28.25751915242578,38.74363336464196,0,7.079754144278095,always
2964,30.417285772468414,32.551029316589876,31.69753189894129,-2.1337435441214616,7.079754144278095,2.6607807396097285,1.96,5.2151302496350675,27.33589906695481,37.76615956622494,0,6.95340951266819,always
2965,32.14367029586483,31.69753189894129,31.875987257710705,0.4461383969235406,6.95340951266819,2.636931836940081,1.96,5.168386400402558,26.529145498538732,36.865918299343846,0,6.615691010495255,always
2966,31.973149616477187,31.875987257710705,31.9148522012173,0.09716235876648227,6.615691010495255,2.572098561582595,1.96,5.041313180701886,26.83467407700882,36.91730043841259,0,6.285378486168546,always
2967,32.154544739578306,31.9148522012173,32.0107292165617,0.23969253836100535,6.285378486168546,2.5070657123754345,1.96,4.913848796255851,27.00100340496145,36.82870099747315,0,5.973982187507416,always
2968,29.906228034381872,32.0107292165617,31.16892874368977,-2.1045011821798276,5.973982187507416,2.444173109153158,1.96,4.79057929394019,27.22014992262151,36.80130851050189,0,5.89672933942186,always
2969,32.98132377675251,31.16892874368977,31.893886756914867,1.8123950330627423,5.89672933942186,2.428318212142276,1.96,4.759503695798861,26.409425047890906,35.92843243948863,0,5.766131660244292,always
2970,32.81325842006492,31.893886756914867,32.26163542217489,0.9193716631500521,5.766131660244292,2.401277089434764,1.96,4.706503095292137,27.18738366162273,36.600389852207,0,5.520087289982242,always
2971,35.244393410830455,32.26163542217489,33.45473861763712,2.982757988655564,5.520087289982242,2.3494866013625706,1.96,4.604993738670638,27.656641683504255,36.86662916084553,0,5.688925186427559,always
2972,33.69129535058963,33.45473861763712,33.54936131081812,0.2365567329525078,5.688925186427559,2.385146785090502,1.96,4.674887698777384,28.779850918859736,38.1296263164145,0,5.4072768815014385,always
2973,33.134660853037325,33.54936131081812,33.3834811277058,-0.41470045778079623,5.4072768815014385,2.325355216198471,1.96,4.557696223749003,28.991665087069116,38.107057534567126,0,5.145511860910547,always
2974,31.95519453304085,33.3834811277058,32.81216648983982,-1.4282865946649501,5.145511860910547,2.2683720728554535,1.96,4.4460092627966885,28.93747186490911,37.829490390502485,0,4.9902363976899995,always
2975,31.559670544915054,32.81216648983982,32.31116811186991,-1.252495944924764,4.9902363976899995,2.233883702812212,1.96,4.378412057511936,28.43375443232788,37.190578547351755,0,4.819161882408149,always
2976,31.082161060595595,32.31116811186991,31.819565291360185,-1.2290070512743156,4.819161882408149,2.195258955660618,1.96,4.302707553094812,28.0084605587751,36.61387566496472,0,4.653726704891841,always
2977,32.048147257949246,31.819565291360185,31.910998077995806,0.22858196658906138,4.653726704891841,2.1572498012265156,1.96,4.228209610403971,27.591355680956212,36.04777490176416,0,4.423652855419735,always
2978,33.16480586609282,31.910998077995806,32.41252119323461,1.2538077880970135,4.423652855419735,2.1032481678156136,1.96,4.1223664089186025,27.788631669077205,36.03336448691441,0,4.281071911123384,always
2979,31.698422127308298,32.41252119323461,32.126881566864085,-0.7140990659263124,4.281071911123384,2.069075134238335,1.96,4.055387263107137,28.357133930127475,36.467908456341746,0,4.092515189365056,always
2980,31.24908371954874,32.126881566864085,31.77576242793795,-0.877797847315346,4.092515189365056,2.022996586592537,1.96,3.965073309721372,28.161808257142713,36.091954876585454,0,3.926415882934376,always
2981,30.98509086898942,31.77576242793795,31.459493804358537,-0.790671558948528,3.926415882934376,1.9815185800124044,1.96,3.8837764168243125,27.891986011113637,35.65953884476226,0,3.7613531644941616,always
2982,35.41600876604154,31.459493804358537,33.04209978903174,3.9565149616830055,3.7613531644941616,1.9394208322316644,1.96,3.801264831174062,27.658228973184475,35.260758635532596,1,4.355986038370527,always
2983,34.62246367026279,33.04209978903174,33.674245341524156,1.580363881231051,4.355986038370527,2.087099910969891,1.96,4.090715825500986,28.951383963530752,37.132815614532724,0,4.263064236306984,always
2984,34.38332204668174,33.674245341524156,33.95787602358719,0.7090767051575853,4.263064236306984,2.0647189242865442,1.96,4.046849091601627,29.62739624992253,37.721094433125785,0,4.075050513181491,always
2985,32.02532789666612,33.95787602358719,33.18485677281876,-1.9325481269210698,4.075050513181491,2.0186754353242353,1.96,3.9566038532355012,30.00127217035169,37.91447987682269,0,4.058035100665723,always
2986,31.412467176961165,33.18485677281876,32.47590093447572,-1.7723895958575966,4.058035100665723,2.0144565273705273,1.96,3.948334793646233,29.23652197917253,37.133191566464994,0,4.01220158960765,always
2987,29.852770250375734,32.47590093447572,31.426648660835724,-2.6231306840999835,4.01220158960765,2.00304807471205,1.96,3.925974226435618,28.5499267080401,36.40187516091134,0,4.155632239420609,always
2988,30.53481967394306,31.426648660835724,31.06991706607866,-0.8918289868926657,4.155632239420609,2.038536788831786,1.96,3.9955321061103,27.431116554725424,35.42218076694603,0,3.9876185745426787,always
2989,32.71030868536184,31.06991706607866,31.72607371379193,1.6403916192831787,3.9876185745426787,1.9969022446135611,1.96,3.9139283994425798,27.15598866663608,34.98384546552124,0,3.922781879046269,always
2990,35.737781120685376,31.72607371379193,33.330756676549306,4.011707406893446,3.922781879046269,1.9806013932758577,1.96,3.881978730820681,27.84409498297125,35.60805244461261,1,4.531332601020143,always
2991,34.420488496244715,33.330756676549306,33.76664940442747,1.0897318196954089,4.531332601020143,2.1286926976480522,1.96,4.172237687390182,29.158518989159123,37.502994363939486,0,4.364141742911969,always
2992,33.858983079193635,33.76664940442747,33.80358287433394,0.0923336747661665,4.364141742911969,2.089052833920667,1.96,4.094543554484507,29.672105849942962,37.86119295891198,0,4.146360931141162,always
2993,33.0662392646982,33.80358287433394,33.508645430479646,-0.7373436096357437,4.146360931141162,2.0362615085349822,1.96,3.991072556728565,29.812510317605376,37.79465543106251,0,3.966226664517637,always
2994,34.351354028419124,33.508645430479646,33.84572886965544,0.8427085979394775,3.966226664517637,1.991538768017745,1.96,3.9034159853147803,29.605229445164866,37.412061415794426,0,3.803423220343811,always
2995,32.98912945874479,33.84572886965544,33.50308910529118,-0.856599410910647,3.803423220343811,1.9502367087981425,1.96,3.822463949244359,30.02326492041108,37.6681928188998,0,3.649940186865244,always
2996,35.20313472701501,33.50308910529118,34.183107353980716,1.700045621723831,3.649940186865244,1.910481663577341,1.96,3.744544060611588,29.758545044679593,37.24763316590277,0,3.6119509333191,always
2997,32.899221802465426,34.183107353980716,33.6695531333746,-1.28388555151529,3.6119509333191,1.9005133341597737,1.96,3.7250061349531567,30.45810121902756,37.90811348893387,0,3.513771492122631,always
2998,29.988272966675247,33.6695531333746,32.19704106669486,-3.681280166699352,3.513771492122631,1.8745056660684254,1.96,3.6740311054941137,29.995522027880487,37.343584238868715,1,4.015674100803199,always
2999,28.728273604238883,32.19704106669486,30.80953408171247,-3.4687674624559754,4.015674100803199,2.003914693993534,1.96,3.927672800227327,28.26936826646753,36.124713866922185,0,4.416507781192703,always
3000,34.739364686542814,30.80953408171247,32.38146632364461,3.929830604830343,4.416507781192703,2.1015489004999868,1.96,4.119035844979974,26.690498236732495,34.92856992669245,0,4.967860821266128,always
3001,38.646153368733096,32.38146632364461,34.887341141680004,6.264687045088486,4.967860821266128,2.2288698529223567,1.96,4.368584911727819,28.01288141191679,36.750051235372425,1,6.681782968847797,always
3002,36.254328577897994,34.887341141680004,35.4341361161672,1.3669874362179897,6.681782968847797,2.5849144993302575,1.96,5.066432418687304,29.820908722992698,39.95377356036731,0,6.441126552944298,always
3003,35.24055450768249,35.4341361161672,35.35670347277332,-0.19358160848471329,6.441126552944298,2.5379374604084117,1.96,4.9743574224004865,30.459778693766715,40.40849353856769,0,6.12094391725426,always
3004,34.98620669333717,35.35670347277332,35.208504760998856,-0.3704967794361522,6.12094391725426,2.4740541459827146,1.96,4.84914612612612,30.507557346647197,40.20584959889944,0,5.821760114570175,always
3005,37.258137969224435,35.208504760998856,36.028358044289085,2.049633208225579,5.821760114570175,2.4128323842675385,1.96,4.729151473164375,30.47935328783448,39.93765623416323,0,5.74072192325472,always
3006,33.47753018575621,36.028358044289085,35.00802690087593,-2.5508278585328767,5.74072192325472,2.395980367877567,1.96,4.696121521040031,31.332236523249055,40.72447956532912,0,5.779021965285356,always
3007,31.996908964370125,35.00802690087593,33.80357972627361,-3.0111179365058085,5.779021965285356,2.403959643023434,1.96,4.71176090032593,30.296266000550002,39.71978780120186,0,5.943412428398438,always
3008,32.70309820982973,33.80357972627361,33.36338711969606,-1.1004815164438781,5.943412428398438,2.4379114890410682,1.96,4.778306518520494,29.025273207753116,38.581886244794106,0,5.7067947853802465,always
3009,31.60038042909988,33.36338711969606,32.658184443457586,-1.7630066905961783,5.7067947853802465,2.388889864640111,1.96,4.682224134694617,28.68116298500144,38.04561125439067,0,5.576864675665578,always
3010,35.13666995971461,32.658184443457586,33.6495786499604,2.478485516257024,5.576864675665578,2.3615386246397874,1.96,4.628615704293983,28.0295687391636,37.28680014775157,0,5.6051659645970915,always
3011,35.813716927573786,33.6495786499604,34.515233961005755,2.1641382776133895,5.6051659645970915,2.367523170868047,1.96,4.640345414901372,29.009233235059025,38.289924064861765,0,5.559082390598809,always
3012,35.966841984166805,34.515233961005755,35.09587717027018,1.4516080231610502,5.559082390598809,2.3577706399475775,1.96,4.621230454297252,29.894003506708504,39.13646441530301,0,5.386486563714145,always
3013,38.1504046282076,35.09587717027018,36.31768815344515,3.054527457937425,5.386486563714145,2.3208805578301837,1.96,4.5489258933471595,30.546951276923018,39.64480306361734,0,5.583669135093121,always
3014,35.31445624709975,36.31768815344515,35.916395390906985,-1.0032319063453983,5.583669135093121,2.362978868947651,1.96,4.631438583137396,31.68624957030775,40.94912673658254,0,5.354809391233936,always
3015,32.41924196017031,35.916395390906985,34.51753401861231,-3.497153430736674,5.354809391233936,2.3140461082774335,1.96,4.53553037222377,31.380865018683217,40.45192576313075,0,5.698573027577904,always
3016,32.90981330713831,34.51753401861231,33.87444573402271,-1.607720711474002,5.698573027577904,2.3871684120685543,1.96,4.678850087654366,29.83868393095794,39.19638410626668,0,5.542882670504132,always
3017,35.954638033672936,33.87444573402271,34.7065226538828,2.0801922996502284,5.542882670504132,2.3543327442195023,1.96,4.614492178670225,29.25995355535248,38.48893791269293,0,5.482098537155131,always
3018,35.205306628669376,34.7065226538828,34.90603624379743,0.4987839747865763,5.482098537155131,2.3413881645628796,1.96,4.589120802543244,30.117401851339558,39.29564345642604,0,5.220432882972569,always
3019,33.13692256466696,34.90603624379743,34.198390772145245,-1.76911367913047,5.220432882972569,2.284826663660193,1.96,4.478260260773978,30.42777598302345,39.38429650457141,0,5.115899399308267,always
3020,34.802784129827536,34.198390772145245,34.440148115218165,0.6043933576822909,5.115899399308267,2.261835404999282,1.96,4.433197393798593,29.765193378346652,38.63158816594384,0,4.878368995883378,always
3021,35.81866818132009,34.440148115218165,34.99155614165893,1.3785200661019275,4.878368995883378,2.2087030121506555,1.96,4.3290579038152845,30.111090211402882,38.76920601903345,0,4.729466424721492,always
3022,31.960216449371057,34.99155614165893,33.779020264743785,-3.031339692287876,4.729466424721492,2.1747336445462677,1.96,4.262477943310684,30.729078198348247,39.25403408496962,0,4.9524441199874145,always
3023,30.366208079758927,33.779020264743785,32.41389539074984,-3.4128121849848583,4.9524441199874145,2.2254087534624767,1.96,4.361801156786454,29.41721910795733,38.14082142153024,0,5.287186264487099,always
3024,35.428970418910644,32.41389539074984,33.61992540201416,3.015075028160801,5.287186264487099,2.299388237007204,1.96,4.5068009445341195,27.907094446215723,36.920696335283964,0,5.477360822534687,always
3025,37.61467063608514,33.61992540201416,35.21782349564255,3.994745234070976,5.477360822534687,2.340376213888418,1.96,4.587137379221299,29.03278802279286,38.20706278123546,0,6.001392255664591,always
3026,34.64852327563989,35.21782349564255,34.990103407641485,-0.5693002200026598,6.001392255664591,2.4497739192963484,1.96,4.801556881820843,30.416266613821705,40.01938037746339,0,5.717527779906114,always
3027,32.663664161488896,34.990103407641485,34.05952770918045,-2.3264392461525887,5.717527779906114,2.3911352491873217,1.96,4.68662508840715,30.303478319234333,39.67672849604863,0,5.702267369212759,always
3028,33.231291868275896,34.05952770918045,33.72823337281863,-0.8282358409045543,5.702267369212759,2.387942078278441,1.96,4.680366473425744,29.379161235754708,38.73989418260619,0,5.451452731160065,always
3029,35.64804308064134,33.72823337281863,34.49615725594771,1.9198097078227079,5.451452731160065,2.3348346260838397,1.96,4.576275867124326,29.151957505694302,38.30450923994295,0,5.363163560314576,always
3030,33.67328482195867,34.49615725594771,34.16700828235209,-0.8228724339890405,5.363163560314576,2.3158505047421727,1.96,4.539066989294659,29.957090266653047,39.03522424524237,0,5.1288613344298,always
3031,32.056025644848845,34.16700828235209,33.322615227350795,-2.1109826375032483,5.1288613344298,2.2646989500659465,1.96,4.438809942129255,29.72819834022284,38.60581822448135,0,5.095230652500318,always
3032,33.74390660822506,33.322615227350795,33.491131779700495,0.42129138087426554,5.095230652500318,2.2572617598542526,1.96,4.424233049314335,28.89838217803646,37.74684827666513,0,4.8493434412552485,always
3033,35.00607927176744,33.491131779700495,34.09711077652727,1.5149474920669448,4.8493434412552485,2.202122485525101,1.96,4.316160071629199,29.174971708071297,37.807291851329694,0,4.721629564378482,always
3034,35.926983032902996,34.09711077652727,34.82905967907756,1.8298722563757224,4.721629564378482,2.1729310997770916,1.96,4.258944955563099,29.838165820964175,38.356055732090375,0,4.652969709892236,always
3035,33.146389087818676,34.82905967907756,34.155991442574006,-1.6826705912588835,4.652969709892236,2.1570743403722172,1.96,4.227865707129546,30.601193971948014,39.056925386207105,0,4.5618902403320005,always
3036,33.39753495064669,34.155991442574006,33.852608845803076,-0.7584564919273191,4.5618902403320005,2.1358581976179973,1.96,4.186282067331275,29.96970937524273,38.34227350990528,0,4.362558540822735,always
3037,36.04020185554488,33.852608845803076,34.7276460496998,2.1875930097418035,4.362558540822735,2.088673871341032,1.96,4.093800787828423,29.758808057974655,37.9464096336315,0,4.383708772595158,always
3038,36.59308145872751,34.7276460496998,35.47382021331089,1.865435409027711,4.383708772595158,2.0937308262035876,1.96,4.103712419359032,30.62393363034077,38.831358469058834,0,4.338515797228119,always
3039,35.081915557106456,35.47382021331089,35.317058350829114,-0.3919046562044315,4.338515797228119,2.0829104150750504,1.96,4.082504413547099,31.391315799763788,39.556324626857986,0,4.129269470344449,always
3040,33.54628320105116,35.317058350829114,34.60874829091793,-1.770775149777954,4.129269470344449,2.032060400269748,1.96,3.982838384528706,31.33421996630041,39.29989673535782,0,4.079588228380783,always
3041,32.27203541292022,34.60874829091793,33.67406313971885,-2.336712877997712,4.079588228380783,2.0197990564362542,1.96,3.9588061506150583,30.649942140302873,38.56755444153299,0,4.148620170671761,always
3042,33.41958175856686,33.67406313971885,33.57227058725805,-0.25448138115198304,4.148620170671761,2.036816184802095,1.96,3.992159722212106,29.68190341750674,37.666222861930954,0,3.944427200805824,always
3043,36.74279012800062,33.57227058725805,34.84047840355508,3.1705195407425677,3.944427200805824,1.9860582068020625,1.96,3.8926740853320423,29.67959650192601,37.46494467259009,0,4.249815548677056,always
3044,36.09484043761675,34.84047840355508,35.34222321717975,1.2543620340616712,4.249815548677056,2.061508076306531,1.96,4.040555829560801,30.79992257399428,38.881034233115884,0,4.1159959768679695,always
3045,32.88830321454712,35.34222321717975,34.3606552161267,-2.4539200026326284,4.1159959768679695,2.028791752957402,1.96,3.9764318357965083,31.365791381383243,39.31865505297626,0,4.211282346990597,always
3046,31.884691076771816,34.3606552161267,33.37026956038475,-2.475964139354886,4.211282346990597,2.0521409179173338,1.96,4.022196199117974,30.338459017008727,38.38285141524467,0,4.307238150609636,always
3047,33.92543848470342,33.37026956038475,33.59233713011222,0.5551689243186715,4.307238150609636,2.0753886745883614,1.96,4.067761802193188,29.30250775819156,37.43803136257794,0,4.107286869805612,always
3048,34.79014655666488,33.59233713011222,34.071460900733285,1.1978094265526593,4.107286869805612,2.0266442385889074,1.96,3.9722227076342587,29.62011442247796,37.56455983774648,0,3.9736598974322512,always
3049,35.576823616241924,34.071460900733285,34.67360598693674,1.5053627155086389,3.9736598974322512,1.9934040978768583,1.96,3.9070720318386423,30.164388868894644,37.97853293257193,0,3.8882827478228155,always
3050,35.672786532536264,34.67360598693674,35.07327820517655,0.999180545599522,3.8882827478228155,1.9718729035672697,1.96,3.8648708909918486,30.808735095944893,38.53847687792859,0,3.7437866985669026,always
3051,35.88623488200777,35.07327820517655,35.39846087590904,0.8129566768312202,3.7437866985669026,1.9348867405010823,1.96,3.7923780113821213,31.28090019379443,38.86565621655867,0,3.5896422915587807,always
3052,36.76818687133408,35.39846087590904,35.946351274079056,1.3697259954250427,3.5896422915587807,1.8946351341508425,1.96,3.713484862935651,31.684976012973387,39.11194573884469,0,3.5039676421079977,always
3053,36.549082768355106,35.946351274079056,36.187443871789476,0.6027314942760498,3.5039676421079977,1.871888789994747,1.96,3.668902028389704,32.277449245689354,39.61525330246876,0,3.3469335227122095,always
3054,33.08149762912409,36.187443871789476,34.94506537472332,-3.1059462426653894,3.3469335227122095,1.8294626322262528,1.96,3.5857467591634555,32.60169711262602,39.77319063095293,0,3.661931949692961,always
3055,31.156555523432488,34.94506537472332,33.42966143420699,-3.788509851290833,3.661931949692961,1.91361750349775,1.96,3.75069030685559,31.194375067867732,38.69575568157891,1,4.196475696874697,always
3056,32.97702728480771,33.42966143420699,33.24860777444728,-0.45263414939928026,4.196475696874697,2.048530130819339,1.96,4.015119056405904,29.414542377801087,37.4447804906129,0,3.9968957956910827,always
3057,34.46867557330926,33.24860777444728,33.736634893992075,1.220067798861983,3.9968957956910827,1.999223798300501,1.96,3.918478644668982,29.330129129778296,37.16708641911626,0,3.8714792775975244,always
3058,33.42270161114028,33.736634893992075,33.611061580851356,-0.31393328285179223,3.8714792775975244,1.9676075008998934,1.96,3.856510701763791,29.880124192228283,37.593145595755864,0,3.682833019021753,always
3059,33.09424548877004,33.611061580851356,33.40433514401883,-0.5168160920813136,3.682833019021753,1.9190708738922992,1.96,3.7613789128289064,29.84968266802245,37.37244049368026,0,3.5120463117223752,always
3060,33.370927087263325,33.40433514401883,33.390971921316634,-0.033408056755504845,3.5120463117223752,1.874045440143428,1.96,3.673129062681119,29.73120608133771,37.07746420669995,0,3.336499801049065,always
3061,33.405161898331166,33.390971921316634,33.39664791212245,0.014189977014531507,3.336499801049065,1.8266088254054467,1.96,3.5801532977946753,29.81081862352196,36.97112521911131,0,3.1696848787689955,always
3062,33.82144936613453,33.39664791212245,33.56656849372728,0.42480145401208347,3.1696848787689955,1.7803608844189416,1.96,3.4895073334611255,29.90714057866132,36.88615524558357,0,3.0202234485970845,always
3063,36.295464945992634,33.56656849372728,34.65812707463342,2.728896452265353,3.0202234485970845,1.737879008618576,1.96,3.406242856892409,30.160325636834873,36.97281135061969,0,3.2415560685265516,always
3064,36.10291134640218,34.65812707463342,35.236040783340925,1.4447842717687607,3.2415560685265516,1.8004321893719162,1.96,3.528847091168956,31.129279983464464,38.186974165802376,0,3.1838483446977435,always
3065,38.15922794892819,35.236040783340925,36.40531564957583,2.923187165587265,3.1838483446977435,1.7843341460325595,1.96,3.4972949262238164,31.73874585711711,38.73333570956474,0,3.4519070877155613,always
3066,36.0373433751853,36.40531564957583,36.25812673981962,-0.3679722743905316,3.4519070877155613,1.8579308619309711,1.96,3.6415444893847035,32.763771160191126,40.04686013896054,0,3.28608191306579,always
3067,33.0451933897412,36.25812673981962,34.97295339978825,-3.2129333500784227,3.28608191306579,1.8127553373430707,1.96,3.5530004611924184,32.705126278627205,39.81112720101204,0,3.637924853014808,always
3068,32.75214367023437,34.97295339978825,34.084629507966696,-2.220809729553885,3.637924853014808,1.9073344890225228,1.96,3.7383755984841445,31.23457780130411,38.7113289982724,0,3.7026284031081276,always
3069,34.45092747493533,34.084629507966696,34.23114869475415,0.3662979669686308,3.7026284031081276,1.9242215057285186,1.96,3.7714741512278964,30.3131553567388,37.856103659194595,0,3.5242056929829886,always
3070,35.88486558560061,34.23114869475415,34.89263545109273,1.6537168908464608,3.5242056929829886,1.87728679028618,1.96,3.679482108960913,30.551666585793235,37.91063080371506,0,3.484734386087383,always
3071,38.35802260268123,34.89263545109273,36.27879031172813,3.4653871515885015,3.484734386087383,1.8667443279912177,1.96,3.6588188828627866,31.233816568229944,38.55145433395552,0,3.910943072302747,always
3072,34.74190007134208,36.27879031172813,35.66403421557371,-1.5368902403860503,3.910943072302747,1.9776104450327792,1.96,3.876116472264247,32.40267383946389,40.154906783992374,0,3.8334974992373043,always
3073,33.892197828731234,35.66403421557371,34.955299660836715,-1.7718363868424731,3.8334974992373043,1.9579319444856362,1.96,3.837546611191847,31.82648760438186,39.501580826765554,0,3.798792833362388,always
3074,34.21349455798889,34.955299660836715,34.65857761969758,-0.7418051028478274,3.798792833362388,1.9490492126579022,1.96,3.820136456809488,31.135163204027226,38.7754361176462,0,3.6363669322248224,always
3075,32.16285120657179,34.65857761969758,33.66028705444727,-2.4957264131257944,3.6363669322248224,1.9069260426730823,1.96,3.737575043639241,30.921002576058342,38.39615266333682,0,3.7659811020722684,always
3076,34.284511618090775,33.66028705444727,33.90997687990467,0.6242245636435086,3.7659811020722684,1.9406135890671972,1.96,3.8036026345717064,29.85668441987556,37.46388968901897,0,3.5971648622614514,always
3077,37.32821670877442,33.90997687990467,35.27727281145257,3.4182398288697513,3.5971648622614514,1.8966193245513059,1.96,3.7173738761205595,30.192603003784107,37.62735075602523,0,4.001524795531954,always
3078,34.90640961055312,35.27727281145257,35.12892753109279,-0.3708632008994499,4.001524795531954,2.000381162561764,1.96,3.920747078621057,31.35652573283151,39.198019890073624,0,3.8083255314444253,always
3079,33.203836610106706,35.12892753109279,34.358891162698356,-1.9250909209860865,3.8083255314444253,1.9514931543421887,1.96,3.82492658251069,31.3040009485821,38.953854113603484,0,3.803208007575357,always
3080,30.818565767775908,34.358891162698356,32.94276100472938,-3.540325394922448,3.803208007575357,1.9501815319542324,1.96,3.8223558026302955,30.53653536006806,38.181246965328654,0,4.239742802293228,always
3081,30.938511466085686,32.94276100472938,32.1410611892719,-2.004249538643691,4.239742802293228,2.0590635741261676,1.96,4.035764605287288,28.90699639944209,36.97852561001667,0,4.228606472836239,always
3082,35.66336836218933,32.1410611892719,33.54998405843887,3.5223071729174293,4.228606472836239,2.056357574167547,1.96,4.030460845368392,28.11060034390351,36.17152203464029,0,4.637508540213705,always
3083,36.16664052525961,33.54998405843887,34.59664664516717,2.6166564668207357,4.637508540213705,2.1534875296164837,1.96,4.220835558048308,29.329148500390566,37.77081961648718,0,4.747977666470759,always
3084,33.142595671654036,34.59664664516717,34.01502625576192,-1.4540509735131337,4.747977666470759,2.178985467246342,1.96,4.27081151580283,30.32583512936434,38.86745816097,0,4.6162919948259455,always
3085,33.08392768705026,34.01502625576192,33.64258682827726,-0.9310985687116542,4.6162919948259455,2.1485557928119867,1.96,4.211169353911494,29.803856901850423,38.22619560967341,0,4.428824622317493,always
3086,33.43294012925661,33.64258682827726,33.558728148669,-0.20964669902065225,4.428824622317493,2.1044772800668325,1.96,4.1247754689309915,29.51781135934627,37.76736229720825,0,4.209580978122132,always
3087,33.74906774736553,33.558728148669,33.634863988147615,0.19033959869653216,4.209580978122132,2.0517263409436777,1.96,4.021383628249608,29.53734452041939,37.580111776918606,0,4.000913387357623,always
3088,35.57945962230337,33.634863988147615,34.41270224180992,1.9445956341557533,4.000913387357623,2.000228333805324,1.96,3.9204475342584355,29.71441645388918,37.55531152240605,0,3.9899403270086227,always
3089,33.66804186129774,34.41270224180992,34.114838089605044,-0.7446603805121796,3.9899403270086227,1.9974834985572778,1.96,3.9150676571722642,30.49763458463765,38.32776989898218,0,3.8181692647734184,always
3090,31.99054748660421,34.114838089605044,33.26512184840471,-2.1242906030008335,3.8181692647734184,1.9540136296283652,1.96,3.8298667140715956,30.28497137553345,37.94470480367664,0,3.8528913298346295,always
3091,33.52892754953696,33.26512184840471,33.37064412885761,0.26380570113224877,3.8528913298346295,1.962878327822341,1.96,3.8472415225317884,29.417880325872922,37.1123633709365,0,3.6637264357403914,always
3092,36.51369747254238,33.37064412885761,34.62786546633152,3.1430533436847696,3.6637264357403914,1.9140863187799007,1.96,3.751609184808605,29.61903494404901,37.12225331366622,0,3.974479330015772,always
3093,37.93849516099172,34.62786546633152,35.9521173441956,3.3106296946602,3.974479330015772,1.993609623275272,1.96,3.907474861619533,30.720390604711987,38.535340327951054,0,4.323768812273277,always
3094,34.44615577978141,35.9521173441956,35.34973271842992,-1.5059615644141928,4.323768812273277,2.0793674067545824,1.96,4.0755601172389815,31.876557226956617,40.02767746143458,0,4.220976383334255,always
3095,34.042011337752456,35.34973271842992,34.82664416615893,-1.3077213806774637,4.220976383334255,2.0545014926580745,1.96,4.026822925609826,31.32290979282009,39.37655564403975,0,4.095434324641591,always
3096,32.963415472555155,34.82664416615893,34.081352688717416,-1.863228693603773,4.095434324641591,2.023717945920723,1.96,3.9664871740046173,30.860156992154312,38.79313134016355,0,4.064243666642932,always
3097,36.43385763501706,34.081352688717416,35.02235466723728,2.3525049462996463,4.064243666642932,2.0159969411293592,1.96,3.951354004613544,30.12999868410387,38.03270669333096,0,4.137745459429,always
3098,34.615450306603066,35.02235466723728,34.859592922983595,-0.40690436063421487,4.137745459429,2.0341448963702167,1.96,3.9869239968856247,31.035430670351655,39.0092786641229,0,3.939136744392707,always
3099,35.4825595826409,34.859592922983595,35.10877958684652,0.6229666596573082,3.939136744392707,1.9847258612696885,1.96,3.8900626880885896,30.969530234895004,38.749655611072185,0,3.7615842801253008,always
3100,33.93458143605493,35.10877958684652,34.639100326529885,-1.1741981507915895,3.7615842801253008,1.9394804149888445,1.96,3.801381613378135,31.307397973468383,38.91016120022465,0,3.642442130985155,always
3101,38.57683875250441,34.639100326529885,36.21419569691969,3.9377384259745227,3.642442130985155,1.9085183077416772,1.96,3.740695883173687,30.8984044433562,38.37979620970357,1,4.2356092200057125,always
3102,40.00329362675391,36.21419569691969,37.729834868853374,3.7890979298342202,4.2356092200057125,2.058059576398534,1.96,4.0337967697411266,32.18039892717856,40.24799246666082,0,4.741691915099125,always
3103,36.12703200568781,37.729834868853374,37.08871372358715,-1.6028028631655644,4.741691915099125,2.1775426322116234,1.96,4.267983559134782,33.46185130971859,41.99781842798816,0,4.633056170252755,always
3104,33.828714670721965,37.08871372358715,35.78471410244107,-3.259999052865183,4.633056170252755,2.1524535233664754,1.96,4.218808905798292,32.86990481778886,41.30752262938544,0,4.932783052974211,always
3105,36.34298460742488,35.78471410244107,36.0080223044346,0.5582705049838097,4.932783052974211,2.2209869547059955,1.96,4.353134431223751,31.43157967121732,40.13784853366482,0,4.701727198162245,always
3106,39.40790005551729,36.0080223044346,37.367973404867676,3.399877751082691,4.701727198162245,2.1683466508292084,1.96,4.249959435625248,31.758062868809347,40.25798174005985,0,5.044599274369488,always
3107,38.30467434201124,37.367973404867676,37.7426537797251,0.9367009371435628,5.044599274369488,2.246018538296042,1.96,4.402196335060242,32.96577706980744,41.770169739927915,0,4.836239742933294,always
3108,36.28334199889329,37.7426537797251,37.15892906739238,-1.4593117808318112,4.836239742933294,2.199145230068559,1.96,4.310324650934375,33.43232912879073,42.05297843065948,0,4.700907299470355,always
3109,36.69269757729646,37.15892906739238,36.972436471354015,-0.4662314900959217,4.700907299470355,2.1681575817892837,1.96,4.2495888603069965,32.90934020708538,41.40851792769938,0,4.476730524614691,always
3110,37.00914518744746,36.972436471354015,36.98711995779139,0.03670871609344317,4.476730524614691,2.1158285669247143,1.96,4.14702399117244,32.825412480181576,41.119460462526455,0,4.2529613748758175,always
3111,34.856381034812685,36.98711995779139,36.13482438859991,-2.1307389229787077,4.2529613748758175,2.062270926642719,1.96,4.0420510162197285,32.94506894157166,41.02917097401112,0,4.26731572402685,always
3112,34.12729499020361,36.13482438859991,35.33181262924139,-2.0075293983963007,4.26731572402685,2.0657482237743423,1.96,4.048866518597711,32.0859578700022,40.18369090719762,0,4.255458652096778,always
3113,36.338366391443316,35.33181262924139,35.73443413412216,1.006553762201925,4.255458652096778,2.06287630557355,1.96,4.043237558924158,31.288575070317233,39.375050188165545,0,4.0933432433020815,always
3114,39.50009596451072,35.73443413412216,37.24069886627758,3.7656618303885594,4.0933432433020815,2.0232012364819476,1.96,3.965474423504617,31.768959710617544,39.69990855762678,0,4.597686532179243,always
3115,40.89234801922784,37.24069886627758,38.701358527457685,3.651649152950256,4.597686532179243,2.1442216611580163,1.96,4.202674455869712,33.03802441040787,41.443373322147295,0,5.0345292823823975,always
3116,38.89215496043852,38.701358527457685,38.77767710065002,0.19079643298083226,5.0345292823823975,2.243775675592905,1.96,4.397800324162094,34.303558203295594,43.09915885161978,0,4.784622982205188,always
3117,36.25755510820373,38.77767710065002,37.7696283036715,-2.5201219924462848,4.784622982205188,2.1873781068222264,1.96,4.2872610893715635,34.490416011278455,43.06493819002158,0,4.8629425759355005,always
3118,36.3691764136767,37.7696283036715,37.209447547673584,-1.4004518899948053,4.8629425759355005,2.20520805728972,1.96,4.322207792287851,33.447420511383655,42.09183609595935,0,4.717858721948226,always
3119,35.63010201879387,37.209447547673584,36.5777093361217,-1.5793455288797134,4.717858721948226,2.1720632407801173,1.96,4.25724395192903,32.95220359574456,41.46669149960261,0,4.606682400830431,always
3120,35.90112656405066,36.5777093361217,36.30707622729328,-0.6765827720710433,4.606682400830431,2.1463183363216256,1.96,4.2067839391903865,32.37092539693131,40.78449327531209,0,4.399236493162077,always
3121,35.42692884702424,36.30707622729328,35.95501727518567,-0.8801473802690367,4.399236493162077,2.097435694642884,1.96,4.1109739615000525,32.19610226579323,40.41805018879333,0,4.218007639053695,always
3122,34.36998011012765,35.95501727518567,35.32100240916246,-1.5850371650580186,4.218007639053695,2.053778868099897,1.96,4.025406581475798,31.92961069370987,39.98042385666147,0,4.132724397831768,always
3123,36.34634716001877,35.32100240916246,35.73114030950499,1.0253447508563127,4.132724397831768,2.0329103270512863,1.96,3.984504241020521,31.33649816814194,39.305506650182984,0,3.9786547708456093,always
3124,37.83858820082455,35.73114030950499,36.57411946603281,2.1074478913195662,3.9786547708456093,1.9946565546092414,1.96,3.909526847034113,31.821613462470875,39.6406671565391,0,4.001788863034693,always
3125,38.498958067248864,36.57411946603281,37.34405490651923,1.9248386012160523,4.001788863034693,2.000447165769367,1.96,3.920876444907959,32.65324302112485,40.49499591094077,0,3.9869496019195263,always
3126,37.93674848627571,37.34405490651923,37.581132338421824,0.5926935797564781,3.9869496019195263,1.9967347349909867,1.96,3.913600080582334,33.4304548259369,41.25765498710157,0,3.805166405797777,always
3127,36.81403646512679,37.581132338421824,37.27429398910381,-0.7670958732950339,3.805166405797777,1.9506835739806128,1.96,3.823339805002001,33.757792533419824,41.404472143423824,0,3.6443298894492018,always
3128,36.89247263445455,37.27429398910381,37.12156544724411,-0.3818213546492615,3.6443298894492018,1.9090128049463686,1.96,3.741665097694882,33.532628891408926,41.015959086798695,0,3.4694027723200516,always
3129,36.60194070376812,37.12156544724411,36.91371554985372,-0.5196247434759869,3.4694027723200516,1.8626332898131215,1.96,3.650761248033718,33.47080419921039,40.772326695277826,0,3.309433127405673,always
3130,37.0717651978672,36.91371554985372,36.97693540905911,0.1580496480134812,3.309433127405673,1.8191847425167331,1.96,3.565602095332797,33.34811345452092,40.47931764518652,0,3.1452104555972484,always
3131,35.79037216280672,36.97693540905911,36.502310110558156,-1.1865632462523905,3.1452104555972484,1.7734741203629807,1.96,3.476009275911442,33.500926133147665,40.452944684970554,0,3.0583465496852367,always
3132,36.43039958720912,36.502310110558156,36.47354590121854,-0.07191052334903247,3.0583465496852367,1.748812897277818,1.96,3.4276732786645234,33.074636831893635,39.92998338922268,0,2.9056877783693915,always
3133,37.90318019885113,36.47354590121854,37.04539962027158,1.4296342976325889,2.9056877783693915,1.7046078077872904,1.96,3.341031303263089,33.132514597955456,39.81457720448163,0,2.8625961006992933,always
3134,36.45968618359781,37.04539962027158,36.81111424560207,-0.5857134366737711,2.8625961006992933,1.6919208316878462,1.96,3.3161648301081788,33.7292347901634,40.36156445037976,0,2.736619307159338,always
3135,35.93946975922239,36.81111424560207,36.4624564510502,-0.8716444863796795,2.736619307159338,1.6542730449231584,1.96,3.2423751680493904,33.56873907755268,40.05348941365146,0,2.637776547333176,always
3136,35.33593499929049,36.4624564510502,36.011847870346315,-1.1265214517597144,2.637776547333176,1.6241233165413198,1.96,3.1832817004209866,33.27917475062922,39.645738151471186,0,2.5693402490302577,always
3137,35.379566075188926,36.011847870346315,35.75893515228336,-0.6322817951573896,2.5693402490302577,1.6029161703065629,1.96,3.141715693800863,32.870132176545454,39.15356356414718,0,2.4608622500031174,always
3138,34.809878112814886,35.75893515228336,35.37931233649597,-0.949057039468471,2.4608622500031174,1.5687135653149422,1.96,3.074678588017287,32.68425656426607,38.83361374030064,0,2.3828546007111946,always
3139,38.032306217844294,35.37931233649597,36.4405098890353,2.6529938813483227,2.3828546007111946,1.5436497662070872,1.96,3.0255535417658908,32.35375879473008,38.40486587826186,0,2.615630697399217,always
3140,39.95047243637921,36.4405098890353,37.84449490797286,3.5099625473439104,2.615630697399217,1.6172911603663753,1.96,3.1698906743180957,33.2706192147172,39.610400563353394,1,3.1008410167171037,always
3141,38.697781134246384,37.84449490797286,38.18580939848227,0.853286226273525,3.1008410167171037,1.7609205026681651,1.96,3.451404185229604,34.39309072274325,41.295899093202465,0,2.982203835078654,always
3142,39.13922639027395,38.18580939848227,38.56717619519894,0.953416991791677,2.982203835078654,1.7269058558817425,1.96,3.3847354775282152,34.80107392095405,41.57054487601049,0,2.8785438413365756,always
3143,36.788276722188584,38.56717619519894,37.855616405994795,-1.7788994730103553,2.8785438413365756,1.6966271957435362,1.96,3.3253893036573308,35.24178689154161,41.89256549885627,0,2.892840816023573,always
3144,39.98849646084213,37.855616405994795,38.70876842793373,2.132880054847334,2.892840816023573,1.7008353288968256,1.96,3.333637244637778,34.52197916135702,41.18925365063257,0,2.9756576416406726,always
3145,38.19516539236615,38.70876842793373,38.5033272137067,-0.5136030355675771,2.9756576416406726,1.7250094613191758,1.96,3.3810185441855842,35.32774988374814,42.08978697211931,0,2.84006416346585,always
3146,36.24314103263265,38.5033272137067,37.59925274127708,-2.2601861810740473,2.84006416346585,1.6852489915338476,1.96,3.303088023406341,35.20023919030036,41.806415237113036,0,2.9534830339484617,always
3147,34.989135052486205,37.59925274127708,36.555205665760724,-2.610117688790872,2.9534830339484617,1.7185700550016754,1.96,3.3683973078032836,34.23085543347379,40.96765004908036,0,3.1464445997179884,always
3148,36.36789885526585,36.555205665760724,36.48028294156278,-0.1873068104948743,3.1464445997179884,1.773822031579828,1.96,3.476691181896463,33.07851448386426,40.03189684765719,0,2.9908765617949773,always
3149,38.51709417874578,36.48028294156278,37.29500743643598,2.0368112371830023,2.9908765617949773,1.7294150923925051,1.96,3.38965358108931,33.090629360473464,39.86993652265209,0,3.0487627345009756,always
3150,37.69293249003492,37.29500743643598,37.45417745787556,0.39792505359893937,3.0487627345009756,1.7460706556439736,1.96,3.4222984850621883,33.872708951373795,40.717305921498166,0,2.9042418151900122,always
3151,38.959792175324495,37.45417745787556,38.05642334485513,1.5056147174489354,2.9042418151900122,1.704183621324302,1.96,3.3401998977956318,34.11397756007993,40.79437735567119,0,2.8723735083004533,always
3152,37.82563298712743,38.05642334485513,37.96410720176405,-0.23079035772770595,2.8723735083004533,1.694807808661635,1.96,3.3218233049768044,34.73460003987833,41.37824664983194,0,2.731418042346435,always
3153,36.55871178377951,37.96410720176405,37.40194903457024,-1.4053954179845434,2.731418042346435,1.6527002276112976,1.96,3.239292446118143,34.72481475564591,41.20339964788219,0,2.6936039542737102,always
3154,34.59641403493342,37.40194903457024,36.27973503471551,-2.8055349996368193,2.6936039542737102,1.6412202637896323,1.96,3.216791717027679,34.185157317542554,40.61874075159792,0,2.9524750882693827,always
3155,36.04374114089587,36.27973503471551,36.18533747718765,-0.2359938938196393,2.9524750882693827,1.718276778714472,1.96,3.3678224862803647,32.91191254843514,39.647557520995875,0,2.807635989751921,always
3156,37.06449683585676,36.18533747718765,36.5370012206553,0.8791593586691064,2.807635989751921,1.6756001879183235,1.96,3.284176368319914,32.90116110886774,39.469513845507564,0,2.7059002491610986,always
3157,36.241967937060195,36.5370012206553,36.41898790721726,-0.29503328359510306,2.7059002491610986,1.644962081374856,1.96,3.2241256794947177,33.31287554116058,39.76112690015002,0,2.574957468624489,always
3158,34.98572073208519,36.41898790721726,35.84568103716443,-1.433267175132066,2.574957468624489,1.6046674012469029,1.96,3.1451481064439295,33.27383980077333,39.564136013661184,0,2.5489223349588173,always
3159,39.81559354035604,35.84568103716443,37.433646038441076,3.9699125031916083,2.5489223349588173,1.596534476595735,1.96,3.1292075741276406,32.71647346303679,38.97488861129207,1,3.209486482360729,always
3160,38.93877988290247,37.433646038441076,38.03569957622564,1.5051338444613975,3.209486482360729,1.7915039721867014,1.96,3.5113477854859347,33.922298252955144,40.94499382392701,0,3.16228355272985,always
3161,34.20749302839156,38.03569957622564,36.504416957092005,-3.8282065478340783,3.16228355272985,1.778281066853564,1.96,3.485430891032985,34.550268685192655,41.52113046725862,1,3.736927643737343,always
3162,32.945273685984844,36.504416957092005,35.08075964864914,-3.5591432711071604,3.736927643737343,1.9331134585785035,1.96,3.7889023788138667,32.71551457827814,40.29331933590587,0,4.183456302763845,always
3163,35.5235659381808,35.08075964864914,35.257882164461805,0.44280628953166,4.183456302763845,2.0453499218382767,1.96,4.008885846803023,31.07187380184612,39.08964549545217,0,3.984087358128092,always
3164,38.59900326884078,35.257882164461805,36.5943306062134,3.3411211043789777,3.984087358128092,1.9960178752025473,1.96,3.9121950353969925,31.345687129064814,39.170077199858795,0,4.343037501928017,always
3165,39.16731377480204,36.5943306062134,37.62352387364885,2.5729831685886424,4.343037501928017,2.083995561878196,1.96,4.084631301281264,32.509699304932134,40.67896190749466,0,4.456897746123639,always
3166,38.15330845812562,37.62352387364885,37.83543770743956,0.5297845844767721,4.456897746123639,2.1111366005362227,1.96,4.137827737050996,33.48569613659785,41.76135161069985,0,4.248086444114918,always
3167,35.278537727518355,37.83543770743956,36.812677715471075,-2.556899979921205,4.248086444114918,2.0610886550837444,1.96,4.039733763964139,33.795703943475424,41.875171471403696,0,4.3625689972752255,always
3168,35.538629072700516,36.812677715471075,36.30305825836285,-1.274048642770559,4.3625689972752255,2.088676374471456,1.96,4.093805693964054,32.718872021507025,40.906483409435126,0,4.2256005446187395,always
3169,35.307319383695265,36.30305825836285,35.90476270849582,-0.9957388746675875,4.2256005446187395,2.0556265576749926,1.96,4.029028053042985,32.27403020531987,40.33208631140584,0,4.063895312714016,always
3170,35.423112619345886,35.90476270849582,35.71210267283585,-0.48165008914993024,4.063895312714016,2.015910541843069,1.96,3.951184662012415,31.9535780464834,39.85594737050823,0,3.872299887497222,always
3171,35.16114441800951,35.71210267283585,35.491719370905315,-0.5509582548263339,3.872299887497222,1.9678160197277645,1.96,3.8569193986664185,31.855183274169427,39.56902207150227,0,3.6938626430504247,always
3172,34.54004705923536,35.491719370905315,35.111050446237336,-0.9516723116699524,3.6938626430504247,1.921942414082801,1.96,3.76700713160229,31.724712239303024,39.258726502507606,0,3.5544535203378644,always
3173,37.67727025982347,35.111050446237336,36.137538371671795,2.5662198135861374,3.5544535203378644,1.8853258393014891,1.96,3.6952386450309187,31.415811801206416,38.806289091268255,0,3.706005050903075,always
3174,39.30675617774473,36.137538371671795,37.40522549410097,3.169217806072936,3.706005050903075,1.9250987119893552,1.96,3.773193475499136,32.36434489617266,39.91073184717093,0,4.022901873474408,always
3175,39.1479166317023,37.40522549410097,38.1023019491415,1.7426911376013337,4.022901873474408,2.0057172964987884,1.96,3.9312059011376252,33.474019592963344,41.33643139523859,0,3.9736053998543994,always
3176,36.831841489185464,38.1023019491415,37.59411776515908,-1.270460459956034,3.9736053998543994,1.9933904283542647,1.96,3.9070452395743587,34.19525670956714,42.00934718871586,0,3.8556286188772644,always
3177,36.62785812595784,37.59411776515908,37.20761390947859,-0.9662596392012404,3.8556286188772644,1.9635754680880653,1.96,3.848607917452608,33.74550984770647,41.442725682611695,0,3.7095300724508666,always
3178,33.85636002401816,37.20761390947859,35.86711235529442,-3.35125388546043,3.7095300724508666,1.9260140374490697,1.96,3.7749875134001765,33.43262639607841,40.982601422878766,0,4.0855986990690045,always
3179,36.23201822850001,35.86711235529442,36.01307470457665,0.3649058732055934,4.0855986990690045,2.021286397091962,1.96,3.9617213383002454,31.905391016994173,39.82883369359466,0,3.887976578930551,always
3180,38.01421067009847,36.01307470457665,36.81352909078538,2.0011359655218186,3.887976578930551,1.9717952680059234,1.96,3.8647187252916098,32.14835597928504,39.87779342986826,0,3.89380500760927,always
3181,38.57068168803282,36.81352909078538,37.51639012968435,1.7571525972474404,3.89380500760927,1.9732726642836944,1.96,3.867614421996041,32.94591466878934,40.68114351278142,0,3.853494019729478,always
3182,37.64283862634338,37.51639012968435,37.56696952834797,0.12644849665902314,3.853494019729478,1.9630318437889585,1.96,3.8475424138263583,33.66884771585799,41.363932543510714,0,3.6616187798583706,always
3183,34.75727959998429,37.56696952834797,36.4430935570025,-2.8096899283636816,3.6616187798583706,1.9135356750942405,1.96,3.750529923184711,33.816439605163254,41.31749945153268,0,3.873255715542867,always
3184,32.72338878373231,36.4430935570025,34.955211647694426,-3.7197047732701876,3.873255715542867,1.9680588699383124,1.96,3.857395385079092,32.585698171923404,40.30048894208159,0,4.371403109780174,always
3185,34.1248122209728,34.955211647694426,34.62305187700578,-0.8303994267216268,4.371403109780174,2.0907900683187144,1.96,4.09794853390468,30.857263113789745,39.053160181599104,0,4.187311114686145,always
3186,37.89806886262689,34.62305187700578,35.93305867125422,3.2750169856211144,4.187311114686145,2.046292040419975,1.96,4.010732399223151,30.612319477782627,38.63378427622893,0,4.514232371757179,always
3187,39.64907232985283,35.93305867125422,37.41946413469367,3.716013658598605,4.514232371757179,2.1246722974984116,1.96,4.164357703096886,31.768700968157336,40.09741637435111,0,4.978958628713889,always
3188,35.725995550525454,37.41946413469367,36.742076701026384,-1.6934685841682153,4.978958628713889,2.2313580234274126,1.96,4.373461725917728,33.04600240877594,41.7929258606114,0,4.87340248955643,always
3189,33.076912114186534,36.742076701026384,35.27601086629045,-3.6651645868398504,4.87340248955643,2.207578422062607,1.96,4.32685370724271,32.41522299378367,41.0689304082691,0,5.301403937509854,always
3190,33.83579596433793,35.27601086629045,34.69992490550944,-1.4402149019525154,5.301403937509854,2.302477782196791,1.96,4.5128564531057105,30.763154413184736,39.78886731939616,0,5.140044688824665,always
3191,36.16456393110927,34.69992490550944,35.28578051574937,1.4646390255998298,5.140044688824665,2.267166665427283,1.96,4.443646664237475,30.256278241271964,39.14357156974692,0,4.990300828148933,always
3192,35.67526413021761,35.28578051574937,35.44157396153667,0.3894836144682401,4.990300828148933,2.233898123941406,1.96,4.378440322925155,30.90734019282422,39.66422083867453,0,4.748370661038448,always
3193,34.12729886336573,35.44157396153667,34.915863922268294,-1.3142750981709383,4.748370661038448,2.179075643716493,1.96,4.270988261684327,31.170585699852342,39.712562223221,0,4.597318079670138,always
3194,34.3434943082993,34.915863922268294,34.686916076680696,-0.5723696139689949,4.597318079670138,2.144135741894654,1.96,4.202506054113522,30.713357868154773,39.118369976381814,0,4.383832524436381,always
3195,36.609327907634224,34.686916076680696,35.45588080906211,1.9224118309535285,4.383832524436381,2.0937603789441575,1.96,4.103770342730549,30.583145733950147,38.790686419411244,0,4.349424260604066,always
3196,35.96045808080065,35.45588080906211,35.65771171775752,0.5045772717385404,4.349424260604066,2.0855273339383653,1.96,4.087633574519196,31.368247234542913,39.543514383581304,0,4.144682958731618,always
3197,36.03540562970563,35.65771171775752,35.808789282536765,0.3776939119481071,4.144682958731618,2.0358494440237025,1.96,3.9902649102864567,31.667446807471066,39.64797662804398,0,3.9445814453511705,always
3198,38.16634356163578,35.808789282536765,36.75181099417637,2.3575542790990127,3.9445814453511705,1.9860970382514471,1.96,3.8927501949728365,31.916039087563927,39.7015394775096,0,4.025255482028515,always
3199,35.86693371600839,36.75181099417637,36.397860082909176,-0.884877278167977,4.025255482028515,2.0063039356060974,1.96,3.932355713787951,32.81945528038842,40.684166707964316,0,3.863143097797988,always
3200,35.06481981117133,36.397860082909176,35.86464397421403,-1.3330402717378433,3.863143097797988,1.9654880049997732,1.96,3.8523564897995555,32.54550359310962,40.25021657270873,0,3.7588357612118335,always
3201,39.642560129324764,35.86464397421403,37.37581043625833,3.7779161551107308,3.7588357612118335,1.9387717145687455,1.96,3.7999925605547413,32.06465141365929,39.664636534768775,0,4.284526496903574,always
3202,40.62572358646348,37.37581043625833,38.67577569634039,3.2499131502051526,4.284526496903574,2.0699097798946635,1.96,4.05702316859354,33.31878726766479,41.432833604851865,0,4.598396946252214,always
3203,38.69364955092807,38.67577569634039,38.68292523817546,0.01787385458768398,4.598396946252214,2.1443873125562494,1.96,4.202999132610248,34.472776563730136,42.87877482895064,0,4.368493072673494,always
3204,39.64857165878481,38.68292523817546,39.0691838064192,0.9656464206093531,4.368493072673494,2.090094034409336,1.96,4.096584307442298,34.58634093073316,42.779509545617756,0,4.1966920695216015,always
3205,38.98301510134953,39.0691838064192,39.034716324391326,-0.08616870506966734,4.1966920695216015,2.048582941821395,1.96,4.0152225659699345,35.05396124044926,43.08440637238913,0,3.9872287183321906,always
3206,40.22226576922566,39.034716324391326,39.50973610232506,1.1875494448343318,3.9872287183321906,1.9968046269808648,1.96,3.913737068882495,35.12097925550883,42.94845339327382,0,3.8583809666118976,always
3207,40.28529999755143,39.50973610232506,39.8199616604156,0.7755638952263695,3.8583809666118976,1.9642761940755422,1.96,3.8499813403880627,35.659754761936995,43.35971744271312,0,3.695536886060238,always
3208,38.54578013455327,39.8199616604156,39.310289050070665,-1.274181525862332,3.695536886060238,1.9223779248785182,1.96,3.767860732761896,36.052100927653704,43.5878223931775,0,3.5919369697996686,always
3209,38.70435387785255,39.310289050070665,39.06791498118342,-0.6059351722181177,3.5919369697996686,1.8952406100017138,1.96,3.714671595603359,35.59561745446731,43.02496064567402,0,3.430697992956235,always
3210,39.43039653020395,39.06791498118342,39.21290760079163,0.3624815490205293,3.430697992956235,1.852214348545069,1.96,3.6303401231483354,35.437574858035084,42.69825510433176,0,3.265732736977439,always
3211,40.83738521069981,39.21290760079163,39.8626986447549,1.6244776099081761,3.265732736977439,1.8071338458944979,1.96,3.5419823379532156,35.670925262838416,42.754889938744846,0,3.234392475383216,always
3212,38.964714554520384,39.8626986447549,39.503505008661094,-0.897984090234516,3.234392475383216,1.7984416797280962,1.96,3.5249456922670683,36.33775295248783,43.38764433702197,0,3.1129916229297705,always
3213,38.02194522753476,39.503505008661094,38.91088109621056,-1.481559781126336,3.1129916229297705,1.7643672018403003,1.96,3.4581597156069885,36.045345293054105,42.96166472426808,0,3.067093011035838,always
3214,38.2385363398537,38.91088109621056,38.641943193667814,-0.672344756356857,3.067093011035838,1.751311797206836,1.96,3.4325711225253985,35.478309973685164,42.343452218735955,0,2.936340734054074,always
3215,39.98837140260452,38.641943193667814,39.1805144772425,1.3464282089367074,2.936340734054074,1.7135754240925825,1.96,3.3586078312214616,35.28333536244635,42.000551024889276,0,2.8801671434423954,always
3216,38.3359858799696,39.1805144772425,38.84270303833334,-0.8445285972728982,2.8801671434423954,1.697105519242217,1.96,3.3263268177147456,35.85418765952775,42.50684129495724,0,2.7718202138508623,always
3217,39.53287139903628,38.84270303833334,39.118770382614514,0.6901683607029412,2.7718202138508623,1.6648784381602346,1.96,3.26316173879406,35.57954129953928,42.1058647771274,0,2.6570458214640884,always
3218,40.2512230576926,39.118770382614514,39.57175145264575,1.1324526750780848,2.6570458214640884,1.6300447298967253,1.96,3.1948876705975815,35.92388271201693,42.313658053212095,0,2.5883159834554594,always
3219,37.408910524648,39.57175145264575,38.70661508144665,-2.162840927997749,2.5883159834554594,1.6088244103864968,1.96,3.1532958443575336,36.41845560828821,42.725047297003286,0,2.6927942282737947,always
3220,39.13212902416325,38.70661508144665,38.87682065853329,0.4255139427165986,2.6927942282737947,1.6409735611135832,1.96,3.2163081797826227,35.49030690166403,41.92292326122927,0,2.567207622632416,always
3221,43.12596177337054,38.87682065853329,40.576477104468196,4.249141114837251,2.567207622632416,1.6022507989177026,1.96,3.140411565878697,35.7364090926546,42.017232224411984,1,3.341607252190813,always
3222,42.81226350626481,40.576477104468196,41.470791665186844,2.2357864017966165,3.341607252190813,1.8280063599973642,1.96,3.5828924655948335,36.993584638873365,44.15936957006303,0,3.424463931304205,always
3223,41.264854367913316,41.470791665186844,41.38841674627743,-0.20593729727352894,3.424463931304205,1.8505307161201634,1.96,3.62704020359552,37.843751461591324,45.097831868782364,0,3.255361243259411,always
3224,38.48083794001947,41.38841674627743,40.225385223774246,-2.907578806257959,3.255361243259411,1.8042619663617063,1.96,3.5363534540689443,37.852063292208484,44.92477020034637,0,3.5152939068264635,always
3225,34.963818200447264,40.225385223774246,38.12075841444346,-5.2615670233269825,3.5152939068264635,1.874911706408188,1.96,3.6748269445600483,36.5505582792142,43.90021216833429,1,4.723733588533238,always
3226,33.97169127350733,38.12075841444346,36.461131558069006,-4.1490671409361255,4.723733588533238,2.173415190094437,1.96,4.259893772585096,33.86086464185836,42.38065218702855,0,5.34828481610637,always
3227,38.28372872968241,36.461131558069006,37.19017042671437,1.8225971716134026,5.34828481610637,2.312635902191776,1.96,4.532766368295881,31.928365189773125,40.99389792636489,0,5.24696359779971,always
3228,40.09642338946081,37.19017042671437,38.352671611812944,2.906252962746443,5.24696359779971,2.2906251543628238,1.96,4.489625302551135,32.700545124163234,41.6797957292655,0,5.406930732083349,always
3229,38.544125251344255,38.352671611812944,38.42925306762547,0.19145363953131067,5.406930732083349,2.325280785643607,1.96,4.55755033986147,33.79512127195147,42.910221951674416,0,5.138416920283671,always
3230,37.98414343012314,38.42925306762547,38.25120921262454,-0.4451096375023269,5.138416920283671,2.26680764959969,1.96,4.442942993215392,33.98631007441008,42.87219606084086,0,4.89140220373936,always
3231,39.441801364193694,38.25120921262454,38.727446073252196,1.190592151569156,4.89140220373936,2.2116514652492962,1.96,4.33483687188862,33.91637234073592,42.58604608451316,0,4.7177075771212955,always
3232,37.493872783311424,38.727446073252196,38.23401675727589,-1.2335732899407716,4.7177075771212955,2.1720284475856424,1.96,4.257175757267859,34.47027031598434,42.984621830520055,0,4.557907351347995,always
3233,37.102106557469426,38.23401675727589,37.78125267735331,-1.1319101998064625,4.557907351347995,2.134925607918926,1.96,4.184454191521095,34.0495625657548,42.41847094879698,0,4.39407301880189,always
3234,40.77913356750642,37.78125267735331,38.980405033414556,2.9978808901531124,4.39407301880189,2.0962044315385584,1.96,4.108560685815575,33.67269199153773,41.889813363168884,0,4.6237338594390565,always
3235,39.303494291437076,38.980405033414556,39.10964073662356,0.3230892580225202,4.6237338594390565,2.1502869249100356,1.96,4.21456237282367,34.765842660590884,43.19496740623823,0,4.397766499899581,always
3236,39.49717157185647,39.10964073662356,39.264653070716726,0.38753083523290854,4.397766499899581,2.097085239063873,1.96,4.110287068565191,34.99935366805837,43.21992780518875,0,4.185387182317418,always
3237,38.31945965507185,39.264653070716726,38.88657570445878,-0.9451934156448729,4.185387182317418,2.045821884308949,1.96,4.00981089324554,35.25484217747119,43.27446396396226,0,4.020787352850467,always
3238,39.0617806468898,38.88657570445878,38.95665768143118,0.17520494243102291,4.020787352850467,2.005190103917947,1.96,3.9301726036791758,34.9564031007796,42.81674830813795,0,3.8212828238005567,always
3239,40.923329821402255,38.95665768143118,39.74332653741961,1.9666721399710738,3.8212828238005567,1.9548101758995826,1.96,3.831427944763182,35.125229736668,42.788085626194366,0,3.8236086479174487,always
3240,41.13503021987398,39.74332653741961,40.300008010401356,1.39170368245437,3.8236086479174487,1.9554049830961997,1.96,3.8325937668685515,35.910732770551064,43.57592030428816,0,3.729270172509429,always
3241,40.58309262454408,40.300008010401356,40.41324185605845,0.283084614142723,3.729270172509429,1.931131837164265,1.96,3.785018400841959,36.5149896095594,44.08502641124331,0,3.546813508822174,always
3242,37.05495016467752,40.41324185605845,39.06992517950608,-3.358291691380927,3.546813508822174,1.883298571342891,1.96,3.691265199832066,36.72197665622638,44.104507055890515,0,3.9333789876009737,always
3243,38.61191334664642,39.06992517950608,38.88672044636221,-0.4580118328596612,3.9333789876009737,1.9832748139380416,1.96,3.8872186353185616,35.18270654418752,42.95714381482464,0,3.7471987801728983,always
3244,38.36063325369686,38.88672044636221,38.67628556929607,-0.5260871926653508,3.7471987801728983,1.9357682661343785,1.96,3.7941058016233815,35.09261464473883,42.68082624798559,0,3.573677227878579,always
3245,39.09973592725221,38.67628556929607,38.84566571247853,0.42345035795614194,3.573677227878579,1.8904172100038075,1.96,3.7052177316074624,34.97106783768861,42.38150330090353,0,3.4039588767673092,always
3246,39.66689420999873,38.84566571247853,39.17415711148661,0.8212284975202024,3.4039588767673092,1.8449820803377222,1.96,3.6161648774619355,35.229500835016594,42.46183058994046,0,3.267481745185908,always
3247,39.97795240067751,39.17415711148661,39.49567522716297,0.8037952891909015,3.267481745185908,1.8076176988472723,1.96,3.5429306897406536,35.63122642174596,42.71708780122726,0,3.136412001272887,always
3248,39.65875934949743,39.49567522716297,39.560908876096754,0.16308412233446035,3.136412001272887,1.7709918128757363,1.96,3.471143953236443,36.02453127392653,42.96681918039941,0,2.980921222757123,always
3249,37.54056444157262,39.560908876096754,38.7527711022871,-2.0203444345241337,2.980921222757123,1.726534454552565,1.96,3.3840075309230273,36.176901345173725,42.94491640701978,0,3.0359647433248984,always
3250,35.67015787175128,38.7527711022871,37.51972581007277,-3.08261323053582,3.0359647433248984,1.7424020039373516,1.96,3.415107927717209,35.33766317456989,42.16787903000431,0,3.3592917226123777,always
3251,38.94033552220711,37.51972581007277,38.08796969492651,1.4206097121343362,3.3592917226123777,1.8328370693033185,1.96,3.5923606558345043,33.92736515423827,41.112086465907275,0,3.2922337341922785,always
3252,40.807874243727,38.08796969492651,39.1759315144467,2.7199045488004927,3.2922337341922785,1.8144513590042248,1.96,3.556324663648281,34.531645031278224,41.64429435857479,0,3.497516085211945,always
3253,41.738622046569375,39.1759315144467,40.201007727295774,2.562690532122673,3.497516085211945,1.8701647214114443,1.96,3.6655228539664306,35.51040866048027,42.84145436841313,0,3.651009419122907,always
3254,39.57213670479632,40.201007727295774,39.94945931829599,-0.6288710224994531,3.651009419122907,1.9107614762504783,1.96,3.7450924934509375,36.455915233844834,43.946100220746715,0,3.488232886313737,always
3255,35.76622445857767,39.94945931829599,38.27616537440866,-4.1832348597183255,3.488232886313737,1.8676811522081966,1.96,3.6606550583280653,36.288804259967925,43.61011437662406,1,4.18879393657618,always
3256,38.122860844254596,38.27616537440866,38.214843562347035,-0.15330453015406675,4.18879393657618,2.046654327573706,1.96,4.011442482044464,34.2647228923642,42.28760785645313,0,3.9805293536956587,always
3257,39.435048362772264,38.214843562347035,38.702925482517124,1.220204800425229,3.9805293536956587,1.9951264004307243,1.96,3.9104477448442196,34.304395817502815,42.125291307191254,0,3.855947873759914,always
3258,40.11260378166759,38.702925482517124,39.26679680217731,1.409678299150464,3.855947873759914,1.9636567606788906,1.96,3.8487672509306257,34.854158231586496,42.55169273344775,0,3.7625101254267053,always
3259,38.37884894489514,39.26679680217731,38.911617659264444,-0.8879478572821711,3.7625101254267053,1.9397190841528331,1.96,3.801849404939553,35.46494739723776,43.06864620711686,0,3.6138071890179697,always
3260,40.437460041453825,38.911617659264444,39.52195461214019,1.5258423821893814,3.6138071890179697,1.9010016278314887,1.96,3.725963190549718,35.18565446871472,42.637580849814164,0,3.5495265783313394,always
3261,38.75820431614993,39.52195461214019,39.21645449374409,-0.7637502959902633,3.5495265783313394,1.8840187308865428,1.96,3.6926767125376236,35.829277899602566,43.21463132467782,0,3.401215975146033,always
3262,37.530047937803786,39.21645449374409,38.541891871367966,-1.6864065559403016,3.401215975146033,1.8442385895393343,1.96,3.614707635497095,35.60174685824699,42.831162129241186,0,3.3733535299846524,always
3263,38.30009965865328,38.541891871367966,38.44517498628209,-0.2417922127146852,3.3733535299846524,1.8366691400425534,1.96,3.5998715144834046,34.94202035688456,42.14176338585137,0,3.207609027191893,always
3264,37.57676233565964,38.44517498628209,38.09780992603311,-0.868412650622453,3.207609027191893,1.7909799069760366,1.96,3.5103206176730315,34.93485436860906,41.95549560395512,0,3.084935602420354,always
3265,38.89178686495053,38.09780992603311,38.41540070160008,0.7939769389174245,3.084935602420354,1.7563984748400217,1.96,3.4425410106864422,34.65526891534667,41.54035093671955,0,2.9622087912759705,always
3266,41.96455666734174,38.41540070160008,39.83506308789674,3.5491559657416616,2.9622087912759705,1.7211068506272267,1.96,3.373369427229364,35.042031274370714,41.78877012882944,1,3.4439237551701534,always
3267,39.99714732688921,39.83506308789674,39.89989678349373,0.16208423899247038,3.4439237551701534,1.8557811711433418,1.96,3.63733109544095,36.19773199245579,43.47239418333769,0,3.273041132438134,always
3268,38.60872429101025,39.89989678349373,39.383427786500334,-1.2911724924834829,3.273041132438134,1.809154811628384,1.96,3.5459434307916324,36.3539533527021,43.44584021428536,0,3.1927453960835277,always
3269,34.04250783210371,39.383427786500334,37.24705980474168,-5.340919954396625,3.1927453960835277,1.7868255080123319,1.96,3.5021779957041703,35.88124979079616,42.88560578220451,1,4.459379424242954,always
3270,36.06274875302984,37.24705980474168,36.77333538405694,-1.1843110517118447,4.459379424242954,2.1117242775142198,1.96,4.1389795839278705,33.10808022081381,41.38603938866955,0,4.306540086391147,always
3271,39.14683190687674,36.77333538405694,37.72273399318486,2.3734965228197993,4.306540086391147,2.075220491030085,1.96,4.067432162418966,32.705903221637975,40.84076754647591,0,4.3728873692634735,always
3272,39.22897836399555,37.72273399318486,38.325231741509135,1.5062443708106912,4.3728873692634735,2.0911449900146746,1.96,4.098644180428762,33.6240898127561,41.821378173613624,0,4.267681606030244,always
3273,40.58614676940175,38.325231741509135,39.22959775266618,2.260915027892615,4.267681606030244,2.0658367810720777,1.96,4.049040090901272,34.27619165060786,42.37427183241041,0,4.3098843638962645,always
3274,39.24783335720753,39.22959775266618,39.23689199448272,0.018235604541352757,4.3098843638962645,2.076026099040247,1.96,4.069011154118884,35.1605865985473,43.29860890678506,0,4.0944067725651,always
3275,37.98941039898327,39.23689199448272,38.73789935628294,-1.2474815954994511,4.0944067725651,2.0234640526990098,1.96,3.965989543290059,35.27090245119266,43.202881537772775,0,3.967496950492338,always
3276,37.60394024860259,38.73789935628294,38.2843157132108,-1.1339591076803472,3.967496950492338,1.9918576632109881,1.96,3.9040410198935365,34.833858336389405,42.64194037617647,0,3.8334152658622815,always
3277,35.692435142022305,38.2843157132108,37.2475634847354,-2.591880571188497,3.8334152658622815,1.9579109443134235,1.96,3.83750545085431,34.44681026235649,42.12182116406511,0,3.9776367473343877,always
3278,35.915511300796645,37.2475634847354,36.7147426111599,-1.3320521839387567,3.9776367473343877,1.9944013506148626,1.96,3.9090266472051307,33.33853683753027,41.15659013194053,0,3.8674730610044685,always
3279,40.14472943864716,36.7147426111599,38.086737342154805,3.4299868274872622,3.8674730610044685,1.9665891947746659,1.96,3.854514821758345,32.860227789401556,40.56925743291824,0,4.262339889791051,always
3280,37.964156042470016,38.086737342154805,38.03770482228089,-0.12258129968478926,4.262339889791051,2.064543506393375,1.96,4.046505272531014,34.04023206962379,42.13324261468582,0,4.04997420405312,always
3281,36.55665588173487,38.03770482228089,37.44528524606248,-1.4810489405460174,4.04997420405312,2.0124547706850757,1.96,3.9444113505427483,34.093293471738136,41.98211617282364,0,3.9571507920650877,always
3282,37.352335423371265,37.44528524606248,37.408105316985996,-0.09294982269121732,3.9571507920650877,1.9892588549671175,1.96,3.89894735573555,33.54633789032693,41.34423260179803,0,3.75972523593875,always
3283,41.74850611409268,37.408105316985996,39.144265635828674,4.340400797106682,3.75972523593875,1.9390010922995247,1.96,3.800442140907068,33.60766317607893,41.20854745789306,1,4.5136929281180285,always
3284,42.52584160501453,39.144265635828674,40.49689602350301,3.381575969185853,4.5136929281180285,2.1245453462136386,1.96,4.164108878578731,34.980156757249944,43.308374514407404,0,4.859761083480889,always
3285,38.80549611538273,40.49689602350301,39.8203360602549,-1.6913999081202817,4.859761083480889,2.204486580471945,1.96,4.320793697725012,36.176102325778004,44.81768972122802,0,4.759814711766309,always
3286,38.9771474123957,39.8203360602549,39.48306060111122,-0.8431886478592006,4.759814711766309,2.1816999591525663,1.96,4.27613191993903,35.54420414031587,44.096467980193935,0,4.557372330971925,always
3287,37.87276665899437,39.48306060111122,38.83894302426448,-1.6102939421168472,4.557372330971925,2.1348003023636486,1.96,4.184208592632751,35.29885200847847,43.66726919374397,0,4.45915604342424,always
3288,39.74873599479979,38.83894302426448,39.202860212478605,0.9097929705353067,4.45915604342424,2.111671386230405,1.96,4.138875917011593,34.700067107252885,42.97781894127608,0,4.277584403714801,always
3289,37.874542398498164,39.202860212478605,38.67153308688643,-1.3283178139804406,4.277584403714801,2.068232192891988,1.96,4.053735098068296,35.14912511441031,43.2565953105469,0,4.15192659427595,always
3290,39.46024418938274,38.67153308688643,38.98701752788495,0.7887111024963147,4.15192659427595,2.0376276878458315,1.96,3.9937502681778296,34.6777828187086,42.665283355064254,0,3.9754335247221997,always
3291,39.12967484617408,38.98701752788495,39.0440804552006,0.14265731828913175,3.9754335247221997,1.993848922241151,1.96,3.907943887592656,35.07907364029229,42.89496141547761,0,3.777679404009162,always
3292,37.204926451601175,39.0440804552006,38.30841885376083,-1.8391540035994254,3.777679404009162,1.9436253250071533,1.96,3.8095056370140203,35.23457481818658,42.85358609221462,0,3.757919806256494,always
3293,37.432403028259195,38.30841885376083,37.95801252356017,-0.8760158255016322,3.757919806256494,1.9385354797517877,1.96,3.799529540313504,34.50888931344733,42.10794839407433,0,3.6083940022701344,always
3294,39.27299486073525,37.95801252356017,38.484005458430204,1.3149823371750813,3.6083940022701344,1.8995773220035383,1.96,3.723171551126935,34.23484097243323,41.68118407468711,0,3.5144332295107494,always
3295,39.105472756522985,38.484005458430204,38.732592377667316,0.6214672980927816,3.5144332295107494,1.874682167598217,1.96,3.6743770484925053,34.8096284099377,42.158382506922706,0,3.3580226481651487,always
3296,39.65771648253915,38.732592377667316,39.10264201961605,0.9251241048718342,3.3580226481651487,1.832490831672876,1.96,3.5916820300788372,35.14091034758848,42.32427440774615,0,3.2329142462276366,always
3297,38.367402685765896,39.10264201961605,38.80854628607599,-0.7352393338501528,3.2329142462276366,1.798030657755211,1.96,3.5241400892002135,35.57850193041583,42.626782108816265,0,3.0982973778182754,always
3298,39.122141961086996,38.80854628607599,38.93398455608039,0.31359567501100827,3.0982973778182754,1.7601981075487712,1.96,3.4499882907955914,35.35855799528039,42.25853457687158,0,2.9482996212966417,always
3299,39.95291692682415,38.93398455608039,39.341557504377896,1.0189323707437623,2.9482996212966417,1.7170613330037579,1.96,3.3654402126873655,35.56854434339302,42.29942476876776,0,2.8527957990392845,always
3300,39.31929459348909,39.341557504377896,39.33265234002238,-0.02226291088880572,2.8527957990392845,1.689022142850497,1.96,3.3104833999869743,36.031074104390925,42.65204090436487,0,2.7101807909473825,always
3301,40.07804482413245,39.33265234002238,39.630809333666406,0.7453924841100701,2.7101807909473825,1.6462626737393344,1.96,3.2266748405290953,36.105977499493285,42.55932718055147,0,2.6024522491684023,always
3302,41.73949079138282,39.630809333666406,40.47428191675297,2.108681457716415,2.6024522491684023,1.6132117806315458,1.96,3.1618950900378295,36.468914243628575,42.79270442370424,0,2.6946565112158334,always
3303,42.955052677314015,40.47428191675297,41.466590220977395,2.480770760561043,2.6946565112158334,1.6415408953833082,1.96,3.217420154951284,37.25686176180169,43.691702071704256,0,2.8676348639777727,always
3304,45.12098493979441,41.466590220977395,42.9283481085042,3.6543947188170165,2.8676348639777727,1.6934092429114034,1.96,3.3190821161063506,38.147508104871044,44.785672337083746,1,3.391983158824769,always
3305,44.129195257916905,42.9283481085042,43.40868696826928,1.2008471494127022,3.391983158824769,1.841733737222829,1.96,3.609798124956745,39.318549983547456,46.53814623346095,0,3.294485694696161,always
3306,42.506009609576694,43.40868696826928,43.04761602479225,-0.9026773586925856,3.294485694696161,1.815071815299924,1.96,3.5575407579878506,39.85114621028143,46.96622772625713,0,3.170502730656164,always
3307,45.196776429077985,43.04761602479225,43.90728018650654,2.1491604042857375,3.170502730656164,1.7805905567131832,1.96,3.4899574911578393,39.55765853363441,46.537573515950086,0,3.2429221162908375,always
3308,43.76399876781021,43.90728018650654,43.84996761902801,-0.1432814186963327,3.2429221162908375,1.800811516036822,1.96,3.529590571432171,40.37768961507437,47.43687075793871,0,3.0818024887234774,always
3309,41.51197631311469,43.84996761902801,42.914771096662676,-2.33799130591332,3.0818024887234774,1.7555063340026653,1.96,3.440792414645224,40.409175204382784,47.29076003367323,0,3.201022531613617,always
3310,41.20620901544619,42.914771096662676,42.23134626417608,-1.7085620812164848,3.201022531613617,1.7891401654464127,1.96,3.506714724274969,39.408056372387705,46.42148582093765,0,3.186930624301476,always
3311,39.579288286327994,42.23134626417608,41.17052307303685,-2.652057977848088,3.186930624301476,1.7851976429240197,1.96,3.4989873801310787,38.732358884045006,45.73033364430716,0,3.3792546689797867,always
3312,39.60361600944556,41.17052307303685,40.54376024760033,-1.5669070635912874,3.3792546689797867,1.8382749165943015,1.96,3.603018836524831,37.567504236512015,44.77354190956168,0,3.3330518228274104,always
3313,40.33827156246484,40.54376024760033,40.46156477354613,-0.20548868513549223,3.3330518228274104,1.8256647618956254,1.96,3.5783029333154257,36.965457314284905,44.12206318091576,0,3.1685105116719754,always
3314,42.49757589858547,40.46156477354613,41.27596922356186,2.0360111250393373,3.1685105116719754,1.780031042333806,1.96,3.4888608429742596,36.97270393057187,43.95042561652039,0,3.2173520511525737,always
3315,42.193147914587065,41.27596922356186,41.64284069997194,0.9171786910252067,3.2173520511525737,1.7936978706439315,1.96,3.515647826462106,37.76032139709975,44.791617050023966,0,3.0985452861584806,always
3316,41.39943593767096,41.64284069997194,41.54547879505155,-0.24340476230098318,3.0985452861584806,1.7602685267192846,1.96,3.4501263123697976,38.192714387602145,45.09296701234174,0,2.9465803157660964,always
3317,42.49926953553174,41.54547879505155,41.926995091243626,0.9537907404801871,2.9465803157660964,1.7165606064937224,1.96,3.364458788727696,38.181020006323855,44.90993758377925,0,2.8447371388090787,always
3318,43.21956986053978,41.926995091243626,42.44402499896209,1.2925747692961522,2.8447371388090787,1.68663485639574,1.96,3.3058043185356505,38.621190772707976,45.232799409779275,0,2.7860377585796745,always
3319,41.56452564399613,42.44402499896209,42.09222525697571,-0.8794993549659651,2.7860377585796745,1.6691428215044015,1.96,3.271519930148627,39.172505068813464,45.71554492911072,0,2.6854118264199682,always
3320,39.44893781081045,42.09222525697571,41.03491027850961,-2.6432874461652602,2.6854118264199682,1.6387226203418224,1.96,3.2118963358699717,38.880328921105736,45.30412159284568,0,2.900489661251713,always
3321,41.71501196196799,41.03491027850961,41.30695095189296,0.680101683458382,2.900489661251713,1.7030824000181883,1.96,3.3380415040356493,37.696868774473955,44.37295178254526,0,2.7785920931812735,always
3322,43.59037504314037,41.30695095189296,42.22032058839193,2.2834240912474115,2.7785920931812735,1.6669109433863807,1.96,3.267145449037306,38.03980550285565,44.574096400930266,0,2.900363767546663,always
3323,40.01233381745715,42.22032058839193,41.33712588001802,-2.207986770934781,2.900363767546663,1.7030454390727991,1.96,3.337969060582686,38.88235152780924,45.558289648974615,0,2.99910585820048,always
3324,38.86748186054168,41.33712588001802,40.34926827222749,-2.469644019476341,2.99910585820048,1.7317926718289578,1.96,3.3943136367847573,37.94281224323326,44.73143951680278,0,3.154107644437219,always
3325,40.687595400621575,40.34926827222749,40.48459912358513,0.3383271283940843,3.154107644437219,1.7759807556494578,1.96,3.480922281072937,36.868345991154555,43.830190553300426,0,3.0021255245057272,always
3326,43.27206088578365,40.48459912358513,41.59958382846454,2.787461762198525,3.0021255245057272,1.7326642849974507,1.96,3.3960219985950033,37.088577124990124,43.88062112218013,0,3.240516402066386,always
3327,44.109591073569064,41.59958382846454,42.60358672650635,2.510007245104525,3.240516402066386,1.800143439303209,1.96,3.5282811410342894,38.07130268743025,45.12786496949883,0,3.393497400486927,always
3328,42.38058320301282,42.60358672650635,42.51438531710894,-0.22300352349353147,3.393497400486927,1.8421447827157689,1.96,3.610603774122907,38.99298295238344,46.21419050062926,0,3.2263090590371073,always
3329,41.37642568206144,42.51438531710894,42.059201463089934,-1.1379596350475012,3.2263090590371073,1.7961929348032486,1.96,3.520538152214367,38.993847164894575,46.0349234693233,0,3.129741212635124,always
3330,40.856769011297686,42.059201463089934,41.578228482373035,-1.202432451792248,3.129741212635124,1.7691074621500877,1.96,3.467450625814172,38.59175083727576,45.52665208890411,0,3.0455463420595232,always
3331,39.940071033477054,41.578228482373035,40.92296550281464,-1.6381574488959814,3.0455463420595232,1.7451493752855436,1.96,3.4204927755596652,38.15773570681337,44.9987212579327,0,3.0274470163252167,always
3332,40.268761527875505,40.92296550281464,40.66128391283898,-0.6542039749391364,3.0274470163252167,1.739956038618567,1.96,3.410313835692391,37.51265166712225,44.33327933850703,0,2.897473807550264,always
3333,41.344708179946934,40.66128391283898,40.934653619682166,0.6834242671079522,2.897473807550264,1.7021967593525327,1.96,3.336305648330964,37.32497826450802,43.997589561169946,0,2.7759535536163527,always
3334,41.745425269002524,40.934653619682166,41.25896227941031,0.8107716493203583,2.7759535536163527,1.6661193095382913,1.96,3.265593846695051,37.66905977298711,44.20024746637722,0,2.670023409302617,always
3335,38.67154171476284,41.25896227941031,40.22399405355132,-2.5874205646474735,2.670023409302617,1.634020626951391,1.96,3.2026804288247264,38.056281850585584,44.46164270823504,0,2.871259497755519,always
3336,38.85898739196229,40.22399405355132,39.67799138891571,-1.3650066615890353,2.871259497755519,1.6944791228443976,1.96,3.3211790807750194,36.902814972776305,43.54517313432634,0,2.820858682176865,always
3337,41.18893005742968,39.67799138891571,40.282366856321296,1.5109386685139725,2.820858682176865,1.6795412118125785,1.96,3.2919007751526537,36.38609061376305,42.96989216406836,0,2.7939625310685607,always
3338,41.98680935061812,40.282366856321296,40.964143854040024,1.7044424942968206,2.7939625310685607,1.671515040634861,1.96,3.2761694796443273,37.006197376676965,43.55853633596563,0,2.7995206153333707,always
3339,41.352384888388656,40.964143854040024,41.11944026777948,0.38824103434863133,2.7995206153333707,1.6731768033693781,1.96,3.279426534603981,37.68471731943605,44.243570388644,0,2.667081139604307,always
3340,41.67501331393102,41.11944026777948,41.34166948624009,0.5555730461515367,2.667081139604307,1.6331200628258495,1.96,3.200915323138665,37.918524944640815,44.32035559091815,0,2.549160153104596,always
3341,39.835379763591334,41.34166948624009,40.73915359718059,-1.5062897226487593,2.549160153104596,1.5966089543481197,1.96,3.1293535505223145,38.212315935717776,44.47102303676241,0,2.5351475818772298,always
3342,37.746657880262475,40.73915359718059,39.54215531041334,-2.992495716918114,2.5351475818772298,1.592214678326145,1.96,3.1207407695192444,37.618412827661345,43.859894366699834,0,2.856141733572031,always
3343,39.33305016010681,39.54215531041334,39.45851325029073,-0.20910515030653443,2.856141733572031,1.690012347165556,1.96,3.3124242004444895,36.22973110996885,42.85457951085783,0,2.7155208950876655,always
3344,42.99767276418554,39.45851325029073,40.87417705584865,3.539159513894809,2.7155208950876655,1.6478837626142402,1.96,3.2298521747239106,36.22866107556682,42.68836542501464,1,3.2060273535728894,always
3345,45.78840813768788,40.87417705584865,42.83986948858434,4.914231081839233,3.2060273535728894,1.7905382859835446,1.96,3.5094550405277474,37.3647220153209,44.383632096376395,1,4.253209342179985,always
3346,44.272400859162076,42.83986948858434,43.41288203681543,1.4325313705777347,4.253209342179985,2.062331045729561,1.96,4.042168849629939,38.7977006389544,46.88203833821428,0,4.143156181455452,always
3347,38.59184080685003,43.41288203681543,41.48446554482927,-4.821041229965402,4.143156181455452,2.0354744364534407,1.96,3.9895298954487437,39.42335214136669,47.40241193226417,1,5.098120299433996,always
3348,37.79535319546382,41.48446554482927,40.00882060508309,-3.689112349365452,5.098120299433996,2.25790174707271,1.96,4.425487424262511,37.058978120566756,45.90995296909178,0,5.523691780774329,always
3349,40.891243085475566,40.00882060508309,40.361789597240076,0.8824224803924778,5.523691780774329,2.350253556698581,1.96,4.606496971129219,35.40232363395387,44.615317576212306,0,5.286440663430713,always
3350,43.028455928938826,40.361789597240076,41.42845612991958,2.6666663316987496,5.286440663430713,2.2992261009806567,1.96,4.506483157922087,35.855306439317985,44.86827275516217,0,5.377674096489961,always
3351,43.305408844039825,41.42845612991958,42.17923721556768,1.8769527141202431,5.377674096489961,2.3189812626431374,1.96,4.545203274780549,36.883252855139034,45.97365940470013,0,5.28493796621763,always
3352,40.21844392226333,42.17923721556768,41.394919898245945,-1.9607932933043486,5.28493796621763,2.2988992944923945,1.96,4.505842617205093,37.67339459836259,46.68507983277277,0,5.212926584860114,always
3353,39.7007765626642,41.394919898245945,40.717262564013254,-1.6941433355817423,5.212926584860114,2.283183432153473,1.96,4.475039527020807,36.91988037122514,45.86995942526675,0,5.0957863376919095,always
3354,41.46672822113105,40.717262564013254,41.017048826860375,0.7494656571177956,5.0957863376919095,2.2573848448352596,1.96,4.424474295877109,36.29278826813614,45.141736859890365,0,4.869081959367264,always
3355,43.39315508130202,41.017048826860375,41.96749132863703,2.3761062544416447,4.869081959367264,2.206599637307879,1.96,4.324935289123443,36.69211353773693,45.34198411598382,0,4.907921908018737,always
3356,41.2189516882965,41.96749132863703,41.66807547250082,-0.7485396403405318,4.907921908018737,2.215383016098737,1.96,4.342150711553525,37.62534061708351,46.30964204019055,0,4.690541392275856,always
3357,39.642058171462544,41.66807547250082,40.85766855208551,-2.026017301038273,4.690541392275856,2.1657657750264354,1.96,4.244900919051814,37.423174553449,45.91297639155263,0,4.661251627867383,always
3358,36.24503253861926,40.85766855208551,39.01261414669901,-4.612636013466243,4.661251627867383,2.1589931977353203,1.96,4.231626667561228,36.62604188452428,45.089295219646736,1,5.492009596110302,always
3359,38.118797486073625,39.01261414669901,38.655087482448856,-0.893816660625383,5.492009596110302,2.343503700895371,1.96,4.593267253754927,34.41934689294408,43.60588140045394,0,5.2573545274453615,always
3360,41.08713988287798,38.655087482448856,39.62790844262051,2.4320524004291215,5.2573545274453615,2.2928921752767533,1.96,4.4940686635424365,34.16101881890642,43.14915614599129,0,5.290230744994746,always
3361,41.18850842443881,39.62790844262051,40.25214843534783,1.5605999818182994,5.290230744994746,2.300050161408387,1.96,4.508098316360438,35.11981012626007,44.13600675898095,0,5.147492822907572,always
3362,41.54295333857327,40.25214843534783,40.76847039663801,1.2908049032254425,5.147492822907572,2.268808679220787,1.96,4.446865011272743,35.805283424075085,44.69901344662057,0,4.973427046671735,always
3363,41.372599642856656,40.76847039663801,41.01012209512547,0.6041292462186476,4.973427046671735,2.2301181687685823,1.96,4.371031610786421,36.39743878585159,45.139502007424426,0,4.743004301644984,always
3364,37.788262300060936,41.01012209512547,39.72137817709965,-3.221859795064532,4.743004301644984,2.1778439571385695,1.96,4.268574155991596,36.74154793913387,45.27869625111706,0,5.0248731135153974,always
3365,39.43491951256087,39.72137817709965,39.60679471128414,-0.28645866453878455,5.0248731135153974,2.2416228749536344,1.96,4.393580834909123,35.32779734219053,44.114959012008775,0,4.777732386164095,always
3366,40.49933436132251,39.60679471128414,39.96381057129949,0.8925396500383727,4.777732386164095,2.185802458175051,1.96,4.2841728180231,35.32262189326104,43.89096752930724,0,4.578677118200421,always
3367,42.435674299298846,39.96381057129949,40.952556062499234,2.471863727999356,4.578677118200421,2.1397843625469415,1.96,4.1939773505920055,35.76983322070748,44.1577879218915,0,4.655248776780343,always
3368,40.413960527325045,40.952556062499234,40.737117848429556,-0.5385955351741885,4.655248776780343,2.1576025530158107,1.96,4.228901003910989,36.72365505858824,45.181457066410225,0,4.4369905954668045,always
3369,40.200548974542016,40.737117848429556,40.522490298874544,-0.5365688738875392,4.4369905954668045,2.106416529432582,1.96,4.128576397687861,36.6085414507417,44.865694246117414,0,4.229536373514711,always
3370,40.61360412773293,40.522490298874544,40.558935830417894,0.09111382885838282,4.229536373514711,2.0565836655761687,1.96,4.03090398452929,36.491586314345255,44.55339428340383,0,4.018474641329437,always
3371,41.84754081679425,40.558935830417894,41.07437782496844,1.288604986376356,4.018474641329437,2.0046133396067773,1.96,3.9290421456292837,36.62989368478861,44.487977976047176,0,3.9005760498086657,always
3372,42.11376834268711,41.07437782496844,41.490134032055906,1.0393905177186724,3.9005760498086657,1.9749876075076183,1.96,3.870975710714932,37.20340211425351,44.94535353568337,0,3.7595638797344066,always
3373,41.08674433468296,41.490134032055906,41.328778153106725,-0.40338969737294406,3.7595638797344066,1.9389594837784534,1.96,3.8003605882057685,37.689773443850136,45.290494620261676,0,3.579721848145018,always
3374,38.415753958399854,41.328778153106725,40.163568475223975,-2.913024194706871,3.579721848145018,1.892015287502989,1.96,3.7083499635058583,37.620428189600865,45.037128116612585,0,3.8250212536851476,always
3375,37.415268262506885,40.163568475223975,39.06424839013714,-2.7483002127170906,3.8250212536851476,1.955766155164044,1.96,3.8333016641215263,36.33026681110245,43.9968701393455,0,4.011427893961931,always
3376,39.490453569665874,39.06424839013714,39.23473046194863,0.42620517952873627,4.011427893961931,2.00285493582584,1.96,3.9255956742186466,35.13865271591849,42.989844064355786,0,3.81993904201669,always
3377,42.0992181846517,39.23473046194863,40.380525551029855,2.8644877227030676,3.81993904201669,1.95446643409824,1.96,3.8307542108325503,35.40397625111608,43.06548467278118,0,4.039206585591685,always
3378,41.7269322051594,40.380525551029855,40.91908821268167,1.3464066541295452,4.039206585591685,2.0097777453220256,1.96,3.93916438083117,36.44136117019868,44.31968993186103,0,3.9278868002263168,always
3379,42.049368126638996,40.91908821268167,41.3712001782646,1.1302799139573239,3.9278868002263168,1.9818897043544872,1.96,3.884503820534795,37.034584392146876,44.80359203321647,0,3.7953690944097693,always
3380,41.07232339458618,41.3712001782646,41.25164946479323,-0.2988767836784234,3.7953690944097693,1.9481707046380123,1.96,3.818414581090504,37.5527855971741,45.1896147593551,0,3.6100670062803784,always
3381,39.296190886262934,41.25164946479323,40.46946603338111,-1.9554585785302976,3.6100670062803784,1.9000176331498553,1.96,3.7240345609737164,37.52761490381952,44.975684025766945,0,3.620754568583746,always
3382,39.74940839498281,40.46946603338111,40.18144297802179,-0.720057638398302,3.620754568583746,1.9028280449330535,1.96,3.7295429680687846,36.739923065312325,44.199009001449895,0,3.465640990285346,always
3383,41.66533934833305,40.18144297802179,40.7750015261463,1.4838963703112569,3.465640990285346,1.8616232138339235,1.96,3.64878149911449,36.5326614789073,43.830224477136284,0,3.4024563626622246,always
3384,42.7368264897453,40.7750015261463,41.559731511585895,1.9618249635989997,3.4024563626622246,1.8445748460450784,1.96,3.6153666982483537,37.159634827897946,44.39036822439465,0,3.4247714039191237,always
3385,44.751994917670345,41.559731511585895,42.836636874019675,3.19226340608445,3.4247714039191237,1.8506137911296143,1.96,3.627203030614044,37.932528480971854,45.186934542199936,0,3.763060116414462,always
3386,41.60441969572443,42.836636874019675,42.343750002701576,-1.2322171782952438,3.763060116414462,1.9398608497555854,1.96,3.802127265520947,39.03450960849873,46.63876413954062,0,3.6508250693180333,always
3387,39.60143636621389,42.343750002701576,41.2468245481065,-2.742313636487687,3.6508250693180333,1.9107132357625078,1.96,3.7449979420945154,38.59875206060706,46.08874794479609,0,3.8442980198954477,always
3388,40.72283789209526,41.2468245481065,41.037229885702004,-0.523986656011246,3.8442980198954477,1.9606881495779607,1.96,3.842948773172803,37.4038757749337,45.0897733212793,0,3.6658112196845676,always
3389,41.72285011334898,41.037229885702004,41.3114779767608,0.6856202276469787,3.6658112196845676,1.9146308311746596,1.96,3.752676429102333,37.284553456599674,44.789906314804334,0,3.506024413528274,always
3390,41.04636390297878,41.3114779767608,41.20543234724799,-0.2651140737820157,3.506024413528274,1.8724380933767273,1.96,3.6699786630183855,37.641499313742415,44.98145663977918,0,3.334237466457725,always
3391,38.567507520596415,41.20543234724799,40.15026241658736,-2.6379248266515773,3.334237466457725,1.8259894486162085,1.96,3.5789393192877688,37.62649302796022,44.78437166653576,0,3.5154579626880764,always
3392,38.97607072228894,40.15026241658736,39.68058573886799,-1.1741916942984219,3.5154579626880764,1.8749554561877133,1.96,3.674912694127918,36.47534972245944,43.82517511071528,0,3.4086213713016424,always
3393,39.616335053998455,39.68058573886799,39.65488546492017,-0.06425068486953478,3.4086213713016424,1.8462452088770989,1.96,3.618640609399114,36.061945129468874,43.299226348267105,0,3.2383967102618705,always
3394,38.816855649568936,39.65488546492017,39.319673538779675,-0.8380298153512342,3.2383967102618705,1.7995545866302223,1.96,3.5271269897952355,36.127758475124935,43.182012454715405,0,3.111591573319658,always
3395,39.41342760023625,39.319673538779675,39.3571751633623,0.09375406145657195,3.111591573319658,1.7639704003524714,1.96,3.457381984690844,35.862291554088834,42.777055523470516,0,2.956451485855655,always
3396,39.793991154207596,39.3571751633623,39.531901559700415,0.43681599084529665,2.956451485855655,1.7194334781711258,1.96,3.3700896172154065,35.98708554614689,42.727264780577705,0,2.8181693220557804,always
3397,42.170360710345854,39.531901559700415,40.58728521995859,2.6384591506454385,2.8181693220557804,1.6787403974575046,1.96,3.290331179016709,36.241570380683704,42.822232738717126,0,3.0253341904342235,always
3398,43.43185860522515,40.58728521995859,41.725114574065216,2.844573385266564,3.0253341904342235,1.7393487834342551,1.96,3.40912361553114,37.178161604427444,43.99640883548973,0,3.2786473681208563,always
3399,40.74311587359085,41.725114574065216,41.33231509387547,-0.9819987004743638,3.2786473681208563,1.8107035561131635,1.96,3.5489789699818,38.17613560408341,45.27409354404702,0,3.1629310721014803,always
3400,39.46459727569726,41.33231509387547,40.58522796660419,-1.867717818178214,3.1629310721014803,1.7784631208156891,1.96,3.4857877167987508,37.84652737707672,44.818102810674226,0,3.1792030109134255,always
3401,39.832336435454124,40.58522796660419,40.28407135414416,-0.7528915311500626,3.1792030109134255,1.7830319713660283,1.96,3.4947426638774153,37.09048530272677,44.079970630481604,0,3.0485851432516284,always
3402,42.7380932981498,40.28407135414416,41.265680131746414,2.454021944005639,3.0485851432516284,1.7460198003607028,1.96,3.4221988087069772,36.86187254543718,43.70627016285114,0,3.1972670711721074,always
3403,45.63766061221634,41.265680131746414,43.014472323934385,4.371980480469922,3.1972670711721074,1.7880903420051537,1.96,3.504657070330101,37.76102306141631,44.77033720207652,1,3.9931143836940026,always
3404,46.56345655267605,43.014472323934385,44.43406601543106,3.5489842287416664,3.9931143836940026,1.9982778544772002,1.96,3.916624594775312,39.09784772915907,46.9310969187097,0,4.423223117302157,always
3405,43.36217300296049,44.43406601543106,44.00530881044283,-1.071893012470568,4.423223117302157,2.1031460047514905,1.96,4.122166169312921,40.31189984611814,48.556232184743976,0,4.25950969294621,always
3406,43.62585781622954,44.00530881044283,43.85352841275751,-0.3794509942132862,4.25950969294621,2.0638579633652627,1.96,4.045161608195915,39.960147202246915,48.05047041863874,0,4.053733361149372,always
3407,41.533390305987275,43.85352841275751,42.925473170049415,-2.320138106770237,4.053733361149372,2.013388527122714,1.96,3.946241513160519,39.907286899597,47.79976992591803,0,4.120198734816272,always
3408,40.54816357676191,42.925473170049415,41.97454933273441,-2.3773095932875066,4.120198734816272,2.0298272672363704,1.96,3.978461443783286,38.947011726266126,46.9039346138327,0,4.196768843192299,always
3409,43.93919579152032,41.97454933273441,42.76040791624878,1.9646464587859072,4.196768843192299,2.0486016799740008,1.96,4.015259292749041,37.95929003998537,45.989808625483455,0,4.179922186433684,always
3410,47.9086175293761,42.76040791624878,44.81969176149971,5.148209613127321,4.179922186433684,2.0444858000078368,1.96,4.00719216801536,38.75321574823342,46.76760008426414,1,5.2961291881468275,always
3411,46.828220604141045,44.81969176149971,45.623103298556245,2.008528842641333,5.2961291881468275,2.3013320464780453,1.96,4.510610811096969,40.309080950402745,49.33030257259668,0,5.233032134325592,always
3412,43.39461001799556,45.623103298556245,44.731705986331974,-2.2284932805606843,5.233032134325592,2.287582159032893,1.96,4.483661031704471,41.13944226685177,50.10676433026072,0,5.219689642684519,always
3413,38.6423800889435,44.731705986331974,42.295975627376585,-6.089325897388477,5.219689642684519,2.2846640108962455,1.96,4.477941461356641,40.25376452497533,49.20964744768862,1,6.812699654780592,always
3414,37.7669524603031,42.295975627376585,40.48436636054719,-4.529023167073483,6.812699654780592,2.610114873866779,1.96,5.115825152778887,37.180150474597696,47.411800780155474,0,7.497667214435977,always
3415,42.84559573705391,40.48436636054719,41.42885811114988,2.3612293765067207,7.497667214435977,2.738186847977321,1.96,5.366846222035549,35.117520138511644,45.85121258258274,0,7.401554062138094,always
3416,45.59928720772403,41.42885811114988,43.09702974977954,4.1704290965741535,7.401554062138094,2.720579729053735,1.96,5.332336268945321,36.09652184220456,46.7611943800952,0,7.901100301508804,always
3417,43.590521682879285,43.09702974977954,43.29442652301944,0.49349193309974737,7.901100301508804,2.8108895925505157,1.96,5.509343601399011,37.58768614838053,48.60637335117855,0,7.51822200083509,always
3418,42.76546827711063,43.29442652301944,43.08284322465592,-0.5289582459088109,7.51822200083509,2.7419376362045673,1.96,5.374197766960952,37.920228756058485,48.66862428998039,0,7.156300742089082,always
3419,43.349217176088445,43.08284322465592,43.189392805228934,0.2663739514325272,7.156300742089082,2.675126303950728,1.96,5.243247555743427,37.839595668912494,48.32609078039934,0,6.802033459084717,always
3420,45.35591996990816,43.189392805228934,44.056003671100626,2.1665271646792235,6.802033459084717,2.608070830917887,1.96,5.111818828599058,38.07757397662988,48.30121163382799,0,6.696623783895131,always
3421,45.056346818419726,44.056003671100626,44.45614093002827,1.0003431473191,6.696623783895131,2.587783565890921,1.96,5.072055789146205,38.98394788195442,49.12805946024683,0,6.4118269153197875,always
3422,45.51093965859933,44.45614093002827,44.878060421456695,1.0547987285710576,6.4118269153197875,2.532158548614164,1.96,4.963030755283761,39.49311017474451,49.41917168531203,0,6.146865587443554,always
3423,44.102881430272944,44.878060421456695,44.56798882498319,-0.7751789911837506,6.146865587443554,2.4792873144199232,1.96,4.859403136263049,40.01865728519365,49.73746355771974,0,5.869567431490009,always
3424,42.8457565366531,44.56798882498319,43.879095909651156,-1.7222322883300905,5.869567431490009,2.4227190162067926,1.96,4.748529271765314,39.819459553217875,49.3165180967485,0,5.724393262663844,always
3425,44.56498148622616,43.879095909651156,44.15345014028116,0.6858855765750036,5.724393262663844,2.39257043003207,1.96,4.689438042862857,39.189657866788295,48.56853395251402,0,5.461695550738332,always
3426,43.160949303346996,44.15345014028116,43.75644980550749,-0.9925008369341626,5.461695550738332,2.3370270753113522,1.96,4.58057306761025,39.572877072670906,48.73402320789141,0,5.237863668767166,always
3427,47.14825001879436,43.75644980550749,45.113169890822235,3.3918002132868637,5.237863668767166,2.2886379505651755,1.96,4.485730383107744,39.27071942239975,48.24218018861524,0,5.551185919671449,always
3428,46.583861576853224,45.113169890822235,45.70144656523463,1.4706916860309889,5.551185919671449,2.3560954818664395,1.96,4.617947144458221,40.495222746364014,49.731117035280455,0,5.381773325455909,always
3429,44.25993581597126,45.70144656523463,45.12484226552928,-1.4415107492633723,5.381773325455909,2.3198649368995405,1.96,4.546935276323099,41.154511288911536,50.24838184155773,0,5.216582321195205,always
3430,43.36417466211504,45.12484226552928,44.420575224163585,-1.760667603414241,5.216582321195205,2.2839838706074973,1.96,4.476608386390694,40.64823387913859,49.601450651919976,0,5.110750725621068,always
3431,46.01674160228086,44.420575224163585,45.05904177541049,1.5961663781172746,5.110750725621068,2.260696955724289,1.96,4.430966033219606,39.98960919094398,48.85154125738319,0,4.982600544671615,always
3432,46.4292187478199,45.05904177541049,45.607112564374255,1.3701769724094106,4.982600544671615,2.2321739503613096,1.96,4.375060942708167,40.683980832702325,49.43410271811866,0,4.827339764224085,always
3433,41.75407647904563,45.607112564374255,44.0658981302428,-3.8530360853286254,4.827339764224085,2.1971207896299387,1.96,4.30635674767468,41.30075581669958,49.91346931204893,0,5.328267129755107,always
3434,43.25554209066868,44.0658981302428,43.74175571441315,-0.810356039574117,5.328267129755107,2.3083039509031535,1.96,4.524275743770181,39.54162238647262,48.59017387401298,0,5.094687618811064,always
3435,43.87744214571087,43.74175571441315,43.796030286932236,0.13568643129772084,5.094687618811064,2.257141470712694,1.96,4.42399728259688,39.31775843181627,48.16575299701003,0,4.840873778252426,always
3436,44.17192685135117,43.796030286932236,43.9463889126998,0.37589656441893027,4.840873778252426,2.2001985770044543,1.96,4.31238921092873,39.48364107600351,48.108419497860964,0,4.605895000696902,always
3437,41.95805407969236,43.9463889126998,43.15105497949683,-1.9883348330074426,4.605895000696902,2.146134898066033,1.96,4.206424400209425,39.739964512490374,48.15281331290923,0,4.573274021069594,always
3438,43.19067204932568,43.15105497949683,43.16690180742837,0.03961706982885005,4.573274021069594,2.1385214567709143,1.96,4.191502055270992,38.95955292422583,47.34255703476782,0,4.344688795627205,always
3439,43.2708147546479,43.16690180742837,43.20846698631618,0.10391294721953415,4.344688795627205,2.0843917087791355,1.96,4.085407749207105,39.08149405822126,47.252309556635474,0,4.127994250875837,always
3440,43.829907285116114,43.20846698631618,43.45704310583615,0.6214402987999321,4.127994250875837,2.0317466010494116,1.96,3.982223338056847,39.226243648259334,47.19069032437303,0,3.940903940580672,always
3441,43.548888485704545,43.45704310583615,43.49378125778351,0.09184537986839558,3.940903940580672,1.9851710104121187,1.96,3.8909351804077525,39.5661079254284,47.3479782862439,0,3.7442805222417967,always
3442,46.414398651468446,43.49378125778351,44.662028215257486,2.9206173936849353,3.7442805222417967,1.9350143467793195,1.96,3.7926281196874663,39.701153138096046,47.286409377470974,0,3.983566794144456,always
3443,48.36008539824718,44.662028215257486,46.14125108845336,3.698057182989693,3.983566794144456,1.9958874703110032,1.96,3.911939441809566,40.75008877344792,48.57396765706705,0,4.468169800870316,always
3444,45.1911216685362,46.14125108845336,45.7611993204865,-0.950129419917161,4.468169800870316,2.113804579631314,1.96,4.143056976077376,41.998194112375984,50.284308064530734,0,4.289898606556406,always
3445,42.34309686905141,45.7611993204865,44.39395833991246,-3.4181024514350895,4.289898606556406,2.0712070409682384,1.96,4.059565800297747,41.70163352018875,49.820765120784245,0,4.659574894653914,always
3446,41.562632837638475,44.39395833991246,43.26142813900287,-2.831325502273984,4.659574894653914,2.158604849122209,1.96,4.23086550427953,40.16309283563293,48.62482384419199,0,4.827416354912569,always
3447,44.73754070531156,43.26142813900287,43.85187316552634,1.476112566308693,4.827416354912569,2.1971382193463773,1.96,4.3063909099189,38.95503722908397,47.56781904892176,0,4.694990952587663,always
3448,44.88032819886763,43.85187316552634,44.26325517886286,1.028455033341288,4.694990952587663,2.166792780260185,1.96,4.246913849309962,39.60495931621638,48.098787014836304,0,4.5131273927385305,always
3449,43.23992065469625,44.26325517886286,43.853921369196215,-1.0233345241666143,4.5131273927385305,2.124412246419826,1.96,4.163848002982858,40.09940717588,48.42710318184572,0,4.339831700519169,always
3450,44.284177588881384,43.853921369196215,44.026023857070285,0.4302562196851696,4.339831700519169,2.0832262720403585,1.96,4.0831234931991025,39.77079787599711,47.93704486239532,0,4.132096136222099,always
3451,43.455597583005726,44.026023857070285,43.79785334744446,-0.5704262740645589,4.132096136222099,2.032755798472138,1.96,3.9842013650053905,40.041822492064895,48.010225222075675,0,3.9417606361181527,always
3452,43.18713720368994,43.79785334744446,43.55356688994265,-0.6107161437545159,3.9417606361181527,1.985386772424495,1.96,3.89135807395201,39.906495273492446,47.68921142139647,0,3.7633213147243643,always
3453,41.12501735844461,43.55356688994265,42.582147077343436,-2.4285495314980423,3.7633213147243643,1.9399281725683464,1.96,3.8022592182339587,39.751307671708695,47.35582610817661,0,3.8700478903351136,always
3454,43.45022733090654,42.582147077343436,42.92937917876868,0.8680802535631074,3.8700478903351136,1.9672437292656733,1.96,3.8557977093607194,38.72634936798271,46.43794478670416,0,3.714223662149667,always
3455,47.73142812809442,42.92937917876868,44.850198758498976,4.802048949325744,3.714223662149667,1.9272321246154203,1.96,3.7773749642462238,39.15200421452246,46.7067541430149,1,4.681496184628208,always
3456,47.30808127060307,44.850198758498976,45.833351763340616,2.457882512104092,4.681496184628208,2.163676543439016,1.96,4.240806025140472,40.609392733358504,49.09100478363945,0,4.749480697562154,always
3457,46.02433344963559,45.833351763340616,45.909744437858606,0.19098168629497536,4.749480697562154,2.1793303323640854,1.96,4.271487451433607,41.56186431190701,50.10483921477422,0,4.513830362909049,always
3458,42.00390623021382,45.909744437858606,44.347409154800694,-3.905838207644784,4.513830362909049,2.124577690485582,1.96,4.164172273351741,41.74557216450687,50.073916711210344,0,5.050917449978487,always
3459,41.8571634363528,44.347409154800694,43.35131086742154,-2.4902457184478948,5.050917449978487,2.2474246260950523,1.96,4.404952267146302,39.942456887654394,48.75236142194699,0,5.108437764391966,always
3460,42.01010506015068,43.35131086742154,42.81482854451319,-1.3412058072708604,5.108437764391966,2.2601853385047797,1.96,4.429963263469368,38.92134760395217,47.78127413089091,0,4.9429575270452215,always
3461,43.24833299954199,42.81482854451319,42.988230326524715,0.4335044550287961,4.9429575270452215,2.2232763047010646,1.96,4.357621557214086,38.4572069872991,47.17245010172728,0,4.7052059563194515,always
3462,45.4147644856786,42.988230326524715,43.95884399018627,2.4265341591538885,4.7052059563194515,2.1691486708659347,1.96,4.251531394897232,38.73669893162748,47.23976172142195,0,4.764349059780512,always
3463,45.089923111291114,43.95884399018627,44.41127563862821,1.1310791211048468,4.764349059780512,2.182738889510267,1.96,4.278168223440123,39.68067576674614,48.23701221362639,0,4.590098605701453,always
3464,41.54011009003354,44.41127563862821,43.26280941919035,-2.871165548594675,4.590098605701453,2.142451541039249,1.96,4.199205020436928,40.212070618191284,48.61048065906514,0,4.772773255788229,always
3465,39.71906084006794,43.26280941919035,41.845309987541384,-3.5437485791224077,4.772773255788229,2.1846677678283783,1.96,4.281948824943622,38.98086059424673,47.544758244133966,0,5.162042292600422,always
3466,40.302135561787836,41.845309987541384,41.228040217239965,-1.5431744257535485,5.162042292600422,2.272012828440989,1.96,4.453145143744338,37.39216484379705,46.29845513128572,0,5.02300954338539,always
3467,44.37142980194811,41.228040217239965,42.485396051123224,3.143389584708146,5.02300954338539,2.2412071620859573,1.96,4.392766037688476,36.83527417955149,45.62080625492844,0,5.265903970278703,always
3468,48.880131903759946,42.485396051123224,45.04329039217791,6.394735852636721,5.265903970278703,2.294755753948272,1.96,4.497721277738614,37.98767477338461,46.98311732886184,1,7.047241103014643,always
3469,48.49855160728223,45.04329039217791,46.425394878219635,3.455261215104322,7.047241103014643,2.654664028274509,1.96,5.203141495418038,39.84014889675987,50.246431887595946,0,7.29182055109412,always
3470,41.12758721377027,46.425394878219635,44.30627181243989,-5.2978076644493655,7.29182055109412,2.700337118045471,1.96,5.292660751369123,41.13273412685051,51.71805562958876,1,8.330567826014336,always
3471,41.87139043172573,44.30627181243989,43.33231926015422,-2.4348813807141596,8.330567826014336,2.886272306282679,1.96,5.657093720314051,38.64917809212584,49.96336553275394,0,8.210471801621043,always
3472,45.276141277672274,43.33231926015422,44.109848067161444,1.9438220175180518,8.210471801621043,2.865392085146646,1.96,5.616168486887426,37.7161507732668,48.948487747041646,0,7.988870413329388,always
3473,43.22453963244736,44.109848067161444,43.75572469327581,-0.8853084347140836,7.988870413329388,2.8264589884393136,1.96,5.539859617341055,38.569988449820386,49.6497076845025,0,7.6286154438917135,always
3474,42.15435071556654,43.75572469327581,43.1151751021921,-1.6013739777092724,7.6286154438917135,2.7619948305331263,1.96,5.413509867844928,38.34221482543088,49.16923456112074,0,7.375404602521348,always
3475,44.636124230359954,43.1151751021921,43.72355475345924,1.5209491281678567,7.375404602521348,2.7157696151406783,1.96,5.322908445675729,37.79226665651637,48.438083547867826,0,7.122298684919008,always
3476,45.84264944683488,43.72355475345924,44.5711926308095,2.1190946933756436,7.122298684919008,2.668763512362796,1.96,5.23077648423108,38.49277826922816,48.95433123769032,0,6.990711866647699,always
3477,42.53638497433897,44.5711926308095,43.75726956822129,-2.0348076564705266,6.990711866647699,2.6439954362002402,1.96,5.182231054952471,39.388961575857024,49.75342368576197,0,6.848198383256867,always
3478,42.82911949488023,43.75726956822129,43.38600953888486,-0.9281500733410581,6.848198383256867,2.6169062618398975,1.96,5.129136273206199,38.62813329501509,48.88640584142749,0,6.548861592026174,always
3479,40.53552831563776,43.38600953888486,42.24581704958602,-2.850481223247101,6.548861592026174,2.5590743623478733,1.96,5.0157857502018315,38.370223788683035,48.40179528908669,0,6.627680672629079,always
3480,41.88502397830672,42.24581704958602,42.1014998210743,-0.3607930712793035,6.627680672629079,2.5744282224659285,1.96,5.045879316033219,37.1999377335528,47.291696365619245,0,6.302805221011783,always
3481,45.882685383265226,42.1014998210743,43.61397404595067,3.7811855621909274,6.302805221011783,2.5105388308113823,1.96,4.920656108390309,37.18084371268399,47.02215592946461,0,6.70253317274725,always
3482,45.92719056416276,43.61397404595067,44.5392606532355,2.313216518212087,6.70253317274725,2.588925099872001,1.96,5.074293195749122,38.53968085020155,48.68826724169979,0,6.63495504711635,always
3483,43.179065321922124,44.5392606532355,43.99518252071015,-1.3601953313133777,6.63495504711635,2.575840648626454,1.96,5.048647671307849,39.490612981927654,49.58790832454335,0,6.395713861726867,always
3484,43.59036329173042,43.99518252071015,43.83325482911826,-0.40481922897973277,6.395713861726867,2.52897486379894,1.96,4.956790733045922,39.03839178766423,48.95197325375607,0,6.084122099048111,always
3485,45.33931303670706,43.83325482911826,44.43567811215378,1.5060582075888007,6.084122099048111,2.466601325518194,1.96,4.83453859801566,38.9987162311026,48.66779342713392,0,5.893326560327985,always
3486,46.68596571545945,44.43567811215378,45.33579315347605,2.2502876033056722,5.893326560327985,2.4276174658145764,1.96,4.75813023299657,39.67754787915721,49.19380834515035,0,5.851849947191145,always
3487,45.96593655359172,45.33579315347605,45.58785051352231,0.6301434001156707,5.851849947191145,2.4190597237751583,1.96,4.74135705859931,40.594436094876734,50.07715021207536,0,5.579111485067054,always
3488,45.17114126533103,45.58785051352231,45.4211668142458,-0.41670924819128174,5.579111485067054,2.3620142855340767,1.96,4.62954799964679,40.95830251387552,50.2173985131691,0,5.3088382406901085,always
3489,44.53157931855906,45.4211668142458,45.065331815971106,-0.8895874956867402,5.3088382406901085,2.304091630272136,1.96,4.516019595333386,40.90514721891242,49.93718640957918,0,5.082964624279713,always
3490,43.844169932144624,45.065331815971106,44.57686706244051,-1.2211618838264826,5.082964624279713,2.2545431076561195,1.96,4.4189044910059945,40.64642732496511,49.4842363069771,0,4.903378210391259,always
3491,43.48747579965296,44.57686706244051,44.14111055732549,-1.0893912627875508,4.903378210391259,2.214357290590491,1.96,4.340140289557362,40.23672677288315,48.917007351997874,0,4.717547966043589,always
3492,43.12701093507336,44.14111055732549,43.735470708424636,-1.0140996222521323,4.717547966043589,2.171991704874489,1.96,4.257103741553998,39.88400681577149,48.39821429887949,0,4.533090469934005,always
3493,41.62641622162795,43.735470708424636,42.89184891370596,-2.109054486796687,4.533090469934005,2.1291055563156105,1.96,4.173046890378597,39.56242381804604,47.90851759880323,0,4.5288414878511665,always
3494,41.29187700221038,42.89184891370596,42.25186014910773,-1.5999719114955795,4.5288414878511665,2.1281074897314673,1.96,4.171090679873676,38.72075823383228,47.062939593579635,0,4.430394919337349,always
3495,42.85139636760944,42.25186014910773,42.491674636508414,0.5995362185017115,4.430394919337349,2.104850331813963,1.96,4.1255066503553675,38.12635349875236,46.3773667994631,0,4.226847357235248,always
3496,44.73957755886412,42.491674636508414,43.3908358054507,2.2479029223557063,4.226847357235248,2.055929803576778,1.96,4.0296224150104845,38.46205222149793,46.5212970515189,0,4.268158366790251,always
3497,46.89176724852014,43.3908358054507,44.79120838267848,3.5009314430694403,4.268158366790251,2.0659521695310983,1.96,4.049266252280953,39.34156955316975,47.44010205773165,0,4.667576496904352,always
3498,45.01507572786676,44.79120838267848,44.88075532075379,0.22386734518828177,4.667576496904352,2.160457473986552,1.96,4.234496649013642,40.556711733664834,49.02570503169212,0,4.436703501471216,always
3499,44.380876248776474,44.88075532075379,44.680803691962865,-0.4998790719773183,4.436703501471216,2.1063483808409322,1.96,4.128442826448227,40.75231249430556,49.00919814720202,0,4.2273622807277,always
3500,45.05246136998068,44.680803691962865,44.82946676316999,0.3716576780178187,4.2273622807277,2.0560550286234314,1.96,4.029867856101926,40.65093583586094,48.71067154806479,0,4.0229006381727945,always
3501,46.056368501066984,44.82946676316999,45.32022745832879,1.2269017378969949,4.0229006381727945,2.005716988553668,1.96,3.9312052975651888,40.898261465604804,48.760672060735175,0,3.8970199999868878,always
3502,47.56212573270513,45.32022745832879,46.21698676807932,2.2418982743763394,3.8970199999868878,1.974087130799167,1.96,3.869210776366367,41.45101668196242,49.18943823469515,0,3.953474393620124,always
3503,46.70629912650229,46.21698676807932,46.41271171144851,0.48931235842296417,3.953474393620124,1.988334577886761,1.96,3.8971357726580513,42.31985099542127,50.11412254073738,0,3.76777200314439,always
3504,47.78842045066652,46.41271171144851,46.96299520713572,1.3757087392180125,3.76777200314439,1.9410749607226379,1.96,3.80450692301637,42.60820478843214,50.21721863446488,0,3.674012129745211,always
3505,47.83616771454767,46.96299520713572,47.312264210100494,0.873172507411951,3.674012129745211,1.9167712773685885,1.96,3.7568717036424335,43.20612350349329,50.71986691077815,0,3.5284330346429535,always
3506,44.58426477136281,47.312264210100494,46.221064434605424,-2.727999438737683,3.5284330346429535,1.878412370764991,1.96,3.681688246699382,43.630575963401114,50.993952456799875,0,3.7241104297984613,always
3507,44.63726198377462,46.221064434605424,45.5875434542731,-1.5838024508308024,3.7241104297984613,1.9297954372934094,1.96,3.7823990570950823,42.43866537751034,50.00346349170051,0,3.6633264184714207,always
3508,48.52489304731918,45.5875434542731,46.762483291491534,2.937349593046079,3.6633264184714207,1.9139818229208503,1.96,3.7514043729248665,41.836139081348236,49.33894782719797,0,3.911561229136248,always
3509,48.086958284684144,46.762483291491534,47.292273288768584,1.3244749931926094,3.911561229136248,1.9777667276845994,1.96,3.8764227862618146,42.88606050522972,50.63890607775335,0,3.8036948680590634,always
3510,46.8238009922935,47.292273288768584,47.10488437017855,-0.4684722964750847,3.8036948680590634,1.9503063523608448,1.96,3.822600450627256,43.46967283814133,51.11487373939584,0,3.624483439284342,always
3511,46.43211970964274,47.10488437017855,46.83577850596423,-0.6727646605358117,3.624483439284342,1.9038076161430655,1.96,3.731462927640408,43.373421442538145,50.83634729781896,0,3.465889881743418,always
3512,44.454936980892,46.83577850596423,45.883441895935334,-2.3808415250722277,3.465889881743418,1.861690060601769,1.96,3.648912518779467,43.18686598718476,50.4846910247437,0,3.5760157060316597,always
3513,45.7854642575341,45.883441895935334,45.844250840574844,-0.09797763840123253,3.5760157060316597,1.891035617335554,1.96,3.706429809977686,42.17701208595765,49.58987170591302,0,3.397694901611411,always
3514,44.71555733602252,45.844250840574844,45.39277343875391,-1.1286935045523236,3.397694901611411,1.8432837279191208,1.96,3.6128361067214767,42.23141473385337,49.45708694729632,0,3.2915076078917704,always
3515,44.560666113244366,45.39277343875391,45.059930508550096,-0.832107325509547,3.2915076078917704,1.8142512526912502,1.96,3.55593245527485,41.836840983479064,48.94870589402876,0,3.161552357555514,always
3516,47.554705451176645,45.059930508550096,46.057840485600714,2.494774942626549,3.161552357555514,1.7780754645277332,1.96,3.485027910474357,41.57490259807574,48.544958419024454,0,3.314669840395603,always
3517,48.350124649546345,46.057840485600714,46.97475415117897,2.292284163945631,3.314669840395603,1.8206234757345088,1.96,3.5684220124396373,42.489418473161074,49.626262498040354,0,3.4116646827896187,always
3518,46.33850535251969,46.97475415117897,46.72025463171526,-0.6362487986592811,3.4116646827896187,1.8470692144014578,1.96,3.620255660226857,43.35449849095211,50.59500981140583,0,3.261322075339906,always
3519,45.86023241860643,46.72025463171526,46.376245746471724,-0.8600222131088273,3.261322075339906,1.805913086319468,1.96,3.539589649186157,43.1806649825291,50.25984428090141,0,3.1352378819249407,always
3520,45.81924840327132,46.376245746471724,46.153446809191564,-0.5569973432004076,3.1352378819249407,1.7706602954618202,1.96,3.4704941791051676,42.90575156736656,49.84673992557689,0,2.993988289845309,always
3521,46.14280058618732,46.153446809191564,46.14918831998986,-0.010646223004243893,2.993988289845309,1.7303145060494953,1.96,3.3914164318570106,42.762030377334554,49.544863241048574,0,2.8442945424562565,always
3522,47.32378394015694,46.14918831998986,46.6190265680567,1.1745956201670822,2.8442945424562565,1.6865036443649497,1.96,3.305547142955301,42.84364117703456,49.45473546294516,0,2.771063558879228,always
3523,45.79431846001181,46.6190265680567,46.28914332483874,-0.8247081080448879,2.771063558879228,1.6646511823439853,1.96,3.262716317394211,43.35631025066249,49.881742885450905,0,2.6665175541090154,always
3524,45.43770371426065,46.28914332483874,45.94856748060751,-0.8514396105780904,2.6665175541090154,1.6329475050071314,1.96,3.2005771098139775,43.08856621502476,49.48972043465272,0,2.569439146926633,always
3525,45.4595607066405,45.94856748060751,45.7529647710207,-0.48900677396700587,2.569439146926633,1.602947019376072,1.96,3.141776157977101,42.80679132263041,49.090343638584606,0,2.4529235708295825,always
3526,43.7409795049536,45.7529647710207,44.94817066459386,-2.0119852660671,2.4529235708295825,1.5661812062560265,1.96,3.069715164261812,42.683249606758885,48.822679935282515,0,2.532681627831658,always
3527,43.69662371527795,44.94817066459386,44.447551884867494,-1.2515469493159088,2.532681627831658,1.5914401112928058,1.96,3.1192226181338993,41.82894804645996,48.06739328272776,0,2.4843660347571728,always
3528,48.26229414728572,44.447551884867494,45.97344878983479,3.8147422624182283,2.4843660347571728,1.5761871826522296,1.96,3.08932687799837,41.35822500686913,47.53687876286586,1,3.087760659453301,always
3529,49.24864960261031,45.97344878983479,47.283529114945,3.275200812775516,3.087760659453301,1.7572025095171304,1.96,3.4441169186535756,42.52933187118121,49.41756570848837,0,3.4697196446809064,always
3530,44.99516023582123,47.283529114945,46.368181563295494,-2.288368879123766,3.4697196446809064,1.8627183481892549,1.96,3.6509279624509396,43.63260115249406,50.93445707739593,0,3.558065268793969,always
3531,41.62473977641497,46.368181563295494,44.47080484854328,-4.743441786880524,3.558065268793969,1.8862834539893438,1.96,3.697115569819114,42.67106599347638,50.065297133114605,1,4.505174004630486,always
3532,43.87151789777249,44.47080484854328,44.23109006823496,-0.5992869507707894,4.505174004630486,2.1225395178018442,1.96,4.160177454891615,40.310627393651664,48.6309823034349,0,4.297872546867168,always
3533,49.41482065022073,44.23109006823496,46.30458230102927,5.18373058198577,4.297872546867168,2.0731310973662924,1.96,4.063336950837933,40.16775311739703,48.2944270190729,1,5.426532056854537,always
3534,48.99549623903966,46.30458230102927,47.38094787623343,2.6909139380103895,5.426532056854537,2.329491802272448,1.96,4.565803932453998,41.738778368575275,50.870386233483266,0,5.517256345100739,always
3535,48.21288674841945,47.38094787623343,47.71372342510784,0.8319388721860221,5.517256345100739,2.3488840637844897,1.96,4.6038127650176,42.77713511121583,51.98476064125103,0,5.27599964219841,always
3536,46.520380085759825,47.71372342510784,47.23638608936864,-1.1933433393480115,5.27599964219841,2.2969544275406095,1.96,4.502030677979595,43.21169274712824,52.215754103087434,0,5.083403076366801,always
3537,46.075160364015005,47.23638608936864,46.77189579922718,-1.1612257253536313,5.083403076366801,2.2546403430185493,1.96,4.419095072316357,42.81729101705228,51.655481161684996,0,4.8966551818096145,always
3538,43.943825411572234,46.77189579922718,45.640667644165205,-2.8280703876549467,4.8966551818096145,2.2128387157245815,1.96,4.33716388282018,42.434731916407,51.10905968204736,0,5.051721528595674,always
3539,46.29749944756047,45.640667644165205,45.90340036552331,0.6568318033952636,5.051721528595674,2.247603507871367,1.96,4.405302875427879,41.23536476873733,50.045970519593084,0,4.820706853063463,always
3540,46.866688906839755,45.90340036552331,46.28871578204989,0.9632885413164445,4.820706853063463,2.1956108154824396,1.96,4.303397198345581,41.60000316717773,50.20679756386889,0,4.626067751101868,always
3541,47.82840230073998,46.28871578204989,46.90459038952593,1.5396865186900897,4.626067751101868,2.1508295495231295,1.96,4.215625917065334,42.07308986498456,50.50434169911522,0,4.5132960923385745,always
3542,45.604941954044946,46.90459038952593,46.384731015333536,-1.2996484354809823,4.5132960923385745,2.124451951054336,1.96,4.1639258240664985,42.74066456545943,51.068516213592424,0,4.372085590514054,always
3543,45.276838043321845,46.384731015333536,45.94157382652886,-1.1078929720116903,4.372085590514054,2.0909532731541502,1.96,4.098268415382134,42.2864625999514,50.48299943071567,0,4.214852652859996,always
3544,46.45413627987708,45.94157382652886,46.146598807868145,0.5125624533482238,4.214852652859996,2.0530106314532315,1.96,4.023900837648334,41.917672988880526,49.965474664177194,0,4.0172460336461135,always
3545,46.56551277140153,46.146598807868145,46.3141643932815,0.4189139635333845,4.0172460336461135,2.004306871126803,1.96,3.9284414674085335,42.21815734045961,50.07504027527668,0,3.8251581774059704,always
3546,46.88155731253161,46.3141643932815,46.541121560981544,0.5673929192501106,3.8251581774059704,1.9558011599868659,1.96,3.833370273574257,42.48079411970724,50.14753466685576,0,3.64999700477643,always
3547,46.00908238902944,46.541121560981544,46.3283058922007,-0.5320391719521069,3.64999700477643,1.9104965335682842,1.96,3.744573205793837,42.79654835518771,50.28569476677538,0,3.4816504385621827,always
3548,44.753581147589934,46.3283058922007,45.698415994356395,-1.5747247446107693,3.4816504385621827,1.8659181221484995,1.96,3.657199519411059,42.671106372789644,49.98550541161176,0,3.4315558176985457,always
3549,47.81833256823019,45.698415994356395,46.54638262390591,2.1199165738737946,3.4315558176985457,1.8524459014229122,1.96,3.6307939667889078,42.06762202756749,49.3292099611453,0,3.484680340822859,always
3550,49.45013826668531,46.54638262390591,47.70788488101768,2.9037556427793945,3.484680340822859,1.8667298521272055,1.96,3.658790510169323,42.88759211373659,50.20517313407524,0,3.7320361654303746,always
3551,46.18211955832382,47.70788488101768,47.097578751940134,-1.5257653226938572,3.7320361654303746,1.931847862910114,1.96,3.786421811303823,43.92146306971385,51.4943066923215,0,3.66183234815561,always
3552,45.39936906004356,47.097578751940134,46.4182948751815,-1.6982096918965723,3.66183234815561,1.913591478909647,1.96,3.7506392986629082,43.34693945327722,50.848218050603045,0,3.622936538630402,always
3553,44.5970433748125,46.4182948751815,45.689794275033904,-1.8212515003690015,3.622936538630402,1.9034013078251266,1.96,3.730666563337248,42.68762831184425,50.148961438518754,0,3.6076375630786988,always
3554,43.84401452937223,45.689794275033904,44.951482376769235,-1.8457797456616731,3.6076375630786988,1.8993782043286427,1.96,3.72278128048414,41.96701299454976,49.412575555518046,0,3.597600828399507,always
3555,47.12110119231555,44.951482376769235,45.81932990298776,2.1696188155463147,3.597600828399507,1.8967342534998168,1.96,3.717599136859641,41.233883239909595,48.669081513628875,0,3.6530830772181613,always
3556,45.3570040122321,45.81932990298776,45.6343995466855,-0.46232589075565755,3.6530830772181613,1.9113040253235907,1.96,3.7461558896342377,42.07317401335352,49.565485792622,0,3.4811161848204035,always
3557,46.6064356815463,45.6343995466855,46.02321400062982,0.9720361348608009,3.4811161848204035,1.8657749555668293,1.96,3.656918912910985,41.97748063377452,49.29131845959648,0,3.3543030879531393,always
3558,46.46877593395214,46.02321400062982,46.20143877395874,0.44556193332231686,3.3543030879531393,1.8314756585751117,1.96,3.589692290807219,42.4335217098226,49.61290629143704,0,3.1965142053767783,always
3559,45.823227814977336,46.20143877395874,46.050154390366174,-0.37821095898140555,3.1965142053767783,1.7878798073071853,1.96,3.504244422322083,42.69719435163666,49.70568319628082,0,3.043840671582621,always
3560,46.43667555144526,46.050154390366174,46.204762854797806,0.38652116107908796,3.043840671582621,1.7446606178803432,1.96,3.4195348110454726,42.6306195793207,49.46968920141165,0,2.899118568401586,always
3561,47.38468964136986,46.204762854797806,46.67673356942663,1.1799267865720537,2.899118568401586,1.7026798196964648,1.96,3.337252446605071,42.867510408192736,49.54201530140288,0,2.823774001065019,always
3562,45.53546124385592,46.67673356942663,46.22022463919835,-1.1412723255707107,2.823774001065019,1.680408879131808,1.96,3.2936014030983434,43.38313216632829,49.970334972524974,0,2.747710427067447,always
3563,46.268020338753715,46.22022463919835,46.239342919020494,0.047795699555365445,2.747710427067447,1.657621919216637,1.96,3.2489389616646087,42.97128567753374,49.469163600862956,0,2.6104391271588736,always
3564,46.7256373883621,46.239342919020494,46.43386070675714,0.48629446934160825,2.6104391271588736,1.6156853428681197,1.96,3.1667432720215145,43.07259964699898,49.40608619104201,0,2.491741286346542,always
3565,44.57979007433835,46.43386070675714,45.69223245378962,-1.8540706324187894,2.491741286346542,1.5785250350712028,1.96,3.0939090687395576,43.33995163801758,49.527769775496694,0,2.5390331175291054,always
3566,44.69274362505235,45.69223245378962,45.29243692229471,-0.9994888287372703,2.5390331175291054,1.5934343781684597,1.96,3.123131381210181,42.56910107257944,48.8153638349998,0,2.46203035759118,always
3567,48.16016966120063,45.29243692229471,46.43953001785708,2.8677327389059144,2.46203035759118,1.5690858349979393,1.96,3.075408236595961,42.21702868569875,48.367845158890674,0,2.750123392801262,always
3568,50.62712218156274,46.43953001785708,48.11456688333935,4.187592163705659,2.750123392801262,1.6583495990897885,1.96,3.2503652142159853,43.1891648036411,49.68989523207306,1,3.4894136296376512,always
3569,48.93471116475035,48.11456688333935,48.44262459590375,0.8201442814109967,3.4894136296376512,1.8679972242050178,1.96,3.6612745594418348,44.453292323897514,51.775841442781186,0,3.3485747802723265,always
3570,43.82425037581628,48.44262459590375,46.59527490786876,-4.618374220087475,3.3485747802723265,1.8299111399935042,1.96,3.5866258343872683,44.85599876151648,52.02925043029102,1,4.24761506309714,always
3571,44.12560499679843,46.59527490786876,45.60740694344063,-2.4696699110703335,4.24761506309714,2.060974299475163,1.96,4.03950962697132,42.55576528089745,50.63478453484008,0,4.34019778342459,always
3572,47.4020291659597,45.60740694344063,46.32525583244826,1.7946222225190738,4.34019778342459,2.0833141346001063,1.96,4.0832957038162085,41.52411123962442,49.69070264725684,0,4.2842213403313245,always
3573,49.02947697615469,46.32525583244826,47.406944289930834,2.7042211437064267,4.2842213403313245,2.069836066052412,1.96,4.056878689462727,42.268377142985535,50.38213452191099,0,4.435650873018203,always
3574,48.456603035744834,47.406944289930834,47.82680778825643,1.0496587458139999,4.435650873018203,2.1060984955642987,1.96,4.127953051306026,43.27899123862481,51.53489734123686,0,4.268957503500484,always
3575,46.666617952240856,47.82680778825643,47.36273185385021,-1.1601898360155758,4.268957503500484,2.066145566870951,1.96,4.0496453110670645,43.777162477189364,51.8764530993235,0,4.1228116511051525,always
3576,45.22555074522627,47.36273185385021,46.507859410400634,-2.1371811086239347,4.1228116511051525,2.0304707954327124,1.96,3.979722759048116,43.38300909480209,51.34245461289832,0,4.1450482231028465,always
3577,44.45197022715931,46.507859410400634,45.6855037371041,-2.0558891832413266,4.1450482231028465,2.0359391501473825,1.96,3.9904407342888697,42.51741867611177,50.4983001446895,0,4.149129828636139,always
3578,42.7740034859302,45.6855037371041,44.52090363663454,-2.911500251173898,4.149129828636139,2.036941292388207,1.96,3.992404933080886,41.693098804023215,49.67790867018498,0,4.365515022833614,always
3579,45.5103796280485,44.52090363663454,44.91669403320013,0.9894759914139541,4.365515022833614,2.089381492890567,1.96,4.095187726065511,40.42571591056903,48.616091362700054,0,4.196192408571165,always
3580,47.76080529934228,44.91669403320013,46.054338539656996,2.84411126614215,4.196192408571165,2.048460985367104,1.96,4.0149835313195235,40.90171050188061,48.93167756451965,0,4.390831232852442,always
3581,48.300157129818345,46.054338539656996,46.95266597572154,2.245818590161349,4.390831232852442,2.095431037484279,1.96,4.107044833469186,41.94729370618781,50.161383373126185,0,4.423474728205535,always
3582,44.65587608828052,46.95266597572154,46.03395002074513,-2.2967898874410153,4.423474728205535,2.1032058216459784,1.96,4.1222834104261175,42.83038256529542,51.07494938614765,0,4.466063181147823,always
3583,45.17347212203173,46.03395002074513,45.689758861259776,-0.8604778987133983,4.466063181147823,2.1133062203920714,1.96,4.14208019196846,41.89186982877667,50.17603021271359,0,4.279781132799142,always
3584,49.420462871009946,45.689758861259776,47.182040465159844,3.73070400975017,4.279781132799142,2.068763189154124,1.96,4.054775850742083,41.63498301051769,49.74453471200186,0,4.761699696577485,always
3585,48.74571685775696,47.182040465159844,47.80751102219869,1.5636763925971167,4.761699696577485,2.182131915484828,1.96,4.276978554350263,42.90506191080958,51.45901901951011,0,4.645868904786887,always
3586,46.007200700339396,47.80751102219869,47.08738689345497,-1.8003103218592926,4.645868904786887,2.155427777678224,1.96,4.224638444249319,43.582872577949374,52.032149466448004,0,4.575631322297198,always
3587,45.25746552545371,47.08738689345497,46.35541834625447,-1.8299213680012585,4.575631322297198,2.1390725378764506,1.96,4.192582174237843,42.89480471921713,51.27996906769281,0,4.514280366835718,always
3588,48.76188450216804,46.35541834625447,47.3180048086199,2.40646615591357,4.514280366835718,2.124683592169836,1.96,4.164379840652878,42.19103850560159,50.519798186907344,0,4.578120316471804,always
3589,46.65542629602413,47.3180048086199,47.05297340358159,-0.6625785125957648,4.578120316471804,2.139654251619126,1.96,4.193722333173487,43.12428247544641,51.511727141793386,0,4.371164814915894,always
3590,45.479623926621315,47.05297340358159,46.423633612797474,-1.5733494769602743,4.371164814915894,2.0907330807436644,1.96,4.0978368382575825,42.955136565324004,51.150810241839174,0,4.276378003002658,always
3591,44.323075074514264,46.423633612797474,45.583410197484184,-2.1005585382832095,4.276378003002658,2.067940522114371,1.96,4.053163423344167,42.37047018945331,50.47679703614164,0,4.28317641149025,always
3592,44.59602600013041,45.583410197484184,45.18845651854268,-0.9873841973537765,4.28317641149025,2.0695836323981327,1.96,4.05638391950034,41.52702627798384,49.639794116984525,0,4.117763968574935,always
3593,46.08419260099821,45.18845651854268,45.54675095152489,0.895736082455528,4.117763968574935,2.02922743145635,1.96,3.977285765654446,41.211170752888236,49.16574228419712,0,3.9519929266168266,always
3594,48.93598742295406,45.54675095152489,46.902445540096565,3.3892364714291645,3.9519929266168266,1.9879620033131484,1.96,3.896405526493771,41.65034542503112,49.443156478018665,0,4.328739473249266,always
3595,50.58348205430643,46.902445540096565,48.37486014578052,3.6810365142098647,4.328739473249266,2.0805622973728197,1.96,4.077902102850727,42.824543437245836,50.980347642947294,0,4.789803990534118,always
3596,48.116808738046885,48.37486014578052,48.271639582687065,-0.2580514077336318,4.789803990534118,2.1885620828603694,1.96,4.2895816824063235,44.085278463374195,52.66444182818684,0,4.553643317459077,always
3597,44.57595213113969,48.271639582687065,46.79336460206811,-3.6956874515473785,4.553643317459077,2.1339267366662513,1.96,4.182496403865852,44.08914317882121,52.45413598655292,0,5.008866438562361,always
3598,47.98877520961815,46.79336460206811,47.27152884508813,1.1954106075500377,5.008866438562361,2.2380496952843476,1.96,4.386577402757322,42.406787199310784,51.179942004825435,0,4.8298734426664,always
3599,47.42645733820677,47.27152884508813,47.33350024233558,0.1549284931186392,4.8298734426664,2.1976973046046173,1.96,4.30748671702505,42.96404212806308,51.57901556211318,0,4.589579912432081,always
3600,45.16728292657538,47.33350024233558,46.467013316031505,-2.1662173157602,4.589579912432081,2.1423304862770545,1.96,4.198967753103027,43.134532489232555,51.53246799543861,0,4.594725789765443,always
3601,44.59972651997375,46.467013316031505,45.7200985976084,-1.8672867960577548,4.594725789765443,2.143531149707287,1.96,4.201321053426282,42.26569226260522,50.66833436945779,0,4.539327499213752,always
3602,50.145331802563675,45.7200985976084,47.49019187959051,4.425233204955276,4.539327499213752,2.1305697592929813,1.96,4.1759167282142435,41.54418186939415,49.896015325822646,1,5.291495570165003,always
3603,53.11470421010827,47.49019187959051,49.73999681179762,5.62451233051776,5.291495570165003,2.300325100972687,1.96,4.5086371979064666,42.981554681684045,51.99882907749698,1,6.608677739464069,always
3604,54.29786492895779,49.73999681179762,51.563144058661685,4.557868117160176,6.608677739464069,2.5707348637041645,1.96,5.0386403328601626,44.701356478937456,54.77863714465778,0,7.316951941162127,always
3605,47.81208182399335,51.563144058661685,50.062719164794345,-3.751062234668332,7.316951941162127,2.704986495560029,1.96,5.301773531297656,46.26137052736403,56.86491758995934,0,7.65462773852177,always
3606,47.60057284113579,50.062719164794345,49.07786063533092,-2.4621463236585583,7.65462773852177,2.766699791904024,1.96,5.422731592131887,44.639987572662456,55.485450756926234,0,7.575004577550948,always
3607,48.63450607023399,49.07786063533092,48.90051880929215,-0.44335456509693216,7.575004577550948,2.752272620499457,1.96,5.394454336178936,43.68340629915198,54.47231497150986,0,7.2060825121930145,always
3608,50.464567546772706,48.90051880929215,49.52613830428437,1.5640487374805545,7.2060825121930145,2.684414742954787,1.96,5.261452896191382,43.63906591310077,54.16197170548353,0,6.96809080924409,always
3609,47.36482178128992,49.52613830428437,48.66161169508659,-2.161316522994454,6.96809080924409,2.639714152942339,1.96,5.173839739766984,44.35229856451739,54.699978044051356,0,6.8532507244103265,always
3610,49.263732029385544,48.66161169508659,48.90245982880617,0.6021203342989523,6.8532507244103265,2.6178714109769268,1.96,5.131027965514776,43.530583729571816,53.79263966060137,0,6.528715633038624,always
3611,50.93060345398411,48.90245982880617,49.71371727887735,2.0281436251779397,6.528715633038624,2.555135149662073,1.96,5.008064893337663,43.89439493546851,53.91052472214383,0,6.407948179604189,always
3612,49.743131005518364,49.71371727887735,49.725482769533755,0.02941372664101749,6.407948179604189,2.5313925376369797,1.96,4.96152937376848,44.75218790510887,54.675246652645825,0,6.087594028989725,always
3613,49.22324590781064,49.725482769533755,49.52458802484451,-0.5022368617231123,6.087594028989725,2.4673050133677688,1.96,4.835917826200827,44.88956494333293,54.56140059573458,0,5.795826420803912,always
3614,47.38913909036383,49.52458802484451,48.67040845105224,-2.135448934480685,5.795826420803912,2.407452267606548,1.96,4.7186064445088345,44.805981580335676,54.24319446935335,0,5.73404220735245,always
3615,46.82770037194042,48.67040845105224,47.93332521940751,-1.8427080791118158,5.73404220735245,2.394586020036125,1.96,4.693388599270805,43.977019851781435,53.36379705032304,0,5.617118750226026,always
3616,47.58188375754425,47.93332521940751,47.7927486346622,-0.35144146186326,5.617118750226026,2.3700461493873966,1.96,4.645290452799297,43.28803476660821,52.5786156722068,0,5.342438367770554,always
3617,46.231188276020916,47.7927486346622,47.16812449120569,-1.5615603586412874,5.342438367770554,2.3113715339102354,1.96,4.5302882064640615,43.26246042819814,52.32303684112627,0,5.197239987066021,always
3618,49.115408828145476,47.16812449120569,47.9470382259816,1.9472843369397879,5.197239987066021,2.2797455970055127,1.96,4.4683013701308045,42.699823121074886,51.63642586133649,0,5.126973802157271,always
3619,52.01604158015067,47.9470382259816,49.57463956764923,4.0690033541690696,5.126973802157271,2.2642821825376074,1.96,4.437993077773711,43.50904514820789,52.38503130375531,0,5.698464526861364,always
3620,49.4749043093719,49.57463956764923,49.5347454643383,-0.09973525827732743,5.698464526861364,2.3871456861409537,1.96,4.678805544836269,44.89583402281296,54.253445112485494,0,5.414038656605477,always
3621,48.07422631946503,49.5347454643383,48.95053780638899,-1.4605191448732668,5.414038656605477,2.3268086850030185,1.96,4.5605450226059165,44.974200441732386,54.095290486944215,0,5.24999253240227,always
3622,47.58377292504921,48.95053780638899,48.40383185385308,-1.3667648813397832,5.24999253240227,2.291286217913919,1.96,4.490920987111281,44.45961681927771,53.441458793500274,0,5.0808952178253435,always
3623,48.88056153841856,48.40383185385308,48.594523727679274,0.47672968456548404,5.0808952178253435,2.2540841195095944,1.96,4.418004874238805,43.985826979614274,52.82183672809188,0,4.838214016541371,always
3624,48.47008459870999,48.594523727679274,48.54474807609156,-0.12443912896928566,4.838214016541371,2.1995940572163244,1.96,4.311204352143996,44.28331937553528,52.90572807982327,0,4.597077570555233,always
3625,47.19163225588526,48.54474807609156,48.00350174800904,-1.3531158202062983,4.597077570555233,2.144079655832598,1.96,4.202396125431892,44.34235195065967,52.74714420152345,0,4.458769813172099,always
3626,49.533049383211775,48.00350174800904,48.61532080209014,1.5295476352027322,4.458769813172099,2.1115799329346023,1.96,4.1386966685518205,43.86480507945722,52.142198416560866,0,4.352807120931207,always
3627,49.90320762429769,48.61532080209014,49.13047553097316,1.287886822207554,4.352807120931207,2.0863382086639755,1.96,4.089222888981392,44.52609791310875,52.70454369107153,0,4.21809938822544,always
3628,52.08356330925294,49.13047553097316,50.31171064228507,2.95308777827978,4.21809938822544,2.0538012046508882,1.96,4.025450361115741,45.10502516985741,53.1559258920889,0,4.443230790125438,always
3629,50.24299912059412,50.31171064228507,50.28422603360869,-0.0687115216909504,4.443230790125438,2.107897243730215,1.96,4.131478597711221,46.18023204457385,54.44318923999629,0,4.22130531427982,always
3630,46.58990075720426,50.28422603360869,48.80649592304692,-3.6943252764044274,4.22130531427982,2.054581542377868,1.96,4.026979823060621,46.25724621054807,54.31120585666931,0,4.692642010959862,always
3631,48.5478522086794,48.80649592304692,48.70303843729991,-0.25864371436751554,4.692642010959862,2.1662506805445814,1.96,4.245851333867379,44.56064458917954,53.052347256914295,0,4.461354738960959,always
3632,50.65496119282454,48.70303843729991,49.483807539509755,1.9519227555246275,4.461354738960959,2.1121919275863545,1.96,4.139896178069255,44.56314225923065,52.84293461536917,0,4.428787124189654,always
3633,51.08435990689966,49.483807539509755,50.12402848646572,1.600552367389902,4.428787124189654,2.1044683709169054,1.96,4.124758006997134,45.35904953251262,53.60856554650689,0,4.335436162018042,always
3634,50.9840363660294,50.12402848646572,50.468031638291194,0.8600078795636819,4.335436162018042,2.082171021318384,1.96,4.081055201784033,46.042973284681686,54.20508368824975,0,4.155645031562721,always
3635,47.94404742539912,50.468031638291194,49.458437953134364,-2.523984212892074,4.155645031562721,2.038539926408782,1.96,3.995538255761212,46.47249338252998,54.463569894052405,0,4.266387595331006,always
3636,46.95853030874684,49.458437953134364,48.458474895379354,-2.4999076443875268,4.266387595331006,2.065523564457933,1.96,4.048426186337549,45.41001176679681,53.506864139471915,0,4.365545127087815,always
3637,47.820919725316855,48.458474895379354,48.203452827354354,-0.6375551700624982,4.365545127087815,2.089388696984794,1.96,4.0952018460901956,44.363273049289155,52.55367674146955,0,4.167591700477096,always
3638,47.152166875443264,48.203452827354354,47.78293844658992,-1.0512859519110904,4.167591700477096,2.041468025827761,1.96,4.001277330622411,44.20217549673194,52.20473015797677,0,4.014472223087521,always
3639,47.86045503737017,47.78293844658992,47.813945082902016,0.07751659078025597,4.014472223087521,2.0036147890968268,1.96,3.9270849866297803,43.85585345996014,51.710023433219696,0,3.8140490530254545,always
3640,51.01975877151571,47.813945082902016,49.0962705583475,3.205813688613695,3.8140490530254545,1.9529590505244738,1.96,3.8277997390279688,43.98614534387405,51.64174482192998,0,4.137208670679329,always
3641,50.912634899915105,49.0962705583475,49.822816294974544,1.8163643415676063,4.137208670679329,2.034012947520081,1.96,3.986665377139359,45.10960518120814,53.08293593548686,0,4.0953072082112785,always
3642,46.89360956242372,49.822816294974544,48.651133601954214,-2.929206732550824,4.0953072082112785,2.0236865390201317,1.96,3.9664256164794582,45.85639067849509,53.789241911454,0,4.319554451901768,always
3643,44.221089169999274,48.651133601954214,46.879115829172235,-4.43004443195494,4.319554451901768,2.0783537841045656,1.96,4.0735734168449484,44.57756018510926,52.724707018799165,1,5.084841412761428,always
3644,49.45801280891011,46.879115829172235,47.910674621067386,2.578896979737877,5.084841412761428,2.2549592929277966,1.96,4.419720214138481,42.459395615033756,51.298836043310715,0,5.163134823728413,always
3645,51.303784584963736,47.910674621067386,49.267918606625926,3.3931099638963502,5.163134823728413,2.272253248150041,1.96,4.453616366374081,43.45705825469331,52.364290987441464,0,5.480637843896626,always
3646,48.95714903797076,49.267918606625926,49.14361077916386,-0.3107695686551679,5.480637843896626,2.34107621488422,1.96,4.588509381173071,44.67940922545286,53.856427987798995,0,5.2114348379419,always
3647,47.18640948295508,49.14361077916386,48.36073026068034,-1.9572012962087797,5.2114348379419,2.282856727423318,1.96,4.474399185749703,44.669211593414154,53.61800996491356,0,5.142394941738871,always
3648,45.49230953931167,48.36073026068034,47.21336197213287,-2.868420721368672,5.142394941738871,2.2676849299977437,1.96,4.444662462795578,43.916067797884764,52.80539272347592,0,5.296667066390786,always
3649,49.71182370637689,47.21336197213287,48.21274666583048,2.4984617342440174,5.296667066390786,2.3014489058831584,1.96,4.510839855530991,42.702522116601884,51.72420182766386,0,5.343949264945328,always
3650,50.366360047791254,48.21274666583048,49.074192018614795,2.153613381960774,5.343949264945328,2.3116983507683972,1.96,4.530928767506058,43.681817898324425,52.743675433336534,0,5.308654331646087,always
3651,51.29000646709394,49.074192018614795,49.96051779800645,2.2158144484791436,5.308654331646087,2.304051720696844,1.96,4.5159413725658135,44.55825064604898,53.59013339118061,0,5.288713298568229,always
3652,49.54330142803171,49.96051779800645,49.79363125001656,-0.41721636997473865,5.288713298568229,2.2997202652862434,1.96,4.507451719961037,45.45306607804541,54.46796951796749,0,5.0329811086085625,always
3653,50.10027558512471,49.79363125001656,49.91628898405982,0.30664433510815314,5.0329811086085625,2.2434306560730963,1.96,4.397124085903268,45.39650716411329,54.19075533591983,0,4.78603359059083,always
3654,49.5485563856236,49.91628898405982,49.769195944685336,-0.36773259843621986,4.78603359059083,2.1877005258011963,1.96,4.287893030570345,45.62839595348947,54.20418201463016,0,4.553493274258922,always
3655,49.83384503311541,49.769195944685336,49.795055580057365,0.06464908843007322,4.553493274258922,2.1338915797806886,1.96,4.182427496370149,45.58676844831518,53.95162344105549,0,4.326027585777718,always
3656,50.07966839618995,49.795055580057365,49.908900706510394,0.2846128161325865,4.326027585777718,2.0799104754238145,1.96,4.076624531830676,45.71843104822669,53.87168011188804,0,4.113776429244178,always
3657,49.940815120534225,49.908900706510394,49.921666472119924,0.03191441402383077,4.113776429244178,2.028244667007454,1.96,3.97535954733461,45.93354115917578,53.88426025384501,0,3.9081385342730925,always
3658,49.32155658999962,49.921666472119924,49.6816225192718,-0.6001098821203072,3.9081385342730925,1.976901245452866,1.96,3.8747264410876174,46.04694003103231,53.79639291320754,0,3.73073820109036,always
3659,48.14825031955928,49.6816225192718,49.06827363938679,-1.5333721997125167,3.73073820109036,1.9315118951459658,1.96,3.785763314486093,45.89585920478571,53.46738583375789,0,3.6617628061784018,always
3660,50.97632393409505,49.06827363938679,49.831493757270096,1.9080502947082607,3.6617628061784018,1.9135733082843736,1.96,3.750603684237372,45.31766995514942,52.81887732362416,0,3.660707462226296,always
3661,49.02626372303354,49.831493757270096,49.509401743575474,-0.8052300342365584,3.660707462226296,1.9132975362515616,1.96,3.7500631710530605,46.08143058621704,53.58155692832315,0,3.510091859516811,always
3662,47.809057730287336,49.509401743575474,48.829264138260214,-1.700344013288138,3.510091859516811,1.873523914850518,1.96,3.6721068731070154,45.837294870468455,53.18150861668249,0,3.4791457547172113,always
3663,48.06963158946702,48.829264138260214,48.52541111874294,-0.7596325487931921,3.4791457547172113,1.8652468347961917,1.96,3.6558837962005355,45.17338034205968,52.48514793446075,0,3.3340405474406527,always
3664,49.41591121855183,48.52541111874294,48.88161115866649,0.8905000998088894,3.3340405474406527,1.82593552663851,1.96,3.5788336322114795,44.94657748653146,52.104244750954415,0,3.2069880414566017,always
3665,48.84552196755583,48.88161115866649,48.86717548222222,-0.036089191110654895,3.2069880414566017,1.790806533787668,1.96,3.509980806223829,45.37163035244266,52.39159196489032,0,3.0467037608695224,always
3666,48.94647702964197,48.86717548222222,48.89889610119012,0.07930154741974604,3.0467037608695224,1.745480954026575,1.96,3.421142669892087,45.44603281233014,52.28831815211431,0,2.8946830095972045,always
3667,48.566861356202814,48.89889610119012,48.7660822031952,-0.332034744987304,2.8946830095972045,1.7013767982422954,1.96,3.334698524554899,45.564197576635216,52.23359462574502,0,2.7554612127112836,always
3668,46.16894952274386,48.7660822031952,47.72722913101466,-2.597132680451338,2.7554612127112836,1.6599581960734082,1.96,3.25351806430388,45.512564138891314,52.01960026749908,0,2.954943060069137,always
3669,47.30726746493018,47.72722913101466,47.55924446458087,-0.4199616660844825,2.954943060069137,1.7189947818621023,1.96,3.3692297724497204,44.35799935856494,51.09645890346438,0,2.8160142971147026,always
3670,47.524037718040944,47.55924446458087,47.5451617659649,-0.03520674653992728,2.8160142971147026,1.6780984169930864,1.96,3.289072897306449,44.270171567274424,50.84831736188732,0,2.675275558009064,always
3671,46.134210254686124,47.5451617659649,46.98078116145339,-1.4109515112787747,2.675275558009064,1.6356269617516899,1.96,3.205828845033312,44.33933292093159,50.75099061099821,0,2.6410509884676032,always
3672,47.99881727482528,46.98078116145339,47.38799560680215,1.0180361133718847,2.6410509884676032,1.625131068088849,1.96,3.1852568934541443,43.79552426799925,50.16603805490754,0,2.5608183154506894,always
3673,50.33901025058145,47.38799560680215,48.56840146431387,2.9510146437793026,2.5608183154506894,1.6002557031458096,1.96,3.1365011781657866,44.25149442863636,50.52449678496794,0,2.868201771068149,always
3674,50.86904457609309,48.56840146431387,49.48865870902556,2.300643111779216,2.868201771068149,1.6935766209617293,1.96,3.3194101770849893,45.24899128722888,51.88781164139886,0,2.989439618903599,always
3675,50.077677680894666,49.48865870902556,49.7242662977732,0.589018971869109,2.989439618903599,1.7289996006082822,1.96,3.388839217192233,46.09981949183332,52.87749792621779,0,2.8573148054195063,always
3676,45.58820078907934,49.7242662977732,48.06984009429566,-4.136065508693861,2.8573148054195063,1.6903593716779597,1.96,3.313104368488801,46.4111619292844,53.037370666262,1,3.569800959758881,always
3677,44.14755624113906,48.06984009429566,46.50092655303301,-3.9222838531565998,3.569800959758881,1.8893916904016703,1.96,3.7032077131872736,44.36663238110838,51.77304780748293,1,4.160526443007586,always
3678,50.529715505364265,46.50092655303301,48.112442133965516,4.028788952331254,4.160526443007586,2.0397368563144576,1.96,3.997884238376337,42.503042314656675,50.49881079140935,1,4.764057141978525,always
3679,50.54823804253348,48.112442133965516,49.0867604973927,2.435795908567961,4.764057141978525,2.182672018874692,1.96,4.2780371569943965,43.83440497697112,52.39047929095991,0,4.82250937028942,always
3680,49.855346619542985,49.0867604973927,49.39419494625282,0.7685861221502819,4.82250937028942,2.1960212590704624,1.96,4.3042016677781065,44.782558829614594,53.39096216517081,0,4.610920133133049,always
3681,47.483682517960276,49.39419494625282,48.629989974935796,-1.9105124282925416,4.610920133133049,2.147305319029655,1.96,4.208718425298124,45.185476520954694,53.60291337155094,0,4.562877013409409,always
3682,47.557045309906016,48.629989974935796,48.200812108923884,-1.0729446650297803,4.562877013409409,2.1360891866702123,1.96,4.186734805873616,44.44325516906218,52.81672478080941,0,4.392293675449732,always
3683,47.71750462355308,48.200812108923884,48.00748911477557,-0.48330748537080126,4.392293675449732,2.095779968281435,1.96,4.1077287378316125,44.09308337109227,52.3085408467555,0,4.184358297948018,always
3684,49.56929185110831,48.00748911477557,48.63221020930867,1.5618027363327442,4.184358297948018,2.0455704089441697,1.96,4.0093180015305725,43.99817111324499,52.01680711630614,0,4.097101772411439,always
3685,49.96298397486349,48.63221020930867,49.164519715530595,1.3307737655548237,4.097101772411439,2.024129880321774,1.96,3.967294565430677,44.66491564387799,52.599504774739344,0,3.9807946245453154,always
3686,48.395709798897585,49.164519715530595,48.856995748877395,-0.7688099166330105,3.9807946245453154,1.9951928790333318,1.96,3.91057804290533,45.25394167262527,53.07509775843592,0,3.8113083277137125,always
3687,46.35567571238574,48.856995748877395,47.85646773428073,-2.5013200364916557,3.8113083277137125,1.9522572391244224,1.96,3.826424188683868,45.03057156019353,52.68341993756126,0,3.933573007575758,always
3688,47.89221182422142,47.85646773428073,47.870765370257004,0.03574408994069245,3.933573007575758,1.9833237273767885,1.96,3.8873145056585052,43.96915322862222,51.743782239939236,0,3.7369582391952543,always
3689,47.613411039776096,47.870765370257004,47.76782363806464,-0.25735433048090783,3.7369582391952543,1.9331213720807223,1.96,3.7889178892782156,44.08184748097879,51.65968325953522,0,3.553421889806355,always
3690,49.13816227493621,47.76782363806464,48.31595909281327,1.3703386368715655,3.553421889806355,1.885052224689373,1.96,3.694702360391171,44.07312127767347,51.46252599845581,0,3.469642194301188,always
3691,53.49091920862902,48.31595909281327,50.38594313913957,5.17496011581575,3.469642194301188,1.8626975584622394,1.96,3.650887214585989,44.66507187822728,51.966846307399265,1,4.635170694600316,always
3692,53.42572546460233,50.38594313913957,51.60185606932467,3.0397823254627596,4.635170694600316,2.1529446566505874,1.96,4.219771527035151,46.16617161210442,54.60571466617472,0,4.86542598918009,always
3693,50.26249750478813,51.60185606932467,51.06611264351005,-1.3393585645365391,4.86542598918009,2.2057710645441175,1.96,4.3233112865064705,47.2785447828182,55.925167355831135,0,4.711848757940954,always
3694,47.191224823959985,51.06611264351005,49.516157515690026,-3.874887819550068,4.711848757940954,2.170679330979349,1.96,4.2545314887195245,46.81158115479053,55.320644132229575,0,5.22699410074878,always
3695,44.15035720147664,49.516157515690026,47.36983739000467,-5.365800314213388,5.22699410074878,2.2862620367641107,1.96,4.4810735920576565,45.03508392363237,53.99723110774768,1,6.405235046311966,always
3696,44.786172315055715,47.36983739000467,46.33637136002508,-2.5836650749489536,6.405235046311966,2.530856583513172,1.96,4.960478903685817,42.40935848631885,52.33031629369049,0,6.418739554971917,always
3697,50.59571407244918,46.33637136002508,48.04010844499472,4.259342712424093,6.418739554971917,2.533523150668238,1.96,4.965705375309747,41.37066598471534,51.30207673533483,0,7.004902594317332,always
3698,50.65470816575448,48.04010844499472,49.085948333298624,2.614599720759756,7.004902594317332,2.646677652136227,1.96,5.187488198187006,42.85262024680772,53.22759664318173,0,6.996464049591315,always
3699,47.92108971598202,49.085948333298624,48.62000488637199,-1.1648586173166038,6.996464049591315,2.645082994839919,1.96,5.184362669886241,43.901585663412384,54.270311003184865,0,6.714485627028586,always
3700,47.05182403318594,48.62000488637199,47.99273254509757,-1.5681808531860497,6.714485627028586,2.591232453298736,1.96,5.078815608465523,43.54118927790646,53.69882049483751,0,6.501720905092124,always
3701,48.92748017365072,47.99273254509757,48.36663159651883,0.9347476285531542,6.501720905092124,2.5498472317164658,1.96,4.997700574164273,42.9950319709333,52.99043311926184,0,6.220322516291805,always
3702,50.24042298577001,48.36663159651883,49.116148152219296,1.8737913892511813,6.220322516291805,2.494057440455573,1.96,4.8883525832929235,43.47827901322591,53.25498417981175,0,6.084861098998808,always
3703,51.85480259546451,49.116148152219296,50.21160992951738,2.738654443245217,6.084861098998808,2.4667511222251037,1.96,4.834832199561204,44.28131595265809,53.9509803517805,0,6.155629452024206,always
3704,50.90537588238565,50.21160992951738,50.489116310664684,0.6937659528682687,6.155629452024206,2.4810541009869587,1.96,4.862866037934439,45.34874389158294,55.07447596745182,0,5.871913539290956,always
3705,49.754296362030786,50.489116310664684,50.19518833121113,-0.7348199486338984,5.871913539290956,2.423203156834143,1.96,4.74947818739492,45.73963812326976,55.238594498059605,0,5.605315880171924,always
3706,49.47810333680514,50.19518833121113,49.908354333448735,-0.7170849944059867,5.605315880171924,2.367554831502731,1.96,4.640407469745353,45.55478086146577,54.83559580095648,0,5.350760630623439,always
3707,51.84325414181939,49.908354333448735,50.682314256797,1.934899808370659,5.350760630623439,2.313171120047853,1.96,4.533815395293792,45.37453893815494,54.44216972874253,0,5.270414462513907,always
3708,52.26871228094603,50.682314256797,51.31687346645661,1.5863980241490339,5.270414462513907,2.2957383262283853,1.96,4.499647119407635,46.182667137389366,55.18196137620463,0,5.132726673939409,always
3709,51.42174234581714,51.31687346645661,51.35882101820082,0.10486887936052369,5.132726673939409,2.2655521785956307,1.96,4.440482270047436,46.87639119640917,55.75735573650405,0,4.876640214335355,always
3710,51.86410811298059,51.35882101820082,51.56093585611273,0.5052870947797672,4.876640214335355,2.2083116207490634,1.96,4.328290776668164,47.03053024153266,55.68711179486898,0,4.645573956026135,always
3711,51.44453428253037,51.56093585611273,51.51437522667978,-0.11640157358235825,4.645573956026135,2.15535935658677,1.96,4.224504338910069,47.336431517202655,55.7854401950228,0,4.41397272454145,always
3712,50.76728586034217,51.51437522667978,51.21553948014474,-0.7470893663376117,4.41397272454145,2.100945673867235,1.96,4.117853520779781,47.3965217059,55.632228747459564,0,4.221181214379114,always
3713,51.69377990829537,51.21553948014474,51.40683565140499,0.4782404281506274,4.221181214379114,2.0545513413831045,1.96,4.026920629110885,47.18861885103386,55.242460109255624,0,4.021557849016043,always
3714,52.88492178014258,51.40683565140499,51.99807010290003,1.478086128737587,4.021557849016043,2.005382220180493,1.96,3.930549151553766,47.47628649985123,55.33738480295875,0,3.929716886763564,always
3715,51.91345286467495,51.99807010290003,51.96422320761,-0.0846172382250785,3.929716886763564,1.9823513530057086,1.96,3.885408651891189,48.11266145100884,55.88347875479122,0,3.7335890462756276,always
3716,51.076522492164464,51.96422320761,51.60914292143178,-0.8877007154455328,3.7335890462756276,1.9322497370359835,1.96,3.7872094845905275,48.17701372301947,55.751432692200524,0,3.5863102219719716,always
3717,49.76650171836121,51.60914292143178,50.87208644020355,-1.8426412030705706,3.5863102219719716,1.893755586651026,1.96,3.711760949836011,47.89738197159577,55.320903871267795,0,3.5767610410360406,always
3718,49.2806152201877,50.87208644020355,50.23549795219721,-1.5914712200158547,3.5767610410360406,1.8912326776565702,1.96,3.7068160482068775,47.16527039199668,54.57890248841043,0,3.524562021191176,always
3719,52.08883952588222,50.23549795219721,50.97683458167121,1.8533415736850145,3.524562021191176,1.8773816929945748,1.96,3.6796681182693667,46.55582983392784,53.915166070466576,0,3.5200776695690794,always
3720,53.53040919925242,50.97683458167121,51.99826442870369,2.553574617581205,3.5200776695690794,1.8761870028248995,1.96,3.677326525536803,47.29950805613441,54.65416110720802,0,3.6701109524683755,always
3721,53.006773414235205,51.99826442870369,52.4016680229163,1.0085089855315132,3.6701109524683755,1.9157533642064617,1.96,3.754876593844665,48.24338783485903,55.753141022548355,0,3.5374599235398465,always
3722,51.710140972003195,52.4016680229163,52.12505720255106,-0.691527050913102,3.5374599235398465,1.8808136333884458,1.96,3.6863947214413537,48.715273301474944,56.08806274435765,0,3.384497410470083,always
3723,50.84200278980674,52.12505720255106,51.61183543745334,-1.2830544127443204,3.384497410470083,1.8397003588818703,1.96,3.605812703408466,48.519244499142594,55.73086990595953,0,3.297583971249712,always
3724,51.944749024116604,51.61183543745334,51.74500087211864,0.33291358666326687,3.297583971249712,1.8159251006717518,1.96,3.5592131973166334,48.05262224013671,55.17104863476997,0,3.1382463454964764,always
3725,53.39851116110077,51.74500087211864,52.40640498771149,1.6535102889821331,3.1382463454964764,1.7715096233146679,1.96,3.472158861696749,48.27284201042189,55.217159733815386,0,3.1180388420101415,always
3726,53.68357419238813,52.40640498771149,52.91727266958215,1.277169204676639,3.1180388420101415,1.7657969424625646,1.96,3.4609620072266267,48.94544298048486,55.867366994938116,0,3.0436949587783526,always
3727,51.609722060963506,52.91727266958215,52.394252426134685,-1.3075506086186408,3.0436949587783526,1.7446188577389483,1.96,3.419452961168339,49.49781970841381,56.336725630750486,0,2.976994640544384,always
3728,52.45453523524729,52.394252426134685,52.41836554977973,0.06028280911260708,2.976994640544384,1.725396951586615,1.96,3.381778025109765,49.01247440102492,55.77603045124445,0,2.82832660937089,always
3729,52.260551133265096,52.41836554977973,52.35523978317387,-0.15781441651463268,2.82832660937089,1.68176294684206,1.96,3.296255375810438,49.12211017396929,55.71462092559017,0,2.688155548405338,always
3730,52.32762735118411,52.35523978317387,52.34419481037797,-0.027612431989759045,2.688155548405338,1.6395595592735686,1.96,3.213536736176194,49.14170304699768,55.56877651935007,0,2.5537858933050903,always
3731,51.939432680330235,52.34419481037797,52.18228995835888,-0.404762130047736,2.5537858933050903,1.5980569117854002,1.96,3.132191547099384,49.21200326327859,55.47638635747735,0,2.4342882177358747,always
3732,51.62035599383235,52.18228995835888,51.95751637254827,-0.5619339645265313,2.4342882177358747,1.5602205670147649,1.96,3.058032311348939,49.12425764700994,55.24032226970782,0,2.328362295873506,always
3733,50.14886927075881,51.95751637254827,51.23405753183249,-1.808647101789461,2.328362295873506,1.5258972101270472,1.96,2.9907585318490124,48.96675784069926,54.94827490439728,0,2.3755043980204014,always
3734,51.58116982305635,51.23405753183249,51.37290244832204,0.34711229122385845,2.3755043980204014,1.541267140381706,1.96,3.0208835951481436,48.21317393668435,54.25494112698063,0,2.262753525255315,always
3735,56.39220885081586,51.37290244832204,53.380625009319566,5.019306402493825,2.262753525255315,1.5042451679348399,1.96,2.9483205291522863,48.42458191916975,54.32122297747432,1,3.4092876870983244,always
3736,53.73254778677622,53.380625009319566,53.52139412030223,0.35192277745665734,3.4092876870983244,1.846425651657365,1.96,3.618994277248435,49.76163073207113,56.999619286568,0,3.2450157848080483,always
3737,50.399916319795224,53.52139412030223,52.27280300009943,-3.1214778005070087,3.2450157848080483,1.801392734749435,1.96,3.5307297601088923,49.99066436019334,57.05212388041112,0,3.5699461785205493,always
3738,48.954368001968135,52.27280300009943,50.945429000846914,-3.318434998131295,3.5699461785205493,1.8894301200416355,1.96,3.7032830352816055,48.56951996481782,55.97608603538104,0,3.9420494114356543,always
3739,49.69063278894036,50.945429000846914,50.443510516084295,-1.2547962119065517,3.9420494114356543,1.9854594962969287,1.96,3.8915006127419804,47.053928388104936,54.83692961358889,0,3.8236726175346227,always
3740,53.90386988955816,50.443510516084295,51.82765426547384,3.460359373473864,3.8236726175346227,1.9554213401552676,1.96,3.8326258267043243,46.61088468937997,54.27613634278862,0,4.231193336337313,always
3741,52.73754901267352,51.82765426547384,52.191612164353714,0.9098947471996794,4.231193336337313,2.0569864696534377,1.96,4.031693480520738,47.7959607849531,55.859347745994576,0,4.061029092069525,always
3742,50.22947375277549,52.191612164353714,51.40675679972243,-1.9621384115782234,4.061029092069525,2.0151995166904753,1.96,3.9497910527133313,48.241821111640384,56.141403217067044,0,4.050476994775584,always
3743,47.63767050973158,51.40675679972243,49.899122283726086,-3.7690862899908524,4.050476994775584,2.0125796865653753,1.96,3.9446561856681357,47.46210061405429,55.35141298539057,0,4.558253718106656,always
3744,48.58144784263783,49.899122283726086,49.37205250729078,-1.3176744410882577,4.558253718106656,2.135006725541317,1.96,4.184613182060981,45.71450910166511,54.083735465787065,0,4.417154328836185,always
3745,49.01743361128689,49.37205250729078,49.230204948889224,-0.35461889600389185,4.417154328836185,2.101702721327682,1.96,4.119337333802257,45.252715173488525,53.49138984109304,0,4.202584340464527,always
3746,52.317443294271115,49.230204948889224,50.46510028704198,3.0872383453818912,4.202584340464527,2.0500205707417978,1.96,4.018040318653924,45.2121646302353,53.24824526754315,0,4.469007153501115,always
3747,57.33129500367519,50.46510028704198,53.21157817369526,6.86619471663321,4.469007153501115,2.1140026380071326,1.96,4.14344517049398,46.321655116548,54.60854545753595,1,6.602788290162149,always
3748,53.94003716459377,53.21157817369526,53.50296177005466,0.7284589908985097,6.602788290162149,2.569589128666711,1.96,5.036394692186754,48.175183481508505,58.24797286588201,0,6.299181500725084,always
3749,47.448237897433316,53.50296177005466,51.081072221006124,-6.054723872621345,6.299181500725084,2.5098170253476817,1.96,4.919241369681456,48.5837204003732,58.42220313973612,1,7.817206484373371,always
3750,49.098923652807706,51.081072221006124,50.28821279372676,-1.9821485681984186,7.817206484373371,2.7959267666327334,1.96,5.480016462600157,45.60105575840597,56.56108868360628,0,7.622791807475254,always
3751,50.894847804572734,50.28821279372676,50.53086679806515,0.6066350108459773,7.622791807475254,2.760940384628986,1.96,5.4114431538728125,44.87676963985395,55.69965594759957,0,7.260052518920696,always
3752,54.1864672521701,50.53086679806515,51.99310697970712,3.655600454104949,7.260052518920696,2.6944484628436847,1.96,5.281118987173622,45.24974781089153,55.81198578523877,0,7.5652206269772755,always
3753,52.89141287733077,51.99310697970712,52.35242933875658,0.8983058976236507,7.5652206269772755,2.7504946149696923,1.96,5.3909694453405965,46.60213753436653,57.384076425047716,0,7.227307269913683,always
3754,49.94389056668925,52.35242933875658,51.38901382992965,-2.408538772067331,7.227307269913683,2.688365166772119,1.96,5.269195726873353,47.08323361188322,57.621625065629935,0,7.155994857245579,always
3755,49.50369156772963,51.38901382992965,50.63488492504965,-1.8853222622000203,7.155994857245579,2.6750691313021386,1.96,5.243135497352192,46.14587833257746,56.632149327281844,0,6.97591711600065,always
3756,52.11693479869743,50.63488492504965,51.22770487450876,1.4820498736477816,6.97591711600065,2.641196152503757,1.96,5.176744458907364,45.45814046614228,55.81162938395701,0,6.736944851599588,always
3757,52.42718414922015,51.22770487450876,51.70749658439332,1.1994792747113934,6.736944851599588,2.595562530859079,1.96,5.087302560483795,46.14040231402497,56.31500743499255,0,6.472035135542717,always
3758,50.90275603599282,51.70749658439332,51.38560036503312,-0.8047405484004955,6.472035135542717,2.544019484112242,1.96,4.986278188859994,46.72121839553333,56.69377477325331,0,6.180813746277577,always
3759,50.27981414251731,51.38560036503312,50.94328587602679,-1.1057862225158104,6.180813746277577,2.4861242419230734,1.96,4.872803514169224,46.51279685086389,56.25840387920235,0,5.9329112174589875,always
3760,49.05872769076265,50.94328587602679,50.189462601921136,-1.8845581852641402,5.9329112174589875,2.4357568058940093,1.96,4.774083339552258,46.169202536474536,55.71736921557905,0,5.813843634268341,always
3761,51.14087694663991,50.189462601921136,50.570028339808644,0.9514143447187706,5.813843634268341,2.411191330912655,1.96,4.725935008588804,45.46352759333233,54.91539761050994,0,5.568410915321756,always
3762,49.72507243183526,50.570028339808644,50.23204597661929,-0.8449559079733859,5.568410915321756,2.3597480618323976,1.96,4.6251062011915,45.944922138617144,55.195134541000144,0,5.325687893876625,always
3763,49.848422804232925,50.23204597661929,50.078596707664744,-0.3836231723863648,5.325687893876625,2.3077451969133476,1.96,4.523180585950161,45.70886539066913,54.75522656256945,0,5.0667618361023825,always
3764,52.43559527986824,50.078596707664744,51.021396136546144,2.3569985722034943,5.0667618361023825,2.250946875450947,1.96,4.411855875883856,45.666740831780885,54.4904525835486,0,5.091195857765729,always
3765,53.24171819020356,51.021396136546144,51.909524958009115,2.220322053657412,5.091195857765729,2.2563678462887493,1.96,4.4224809787259485,46.598915157820194,55.443877115272095,0,5.083127565975315,always
3766,52.862714133667595,51.909524958009115,52.29080062827251,0.9531891756584798,5.083127565975315,2.254579243667278,1.96,4.418975317587865,47.49054964042125,56.32850027559698,0,4.874399667906173,always
3767,51.249200876020566,52.29080062827251,51.87416072737173,-1.0415997522519405,4.874399667906173,2.2078042639478195,1.96,4.327296357337726,47.96350427093478,56.61809698561024,0,4.68492618670543,always
3768,52.32278273025682,51.87416072737173,52.05360952852577,0.448622002885088,4.68492618670543,2.16446903112644,1.96,4.242359301007823,47.63180142636391,56.116520028379554,0,4.460742962443789,always
3769,53.4061179952985,52.05360952852577,52.59461291523486,1.3525084667727327,4.460742962443789,2.112047102326032,1.96,4.1396123205590225,47.913997207966744,56.19322184908479,0,4.329169771956196,always
3770,52.8014909384222,52.59461291523486,52.67736412450979,0.20687802318733617,4.329169771956196,2.0806657040370986,1.96,4.078104779912713,48.51650813532215,56.672717695147576,0,4.114851209182282,always
3771,52.61915423137438,52.67736412450979,52.65408016725563,-0.05820989313541247,4.114851209182282,2.028509602930753,1.96,3.975878821744276,48.70148530276552,56.65324294625407,0,3.9092780683061097,always
3772,52.54638240121889,52.65408016725563,52.611001060840934,-0.1076977660367362,3.9092780683061097,1.9771894366261695,1.96,3.8752912957872923,48.778788871468336,56.52937146304292,0,3.714394105331269,always
3773,50.809057055023814,52.611001060840934,51.890223458514086,-1.8019440058171199,3.714394105331269,1.9272763437896676,1.96,3.7774616338277482,48.833539427013186,56.38846269466868,0,3.6910245100697177,always
3774,48.44639466486784,51.890223458514086,50.512691941055586,-3.4438287936462473,3.6910245100697177,1.9212039220420403,1.96,3.7655596872023986,48.12466377131169,55.655783145716484,0,4.09947112256358,always
3775,50.54385146017273,50.512691941055586,50.525155748702446,0.031159519117146317,4.09947112256358,2.024715071945576,1.96,3.968441541013329,46.54425040004226,54.48113348206891,0,3.894546112216981,always
3776,53.17224738991686,50.525155748702446,51.58399240518821,2.6470916412144163,3.894546112216981,1.973460441006351,1.96,3.867982464372448,46.65717328433,54.39313821307489,0,4.050173514455493,always
3777,54.5171306905716,51.58399240518821,52.757247719341564,2.933138285383386,4.050173514455493,2.0125042893011416,1.96,3.9445084070302374,47.63948399815798,55.52850081221845,0,4.277829848791808,always
3778,50.96967280681659,52.757247719341564,52.042217754331574,-1.787574912524974,4.277829848791808,2.0682915289658292,1.96,4.053851396773025,48.70339632256854,56.81109911611459,0,4.223709559746651,always
3779,48.21359174988841,52.042217754331574,50.51076735255431,-3.8286260044431657,4.223709559746651,2.055166552799712,1.96,4.0281264434874355,48.01409131084414,56.07034419781901,0,4.745442935854241,always
3780,50.383169045986406,50.51076735255431,50.45972802992715,-0.12759830656790427,4.745442935854241,2.1784037586853,1.96,4.269671367023188,46.241095985531125,54.780438719577496,0,4.508984855453479,always
3781,52.266355069368004,50.45972802992715,51.1823788457035,1.8066270394408548,4.508984855453479,2.123437038259783,1.96,4.161936594989174,46.29779143493798,54.62166462491632,0,4.446730675662746,always
3782,49.58958610277091,51.1823788457035,50.545261748530464,-1.5927927429325877,4.446730675662746,2.1087272644092088,1.96,4.133105438242049,47.04927340746145,55.315484283945544,0,4.351243577976544,always
3783,50.43323637260983,50.545261748530464,50.50045159816221,-0.11202537592063777,4.351243577976544,2.085963465158617,1.96,4.088488391710889,46.456773356819575,54.633750140241354,0,4.134308883320225,always
3784,48.93651439969701,50.50045159816221,49.87487671877613,-1.5639371984651973,4.134308883320225,2.0332999983574056,1.96,3.985267996780515,46.51518360138169,54.48571959494272,0,4.049888417191372,always
3785,48.97740562570323,49.87487671877613,49.51588828154697,-0.8974710930729017,4.049888417191372,2.012433456587167,1.96,3.944369574910847,45.930507143865285,53.81924629368697,0,3.887666714476877,always
3786,53.19570823486359,49.51588828154697,50.987816262873615,3.679819953316617,3.887666714476877,1.9717166922448257,1.96,3.8645647167998582,45.651323564747116,53.380452998346826,0,4.370337123194388,always
3787,56.41604065477721,50.987816262873615,53.159106019635054,5.428224391903598,4.370337123194388,2.090535128428697,1.96,4.097448851720246,46.89036741115337,55.08526511459386,1,5.625101269477528,always
3788,51.678285722726585,53.159106019635054,52.56677790087167,-1.480820296908469,5.625101269477528,2.371729594510624,1.96,4.648590005240823,48.51051601439423,57.80769602487588,0,5.453487643590456,always
3789,48.5548638001283,52.56677790087167,50.962012260574326,-4.011914100743368,5.453487643590456,2.3352703577081724,1.96,4.577129901108018,47.989647999763655,57.14390780197969,0,5.985585998998106,always
3790,49.607709203331744,50.962012260574326,50.420291037677295,-1.354303057242582,5.985585998998106,2.4465457279597507,1.96,4.795229626801111,46.16678263377322,55.757241887375436,0,5.778013537591031,always
3791,54.40903401330724,50.420291037677295,52.01578822792928,3.988742975629947,5.778013537591031,2.4037498908145647,1.96,4.711349785996546,45.70894125168075,55.13164082367384,0,6.284616386993342,always
3792,53.35226238458188,52.01578822792928,52.55037789059031,1.3364741566525993,6.284616386993342,2.5069137175007326,1.96,4.913550886301436,47.10223734162784,56.929339114230714,0,6.0596937262136885,always
3793,50.34151438954558,52.55037789059031,51.666832490172425,-2.208863501044732,6.0596937262136885,2.461644516621701,1.96,4.824823252578534,47.72555463801178,57.375201143168844,0,6.000662938215383,always
3794,52.101865779130705,51.666832490172425,51.840845805755734,0.4350332889582802,6.000662938215383,2.4496250607420276,1.96,4.801265119054374,46.86556737111805,56.4680976092268,0,5.710092489429706,always
3795,51.77817854362824,51.840845805755734,51.81577890090474,-0.06266726212749063,5.710092489429706,2.38957998180218,1.96,4.6835767643322725,47.15726904142346,56.52442257008801,0,5.424784224245348,always
3796,52.349276800061276,51.81577890090474,52.029178060567354,0.5334978991565364,5.424784224245348,2.329116618859036,1.96,4.56506857296371,47.25071032794103,56.38084747386845,0,5.167776013453302,always
3797,49.55476236055401,52.029178060567354,51.03941178056202,-2.4744157000133455,5.167776013453302,2.273274293492385,1.96,4.455617615245075,47.57356044532228,56.48479567581243,0,5.215523865604264,always
3798,49.55136990016328,51.03941178056202,50.44419502840252,-1.4880418803987396,5.215523865604264,2.2837521462725032,1.96,4.4761542066941065,46.563257573867915,55.515565987256124,0,5.065461104215082,always
3799,48.71404550233136,50.44419502840252,49.75213521797406,-1.730149526071159,5.065461104215082,2.250657926966042,1.96,4.411289536853443,46.03290549154907,54.85548456525596,0,4.96185891813254,always
3800,49.11959167988361,49.75213521797406,49.49911780273788,-0.6325435380904452,4.96185891813254,2.2275230454773167,1.96,4.365945169135541,45.386190048838515,54.1180803871096,0,4.733771538604912,always
3801,55.06103428949288,49.49911780273788,51.723884397439875,5.561916486755003,4.733771538604912,2.1757232219666434,1.96,4.264417515054621,45.23470028768325,53.7635353177925,1,6.043828711956522,always
3802,57.08946664712386,51.723884397439875,53.87011729731347,5.365582249683982,6.043828711956522,2.4584199624873944,1.96,4.818503126475293,46.90538127096458,56.54238752391517,1,7.181110920264886,always
3803,54.93200423269841,53.87011729731347,54.29487207146745,1.0618869353849405,7.181110920264886,2.6797594892573637,1.96,5.252328598944433,48.61778869836904,59.1224458962579,0,6.878435567428702,always
3804,51.97884478008574,54.29487207146745,53.36846115491477,-2.3160272913817153,6.878435567428702,2.6226771756029565,1.96,5.140447264181795,49.15442480728566,59.43531933564925,0,6.802712909778513,always
3805,52.07782064184031,53.36846115491477,52.85220494968499,-1.2906405130744574,6.802712909778513,2.6082010869138355,1.96,5.112074130351117,48.25638702456365,58.48053528526589,0,6.545864910989042,always
3806,54.39643974571236,52.85220494968499,53.46989886809594,1.544234796027368,6.545864910989042,2.558488794384107,1.96,5.014638036992849,47.83756691269214,57.86684298667784,0,6.337804720702674,always
3807,56.760827836199894,53.46989886809594,54.78627045533752,3.2909289681039553,6.337804720702674,2.5174996962666496,1.96,4.934299404682633,48.535599463413305,58.40419827277857,0,6.562425158322829,always
3808,51.60805680271856,54.78627045533752,53.51498499428994,-3.1782136526189646,6.562425158322829,2.561723083848609,1.96,5.020977244343274,49.76529321099425,59.807247699680794,0,6.739356001491366,always
3809,50.02427840213697,53.51498499428994,52.11870235742876,-3.490706592152968,6.739356001491366,2.5960269647080643,1.96,5.088212850827806,48.42677214346213,58.60319784511775,0,7.011639827041806,always
3810,53.13668300320641,52.11870235742876,52.525894615739816,1.017980645777648,7.011639827041806,2.6479501179293026,1.96,5.189982231141433,46.928720126287324,57.308684588570195,0,6.71287206544861,always
3811,55.40907592691193,52.525894615739816,53.67916714020866,2.883181311172116,6.71287206544861,2.5909210843730093,1.96,5.078205325371098,47.447689290368714,57.60409994111092,0,6.792865185830788,always
3812,55.96966841833404,53.67916714020866,54.595367651458815,2.290501278125376,6.792865185830788,2.6063125648760526,1.96,5.108372627157063,48.570794513051595,58.78753976736573,0,6.715541731793947,always
3813,54.96607351673428,54.595367651458815,54.743649997569,0.3707058652754682,6.715541731793947,2.5914362295441395,1.96,5.079215009906513,49.5161526415523,59.67458266136533,0,6.386635787131731,always
3814,53.225008106383434,54.743649997569,54.13619324109477,-1.5186418911855668,6.386635787131731,2.527179413324612,1.96,4.95327165011624,49.79037834745276,59.696921647685244,0,6.182617657458328,always
3815,52.34918831148215,54.13619324109477,53.421391269249725,-1.7870049296126211,6.182617657458328,2.4864870113190474,1.96,4.873514542185333,49.26267869890944,59.009707783280106,0,6.033156105508402,always
3816,53.11625669909432,53.421391269249725,53.29933744118756,-0.3051345701554027,6.033156105508402,2.456248380255629,1.96,4.8142468253010335,48.60714444394869,58.23563809455076,0,5.736153655528178,always
3817,56.105773388449634,53.29933744118756,54.42191182009239,2.8064359472620737,5.736153655528178,2.3950268590410793,1.96,4.694252643720516,48.60508479746704,57.99359008490808,0,5.843150109056007,always
3818,54.69482378416404,54.42191182009239,54.531076605721054,0.2729119640716533,5.843150109056007,2.4172608690532362,1.96,4.737831303344343,49.68408051674805,59.15974312343673,0,5.554716650609879,always
3819,53.357297491557674,54.531076605721054,54.0615649600557,-1.1737791141633807,5.554716650609879,2.3568446386238273,1.96,4.619415491702702,49.91166111401835,59.15049209742376,0,5.345868688521693,always
3820,53.62947992385021,54.0615649600557,53.8887309455735,-0.43208503620548555,5.345868688521693,2.3121134679166793,1.96,4.531742397116691,49.529822562939,58.59330735717239,0,5.087910128021243,always
3821,56.527065603342976,53.8887309455735,54.94406480868129,2.6383346577694766,5.087910128021243,2.2556396272501607,1.96,4.421053669410314,49.46767727616319,58.30978461498381,0,5.18155510993956,always
3822,55.338537012726206,54.94406480868129,55.10185369029926,0.39447220404491645,5.18155510993956,2.276302947750927,1.96,4.461553777591817,50.48251103108947,59.40561858627311,0,4.930257770430784,always
3823,55.06529938998067,55.10185369029926,55.08723197017182,-0.036554300318584865,4.930257770430784,2.220418377340357,1.96,4.3520200195871,50.74983367071216,59.45387370988636,0,4.683811692752834,always
3824,55.90538023252283,55.08723197017182,55.414491275112226,0.8181482623510092,4.683811692752834,2.1642115637693173,1.96,4.241854664987862,50.84537730518396,59.32908663515968,0,4.48308943707459,always
3825,54.60244704703739,55.414491275112226,55.08967358388229,-0.8120442280748392,4.48308943707459,2.1173307339843226,1.96,4.149968238609272,51.26452303650295,59.5644595137215,0,4.291905756638344,always
3826,53.18019964334587,55.08967358388229,54.325884007667725,-1.9094739405364152,4.291905756638344,2.0716915206271285,1.96,4.060515380429171,51.029158203453115,59.15018896431146,0,4.259615005285809,always
3827,52.800815754416504,54.325884007667725,53.715856706367234,-1.52506825325122,4.259615005285809,2.0638834766734795,1.96,4.04521161428002,50.280672393387704,58.371095621947745,0,4.162925913875255,always
3828,53.394154929613094,53.715856706367234,53.587175995665575,-0.32170177675413925,4.162925913875255,2.040324953009999,1.96,3.999036907899598,49.71681979846763,57.714893614266835,0,3.9599542198398305,always
3829,55.604944871424856,53.587175995665575,54.39428354596929,2.0177688757592804,3.9599542198398305,1.9899633714819553,1.96,3.900328208104632,49.68684778756094,57.48750420377021,0,3.9655260706469826,always
3830,55.699904423931635,54.39428354596929,54.91653189715423,1.3056208779623475,3.9655260706469826,1.991362867647929,1.96,3.9030712205899407,50.491212325379344,58.29735476655923,0,3.8524820609631916,always
3831,54.65790478240136,54.91653189715423,54.81308105125308,-0.25862711475286915,3.8524820609631916,1.9627740728273317,1.96,3.84703718274157,51.069494714412656,58.7635690798958,0,3.6632023571393018,always
3832,51.94445539190525,54.81308105125308,53.66563078751395,-2.8686256593478276,3.6632023571393018,1.913949413422231,1.96,3.7513408503075727,51.06174020094551,58.56442190156065,0,3.8914928979557746,always
3833,51.07398572787962,53.66563078751395,52.628972763660215,-2.591645059634331,3.8914928979557746,1.97268672068217,1.96,3.8664659725370534,49.79916481497689,57.532096760051004,0,4.0327494588143376,always
3834,56.574833977940614,52.628972763660215,54.20731724937237,3.9458612142803986,4.0327494588143376,2.0081706747222303,1.96,3.9360145224555714,48.69295824120464,56.56498728611579,1,4.60960302199174,always
3835,56.828668934891525,54.20731724937237,55.25585792358004,2.6213516855191514,4.60960302199174,2.1469986078224967,1.96,4.208117271332093,49.99919997804028,58.415434520704466,0,4.722697103850858,always
3836,53.33512637859706,55.25585792358004,54.48756530558684,-1.9207315449829778,4.722697103850858,2.1731767309289087,1.96,4.259426392620661,50.99643153095938,59.5152843162007,0,4.67102273205295,always
3837,54.420890108096415,54.48756530558684,54.46089522659067,-0.06667519749042583,4.67102273205295,2.161254897519714,1.96,4.236059599138639,50.2515057064482,58.72362490472548,0,4.437693874548321,always
3838,55.09518369858465,54.46089522659067,54.71461061538827,0.6342884719939761,4.437693874548321,2.1065834601430633,1.96,4.128903581880404,50.33199164471027,58.58979880847107,0,4.235925274106128,always
3839,55.40139754039936,54.71461061538827,54.9893253853927,0.6867869250110914,4.235925274106128,2.058136359453894,1.96,4.033947264529632,50.68066335085864,58.7485578799179,0,4.04771282441913,always
3840,54.17367606202499,54.9893253853927,54.66306565604562,-0.8156493233677153,4.04771282441913,2.0118928461573518,1.96,3.9433099784684096,51.0460154069243,58.93263536386111,0,3.8785913741336837,always
3841,53.01299723115011,54.66306565604562,54.00303828608742,-1.6500684248955082,3.8785913741336837,1.9694139671825432,1.96,3.860051375677785,50.80301428036783,58.5231170317234,0,3.8207980957688568,always
3842,53.154080748931634,54.00303828608742,53.663455271225104,-0.8489575371557834,3.8207980957688568,1.9546861885655347,1.96,3.831184929588448,50.17185335649897,57.83422321567586,0,3.665794635975095,always
3843,51.999342578335984,53.663455271225104,52.99781019406946,-1.6641126928891197,3.665794635975095,1.91462650038463,1.96,3.7526679407538746,49.91078733047123,57.41612321197898,0,3.620968456908074,always
3844,53.17817405840593,52.99781019406946,53.069955739804044,0.18036386433647067,3.620968456908074,1.9028842468495224,1.96,3.729653123825064,49.26815707024439,56.727463317894525,0,3.4415465902405895,always
3845,55.03878276143949,53.069955739804044,53.857486548458226,1.9688270216354482,3.4415465902405895,1.8551405850340803,1.96,3.636075546666797,49.43388019313725,56.70603128647084,0,3.4632832527846555,always
3846,57.897377478426364,53.857486548458226,55.47344292044548,4.039890929968138,3.4632832527846555,1.8609898583239661,1.96,3.6475401223149735,50.209946426143254,57.5050266707732,1,4.106155026447364,always
3847,56.035533703843896,55.47344292044548,55.69827923380485,0.5620907833984177,4.106155026447364,2.0263649785878566,1.96,3.971675358032199,51.50176756241328,59.44511827847768,0,3.916644577564068,always
3848,49.8588659197777,55.69827923380485,53.36251390819399,-5.839413314027148,3.916644577564068,1.9790514337843945,1.96,3.878940810217413,51.81933842358743,59.57722004402226,1,5.42574974128774,always
3849,50.44407455076774,53.36251390819399,52.19513816522349,-2.9184393574262515,5.42574974128774,2.329323880718982,1.96,4.565474806209205,48.79703910198479,57.92798871440319,0,5.580326668372081,always
3850,58.13376797023425,52.19513816522349,54.5705900872278,5.938629805010763,5.580326668372081,2.3622715060661594,1.96,4.6300521518896725,47.56508601333382,56.82519031711316,1,7.064676533001585,always
3851,59.64527285923425,54.5705900872278,56.600463196030375,5.074682772006447,7.064676533001585,2.6579459236413343,1.96,5.209574010337015,49.361016076890785,59.780164097564814,0,7.999062968176458,always
3852,54.19144631471053,56.600463196030375,55.63685644350244,-2.409016881319843,7.999062968176458,2.8282614745062835,1.96,5.543392490032316,51.05707070599806,62.14385568606269,0,7.889277936491833,always
3853,52.26639113085503,55.63685644350244,54.28867031844348,-3.3704653126474113,7.889277936491833,2.808785847388838,1.96,5.505220260882123,50.13163618262031,61.142076704384564,0,8.062815860855212,always
3854,51.83859138382314,54.28867031844348,53.30863874459534,-2.450078934620336,8.062815860855212,2.8395097923506465,1.96,5.565439193007267,48.723231125436214,59.854109511450744,0,7.959819407105967,always
3855,51.62674798554609,53.30863874459534,52.635882440975635,-1.681890759049253,7.959819407105967,2.821315191024563,1.96,5.529777774408143,47.778860970187196,58.83841651900349,0,7.703266263019432,always
3856,53.22169905456498,52.635882440975635,52.87020908641137,0.5858166135893441,7.703266263019432,2.7754758624458313,1.96,5.439932690393829,47.1959497505818,58.07581513136947,0,7.335262005106324,always
3857,54.944435098824236,52.87020908641137,53.69989949137651,2.074226012412865,7.335262005106324,2.7083688827606784,1.96,5.30840301021093,47.56180607620044,58.1786120966223,0,7.183619582379516,always
3858,52.235078278361954,53.69989949137651,53.11397100617069,-1.4648212130145595,7.183619582379516,2.6802275243679436,1.96,5.25324594776117,48.44665354361534,58.953145439137685,0,6.931723662565412,always
3859,50.8325904817971,53.11397100617069,52.20141879642125,-2.2813805243735885,6.931723662565412,2.6328166784957534,1.96,5.160320689851677,47.95365031631901,58.27429169602236,0,6.845372334286696,always
3860,53.08501849467082,52.20141879642125,52.55485867572108,0.8835996982495686,6.845372334286696,2.616366246206119,1.96,5.128077842563993,47.073340953857254,57.32949663898525,0,6.542141138909697,always
3861,54.509956091920515,52.55485867572108,53.33689764220085,1.9550974161994361,6.542141138909697,2.5577609620348998,1.96,5.013211485588403,47.54164719013268,57.56807016130948,0,6.406154377305697,always
3862,55.443181314536034,53.33689764220085,54.179411111134925,2.1062836723351808,6.406154377305697,2.531038201471028,1.96,4.960834874883215,48.376062767317634,58.29773251708407,0,6.3076682038577,always
3863,52.876428251798515,54.179411111134925,53.65821796740036,-1.3029828593364101,6.3076682038577,2.511507157835251,1.96,4.922554029357092,49.25685708177783,59.10196514049202,0,6.077173010251039,always
3864,53.762936916641046,53.65821796740036,53.70010554709664,0.10471894924068437,6.077173010251039,2.4651922866687377,1.96,4.831776881870725,48.82644108552964,58.489994849271085,0,5.773862662654991,always
3865,52.73140937849508,53.70010554709664,53.31262707965602,-0.9686961686015607,5.773862662654991,2.4028863191285166,1.96,4.709657185491892,48.99044836160475,58.40976273258853,0,5.532088142875408,always
3866,55.90897862168298,53.31262707965602,54.3511676964668,2.5963515420269587,5.532088142875408,2.35203914569367,1.96,4.6099967255595935,48.70263035409643,57.92262380521561,0,5.592535802220926,always
3867,53.29354505719478,54.3511676964668,53.92811864075799,-1.0576226392720258,5.592535802220926,2.3648542877354886,1.96,4.635114403961557,49.716053292505244,58.98628210042836,0,5.368837294464916,always
3868,51.07030631790026,53.92811864075799,52.784993711614895,-2.8578123228577255,5.368837294464916,2.3170751594337453,1.96,4.54146731249014,49.386651328267845,58.46958595324813,0,5.5087499933755435,always
3869,53.30896746669051,52.784993711614895,52.99458321364514,0.523973755075616,5.5087499933755435,2.3470726433955007,1.96,4.600262381055181,48.184731330559714,57.385256092670076,0,5.247039918507168,always
3870,57.634077198310635,52.99458321364514,54.85038080751134,4.639493984665492,5.247039918507168,2.2906418136642768,1.96,4.489657954781983,48.50492525886316,57.484241168427126,1,6.060933144269174,always
3871,57.086027139815386,54.85038080751134,55.744639340432954,2.235646332304043,6.060933144269174,2.461896249696395,1.96,4.825316649404934,50.02506415810641,59.675697456916275,0,6.007792213212941,always
3872,54.966364565007495,55.744639340432954,55.43332943026277,-0.7782747754254586,6.007792213212941,2.4510798055577343,1.96,4.804116418893159,50.940522921539795,60.54875575932611,0,5.737688183855471,always
3873,53.15061052160639,55.43332943026277,54.52024186680022,-2.282718908656385,5.737688183855471,2.395347194845764,1.96,4.694880501897697,50.738448928365074,60.12820993216047,0,5.711344055459567,always
3874,51.55508634928729,54.52024186680022,53.33417965979505,-2.965155517512926,5.711344055459567,2.389841847373915,1.96,4.6840900208528735,49.83615184594735,59.20433188765309,0,5.865384214838456,always
3875,52.31003902641011,53.33417965979505,52.92452340644107,-1.0241406333849383,5.865384214838456,2.421855531372269,1.96,4.746836841489648,48.5873428183054,58.081016501284694,0,5.624558205944038,always
3876,52.478115661230504,52.92452340644107,52.74596030835684,-0.44640774521056414,5.624558205944038,2.3716151049325096,1.96,4.648365605667719,48.27615780077335,57.57288901210879,0,5.353294289396035,always
3877,52.10128493186794,52.74596030835684,52.48809015776128,-0.6446753764889053,5.353294289396035,2.3137187144067526,1.96,4.534888680237235,48.211071628119605,57.28084898859408,0,5.106409891978789,always
3878,54.31183650748513,52.48809015776128,53.21758869765082,1.823746349723855,5.106409891978789,2.2597366864258297,1.96,4.429083905394626,48.05900625236665,56.917174063155905,0,5.017391934786403,always
3879,53.53919246542517,53.21758869765082,53.34623020476056,0.3216037677743486,5.017391934786403,2.2399535563904895,1.96,4.39030897052536,48.82727972712546,57.60789766817618,0,4.771693787219416,always
3880,54.13442823559757,53.34623020476056,53.66150941709536,0.7881980308370089,4.771693787219416,2.1844206983132657,1.96,4.281464568694001,49.06476563606656,57.62769477345456,0,4.5641719046492115,always
3881,52.445826580314304,53.66150941709536,53.17523628238294,-1.2156828367810562,4.5641719046492115,2.136392263758978,1.96,4.1873288369675965,49.474180580127765,57.848838254062954,0,4.4098575473989525,always
3882,53.53235636056493,53.17523628238294,53.31808431365573,0.35712007818199254,4.4098575473989525,2.0999660824401314,1.96,4.115933521582657,49.059302760800286,57.291169803965595,0,4.195741407541041,always
3883,53.85097667273736,53.31808431365573,53.531241257288386,0.5328923590816288,4.195741407541041,2.0483508995142996,1.96,4.014767763048027,49.303316550607704,57.33285207670376,0,4.000153050482368,always
3884,56.34183112383592,53.531241257288386,54.6554772039074,2.810589866547531,4.000153050482368,2.000038262254592,1.96,3.920074994019,49.61116626326938,57.45131625130739,0,4.1951161678552324,always
3885,56.05268868130146,54.6554772039074,55.21436179486503,1.397211477394059,4.1951161678552324,2.0481982735700255,1.96,4.01446861619725,50.641008587710154,58.66994582010465,0,4.082970355090555,always
3886,56.00187198635413,55.21436179486503,55.52936587146067,0.7875101914891047,4.082970355090555,2.020636126345007,1.96,3.9604468076362136,51.25391498722881,59.174808602501244,0,3.909830452420987,always
3887,53.128808776523954,55.52936587146067,54.569143033485986,-2.4005570949367154,3.909830452420987,1.9773291209156323,1.96,3.875565076994639,51.65380079446603,59.40493094845531,0,4.002472648102487,always
3888,52.64806428310355,54.569143033485986,53.800711533333015,-1.921078750382435,4.002472648102487,2.0006180665240647,1.96,3.921211410387167,50.64793162309882,58.49035444387315,0,3.986876193955909,always
3889,52.240303444425734,53.800711533333015,53.1765482977701,-1.5604080889072804,3.986876193955909,1.9967163529044152,1.96,3.9135640516926538,49.88714748164036,57.71427558502567,0,3.909276054454477,always
3890,53.08724206098704,53.1765482977701,53.14082580305687,-0.08930623678305949,3.909276054454477,1.9771889273548133,1.96,3.875290297615434,49.30125800015466,57.05183859538553,0,3.714211031928171,always
3891,54.02653718026241,53.14082580305687,53.49511035393908,0.8857113772055385,3.714211031928171,1.9272288478351944,1.96,3.777368541756981,49.36345726129989,56.91819434481385,0,3.567724712517329,always
3892,53.471013946633214,53.49511035393908,53.485471791016735,-0.02409640730586915,3.567724712517329,1.8888421618857751,1.96,3.7021306372961194,49.79297971664296,57.197240991235205,0,3.3893675087337147,always
3893,51.93358548958018,53.485471791016735,52.864717270442114,-1.5518863014365536,3.3893675087337147,1.8410234948891104,1.96,3.6084060499826562,49.87706574103408,57.09387784099939,0,3.34031668792635,always
3894,50.99186833495253,52.864717270442114,52.11557769624628,-1.8728489354895856,3.34031668792635,1.8276533281578184,1.96,3.582200523189324,49.28251674725279,56.446917793631435,0,3.348679010288256,always
3895,49.80620608262033,52.11557769624628,51.191829050795896,-2.309371613625949,3.348679010288256,1.8299396193012096,1.96,3.5866816538303707,48.52889604241591,55.702259350076645,0,3.447904922264909,always
3896,51.490769786840744,51.191829050795896,51.311405345213835,0.29894073604484817,3.447904922264909,1.856853500485407,1.96,3.6394328609513975,47.5523961898445,54.83126191174729,0,3.279977954335015,always
3897,55.62009967580205,51.311405345213835,53.03488307744912,4.308694330588217,3.279977954335015,1.8110709412761874,1.96,3.549699044901327,47.76170630031251,54.86110439011516,1,4.044221398340417,always
3898,53.916427114040935,53.03488307744912,53.38750069208585,0.8815440365918121,4.044221398340417,2.0110249621375704,1.96,3.941608925789638,49.093274151659486,56.97649200323876,0,3.8808663228459253,always
3899,51.17512216114358,53.38750069208585,52.502549279708944,-2.2123785309422743,3.8808663228459253,1.9699914524804227,1.96,3.8611832468616285,49.52631744522422,57.24868393894748,0,3.9315539449123436,always
3900,55.12070759651505,52.502549279708944,53.54981260643139,2.6181583168061024,3.9315539449123436,1.9828146521831898,1.96,3.8863167182790517,48.61623256142989,56.388865997988,0,4.077713896259775,always
3901,57.71761940256486,53.54981260643139,55.21693532488477,4.167806796133469,4.077713896259775,2.019335013379349,1.96,3.957896626223524,49.591915980207865,57.50770923265491,1,4.742358875941603,always
3902,58.739286857028645,55.21693532488477,56.62587593774232,3.5223515321438725,4.742358875941603,2.1776957721274117,1.96,4.268283713369727,50.94865161151505,59.4852190382545,0,5.125588947944338,always
3903,58.535738132685495,56.62587593774232,57.389820815719595,1.909862194943173,5.125588947944338,2.2639763576381133,1.96,4.437393660970702,52.18848227677162,61.06326959871302,0,5.051688180730778,always
3904,57.93308864576889,57.389820815719595,57.607127947739315,0.5432678300492952,5.051688180730778,2.247596089320939,1.96,4.40528833506904,52.98453248065056,61.79510915078863,0,4.813860768452562,always
3905,54.39601277520649,57.607127947739315,56.322681878726186,-3.2111151725328213,4.813860768452562,2.194051222841564,1.96,4.300340396769465,53.30678755096985,61.90746834450878,0,5.088730762593459,always
3906,54.51197382239022,56.322681878726186,55.598398656191804,-1.8107080563359688,5.088730762593459,2.255821527203218,1.96,4.421410193318307,51.90127168540788,60.744092072044495,0,4.998227407727784,always
3907,54.269337001553296,55.598398656191804,55.0667739943364,-1.3290616546385081,4.998227407727784,2.235671578682295,1.96,4.381916294217298,51.216482361974506,59.9803149504091,0,4.836636281432917,always
3908,60.16259207810236,55.0667739943364,57.10510122784279,5.0958180837659555,4.836636281432917,2.1992353856358617,1.96,4.310501355846289,50.75627263849011,59.37727535018269,1,5.893172564503078,always
3909,57.758073850061365,57.10510122784279,57.36629027673021,0.6529726222185772,5.893172564503078,2.427585748125713,1.96,4.7580680663263974,52.34703316151639,61.86316929416918,0,5.6198325985462745,always
3910,54.189287942680906,57.36629027673021,56.095489343110486,-3.1770023340493054,5.6198325985462745,2.370618610942358,1.96,4.646412477447021,52.71987779928319,62.01270275417723,0,5.843508160146698,always
3911,53.261134558315604,56.095489343110486,54.961747429192535,-2.8343547847948827,5.843508160146698,2.4173349292447455,1.96,4.737976461319701,51.35751288179078,60.83346580443019,0,5.953011104443845,always
3912,53.80454604856459,54.961747429192535,54.498866876941364,-1.1572013806279458,5.953011104443845,2.4398793216968424,1.96,4.782163470525811,50.179583958666726,59.743910899718344,0,5.722316300988013,always
3913,58.86855121461577,54.498866876941364,56.24674061201112,4.369684337674407,5.722316300988013,2.3921363466550174,1.96,4.688587239443834,49.81027963749753,59.1874541163852,0,6.390907546484463,always
3914,63.24002955611241,56.24674061201112,59.04405618965164,6.9932889441012875,6.390907546484463,2.5280244354998755,1.96,4.954927893579756,51.291812718431366,61.20166850559088,1,8.516666681944706,always
3915,58.983618447390626,59.04405618965164,59.01988109274724,-0.060437742261015615,8.516666681944706,2.918332860032369,1.96,5.719932405663442,53.3241237839882,64.76398859531508,0,8.09101598388195,always
3916,52.97702157011156,59.01988109274724,56.602737283692974,-6.0428595226356805,8.09101598388195,2.844471125513836,1.96,5.5751634060071185,53.44471768674012,64.59504449875436,1,9.512272745203289,always
3917,50.1265154702826,56.602737283692974,54.01224855832882,-6.476221813410376,9.512272745203289,3.08419726107188,1.96,6.045026631700885,50.55771065199209,62.64776391539386,1,11.133731556767742,always
3918,54.408735419330625,54.01224855832882,54.17084330272954,0.3964868610018044,11.133731556767742,3.3367246750020807,1.96,6.539980363004078,47.472268195324745,60.5522289213329,0,10.584905070476708,always
3919,58.29493538171491,54.17084330272954,55.82048013432368,4.12409207898537,10.584905070476708,3.2534451079550593,1.96,6.376752411591916,47.79409089113762,60.54759571432145,0,10.906066590750365,always
3920,57.98314932982341,55.82048013432368,56.68554781252357,2.1626691954997312,10.906066590750365,3.302433434719066,1.96,6.472769532049369,49.34771060227431,62.29324966637305,0,10.594620163671019,always
3921,57.161984788000936,56.68554781252357,56.87612260271452,0.4764369754773625,10.594620163671019,3.254937812565859,1.96,6.379678112629083,50.30586969989449,63.06522592515266,0,10.076238765067568,always
3922,57.08587592211208,56.87612260271452,56.96002393047354,0.2097533193975636,10.076238765067568,3.174309179186484,1.96,6.221645991205508,50.65447661150901,63.09776859392002,0,9.574626649564104,always
3923,57.34265804617363,56.96002393047354,57.113077576753575,0.38263411570009254,9.574626649564104,3.094289360994557,1.96,6.064807147549332,50.89521678292421,63.02483107802287,0,9.103215760410778,always
3924,56.575969558695405,57.113077576753575,56.8982343695303,-0.53710801805817,9.103215760410778,3.0171535858173972,1.96,5.9136210282020985,51.199456548551474,63.026698604955676,0,8.66247922354336,always
3925,54.80931996776903,56.8982343695303,56.06266860882579,-2.088914401761272,8.66247922354336,2.9432090009959126,1.96,5.768689641951989,51.12954472757831,62.66692401148229,0,8.447533431260474,always
3926,56.78385684802379,56.06266860882579,56.35114390450499,0.7211882391979998,8.447533431260474,2.9064640770634815,1.96,5.696669591044424,50.36599901778136,61.759338199870214,0,8.051162383515326,always
3927,57.87192476406206,56.35114390450499,56.95945624832782,1.520780859557071,8.051162383515326,2.837457027606819,1.96,5.561415774109365,50.78972813039562,61.91255967861435,0,7.764242985479316,always
3928,58.851262721677315,56.95945624832782,57.71617883766761,1.8918064733494973,7.764242985479316,2.7864391228733703,1.96,5.4614206808318055,51.49803556749601,62.420876929159625,0,7.554977422835703,always
3929,58.747408575183705,57.71617883766761,58.12867073267405,1.0312297375160924,7.554977422835703,2.748631918397897,1.96,5.387318560059878,52.32886027760773,63.103497397727494,0,7.230400290270793,always
3930,54.877670680700895,58.12867073267405,56.82827071188479,-3.2510000519731577,7.230400290270793,2.6889403656962703,1.96,5.27032311676469,52.858347615909366,63.39899384943874,0,7.397330342653726,always
3931,52.58906480964228,56.82827071188479,55.13258835098779,-4.23920590224251,7.397330342653726,2.719803364703729,1.96,5.3308145948193095,51.49745611706548,62.1590853067041,0,7.926007159601426,always
3932,54.168792467324124,55.13258835098779,54.74706999752232,-0.9637958836636642,7.926007159601426,2.815316529202609,1.96,5.518020397237113,49.61456795375067,60.650608748224904,0,7.576151926889706,always
3933,55.80984496313733,54.74706999752232,55.172179983768316,1.062774965615013,7.576151926889706,2.7524810493243557,1.96,5.394862856675737,49.35220714084658,60.14193285419805,0,7.253818861922119,always
3934,58.72188840818448,55.172179983768316,56.59206335353478,3.549708424416167,7.253818861922119,2.693291455064253,1.96,5.278851251925936,49.89332873184238,60.45103123569425,0,7.521149413744568,always
3935,59.04267507732389,56.59206335353478,57.57230804305043,2.450611723789109,7.521149413744568,2.7424714061854076,1.96,5.3752439561233984,51.216819397411385,61.96730730965818,0,7.44536683409597,always
3936,58.90093683298006,57.57230804305043,58.10375955902228,1.3286287899296312,7.44536683409597,2.728619950468729,1.96,5.348095102918709,52.22421294013172,62.92040314596913,0,7.161361215462665,always
3937,57.60145478724246,58.10375955902228,57.902837650310346,-0.5023047717798192,7.161361215462665,2.6760719750153705,1.96,5.245101071030126,52.85865848799215,63.34886063005241,0,6.81590865887717,always
3938,56.610878828665506,57.902837650310346,57.38605412165241,-1.2919588216448403,6.81590865887717,2.610729526181747,1.96,5.117029871316224,52.78580777899412,63.01986752162657,0,6.5585711057746074,always
3939,58.152894574094326,57.38605412165241,57.69279030262918,0.7668404524419188,6.5585711057746074,2.5609707350484516,1.96,5.019502640694965,52.36655148095744,62.40555676234737,0,6.260044764460943,always
3940,58.478388339726415,57.69279030262918,58.00702951746807,0.7855980370972375,6.260044764460943,2.5020081463618267,1.96,4.90393596686918,52.78885433576,62.596726269498355,0,5.977900740032447,always
3941,57.30023716194526,58.00702951746807,57.72431257525895,-0.7067923555228077,5.977900740032447,2.44497458883164,1.96,4.792150194110015,53.214879323358055,62.799179711578084,0,5.703983474722098,always
3942,58.54912767819998,57.72431257525895,58.05423861643536,0.8248151029410309,5.703983474722098,2.388301378537076,1.96,4.681070701932669,53.04324187332628,62.40538327719162,0,5.452800298687975,always
3943,57.83962935067654,58.05423861643536,57.968394910131835,-0.2146092657588241,5.452800298687975,2.335123187047736,1.96,4.576841446613562,53.4773971698218,62.63108006304893,0,5.182463140601053,always
3944,56.16020286392905,57.968394910131835,57.245118091650724,-1.8081920462027838,5.182463140601053,2.2765023919603187,1.96,4.461944688242225,53.50645022188961,62.43033959837406,0,5.086817907368551,always
3945,54.70707215485268,57.245118091650724,56.22989971693151,-2.538045936798042,5.086817907368551,2.2553975054008886,1.96,4.4205791105857415,52.82453898106498,61.665697202236466,0,5.154560870864976,always
3946,56.9861800495152,56.22989971693151,56.53241184996499,0.7562803325836853,5.154560870864976,2.2703658011133308,1.96,4.449916970182128,51.77998274674938,60.67981668711364,0,4.925430824394371,always
3947,59.88124776504648,56.53241184996499,57.87194621599758,3.3488359150814944,4.925430824394371,2.219331166003481,1.96,4.349889085366823,52.18252276459816,60.88230093533181,0,5.239894382481637,always
3948,58.54727753212014,57.87194621599758,58.14207874244661,0.6753313161225591,5.239894382481637,2.2890815587221085,1.96,4.486599855095332,53.38534636090225,62.35854607109292,0,5.000703282684347,always
3949,58.3371160724186,58.14207874244661,58.220093674435404,0.19503732997199563,5.000703282684347,2.236225230759269,1.96,4.383001452288167,53.75907729015844,62.52508019473478,0,4.752570096554259,always
3950,53.96110832943373,58.220093674435404,56.516499536434736,-4.258985345001676,4.752570096554259,2.1800390126220814,1.96,4.272876464739279,53.94721720969613,62.49297013917468,0,5.421889400173499,always
3951,54.31242689923906,56.516499536434736,55.63487048155646,-2.2040726371956794,5.421889400173499,2.328495093439859,1.96,4.563850383142124,51.95264915329261,61.08034991957686,0,5.39369173966656,always
3952,56.734259606669916,55.63487048155646,56.074626131601846,1.0993891251134542,5.39369173966656,2.322432289576288,1.96,4.551967287569524,51.08290319398694,60.18683776912599,0,5.184439975104118,always
3953,56.9813507557714,56.074626131601846,56.43731598126966,0.9067246241695557,5.184439975104118,2.2769365329547764,1.96,4.462795604591362,51.61183052701048,60.53742173619321,0,4.966325453552683,always
3954,60.58497220710069,56.43731598126966,58.09637847160207,4.147656225831028,4.966325453552683,2.228525398902306,1.96,4.36790978184852,52.069406199421145,60.80522576311818,0,5.578161789258793,always
3955,58.948518997341566,58.09637847160207,58.43723468189787,0.8521405257394932,5.578161789258793,2.361813241824762,1.96,4.629153953976534,53.46722451762554,62.725532425578606,0,5.335560873576233,always
3956,55.65252913744794,58.43723468189787,57.323352464117896,-2.7847055444499276,5.335560873576233,2.3098833030212225,1.96,4.527371273921596,53.909863407976275,62.964605955819465,0,5.456512078361929,always
3957,55.143701153948236,57.323352464117896,56.45149194005003,-2.1796513101696604,5.456512078361929,2.3359178235464384,1.96,4.57839893415102,52.74495352996688,61.901751398268914,0,5.421230466140049,always
3958,53.44323551585622,56.45149194005003,55.24818937037251,-3.00825642419381,5.421230466140049,2.32835359559927,1.96,4.563573047374569,51.887918892675465,61.0150649874246,0,5.6026492785182125,always
3959,54.541788844522245,55.24818937037251,54.96562916003241,-0.7064005258502633,5.6026492785182125,2.3669916093045646,1.96,4.639303554236947,50.60888581613556,59.887492924609454,0,5.347466899738378,always
3960,58.665815502953336,54.96562916003241,56.445703697200784,3.7001863429209294,5.347466899738378,2.312459059040479,1.96,4.5324197557193395,50.43320940431307,59.498048915751745,0,5.7646625033683865,always
3961,58.17267684711171,56.445703697200784,57.13649295716516,1.7269731499109255,5.7646625033683865,2.400971158379123,1.96,4.705903470423081,51.7398002267777,61.151607167623865,0,5.62555119122563,always
3962,55.51488561258995,57.13649295716516,56.48785001933508,-1.6216073445752102,5.62555119122563,2.371824443593081,1.96,4.648775909442439,52.48771704772272,61.7852688666076,0,5.475754150663361,always
3963,57.374381398769714,56.48785001933508,56.84246257110893,0.8865313794346363,5.475754150663361,2.340032937944114,1.96,4.586464558370463,51.90138546096461,61.07431457770554,0,5.2412633374663065,always
3964,59.8650676343946,56.84246257110893,58.0515045964232,3.022605063285667,5.2412633374663065,2.289380557588953,1.96,4.487185892874348,52.35527667823458,61.32964846398328,0,5.436007239022999,always
3965,59.194835589493614,58.0515045964232,58.50883699365137,1.143330993070414,5.436007239022999,2.3315246597501385,1.96,4.569788333110271,53.48171626331293,62.62129292953347,0,5.229567165057618,always
3966,56.089191535440875,58.50883699365137,57.54097881036717,-2.4196454582104963,5.229567165057618,2.2868246904950142,1.96,4.482176393370228,54.02666060028115,62.991013387021596,0,5.260823013976671,always
3967,54.88439052884323,57.54097881036717,56.47834349775759,-2.6565882815239448,5.260823013976671,2.293648406791388,1.96,4.49555087731112,53.045427933056054,62.03652968767829,0,5.350654928154354,always
3968,54.86731360722306,56.47834349775759,55.83393154154378,-1.6110298905345317,5.350654928154354,2.313148271977902,1.96,4.533770613076688,51.9445728846809,61.01211411083428,0,5.212893047156421,always
3969,55.173533221369254,55.83393154154378,55.56977221347397,-0.6603983201745223,5.212893047156421,2.283176087636786,1.96,4.4750251317681,51.35890640977568,60.308956673311876,0,4.974054691863066,always
3970,55.29133839674738,55.56977221347397,55.45839868678333,-0.27843381672659007,4.974054691863066,2.230258884493696,1.96,4.371307413607644,51.19846479986632,59.94107962708161,0,4.72922822678476,always
3971,55.84845481718599,55.45839868678333,55.614421138944394,0.3900561304026553,4.72922822678476,2.174678879003693,1.96,4.262370602847239,51.19602808393609,59.720769289630574,0,4.500374004688756,always
3972,55.498822205910784,55.614421138944394,55.56818156573095,-0.1155989330336098,4.500374004688756,2.121408495478595,1.96,4.157960651138046,51.456460487806346,59.77238179008244,0,4.276023460120244,always
3973,54.21700823713876,55.56818156573095,55.02771223429407,-1.3511733285921963,4.276023460120244,2.0678547966722043,1.96,4.052995401477521,51.515186164253436,59.62117696720847,0,4.153505755309177,always
3974,56.29739784395872,55.02771223429407,55.53558647815993,1.2696856096646485,4.153505755309177,2.0380151509027544,1.96,3.9945096957693984,51.03320253852468,59.022221930063466,0,4.026435544913192,always
3975,58.20932795914601,55.53558647815993,56.60508307055436,2.673741480986081,4.026435544913192,2.0065980028180013,1.96,3.9329320855232823,51.602654392636644,59.46851856368321,0,4.182558443024814,always
3976,60.51558699115072,56.60508307055436,58.1692846387929,3.910503920596362,4.182558443024814,2.0451304220085365,1.96,4.0084556271367315,52.596627443417624,60.61353869769109,0,4.738032566523549,always
3977,57.38968066258538,58.1692846387929,57.85744304830989,-0.7796039762075253,4.738032566523549,2.176702222749715,1.96,4.2663363565894405,53.90294828220346,62.435620995382344,0,4.531520056183301,always
3978,55.807665786410766,57.85744304830989,57.03753214355024,-2.0497772618991235,4.531520056183301,2.128736727776195,1.96,4.1723239864413415,53.68511906186855,62.02976703475123,0,4.51502339454407,always
3979,56.44632800946597,57.03753214355024,56.801050489916534,-0.5912041340842649,4.51502339454407,2.124858441060032,1.96,4.164722544477663,52.872809599072575,61.2022546880279,0,4.3067483412247825,always
3980,56.7707075707859,56.801050489916534,56.78891332226428,-0.03034291913063214,4.3067483412247825,2.0752706669793177,1.96,4.0675305072794625,52.73351998263707,60.868580997196,0,4.091456958800611,always
3981,58.14326092086307,56.78891332226428,57.3306523617038,1.3543475985987925,4.091456958800611,2.0227350194231106,1.96,3.9645606380692966,52.824352684194984,60.75347396033357,0,3.978596981752096,always
3982,58.85094654740096,57.3306523617038,57.93877003598266,1.5202941856971606,3.978596981752096,1.9946420685807507,1.96,3.909498454418271,53.42115390728553,61.24015081612207,0,3.895231853217721,always
3983,57.91755411080535,57.93877003598266,57.93028366591173,-0.021215925177308748,3.895231853217721,1.9736341741107244,1.96,3.8683229812570197,54.07044705472563,61.80709301723968,0,3.700492766330891,always
3984,56.129099635211034,57.93028366591173,57.20981005363146,-1.8011840307006963,3.700492766330891,1.9236664904111864,1.96,3.770386321205925,54.159897344705804,61.70066998711766,0,3.6776813236369064,always
3985,55.369887562892146,57.20981005363146,56.47384105733573,-1.839922490739312,3.6776813236369064,1.9177281672950697,1.96,3.7587472078983364,53.45106284573312,60.968557261529796,0,3.6630629960514787,always
3986,54.29325187193418,56.47384105733573,55.60160538317511,-2.1805891854015513,3.6630629960514787,1.9139130063959227,1.96,3.751269492536008,52.72257156479972,60.225110549871744,0,3.7176583060234143,always
3987,54.869630673787896,55.60160538317511,55.30881549942023,-0.7319747093872166,3.7176583060234143,1.9281230007505783,1.96,3.7791210814711333,51.82248430170398,59.380726464646244,0,3.5585647394813686,always
3988,56.02964118245312,55.30881549942023,55.59714577263338,0.7208256830328921,3.5585647394813686,1.8864158447917492,1.96,3.697375055791828,51.611440443628396,59.00619055521206,0,3.406615985773292,always
3989,55.68451172893377,55.59714577263338,55.632092155153536,0.08736595630038835,3.406615985773292,1.8457020306033398,1.96,3.6175759799825458,51.979569792650835,59.21472175261593,0,3.236666827000641,always
3990,57.243272396165196,55.632092155153536,56.2765642515582,1.6111802410116596,3.236666827000641,1.7990738803619604,1.96,3.5261848055094425,52.10590734964409,59.15827696066298,0,3.204628574101928,always
3991,59.486149376712746,56.2765642515582,57.56039830162002,3.209585125154547,3.204628574101928,1.7901476403084544,1.96,3.5086893750045705,52.76787487655363,59.78525362656277,0,3.559468979177498,always
3992,56.89545977945132,57.56039830162002,57.294422892752536,-0.664938522168697,3.559468979177498,1.886655500926838,1.96,3.6978447818166025,53.86255351980341,61.258243083436625,0,3.4036026921318174,always
3993,56.006863332931374,57.294422892752536,56.77939906882408,-1.2875595598211618,3.4036026921318174,1.844885549873438,1.96,3.6159756777519383,53.678447215000595,60.910398570504476,0,3.31631303852957,always
3994,54.7927214007386,56.77939906882408,55.984728001589886,-1.986677668085477,3.31631303852957,1.8210746932867883,1.96,3.5693063988421048,53.210092669981975,60.34870546766618,0,3.3478417944465684,always
3995,55.602317917568726,55.984728001589886,55.83176396798142,-0.38241008402115995,3.3478417944465684,1.8297108499559618,1.96,3.586233265913685,52.3984947356762,59.57096126750357,0,3.1877615783422932,always
3996,56.11703568140527,55.83176396798142,55.94587265335096,0.28527171342384605,3.1877615783422932,1.7854303622214711,1.96,3.4994435099540833,52.33232045802734,59.33120747793551,0,3.0324424969491672,always
3997,57.95940592296846,55.94587265335096,56.75128596119796,2.013533269617497,3.0324424969491672,1.7413909661386116,1.96,3.4131262936316786,52.53274635971928,59.35899894698264,0,3.083536183494535,always
3998,56.88644345231517,56.75128596119796,56.80534895764484,0.1351574911172122,3.083536183494535,1.7560000522478738,1.96,3.4417601024058326,53.30952585879213,60.19304606360379,0,2.930272751690063,always
3999,57.85715373046484,56.80534895764484,57.22607086677284,1.0518047728199988,2.930272751690063,1.7118039466276689,1.96,3.355135735390231,53.450213222254604,60.16048469303507,0,2.8390737781119064,always
4000,57.08998935162802,57.22607086677284,57.171638260714914,-0.13608151514481648,2.8390737781119064,1.6849551264386557,1.96,3.302512047819765,53.92355881895307,60.528582914592604,0,2.698045998144517,always
4001,58.10101118135215,57.171638260714914,57.54338742896981,0.9293729206372348,2.698045998144517,1.6425729810710137,1.96,3.219443042899187,53.95219521781573,60.3910813036141,0,2.60633039951798,always
4002,58.18565413947953,57.54338742896981,57.80029411317369,0.6422667105097233,2.60633039951798,1.6144133298254137,1.96,3.164250126457811,54.379137302512,60.70763755542762,0,2.4966392059135294,always
4003,59.99069365845467,57.80029411317369,58.676453931286076,2.1903995452809752,2.4966392059135294,1.5800756962606346,1.96,3.0969483646708436,54.70334574850285,60.897242477844536,0,2.611699754016208,always
4004,61.994416728672306,58.676453931286076,60.003639050240565,3.3179627973862296,2.611699754016208,1.6160754171808345,1.96,3.1675078176744353,55.50894611361164,61.84396174896051,1,3.03155862255735,always
4005,61.36128509278136,60.003639050240565,60.54669746725688,1.357646042540793,3.03155862255735,1.741137163625356,1.96,3.4126288407056977,56.591010209534865,63.416267890946266,0,2.972140830270816,always
4006,62.9278101909543,60.54669746725688,61.49914255673585,2.38111272369742,2.972140830270816,1.7239897999323592,1.96,3.379020007867424,57.16767745938945,63.9257174751243,0,3.1070186789049625,always
4007,62.97072474688752,61.49914255673585,62.08777543279652,1.471582190151672,3.1070186789049625,1.7626737301341284,1.96,3.4548405110628915,58.04430204567296,64.95398306779875,0,3.059945452078294,always
4008,59.60723810557984,62.08777543279652,61.095560501909844,-2.4805373272166804,3.059945452078294,1.7492699768984472,1.96,3.4285691547209565,58.659206278075565,65.51634458751748,0,3.214601451060142,always
4009,57.55193933919354,61.095560501909844,59.67811203682332,-3.543621162716306,3.214601451060142,1.7929309666186655,1.96,3.5141446945725843,57.58141580733726,64.60970519648242,1,3.681733925749678,always
4010,59.18208962995423,59.67811203682332,59.47970307407569,-0.4960224068690948,3.681733925749678,1.918784491742019,1.96,3.760817603814357,55.91729443300896,63.43892964063768,0,3.5099491408680046,always
4011,59.226255337737236,59.47970307407569,59.378323979540305,-0.2534477363384511,3.5099491408680046,1.8734858261721663,1.96,3.6720322192974457,55.80767085477824,63.151735293373136,0,3.3376634715773585,always
4012,61.444140847463956,59.378323979540305,60.204650726709765,2.065816867923651,3.3376634715773585,1.826927330677758,1.96,3.5807775681284055,55.7975464114119,62.95910154766871,0,3.3841602645883846,always
4013,61.545757622375135,60.204650726709765,60.74109348497591,1.3411068956653693,3.3841602645883846,1.8396087259491853,1.96,3.6056331028604034,56.59901762384936,63.81028382957017,0,3.3048806366390253,always
4014,60.3400725159809,60.74109348497591,60.58068509737791,-0.40102096899501305,3.3048806366390253,1.8179330671504452,1.96,3.5631488116148726,57.17794467336104,64.30424229659079,0,3.147677495685759,always
4015,60.2115952000572,60.58068509737791,60.43304913844962,-0.3690898973207126,3.147677495685759,1.7741695228150434,1.96,3.4773722647174847,57.10331283266042,64.0580573620954,0,2.9971049885166816,always
4016,62.29116568709746,60.43304913844962,61.17629575790876,1.8581165486478426,2.9971049885166816,1.731214888024211,1.96,3.3931811805274537,57.03986795792216,63.826230318977075,0,3.019879594508796,always
4017,61.275334840511135,61.17629575790876,61.21591139094971,0.09903908260237415,3.019879594508796,1.7377800765657305,1.96,3.406048950068832,57.77024680783993,64.5823447079776,0,2.869376051777492,always
4018,59.200057504450875,61.21591139094971,60.40956983635017,-2.0158538864988316,2.869376051777492,1.6939232721045814,1.96,3.3200896133249795,57.895821777624725,64.53600100427468,0,2.9290905937742395,always
4019,60.895446517398824,60.40956983635017,60.60392050876963,0.48587668104865145,2.9290905937742395,1.7114586158520573,1.96,3.3544588870700323,57.05511094928014,63.7640287234202,0,2.7944398715448697,always
4020,62.13856478220056,60.60392050876963,61.217778218142,1.5346442734309278,2.7944398715448697,1.671657821309394,1.96,3.2764493297664123,57.32747117900322,63.88036983853605,0,2.7724745302663427,always
4021,60.103945850045335,61.217778218142,60.77224527090333,-1.1138323680966664,2.7724745302663427,1.6650749323277745,1.96,3.2635468673624377,57.954231350779565,64.48132508550444,0,2.6958819309640165,always
4022,58.750864791915454,60.77224527090333,59.963693079308186,-2.0213804789878793,2.6958819309640165,1.6419141058423294,1.96,3.2181516474509655,57.55409362345237,63.9903969183543,0,2.765386786457479,always
4023,59.2416173240348,59.963693079308186,59.67486277719883,-0.7220757552733872,2.765386786457479,1.6629452145087278,1.96,3.2593726204371065,56.70432045887108,63.22306569974529,0,2.6531871169522865,always
4024,60.46225741537063,59.67486277719883,59.989820632467556,0.7873946381717971,2.6531871169522865,1.628860680645305,1.96,3.1925669340647977,56.48229584313403,62.86742971126363,0,2.551527276915757,always
4025,58.37164601079631,59.989820632467556,59.34255078379906,-1.618174621671244,2.551527276915757,1.5973500796368205,1.96,3.1308061560881684,56.859014476379386,63.120626788555725,0,2.554875368381013,always
4026,56.22813198709013,59.34255078379906,58.09678326511549,-3.1144187967089323,2.554875368381013,1.5983977503678528,1.96,3.1328595907209915,56.20969119307807,62.47541037452005,0,2.9121118220266577,always
4027,56.96997115385224,58.09678326511549,57.64605842061019,-1.1268121112632485,2.9121118220266577,1.7064910846607602,1.96,3.3447225259350897,54.7520607391804,61.44150579105058,0,2.829991507629802,always
4028,58.37080903424926,57.64605842061019,57.935958666065815,0.724750613639074,2.829991507629802,1.6822578600291342,1.96,3.297225405657103,54.34883301495309,60.94328382626729,0,2.7147551048468226,always
4029,59.321763822664686,57.935958666065815,58.490280728705365,1.3858051565988703,2.7147551048468226,1.6476513905698689,1.96,3.229396725516943,54.70656194054887,61.16535539158276,0,2.6750401462072824,always
4030,61.10971973960918,58.490280728705365,59.53805633306689,2.619439010903818,2.6750401462072824,1.6355549963872453,1.96,3.205687792919001,55.284592935786364,61.695968521624366,0,2.8843611754891567,always
4031,60.50155619794606,59.53805633306689,59.92345627901855,0.9634998648791679,2.8843611754891567,1.6983407124276202,1.96,3.3287477963581353,56.209308536708754,62.86680412942503,0,2.786559716195807,always
4032,59.79066575647832,59.92345627901855,59.870340070002456,-0.13279052254023327,2.786559716195807,1.6692991691712444,1.96,3.271826371575639,56.65162990744291,63.195282650594194,0,2.6481133965298422,always
4033,57.53716623985056,59.870340070002456,58.9370705379417,-2.3331738301518925,2.6481133965298422,1.6273024907895404,1.96,3.189512881947499,56.680827188054955,63.059852951949956,0,2.7878927327886327,always
4034,57.68450356128976,58.9370705379417,58.43604374728093,-1.2525669766519414,2.7878927327886327,1.6696983957555427,1.96,3.2726088556808635,55.664461682260836,62.209679393622565,0,2.7269442976991503,always
4035,60.47300550946583,58.43604374728093,59.25082845215489,2.0369617621849017,2.7269442976991503,1.6513462077042325,1.96,3.2366385671002957,55.199405180180634,61.67268231438122,0,2.7980577438443635,always
4036,62.08398021229982,59.25082845215489,60.38408915621286,2.833151760144929,2.7980577438443635,1.672739592358704,1.96,3.27856960102306,55.97225885113183,62.52939805317795,0,3.059492301452761,always
4037,59.67702463036511,60.38408915621286,60.10126334587376,-0.7070645258477484,3.059492301452761,1.7491404464629938,1.96,3.428315275067468,56.95577388114539,63.81240443128033,0,2.931514698565738,always
4038,58.75671825163848,60.10126334587376,59.56344530817965,-1.3445450942352792,2.931514698565738,1.7121666678701983,1.96,3.355846669025589,56.74541667684817,63.45711001489935,0,2.875329039159059,always
4039,62.46379041602403,59.56344530817965,60.7235833513174,2.9003451078443803,2.875329039159059,1.6956795213598173,1.96,3.323531861865242,56.23991344631441,62.886977170044894,0,3.152162674430947,always
4040,61.82351822991171,60.7235833513174,61.16355730275512,1.0999348785943113,3.152162674430947,1.7754330948900743,1.96,3.4798488659845455,57.24373448533286,64.20343221730195,0,3.055047377566814,always
4041,58.572435310721346,61.16355730275512,60.12710850594161,-2.591121992033777,3.055047377566814,1.7478693822957176,1.96,3.4258239892996065,57.737733313455514,64.58938129205472,0,3.2379906675685275,always
4042,57.721058487433716,60.12710850594161,59.16468849853845,-2.406050018507891,3.2379906675685275,1.7994417655396708,1.96,3.5269058604577546,56.600202645483854,63.65401436639936,0,3.365544968768192,always
4043,59.2346830983898,59.16468849853845,59.19268633847899,0.06999459985134848,3.365544968768192,1.8345421687080927,1.96,3.5957026506678615,55.56898584787059,62.76039114920631,0,3.1975126825302,always
4044,60.2035280442812,59.19268633847899,59.59702302079988,1.010841705802207,3.1975126825302,1.7881590204817355,1.96,3.5047916801442014,55.68789465833479,62.697478018623194,0,3.088727096113146,always
4045,60.20774322635907,59.59702302079988,59.84131110302356,0.6107202055591898,3.088727096113146,1.7574774809690012,1.96,3.4446558626992423,56.15236715810064,63.041678883499124,0,2.9529396997814015,always
4046,57.607711718269584,59.84131110302356,58.94787134912197,-2.2335993847539726,2.9529396997814015,1.7184119703323186,1.96,3.3680874618513443,56.47322364117221,63.2093985648749,0,3.0547410253709977,always
4047,56.76680970515329,58.94787134912197,58.075446691534495,-2.1810616439686754,3.0547410253709977,1.747781744203491,1.96,3.4256522186388425,55.52221913048312,62.37352356776081,0,3.139855468842015,always
4048,58.782227108349936,58.075446691534495,58.35815885826067,0.706780416815441,3.139855468842015,1.7719637323720863,1.96,3.473048915449289,54.602397776085205,61.548495606983785,0,3.0078396232796045,always
4049,60.38802945739966,58.35815885826067,59.17010709791627,2.029870599138988,3.0078396232796045,1.7343124353125086,1.96,3.3992523732125166,54.95890648504815,61.75741123147319,0,3.063466374578068,always
4050,59.74242020797483,59.17010709791627,59.399032341939694,0.572313110058559,3.063466374578068,1.7502760852442873,1.96,3.4305411270788033,55.73956597083747,62.600648224995076,0,2.9266701706464096,always
4051,59.13591701697041,59.399032341939694,59.29378621195198,-0.26311532496928436,2.9266701706464096,1.71075134681999,1.96,3.35307263976718,56.04595970217252,62.75210498170687,0,2.7837981458257737,always
4052,59.45186238931613,59.29378621195198,59.357016682897644,0.15807617736415125,2.7837981458257737,1.6684717995296694,1.96,3.270204727078152,56.02358148487383,62.563990939030134,0,2.645857642426988,always
4053,61.187279109891264,59.357016682897644,60.08912165369509,1.8302624269936203,2.645857642426988,1.6266092470003322,1.96,3.188154124120651,56.16886255877699,62.545170807018295,0,2.6810577878888675,always
4054,60.587618668437614,60.08912165369509,60.2885204595921,0.49849701474252583,2.6810577878888675,1.6373935958983312,1.96,3.2092914479607293,56.87983020573436,63.29841310165582,0,2.5594298621797846,always
4055,60.10758645406431,60.2885204595921,60.216146857380984,-0.1809340055277886,2.5594298621797846,1.5998218220101215,1.96,3.135650771139838,57.15286968845226,63.424171230731936,0,2.433095224788612,always
4056,58.708342086068896,60.216146857380984,59.61302494885615,-1.5078047713120881,2.433095224788612,1.5598382046829766,1.96,3.0572828811786343,57.15886397620235,63.27342973855962,0,2.4251142249687563,always
4057,59.7793556100069,59.61302494885615,59.67955721331646,0.16633066115075223,2.4251142249687563,1.5572778252350337,1.96,3.052264537460666,56.560760411395485,62.665289486316816,0,2.3052418081622608,always
4058,60.82703776938823,59.67955721331646,60.13854943574516,1.1474805560717698,2.3052418081622608,1.5183022782576139,1.96,2.9758724653849233,56.70368474793153,62.65542967870138,0,2.2558152990822866,always
4059,61.65527036139921,60.13854943574516,60.745237806006784,1.5167209256540488,2.2558152990822866,1.5019371821358865,1.96,2.943796876986337,57.19475255875882,63.0823463127315,0,2.258046652444016,always
4060,61.39983402581214,60.745237806006784,61.00707629392893,0.6545962198053559,2.258046652444016,1.5026798236630503,1.96,2.9452524543795784,57.79998535162721,63.69049026038636,0,2.166569130370988,always
4061,60.6453686691094,61.00707629392893,60.862393244001126,-0.36170762481953034,2.166569130370988,1.471927012582821,1.96,2.8849769446623292,58.122099349266605,63.89205323859126,0,2.064782294145068,always
4062,59.2896780755729,60.862393244001126,60.233307176629836,-1.5727151684282248,2.064782294145068,1.4369350347684713,1.96,2.8163926681462037,58.04600057585492,63.67878591214733,0,2.0852148294880255,always
4063,59.36853135135574,60.233307176629836,59.8873968465202,-0.8647758252740942,2.0852148294880255,1.4440272952711197,1.96,2.8302934987313946,57.40301367789844,63.06360067536123,0,2.0183459494125486,always
4064,61.321543165704284,59.8873968465202,60.46105537419383,1.4341463191840873,2.0183459494125486,1.4206850282214383,1.96,2.784542655314019,57.10285419120618,62.67193950183422,0,2.0202674351833845,always
4065,59.88054836964051,60.46105537419383,60.2288525723725,-0.5805070045533256,2.0202674351833845,1.4213611206105874,1.96,2.7858677963967513,57.67518757779708,63.246923170590584,0,1.936103482540989,always
4066,58.07494577088686,60.2288525723725,59.367289851778246,-2.1539068014856397,1.936103482540989,1.39143935640077,1.96,2.7272211385455094,57.501631433826994,62.95607371091801,0,2.0712640338882444,always
4067,58.92684037463741,59.367289851778246,59.191110060921915,-0.44044947714083804,2.0712640338882444,1.439188672095582,1.96,2.8208097973073407,56.546480054470905,62.188099649085586,0,1.977400619289514,always
4068,60.69155087473719,59.191110060921915,59.79128638644802,1.500440813815274,1.977400619289514,1.4062007748858318,1.96,2.7561535187762303,56.434956542145684,61.947263579698145,0,1.9910967201131702,always
4069,59.4653505886276,59.79128638644802,59.660912067319856,-0.3259357978204207,1.9910967201131702,1.4110622665613202,1.96,2.7656820424601873,57.02560434398784,62.556968428908206,0,1.8968535913225533,always
4070,58.971291070688004,59.660912067319856,59.385063668667115,-0.6896209966318523,1.8968535913225533,1.3772630799242944,1.96,2.699435636651617,56.96147643066824,62.36034770397147,0,1.825789767706201,always
4071,59.25910118675582,59.385063668667115,59.334678675902595,-0.12596248191129433,1.825789767706201,1.3512178831358772,1.96,2.648387050946319,56.736676617720796,62.033450719613434,0,1.7352936066633535,always
4072,56.496895003304274,59.334678675902595,58.19956520686327,-2.83778367259832,1.7352936066633535,1.3173054340825265,1.96,2.581918650801752,56.75276002510084,61.91659732670435,1,2.0511797349534664,always
4073,57.689195424716516,58.19956520686327,57.99541729400457,-0.5103697821467534,2.0511797349534664,1.432194028389124,1.96,2.807100295642683,55.392464911220586,61.00666550250595,0,1.9616446139322192,always
4074,59.87909300390507,57.99541729400457,58.748887577964766,1.8836757099005013,1.9616446139322192,1.4005872389580805,1.96,2.7451509883578376,55.25026630564673,60.7405682823624,0,2.040974092239066,always
4075,60.59241867575025,58.748887577964766,59.48630001707896,1.8435310977854868,2.040974092239066,1.4286266455022691,1.96,2.8001082251844474,55.94877935278032,61.54899580314921,0,2.108855733052221,always
4076,62.289776115363516,59.48630001707896,60.60769045639279,2.8034760982845555,2.108855733052221,1.4521899782921726,1.96,2.846292357452658,56.6400076596263,62.33259237453162,0,2.3963868580822494,always
4077,59.003958883579664,60.60769045639279,59.966197827267536,-1.6037315728131247,2.3963868580822494,1.5480267627151183,1.96,3.034132454921632,57.573558001471156,63.64182291131442,0,2.4051652630600193,always
4078,56.77055341565912,59.966197827267536,58.68794006262417,-3.195644411608413,2.4051652630600193,1.5508595239608323,1.96,3.039684666963231,56.9265131603043,63.00588249423077,1,2.7955141601792226,always
4079,54.392058910126636,58.68794006262417,56.96958760162516,-4.295881152497536,2.7955141601792226,1.6719791147556906,1.96,3.2770790649211534,55.41086099770302,61.965019127545325,1,3.5784681959894393,always
4080,57.27858363898521,56.96958760162516,57.09318601656918,0.3089960373600533,3.5784681959894393,1.891683957744908,1.96,3.70770055718002,53.26188704444514,60.677288158805176,0,3.4043187137451776,always
4081,60.327655397138805,57.09318601656918,58.386973768797034,3.234469380569628,3.4043187137451776,1.8450795955039927,1.96,3.6163560071878256,53.47683000938135,60.709542023757,0,3.7571923867500425,always
4082,60.542335654289296,58.386973768797034,59.24911852299394,2.155361885492262,3.7571923867500425,1.9383478497808495,1.96,3.799161785570465,54.58781198322657,62.186135554367496,0,3.8016120102841784,always
4083,61.57308970322981,59.24911852299394,60.17870699508829,2.3239711802358727,3.8016120102841784,1.9497722970347533,1.96,3.8215537021881163,55.42756482080582,63.07067222518206,0,3.8815735120983152,always
4084,61.71361227829868,60.17870699508829,60.79266910837245,1.5349052832103922,3.8815735120983152,1.9701709347410228,1.96,3.8615350320924047,56.317171962995886,64.0402420271807,0,3.8052915479147584,always
4085,60.108407601765265,60.79266910837245,60.51896450572957,-0.6842615066071858,3.8052915479147584,1.9507156501947582,1.96,3.823402674381726,56.969266433990725,64.61607178275418,0,3.6384376609902374,always
4086,58.40231884160003,60.51896450572957,59.67230624007775,-2.1166456641295426,3.6384376609902374,1.9074689148162383,1.96,3.738639073039827,56.78032543268974,64.25760357876939,0,3.6805252213146447,always
4087,60.27647200623768,59.67230624007775,59.91397254654172,0.6041657661599302,3.6805252213146447,1.918469499709246,1.96,3.760200219430122,55.91210602064763,63.43250645950788,0,3.514749773898893,always
4088,60.68508699318882,59.91397254654172,60.222418325200564,0.7711144466470969,3.514749773898893,1.874766591845207,1.96,3.6745425200166055,56.23943002652511,63.58851506655833,0,3.368743159695341,always
4089,58.79541113441677,60.222418325200564,59.65161544888704,-1.4270071907837973,3.368743159695341,1.8354136208755074,1.96,3.5974106969159942,56.62500762828457,63.81982902211656,0,3.3021234778380073,always
4090,56.11033016782882,59.65161544888704,58.23510133646376,-3.5412852810582223,3.3021234778380073,1.817174586504557,1.96,3.5616621895489318,56.08995325933811,63.213277638435976,0,3.7640523760380873,always
4091,57.356520792645384,58.23510133646376,57.88366911893641,-0.8785805438183729,3.7640523760380873,1.940116588259089,1.96,3.8026285129878143,54.43247282347594,62.03772984945157,0,3.6144449458349923,always
4092,61.240712817431735,57.88366911893641,59.22648659833454,3.3570436984953247,3.6144449458349923,1.9011693627436226,1.96,3.7262919509775,54.15737716795891,61.60996106991391,0,3.997209818223601,always
4093,65.23097532845098,59.22648659833454,61.62828209038112,6.004488730116442,3.997209818223601,1.9993023328710446,1.96,3.9186325724272475,55.30785402590729,63.14511917076179,1,5.600043572817189,always
4094,62.360644307638935,61.62828209038112,61.92122697728425,0.7323622172578155,5.600043572817189,2.3664411196598976,1.96,4.6382245945333995,56.99005749584772,66.26650668491452,0,5.346859115039668,always
4095,57.40286564767741,61.92122697728425,60.11388244544151,-4.51836132960684,5.346859115039668,2.312327640071724,1.96,4.532162174540579,57.38906480274367,66.45338915182482,0,6.100295614532009,always
4096,55.23394942236065,60.11388244544151,58.16190923620917,-4.879933023080859,6.100295614532009,2.4698776517333827,1.96,4.84096019739743,55.27292224804408,64.95484264283894,1,6.985968149293163,always
4097,59.01686917403609,58.16190923620917,58.503893211339935,0.8549599378269193,6.985968149293163,2.6430982103003973,1.96,5.180472492188779,52.98143674402039,63.342381728397946,0,6.673217566592955,always
4098,58.89622271466492,58.503893211339935,58.66082501266993,0.39232950332498717,6.673217566592955,2.583257162303621,1.96,5.0631840381150965,53.44070917322484,63.56707724945503,0,6.347252810222268,always
4099,60.404816693888236,58.66082501266993,59.35842168515725,1.7439916812183043,6.347252810222268,2.519375480197874,1.96,4.937975941187833,53.7228490714821,63.59880095385776,0,6.181965518919087,always
4100,61.77134606839485,59.35842168515725,60.3235914384523,2.412924383237595,6.181965518919087,2.4863558713344087,1.96,4.873257507815441,54.485164177341815,64.23167919297269,0,6.1639774469342585,always
4101,63.889818473942086,60.3235914384523,61.75008225264821,3.5662270354897885,6.1639774469342585,2.482735879414937,1.96,4.866162323653276,55.45742911479902,65.18975376210557,0,6.49167733802046,always
4102,63.49372554225999,61.75008225264821,62.44753956849292,1.743643289611775,6.49167733802046,2.547877025686377,1.96,4.993838970345299,56.75624328230291,66.7439212229935,0,6.319108067189845,always
4103,63.37373706870517,62.44753956849292,62.81801856857782,0.9261975002122469,6.319108067189845,2.513783615824927,1.96,4.927015887016857,57.520523681476064,67.37455545550978,0,6.046044754300323,always
4104,62.90878702678556,62.81801856857782,62.854325951860915,0.09076845820774082,6.046044754300323,2.4588706257752406,1.96,4.819386426519472,57.99863214205835,67.63740499509728,0,5.744154462235577,always
4105,61.266217918927865,62.854325951860915,62.21908273868769,-1.5881080329330501,5.744154462235577,2.3966965728342786,1.96,4.697525282755186,58.15680066910573,67.5518512346161,0,5.583051095337122,always
4106,64.45595572152648,62.21908273868769,63.113831931823206,2.23687298283879,5.583051095337122,2.3628480897715627,1.96,4.631182255952263,57.58790048273543,66.85026499463996,0,5.554078577637972,always
4107,63.88794540403618,63.113831931823206,63.4234773207084,0.7741134722129743,5.554078577637972,2.3567092687979083,1.96,4.6191501668439,58.494681764979305,67.73298209866711,0,5.306337232149154,always
4108,63.643417832333334,63.4234773207084,63.51145352535838,0.21994051162493378,5.306337232149154,2.3035488343313135,1.96,4.514955715289374,58.908521605419025,67.93843303599778,0,5.0434390619743885,always
4109,58.989156573338335,63.51145352535838,61.70253474455036,-4.522296952020042,5.0434390619743885,2.2457602414270292,1.96,4.401690073196977,59.1097634521614,67.91314359855535,1,5.813825594988157,always
4110,61.86149135200772,61.70253474455036,61.766117387533306,0.1589566074573554,5.813825594988157,2.4111875901696567,1.96,4.725927676732527,56.97660706781784,66.42846242128289,0,5.524397675391466,always
4111,66.20046214151733,61.766117387533306,63.53985528912692,4.434344753984028,5.524397675391466,2.3504037260418613,1.96,4.606791303042048,57.159326084491255,66.37290869057536,0,6.2313484614811765,always
4112,65.2092822895965,63.53985528912692,64.20762608931474,1.6694270004695824,6.2313484614811765,2.496266905096724,1.96,4.892683133989579,58.64717215513734,68.4325384231165,0,6.059130363901961,always
4113,63.23849485510587,64.20762608931474,63.8199735956312,-0.9691312342088736,6.059130363901961,2.461530085922567,1.96,4.824598968408232,59.38302712090651,69.03222505772297,0,5.803134613162823,always
4114,62.55122854067661,63.8199735956312,63.31247557364936,-1.2687450549545858,5.803134613162823,2.4089696164881,1.96,4.721580448316676,59.098393147314525,68.54155404394787,0,5.593463583228267,always
4115,61.32231434239195,63.31247557364936,62.516411081146394,-1.9901612312574102,5.593463583228267,2.365050439890927,1.96,4.635498862186217,58.67697671146314,67.94797443583558,0,5.511827490386854,always
4116,62.71345779325587,62.516411081146394,62.59522976599018,0.19704671210947566,5.511827490386854,2.347728155129306,1.96,4.601547184053439,57.91486389709296,67.11795826519983,0,5.238177486205169,always
4117,62.128971799948715,62.59522976599018,62.408726579573596,-0.46625796604146785,5.238177486205169,2.2887065094076977,1.96,4.485864758439088,58.1093650075511,67.08109452442928,0,4.987138436439766,always
4118,61.3825187978733,62.408726579573596,61.998243466893484,-1.0262077817002933,4.987138436439766,2.2331901926257345,1.96,4.37705277754644,58.03167380202716,66.78577935712003,0,4.79043663517889,always
4119,63.830440093568065,61.998243466893484,62.73112211756332,1.8321966266745804,4.79043663517889,2.1887066124035193,1.96,4.289864960310898,57.708378506582584,66.28810842720438,0,4.718762027359831,always
4120,65.44399119325449,62.73112211756332,63.81626974783978,2.7128690756911737,4.718762027359831,2.172271168008228,1.96,4.257651489296127,58.47347062826719,66.98877360685944,0,4.850806857083914,always
4121,62.666611415994964,63.81626974783978,63.35640641510186,-1.1496583318448188,4.850806857083914,2.2024547344006673,1.96,4.316811279425308,59.499458468414474,68.13308102726509,0,4.674352228228728,always
4122,60.152606737718166,63.35640641510186,62.07488654414838,-3.2037996773836923,4.674352228228728,2.162025029510234,1.96,4.237569057840059,59.118837357261796,67.59397547294192,0,4.953851235457484,always
4123,60.16486343094691,62.07488654414838,61.31087729886779,-1.9100231132014684,4.953851235457484,2.225724878653578,1.96,4.362420762161013,57.71246578198736,66.43730730630939,0,4.888568088332801,always
4124,63.49657403940729,61.31087729886779,62.18515599508359,2.1856967405395054,4.888568088332801,2.2110106486249226,1.96,4.333580871304848,56.97729642756294,65.64445817017264,0,4.8830031959964115,always
4125,62.89053553695532,62.18515599508359,62.467307811832285,0.7053795418717286,4.8830031959964115,2.209751840364979,1.96,4.331113607115359,57.854042387968235,66.51626960219895,0,4.663731051101149,always
4126,62.89610326102347,62.467307811832285,62.63882599150875,0.42879544919118473,4.663731051101149,2.159567329605898,1.96,4.2327519660275605,58.23455584580472,66.70005977785985,0,4.439737775408445,always
4127,63.78766440408786,62.63882599150875,63.098361356540394,1.14883841257911,4.439737775408445,2.1070685265098628,1.96,4.129854311959331,58.50897167954942,66.76868030346809,0,4.283742371548887,always
4128,63.06717883650133,63.098361356540394,63.08588834852477,-0.031182520039067185,4.283742371548887,2.069720360712743,1.96,4.056651906996977,59.04170944954342,67.15501326353737,0,4.069603870449241,always
4129,63.836570645154254,63.08588834852477,63.38616126717656,0.7506822966294848,4.069603870449241,2.0173259207300247,1.96,3.9539588046308483,59.13192954389392,67.03984715315562,0,3.894299872450425,always
4130,62.6868877146072,63.38616126717656,63.106451846148815,-0.699273552569359,3.894299872450425,1.9733980522059975,1.96,3.867860182323755,59.51830108485281,67.25402144950031,0,3.724034053894052,always
4131,61.74806390469632,63.106451846148815,62.56309666956781,-1.3583879414524915,3.724034053894052,1.9297756485908024,1.96,3.7823602712379727,59.324091574910845,66.88881211738679,0,3.630093241173526,always
4132,60.614525138816404,62.56309666956781,61.78366805726725,-1.9485715307514084,3.630093241173526,1.9052803576307416,1.96,3.7343495009562533,58.82874716861156,66.29744617052407,0,3.638435129637594,always
4133,63.39544915237199,61.78366805726725,62.42838049530914,1.6117810951047389,3.638435129637594,1.9074682512790597,1.96,3.738637772506957,58.045030284760294,65.52230582977421,0,3.5864052880825654,always
4134,62.955226251546684,62.42838049530914,62.63911879780416,0.5268457562375417,3.5864052880825654,1.8937806863738382,1.96,3.711810145292723,58.71657035001642,66.14019064060186,0,3.420963346221712,always
4135,62.9750689013146,62.63911879780416,62.77349883920834,0.3359501035104415,3.420963346221712,1.849584641540287,1.96,3.6251858974189624,59.0139329003852,66.26430469522312,0,3.25555830251306,always
4136,62.57545411432652,62.77349883920834,62.69428094925561,-0.198044724881818,3.25555830251306,1.8043165749150176,1.96,3.5364604868334344,59.2370383523749,66.30995932604178,0,3.0947414730400826,always
4137,60.85356342327112,62.69428094925561,61.95799393886182,-1.8407175259844877,3.0947414730400826,1.7591877310395507,1.96,3.448007952837519,59.246272996418085,66.14228890209313,0,3.109416449911401,always
4138,60.685756281064435,61.95799393886182,61.44909887574287,-1.2722376577973833,3.109416449911401,1.7633537506443229,1.96,3.4561733512628727,58.50182058759894,65.4141672901247,0,3.0348750603117196,always
4139,64.43398041556419,61.44909887574287,62.6430514916714,2.9848815398213233,3.0348750603117196,1.7420892802355796,1.96,3.414494989261736,58.034603886481136,64.8635938650046,0,3.3286071976344394,always
4140,64.99499642275802,62.6430514916714,63.583829464106046,2.3519449310866207,3.3286071976344394,1.824447093679189,1.96,3.5759163036112103,59.06713518806019,66.21896779528261,0,3.4387590856959194,always
4141,61.64128213382245,63.583829464106046,62.8068105319926,-1.9425473302835954,3.4387590856959194,1.8543891408482522,1.96,3.6346027160625742,59.94922674804347,67.21843218016862,0,3.4554956379307193,always
4142,61.3202634999375,62.8068105319926,62.21219171917056,-1.4865470320551069,3.4554956379307193,1.8588963494317587,1.96,3.643436844886247,59.16337368710636,66.45024737687885,0,3.3932119599597756,always
4143,62.12734598565946,62.21219171917056,62.17825342576612,-0.08484573351110214,3.3932119599597756,1.8420673060341133,1.96,3.610451919826862,58.6017397993437,65.82264363899742,0,3.2239113018865386,always
4144,68.1723454447932,62.17825342576612,64.57589023337695,5.994092019027072,3.2239113018865386,1.7955253554006245,1.96,3.519229696585224,58.6590237291809,65.69748312235134,1,4.859172693420414,always
4145,66.6424200360596,64.57589023337695,65.40250215445002,2.066529802682652,4.859172693420414,2.2043531235762597,1.96,4.320532122209469,60.25535811116748,68.89642235558642,0,4.829741330018172,always
4146,61.70334202863962,65.40250215445002,63.92283810412586,-3.699160125810401,4.829741330018172,2.1976672473370877,1.96,4.3074278047806915,61.095074349669325,69.7099299592307,0,5.272443545336545,always
4147,62.20583707583462,63.92283810412586,63.23603769280936,-1.7170010282912358,5.272443545336545,2.2961802075047473,1.96,4.5005132067093045,59.42232489741655,68.42335131083516,0,5.156225994627375,always
4148,60.08527698024169,63.23603769280936,61.97573340778229,-3.150760712567674,5.156225994627375,2.2707324797578807,1.96,4.450635660325446,58.785402032483915,67.68667335313481,0,5.3947793482890045,always
4149,61.464727884799345,61.97573340778229,61.77133119858912,-0.5110055229829484,5.3947793482890045,2.322666430697487,1.96,4.552426204167074,57.42330720361522,66.52815961194936,0,5.138096713100508,always
4150,66.20284098278037,61.77133119858912,63.54393511226562,4.431509784191256,5.138096713100508,2.2667370189548914,1.96,4.442804557151587,57.32852664143753,66.2141357557407,0,5.863105825814625,always
4151,65.19004172072891,63.54393511226562,64.20237775565093,1.6461066084632918,5.863105825814625,2.4213851048139006,1.96,4.745914805435245,58.79802030683038,68.28984991770086,0,5.705433882845219,always
4152,59.787652974075044,64.20237775565093,62.43648784302057,-4.4147247815758845,5.705433882845219,2.3886050077074734,1.96,4.681665815106648,59.52071194054428,68.88404357075757,0,6.394651933555971,always
4153,59.05869397746468,62.43648784302057,61.08537029679821,-3.377793865555894,6.394651933555971,2.5287649027847507,1.96,4.956379209458111,57.48010863356246,67.39286705247868,0,6.645393906787524,always
4154,64.09816696087984,61.08537029679821,62.29048896243086,3.012796664081627,6.645393906787524,2.577866153776709,1.96,5.0526176614023495,56.03275263539586,66.13798795820055,0,6.766971398403216,always
4155,65.86865758227671,62.29048896243086,63.721756410369196,3.5781686198458544,6.766971398403216,2.6013403080725936,1.96,5.098627003822283,57.19186195860857,67.38911596625314,0,7.068787362085534,always
4156,62.588826904657324,63.721756410369196,63.268584608084446,-1.1329295057118713,7.068787362085534,2.6587191205701917,1.96,5.211089476317576,58.51066693405162,68.93284588668678,0,6.779524457226885,always
4157,59.966103140887505,63.268584608084446,61.947592021205665,-3.302481467196941,6.779524457226885,2.603751996106174,1.96,5.1033539123681,58.165230695716346,68.37193852045255,0,6.9858674264245035,always
4158,60.22069802547912,61.947592021205665,61.25683442291505,-1.7268939957265417,6.9858674264245035,2.6430791562918623,1.96,5.18043514633205,56.76715687487361,67.12802716753771,0,6.7856821987270965,always
4159,63.066164070924714,61.25683442291505,61.980566282118915,1.8093296480096654,6.7856821987270965,2.6049342023796105,1.96,5.105671036664036,56.151163386251014,66.36250545957908,0,6.61008177754908,always
4160,66.11164362922324,61.980566282118915,63.63299722096064,4.131077347104323,6.61008177754908,2.571007930277361,1.96,5.039175543343628,56.94139073877528,67.01974182546255,0,7.132867691059551,always
4161,66.08753866127034,63.63299722096064,64.61481379708452,2.454541440309704,7.132867691059551,2.6707429099521263,1.96,5.234656103506167,58.39834111745447,68.8676533244668,0,7.077462990616455,always
4162,63.65571965531428,64.61481379708452,64.23117614037642,-0.9590941417702439,7.077462990616455,2.6603501631583115,1.96,5.214286319790291,59.40052747729423,69.82910011687481,0,6.769582919724532,always
4163,59.52719532246717,64.23117614037642,62.349583813212725,-4.7039808179092475,6.769582919724532,2.6018422165313044,1.96,5.099610744401357,59.13156539597506,69.33078688477778,0,7.537475550501212,always
4164,58.271558594832996,62.349583813212725,60.718373725860836,-4.078025218379729,7.537475550501212,2.7454463299254663,1.96,5.381074806653914,56.96850900655881,67.73065861986665,0,7.992116257063203,always
4165,62.374215527486854,60.718373725860836,61.380710446511245,1.6558418016260177,7.992116257063203,2.827033119201684,1.96,5.540984913635301,55.17738881222554,66.25935863949614,0,7.729601047810648,always
4166,62.64554337217627,61.380710446511245,61.88664361677725,1.2648329256650257,7.729601047810648,2.78021600740134,1.96,5.449223374506626,55.93148707200462,66.82993382101787,0,7.423111111912433,always
4167,62.43686772795943,61.88664361677725,62.10673326125012,0.5502241111821817,7.423111111912433,2.7245386970847805,1.96,5.34009584628617,56.54654777049108,67.22673946306342,0,7.067092884943122,always
4168,62.97057461996678,62.10673326125012,62.45226980473679,0.8638413587166625,7.067092884943122,2.658400437282375,1.96,5.210464857073455,56.896268404176666,67.31719811832357,0,6.751049335347438,always
4169,61.23251991495633,62.45226980473679,61.9643698488246,-1.2197498897804593,6.751049335347438,2.598278148187264,1.96,5.092625170447037,57.35964463428975,67.54489497518382,0,6.487886358261038,always
4170,60.09283113745211,61.9643698488246,61.21575436427561,-1.8715387113724944,6.487886358261038,2.5471329683118307,1.96,4.992380617891188,56.97198923093342,66.95675046671579,0,6.338624897756277,always
4171,61.67325712814137,61.21575436427561,61.39875546982192,0.4575027638657616,6.338624897756277,2.5176625861612743,1.96,4.934618668876097,56.28113569539951,66.15037303315171,0,6.032159091815703,always
4172,64.08801413944485,61.39875546982192,62.47445893767109,2.68925866962293,6.032159091815703,2.456045417294986,1.96,4.813849017898173,56.58490645192375,66.2126044877201,0,6.092156746832021,always
4173,65.58345807521685,62.47445893767109,63.718058592689395,3.1089991375457657,6.092156746832021,2.4682294761289967,1.96,4.837729773212834,57.63672916445825,67.31218871088392,0,6.270842691353436,always
4174,64.59164792756351,63.718058592689395,64.06749432663904,0.8735893348741186,6.270842691353436,2.504165068711213,1.96,4.908163534673978,58.809895058015414,68.62622212736338,0,5.995458473086054,always
4175,62.44874461141797,64.06749432663904,63.41999444055061,-1.618749715221064,5.995458473086054,2.4485625319942423,1.96,4.799182562708715,59.26831176393032,68.86667688934776,0,5.826703081458165,always
4176,60.42913067273345,63.41999444055061,62.223648933423746,-2.99086376781716,5.826703081458165,2.4138564749085982,1.96,4.731158690820853,58.688835749729755,68.15115313137146,0,5.982631231267329,always
4177,59.80174560416431,62.223648933423746,61.25488760171997,-2.421903329259436,5.982631231267329,2.4459417882008823,1.96,4.794045904873729,57.42960302855002,67.01769483829747,0,5.97678045651786,always
4178,61.27516639363814,61.25488760171997,61.262999118487244,0.02027879191816595,5.97678045651786,2.4447454788827936,1.96,4.791701138610275,56.46318646310969,66.04658874033025,0,5.6779619951620495,always
4179,63.85413041157158,61.262999118487244,62.299451635720985,2.591131293084338,5.6779619951620495,2.3828474552858077,1.96,4.670381012360183,56.59261810612706,65.93338013084742,0,5.729761964303992,always
4180,64.5548306100649,62.299451635720985,63.20160322545855,2.2553789743439125,5.729761964303992,2.3936921197814875,1.96,4.691636554771716,57.607815080949266,66.9910881904927,0,5.6976105819844225,always
4181,60.03098018166547,63.20160322545855,61.93335400794132,-3.1706230437930785,5.6976105819844225,2.386966816272154,1.96,4.678454959893422,58.523148265565126,67.88005818535197,0,5.915372577176785,always
4182,58.937657261565576,61.93335400794132,60.73507530939102,-2.9956967463757422,5.915372577176785,2.4321538966884444,1.96,4.767021637509351,57.16633237043197,66.70037564545066,0,6.068313898130256,always
4183,63.528865593515846,60.73507530939102,61.852591423040955,2.7937902841248246,6.068313898130256,2.463394791366227,1.96,4.828253791077804,55.906821518313215,65.56332910046882,0,6.155161410807256,always
4184,65.14231329703293,61.852591423040955,63.16848017263774,3.2897218739919722,6.155161410807256,2.4809597761364968,1.96,4.862681161227534,56.98991026181342,66.71527258426849,0,6.388516840677956,always
4185,61.570441811807356,63.16848017263774,62.529264828305585,-1.5980383608303868,6.388516840677956,2.5275515505480706,1.96,4.954001039074218,58.21447913356352,68.12248121171196,0,6.196777328778331,always
4186,64.27984021096518,62.529264828305585,63.22949498136943,1.7505753826595907,6.196777328778331,2.489332707529938,1.96,4.879092106758678,57.65017272154691,67.40835693506426,0,6.040164170858103,always
4187,64.11427062220328,63.22949498136943,63.58340523770297,0.8847756408338512,6.040164170858103,2.4576745453493434,1.96,4.817042108884713,58.412452872484714,68.04653709025413,0,5.7772973590458445,always
4188,63.28014320680949,63.58340523770297,63.46210042534558,-0.30326203089347814,5.7772973590458445,2.4036009150950672,1.96,4.711057793586332,58.872347444116635,68.2944630312893,0,5.493030884062634,always
4189,62.885237747051754,63.46210042534558,63.231355354028054,-0.5768626782938284,5.493030884062634,2.343721588427822,1.96,4.593694313318531,58.86840611202705,68.05579473866412,0,5.235017867339918,always
4190,61.91467784558603,63.231355354028054,62.70468435065125,-1.3166775084420266,5.235017867339918,2.288016142281325,1.96,4.484511638871397,58.74684371515666,67.71586699289945,0,5.059948957034777,always
4191,60.98982731109365,62.70468435065125,62.01874153482821,-1.7148570395576002,5.059948957034777,2.249433030128876,1.96,4.408888739052597,58.29579561159865,67.11357308970385,0,4.953988242489051,always
4192,65.19406994146209,62.01874153482821,63.28887289748176,3.1753284066338807,4.953988242489051,2.2257556565106267,1.96,4.362481086760829,57.65626044806738,66.38122262158903,0,5.2104243548634015,always
4193,66.50133711375705,63.28887289748176,64.57385858399188,3.2124642162752863,5.2104243548634015,2.282635396830471,1.96,4.4739653777877235,58.81490751969404,67.76283827526949,0,5.465899454162691,always
4194,64.9116730991862,64.57385858399188,64.7089843900696,0.33781451519432437,5.465899454162691,2.337926314955775,1.96,4.582335577313319,59.99152300667856,69.1561941613052,0,5.198310413788355,always
4195,62.93576909021051,64.7089843900696,63.99969827012597,-1.773215299859089,5.198310413788355,2.279980353816312,1.96,4.468761493479971,60.24022289658963,69.17774588354958,0,5.0956095180816545,always
4196,60.17564881899068,63.99969827012597,62.47007848967185,-3.824049451135288,5.0956095180816545,2.2573456797933398,1.96,4.424397532394946,59.57530073773102,68.42409580252091,0,5.571996752413977,always
4197,62.92880003389956,62.47007848967185,62.65356710736294,0.45872154422771416,5.571996752413977,2.3605077319115004,1.96,4.626595154546541,57.843483335125306,67.09667364421838,0,5.303918187550211,always
4198,62.77975662382677,62.65356710736294,62.70404291394847,0.1261895164638318,5.303918187550211,2.303023705381734,1.96,4.5139264625481985,58.13964064481474,67.16749356991113,0,5.039518467875969,always
4199,63.003384154572245,62.70404291394847,62.823779410197986,0.2993412406237752,5.039518467875969,2.2448871837747144,1.96,4.39997888019844,58.30406403375003,67.10402179414692,0,4.79202280339908,always
4200,60.32806732263311,62.823779410197986,61.82549457517203,-2.4957120875648755,4.79202280339908,2.1890689352779824,1.96,4.290575113144845,58.53320429705314,67.11435452334283,0,4.863850604429997,always
4201,60.69636004032246,61.82549457517203,61.3738407612322,-1.1291345348495696,4.863850604429997,2.205413930406262,1.96,4.322611303596273,57.502883271575755,66.1481058787683,0,4.684405314097995,always
4202,65.79371916685659,61.3738407612322,63.141792123481956,4.419878405624388,4.684405314097995,2.164348704367666,1.96,4.2421234605606255,57.131717300671575,65.61596422179282,1,5.426951304418335,always
4203,66.97690257916037,63.141792123481956,64.67583630575332,3.835110455678411,5.426951304418335,2.329581787449914,1.96,4.565980303401831,58.575811820080126,67.70777242688379,0,5.891007349560112,always
4204,63.368030607122016,64.67583630575332,64.1527140263008,-1.3078056986313058,5.891007349560112,2.4271397466071276,1.96,4.75719390334997,59.91864240240335,69.4330302091033,0,5.681974769350732,always
4205,64.40578132911364,64.1527140263008,64.25394094742593,0.2530673028128376,5.681974769350732,2.3836893189656094,1.96,4.672031065172594,59.4806829611282,68.82474509147339,0,5.401078183870843,always
4206,69.20207465048335,64.25394094742593,66.2331944286489,4.948133703057422,5.401078183870843,2.324021984377696,1.96,4.555083089380284,59.69885785804565,68.80902403680622,1,6.355225631843939,always
4207,70.46519451360328,66.2331944286489,67.92599446263065,4.232000084954379,6.355225631843939,2.520957284811454,1.96,4.94107627823045,61.29211815041845,71.17427070687935,0,6.932955586204435,always
4208,66.35460255502178,67.92599446263065,67.2974376995871,-1.57139190760887,6.932955586204435,2.6330506235552016,1.96,5.160779222168195,62.76521524046246,73.08677368479886,0,6.709771433259146,always
4209,63.655932236256845,67.2974376995871,65.840835514255,-3.6415054633302617,6.709771433259146,2.590322650416188,1.96,5.0770323948157285,62.220405304771376,72.37447009440284,0,7.037310963569396,always
4210,65.41031744941908,65.840835514255,65.66862828832063,-0.4305180648359226,7.037310963569396,2.6527930495176957,1.96,5.199474377054684,60.64136113720032,71.04030989130969,0,6.6947127055984295,always
4211,68.16391638127538,65.66862828832063,66.66674352550254,2.495288092954752,6.6947127055984295,2.5874142895173224,1.96,5.071332007453952,60.59729628086668,70.73996029577458,0,6.671300203660596,always
4212,66.74038752581714,66.66674352550254,66.69620112562838,0.0736440003146015,6.671300203660596,2.582886022196991,1.96,5.062456603506103,61.60428692199643,71.72920012900865,0,6.338006365416683,always
4213,65.07604089843946,66.69620112562838,66.04813703475281,-1.6201602271889186,6.338006365416683,2.517539744555522,1.96,4.9343778993288225,61.761823226299555,71.6305790249572,0,6.152352005234091,always
4214,65.18885298630191,66.04813703475281,65.70442341537245,-0.8592840484509026,6.152352005234091,2.48039351822127,1.96,4.86157129571369,61.186565739039125,70.9097083304665,0,5.881652858768494,always
4215,66.46860582297967,65.70442341537245,66.01009637841534,0.7641824076072226,5.881652858768494,2.4252119203831435,1.96,4.753415363950961,60.95100805142148,70.45783877932341,0,5.616768953434888,always
4216,66.14962233761995,66.01009637841534,66.06590676209719,0.13952595920460453,5.616768953434888,2.369972352884077,1.96,4.645145811652791,61.36495056676255,70.65524219006814,0,5.336903880427742,always
4217,65.33784262347902,66.06590676209719,65.77468110664992,-0.7280641386181657,5.336903880427742,2.3101739935398244,1.96,4.527941027338056,61.537965734759126,70.59384778943524,0,5.096562555903445,always
4218,67.26014289990903,65.77468110664992,66.36886582395357,1.4854617932591054,5.096562555903445,2.2575567669282304,1.96,4.424811263179332,61.34986984347059,70.19949236982926,0,4.9520642650699,always
4219,68.56394548187023,66.36886582395357,67.24689768712024,2.195079657916665,4.9520642650699,2.2253234068489687,1.96,4.361633877423978,62.00723194652959,70.73049970137755,0,4.945379787046382,always
4220,67.28691169932176,67.24689768712024,67.26290329200086,0.04001401220152445,4.945379787046382,2.2238209880847832,1.96,4.358689136646175,62.88820855047406,71.60558682376642,0,4.698190853752686,always
4221,67.73133788369233,67.26290329200086,67.45027712867744,0.4684345916914765,4.698190853752686,2.1675310502395773,1.96,4.248360858469572,63.01454243353128,71.51126415047042,0,4.4742528593997095,always
4222,65.47817823721489,67.45027712867744,66.66143757209242,-1.9720988914625508,4.4742528593997095,2.115242978808749,1.96,4.145876238465148,63.30440089021229,71.59615336714259,0,4.444998918315115,always
4223,66.91819817342684,66.66143757209242,66.76414181262619,0.25676060133442036,4.444998918315115,2.1083166077027222,1.96,4.132300551097336,62.52913702099509,70.79373812318975,0,4.226045272719239,always
4224,67.28810295075198,66.76414181262619,66.9737262678765,0.5239611381257845,4.226045272719239,2.055734728197984,1.96,4.029240067268049,62.734901745358144,70.79338187989424,0,4.028469772796581,always
4225,70.88280186705964,66.9737262678765,68.53735650754976,3.90907559918314,4.028469772796581,2.007104823569656,1.96,3.9339254541965256,63.039800813679975,70.90765172207303,0,4.5910898861632035,always
4226,66.15940675468607,68.53735650754976,67.58617660640428,-2.3779497528636853,4.5910898861632035,2.142682871113503,1.96,4.199658427382466,64.3376980801673,72.73701493493222,0,4.644267643212267,always
4227,62.28272524095581,67.58617660640428,65.4647960602249,-5.303451365448467,4.644267643212267,2.155056296993716,1.96,4.223910342107684,63.36226626429659,71.81008694851197,1,5.818384080335514,always
4228,63.98062850953127,65.4647960602249,64.87112903994745,-1.484167550693627,5.818384080335514,2.4121326829873007,1.96,4.727780058655109,60.73701600156979,70.19257611888001,0,5.637602542245334,always
4229,66.90536556470934,64.87112903994745,65.6848236498522,2.0342365247618943,5.637602542245334,2.37436360784218,1.96,4.653752671370673,60.21737636857677,69.52488171131812,0,5.562628327066835,always
4230,70.14061356032249,65.6848236498522,67.46713961404032,4.455789910470287,5.562628327066835,2.3585224881410047,1.96,4.622704076756369,61.062119573095835,70.30752772660857,0,6.277200097025934,always
4231,66.69162332888953,67.46713961404032,67.15693309998001,-0.7755162851507862,6.277200097025934,2.505434113487308,1.96,4.910650862435124,62.556488751605194,72.37779047647544,0,5.9934113676013405,always
4232,65.3645449952133,67.15693309998001,66.43997785807332,-1.7923881047667152,5.9934113676013405,2.4481444744134975,1.96,4.798363169850455,62.358569930129555,71.95529626983047,0,5.854373555126734,always
4233,66.6791098397062,66.43997785807332,66.53563065072647,0.2391319816328803,5.854373555126734,2.4195812768176923,1.96,4.742379302562677,61.697598555510645,71.182357160636,0,5.56451408260238,always
4234,67.44466515454805,66.53563065072647,66.8992444522551,0.909034503821573,5.56451408260238,2.3589222290279896,1.96,4.62348756889486,61.912143081831616,71.15911821962133,0,5.327605564929168,always
4235,64.74824965998926,66.8992444522551,66.03884653534877,-2.1509947922658483,5.327605564929168,2.3081606453904304,1.96,4.5239948649652435,62.37524958728986,71.42323931722035,0,5.292564216500449,always
4236,66.30075542660083,66.03884653534877,66.1436100918496,0.2619088912520624,5.292564216500449,2.3005573708343916,1.96,4.509092446835408,61.52975408851336,70.54793898218418,0,5.031365819041271,always
4237,68.31281582293899,66.1436100918496,67.01129238428535,2.1692057310893915,5.031365819041271,2.243070622838539,1.96,4.396418420763536,61.74719167108606,70.54002851261313,0,5.015070203278761,always
4238,67.79918856014854,67.01129238428535,67.32645085463062,0.7878961758631817,5.015070203278761,2.2394352420373225,1.96,4.3892930743931515,62.6219993098922,71.4005854586785,0,4.795355712311814,always
4239,65.89212675543305,67.32645085463062,66.75272121495159,-1.4343240991975676,4.795355712311814,2.189830064710916,1.96,4.292066926833395,63.03438392779723,71.61851778146402,0,4.658452207773169,always
4240,65.03734378825212,66.75272121495159,66.0665702442718,-1.715377426699476,4.658452207773169,2.1583447842671406,1.96,4.230355777163595,62.522365437788,70.98307699211519,0,4.572655583186016,always
4241,65.02073920687567,66.0665702442718,65.64823782931336,-1.0458310373961268,4.572655583186016,2.138376857147967,1.96,4.191218640010015,61.87535160426179,70.25778888428182,0,4.398710931965768,always
4242,66.51744933137832,65.64823782931336,65.99592243013934,0.8692115020649567,4.398710931965768,2.097310404295408,1.96,4.1107283924189995,61.53750943689436,69.75896622173236,0,4.21655181713358,always
4243,66.50930227480661,65.99592243013934,66.20127436800625,0.5133798446672699,4.21655181713358,2.0534244123253185,1.96,4.024711848157624,61.97121058198172,70.02063427829697,0,4.0189021695224305,always
4244,64.43656923616584,66.20127436800625,65.49539231527008,-1.7647051318404152,4.0189021695224305,2.004719972844694,1.96,3.9292511467756,62.272023221230654,70.13052551478185,0,3.973666271163504,always
4245,62.896902937054804,65.49539231527008,64.45599656398397,-2.5984893782152767,3.973666271163504,1.9934056965814821,1.96,3.907075165299705,61.58831714997038,69.40246748056978,0,4.1125903100402095,always
4246,63.45430276367152,64.45599656398397,64.05531904385899,-1.0016938003124523,4.1125903100402095,2.027952245502889,1.96,3.9747864011856624,60.48121016279831,68.43078296516964,0,3.9571303180174193,always
4247,66.01982855349969,64.05531904385899,64.84112284771527,1.9645095096407061,3.9571303180174193,1.989253708810774,1.96,3.898937269269117,60.15638177458987,67.9542563131281,0,3.9522386827899867,always
4248,66.90681199561124,64.84112284771527,65.66739850687365,2.0656891478959665,3.9522386827899867,1.9880238134363448,1.96,3.896526674335236,60.944596173380035,68.7376495220505,0,3.9679803314372455,always
4249,66.51968861055002,65.66739850687365,66.0083145483442,0.852290103676367,3.9679803314372455,1.9919789987440242,1.96,3.9042788375382873,61.76311966933537,69.57167734441194,0,3.805901235906617,always
4250,66.27212686884357,66.0083145483442,66.11383947654394,0.263812320499369,3.805901235906617,1.9508719168378577,1.96,3.823708957002201,62.184605591342,69.8320235053464,0,3.619086021133649,always
4251,64.62495042715582,66.11383947654394,65.5182838567887,-1.4888890493881206,3.619086021133649,1.9023895555678518,1.96,3.7286835289129896,62.385155947630956,69.84252300545694,0,3.5489712501463595,always
4252,66.89989707438973,65.5182838567887,66.0709291438291,1.3816132176010285,3.5489712501463595,1.8838713464953916,1.96,3.6923878391309675,61.82589601765773,69.21067169591967,0,3.4669654417915345,always
4253,66.4883967904847,66.0709291438291,66.23791620249135,0.4174676466555951,3.4669654417915345,1.8619789047654474,1.96,3.6494786533402768,62.42145049048883,69.72040779716939,0,3.3023311315021657,always
4254,64.8554490599237,66.23791620249135,65.6849293454643,-1.3824671425676485,3.3023311315021657,1.8172317220162557,1.96,3.5617741751518612,62.67614202733949,69.79969037764322,0,3.232775344941015,always
4255,65.45515039671055,65.6849293454643,65.5930177659628,-0.22977894875374716,3.232775344941015,1.797992031389743,1.96,3.524064381523896,62.1608649639404,69.2089937269882,0,3.0737764959584832,always
4256,63.15310040450187,65.5930177659628,64.61705082137843,-2.439917361460928,3.0737764959584832,1.7532188956198491,1.96,3.4363090354149044,62.15670873054789,69.0293268013777,0,3.2177475076984816,always
4257,63.04098336976147,64.61705082137843,63.98662384073164,-1.5760674516169573,3.2177475076984816,1.7938081022502048,1.96,3.5158638804104014,61.10118694096803,68.13291470178883,0,3.181059562915876,always
4258,66.78214901764369,63.98662384073164,65.10483391149646,2.795525176912051,3.181059562915876,1.783552511959173,1.96,3.495762923439979,60.49086091729166,67.48238676417162,0,3.4127546355075395,always
4259,65.00516483211231,65.10483391149646,65.0649662797428,-0.09966907938414238,3.4127546355075395,1.8473642400749073,1.96,3.620833910546818,61.484000000949635,68.72566782204328,0,3.2426136000014263,always
4260,66.35088568584527,65.0649662797428,65.57933404218379,1.2859194061024652,3.2426136000014263,1.8007258536494184,1.96,3.52942267315286,61.53554360658995,68.59438895289567,0,3.163162355950901,always
4261,68.63715384498971,65.57933404218379,66.80246196330616,3.0578198028059234,3.163162355950901,1.7785281431427789,1.96,3.4859151605598466,62.09341888162394,69.06524920274363,0,3.4725173354749588,always
4262,66.51516645733557,66.80246196330616,66.68754376091792,-0.28729550597059017,3.4725173354749588,1.8634691667626162,1.96,3.6523995668547276,63.15006239645143,70.45486153016088,0,3.3030184040887556,always
4263,65.09074210304595,66.68754376091792,66.04882309776913,-1.5968016578719642,3.3030184040887556,1.8174208109540166,1.96,3.5621447894698726,63.12539897144805,70.24968855038779,0,3.26535626061345,always
4264,66.53799266043633,66.04882309776913,66.24449092283601,0.48916956266720035,3.26535626061345,1.8070296789520226,1.96,3.5417781707459643,62.507044927023166,69.5906012685151,0,3.114052790634778,always
4265,65.73974076267353,66.24449092283601,66.04259085877102,-0.5047501601624731,3.114052790634778,1.764667898114197,1.96,3.458749080303826,62.78574184253218,69.70324000313984,0,2.971088787312241,always
4266,66.53901140817523,66.04259085877102,66.2411590785327,0.4964205494042062,2.971088787312241,1.723684654254438,1.96,3.378421922338698,62.664168936432326,69.42101278110972,0,2.8348560160401677,always
4267,65.10931327087236,66.2411590785327,65.78842075546856,-1.1318458076603406,2.8348560160401677,1.6837030664699069,1.96,3.3000580102810173,62.94110106825168,69.54121708881372,0,2.7571669618540735,always
4268,64.14217881843604,65.78842075546856,65.12992398065555,-1.6462419370325279,2.7571669618540735,1.6604719093842188,1.96,3.254524942393069,62.533895813075496,69.04294569786164,0,2.7548142395236006,always
4269,63.79414595913798,65.12992398065555,64.59561277204853,-1.3357780215175694,2.7548142395236006,1.6597633082833227,1.96,3.2531360842353125,61.87678789642023,68.38306006489086,0,2.70628867368589,always
4270,65.78186896505697,64.59561277204853,65.0701152492519,1.1862561930084468,2.70628867368589,1.6450801420252723,1.96,3.2243570783695334,61.37125569367899,67.81996985041806,0,2.64133442777414,always
4271,68.37150197831352,65.0701152492519,66.39066994087655,3.301386729061619,2.64133442777414,1.6252182708098442,1.96,3.1854278107872944,61.8846874384646,68.25554306003919,1,3.054225423126642,always
4272,66.91829730628388,66.39066994087655,66.60172088703948,0.5276273654073265,3.054225423126642,1.7476342360822077,1.96,3.425363102721127,62.96530683815542,69.81603304359767,0,2.9154336838066435,always
4273,63.12085365474496,66.60172088703948,65.20937399412168,-3.4808672322945142,2.9154336838066435,1.7074641090830118,1.96,3.346629653802703,63.255091233236776,69.94835054084218,1,3.375483834059395,always
4274,61.85180330627482,65.20937399412168,63.866345718982934,-3.3575706878468594,3.375483834059395,1.837248985320007,1.96,3.6010080112272136,61.60836598289446,68.81038200534888,0,3.7703736885508468,always
4275,65.20505428844822,63.866345718982934,64.40182914676905,1.3387085694652896,3.7703736885508468,1.9417450112079204,1.96,3.805820221967524,60.06052549701541,67.67216594095046,0,3.6714620358212944,always
4276,70.02580554002293,64.40182914676905,66.6514197040706,5.6239763932538835,3.6714620358212944,1.916105956313819,1.96,3.755567674375085,60.64626147239396,68.15739682114413,1,5.069344457624077,always
4277,69.06604367876125,66.6514197040706,67.61726929394686,2.4146239746906417,5.069344457624077,2.2515204768387247,1.96,4.412980134603901,62.238439569466706,71.0643998386745,0,5.107397681700415,always
4278,64.90887861126839,67.61726929394686,66.53391302087547,-2.70839068267847,5.107397681700415,2.259955238870986,1.96,4.429512268187132,63.18775702575973,72.04678156213399,0,5.218796802116371,always
4279,64.62408127765583,66.53391302087547,65.76998032358762,-1.909831743219641,5.218796802116371,2.2844686038806423,1.96,4.477558463606059,62.056354557269415,71.01147148448153,0,5.14022982638102,always
4280,65.02326150757918,65.76998032358762,65.47129279718425,-0.746718816008439,5.14022982638102,2.2672074952198398,1.96,4.443726690630886,61.326253632956735,70.2137070142185,0,4.911097784571021,always
4281,65.19698843967328,65.47129279718425,65.36157105417986,-0.27430435751097093,4.911097784571021,2.216099678392428,1.96,4.343555369649159,61.12773742753509,69.8148481668334,0,4.669305039369945,always
4282,64.23137365147147,65.36157105417986,64.9094920930965,-1.13019740270839,4.669305039369945,2.1608574778013345,1.96,4.235280656490616,61.126290397689246,69.59685171067048,0,4.499707095855888,always
4283,67.11550323741578,64.9094920930965,65.79189655082422,2.2060111443192767,4.499707095855888,2.1212513042673393,1.96,4.157652556363985,60.75183953673252,69.06714464946049,0,4.5180459995061355,always
4284,63.407303240470235,65.79189655082422,64.83805922668263,-2.384593310353985,4.5180459995061355,2.125569570610695,1.96,4.1661163583969625,61.62578019242726,69.95801290922118,0,4.576457962320077,always
4285,64.74591912599314,64.83805922668263,64.80120318640684,-0.09214010068949108,4.576457962320077,2.139265753084473,1.96,4.192960876045567,60.64509835063706,69.03102010272819,0,4.348059554111827,always
4286,65.51078244866446,64.80120318640684,65.08503489130987,0.7095792622576198,4.348059554111827,2.0852001232763793,1.96,4.0869922416217035,60.71421094478514,68.88819542802854,0,4.155831712877538,always
4287,65.38049880902469,65.08503489130987,65.2032204583958,0.2954639177148124,4.155831712877538,2.0385857138902788,1.96,3.995627999224946,61.08940689208493,69.08066289053482,0,3.9524050735672303,always
4288,68.0738807952593,65.2032204583958,66.35148459314121,2.8706603368634944,3.9524050735672303,1.9880656612816465,1.96,3.896608696112027,61.30661176228378,69.09982915450783,0,4.1668193583709305,always
4289,66.14538243434316,66.35148459314121,66.26904372962198,-0.20610215879804628,4.1668193583709305,2.041278853653006,1.96,4.000906553159892,62.350578039981315,70.3523911463011,0,3.9606022954454443,always
4290,63.69268533193363,66.26904372962198,65.23850037054663,-2.5763583976883524,3.9606022954454443,1.9901262008841158,1.96,3.900647353732867,62.36839637588912,70.16969108335485,0,4.094453310340136,always
4291,64.00982862360931,65.23850037054663,64.74703167177171,-1.228671746937323,4.094453310340136,2.0234755521972922,1.96,3.9660120823066927,61.27248828823994,69.20451245285332,0,3.96521235790923,always
4292,66.24282558691712,64.74703167177171,65.34534923782988,1.4957939151454127,3.96521235790923,1.9912840977392527,1.96,3.9029168315689353,60.84411484020277,68.64994850334064,0,3.87882171184307,always
4293,66.14049736690632,65.34534923782988,65.66340848946045,0.7951481290764377,3.87882171184307,1.9694724450580847,1.96,3.860165992313846,61.48518324551603,69.20551523014373,0,3.7164936536096045,always
4294,63.2645972308814,65.66340848946045,64.70388398602883,-2.3988112585790518,3.7164936536096045,1.9278209599466452,1.96,3.7785290814954244,61.88487940796503,69.44193757095587,0,3.818383743643405,always
4295,62.65246238375303,64.70388398602883,63.883315345118504,-2.051421602275795,3.818383743643405,1.9540685104784339,1.96,3.8299742805377304,60.873909705491094,68.53385826656655,0,3.837881085975424,always
4296,66.9436795995079,63.883315345118504,65.10746104687426,3.0603642543893983,3.837881085975424,1.9590510677303499,1.96,3.8397400927514855,60.04357525236702,67.72305543786999,0,4.114278500153872,always
4297,68.01464175153149,65.10746104687426,66.27033332873715,2.907180704657222,4.114278500153872,2.028368433040179,1.96,3.975602128758751,61.13185891811551,69.08306317563301,0,4.331149557622741,always
4298,67.07607617672068,66.27033332873715,66.59263046793056,0.8057428479835238,4.331149557622741,2.0811414074067,1.96,4.079037158517132,62.19129617022002,70.34937048725429,0,4.147053156595433,always
4299,64.9086930195071,66.59263046793056,65.91905548856118,-1.683937448423464,4.147053156595433,2.0364314760372944,1.96,3.991405693033097,62.60122477489747,70.58403616096366,0,4.0814827652758074,always
4300,63.480431179084015,65.91905548856118,64.94360576477033,-2.43862430947717,4.0814827652758074,2.020267993429537,1.96,3.9597252671218923,61.959330221439295,69.87878075568308,0,4.174753053150667,always
4301,69.96276637250998,64.94360576477033,66.95127000786619,5.01916060773965,4.174753053150667,2.043221244298,1.96,4.00471363882408,60.938892125946246,68.94831940359441,1,5.225614060807406,always
4302,71.76765644838736,66.95127000786619,68.87782458407466,4.816386440521171,5.225614060807406,2.2859602054295274,1.96,4.480482002641874,62.470788005224314,71.43175201050806,1,6.124212274988846,always
4303,69.22665586348674,68.87782458407466,69.01735709583949,0.3488312794120816,6.124212274988846,2.4747145845508824,1.96,4.8504405857197295,64.02738399835494,73.72826516979438,0,5.824085824314217,always
4304,69.10887884343137,69.01735709583949,69.05396579487623,0.0915217475918837,5.824085824314217,2.4133142821261835,1.96,4.730095992967319,64.28726110287216,73.74745308880681,0,5.53330034461262,always
4305,67.58095883601436,69.05396579487623,68.46476301133148,-1.4730069588618733,5.53330034461262,2.3522968232373693,1.96,4.610501773545244,64.443464021331,73.66446756842147,0,5.3651228024247635,always
4306,66.91454486423194,68.46476301133148,67.84467575249167,-1.5502181470995424,5.3651228024247635,2.3162734731513814,1.96,4.539896007376708,63.92486700395477,73.0046590187082,0,5.217025477483362,always
4307,68.18611752655733,67.84467575249167,67.98125246211794,0.34144177406565746,5.217025477483362,2.2840808824302528,1.96,4.476798529563295,63.36787722292837,72.32147428205496,0,4.962003327863049,always
4308,69.26730323995069,67.98125246211794,68.49567277325104,1.286050777832756,4.962003327863049,2.227555460109366,1.96,4.366008701814357,63.61524376030358,72.34726116393229,0,4.7965994916281085,always
4309,69.66924020254658,68.49567277325104,68.96509974496925,1.173567429295531,4.7965994916281085,2.190114036215491,1.96,4.292623510982362,64.20304926226868,72.78829628423341,0,4.62563254260187,always
4310,72.11789613564584,68.96509974496925,70.22621830123988,3.152796390676585,4.62563254260187,2.150728374900436,1.96,4.215427614804854,64.7496721301644,73.1805273597741,0,4.891357169524941,always
4311,70.75298994964277,70.22621830123988,70.43692696060104,0.5267716484028853,4.891357169524941,2.2116412840976136,1.96,4.334816916831323,65.89140138440855,74.56103521807121,0,4.660663729526748,always
4312,64.63826495783654,70.43692696060104,68.11746215949525,-5.798662002764502,4.660663729526748,2.158857042401545,1.96,4.231359803107028,66.20556715749402,74.66828676370807,1,6.108854594165652,always
4313,65.70841241502788,68.11746215949525,67.1538422617083,-2.4090497444673673,6.108854594165652,2.4716097172016562,1.96,4.844355045715246,63.27310711378,72.9618172052105,0,6.093587898023284,always
4314,68.97523496183285,67.1538422617083,67.88239934175812,1.821392700124548,6.093587898023284,2.4685193736374207,1.96,4.838297972329345,62.31554428937896,71.99214023403765,0,5.954782071525469,always
4315,70.40860980611296,67.88239934175812,68.89288352750006,2.526210464354847,5.954782071525469,2.440242215749385,1.96,4.7828747428687945,63.099524598889325,72.66527408462692,0,5.976129933459991,always
4316,69.93896936684561,68.89288352750006,69.31131786323829,1.046085839345551,5.976129933459991,2.4446124301123873,1.96,4.791440363020279,64.10144316447978,73.68432389052035,0,5.732038215950956,always
4317,68.52855928553868,69.31131786323829,68.99821443215845,-0.7827585776996102,5.732038215950956,2.3941675413285,1.96,4.69256838100386,64.61874948223442,74.00388624424215,0,5.476071854701524,always
4318,67.88123274831732,68.99821443215845,68.551421758622,-1.1169816838411322,5.476071854701524,2.3401008214821695,1.96,4.586597610105052,64.41161682205339,73.58481204226351,0,5.264650666068277,always
4319,69.19652632087724,68.551421758622,68.80946358352409,0.6451045622552414,5.264650666068277,2.29448265760896,1.96,4.497186008913562,64.05423574970844,73.04860776753556,0,5.022226127576989,always
4320,68.57667822257594,68.80946358352409,68.71634943914484,-0.2327853609481565,5.022226127576989,2.2410323798591105,1.96,4.392423464523857,64.41704011900023,73.20188704804795,0,4.773824272411728,always
4321,66.93871426964817,68.71634943914484,68.00529537134616,-1.7776351694966621,4.773824272411728,2.1849082983987516,1.96,4.282420264861553,64.43392917428328,72.99876970400639,0,4.693132398582713,always
4322,72.22306162943451,68.00529537134616,69.6924018745815,4.217766258088346,4.693132398582713,2.1663638656935524,1.96,4.246073176759363,63.759222194586805,72.25136854810553,0,5.347953389047006,always
4323,70.60319367716477,69.6924018745815,70.05671859561481,0.9107918025832618,5.347953389047006,2.3125642453880078,1.96,4.532625920960495,65.15977595362101,74.225027795542,0,5.122032804977299,always
4324,68.21309976027172,70.05671859561481,69.31927106147758,-1.8436188353430936,5.122032804977299,2.263190845902594,1.96,4.435854057969085,65.62086453764573,74.49257265358389,0,5.035877685230025,always
4325,65.1952726412676,69.31927106147758,67.66967169339358,-4.123998420209986,5.035877685230025,2.2440761317811893,1.96,4.398389218291131,64.92088184318645,73.71766027976871,0,5.634451949463246,always
4326,66.99781632720183,67.66967169339358,67.40092954691688,-0.6718553661917497,5.634451949463246,2.3737000546537566,1.96,4.652452107121363,63.01721958627222,72.32212380051494,0,5.375298833644116,always
4327,68.01371514965331,67.40092954691688,67.64604378801145,0.6127856027364231,5.375298833644116,2.318469071099314,1.96,4.544199379354655,62.85673016756223,71.94512892627154,0,5.125309201707962,always
4328,68.45811151191606,67.64604378801145,67.9708708775733,0.8120677239046046,5.125309201707962,2.2639145747372984,1.96,4.437272566485105,63.20877122152635,72.08331635449656,0,4.902016441032944,always
4329,70.44810633097967,67.9708708775733,68.96176505893584,2.477235453406365,4.902016441032944,2.2140497828714114,1.96,4.3395375744279665,63.63133330314534,72.31040845200127,0,4.963750393561969,always
4330,70.56032239519689,68.96176505893584,69.60118799344026,1.5985573362610523,4.963750393561969,2.2279475742400154,1.96,4.366777245510431,64.5949878134254,73.32854230444627,0,4.843332151749572,always
4331,69.77725455849053,69.60118799344026,69.67161461946037,0.17606656505026308,4.843332151749572,2.2007571769165204,1.96,4.31348406675638,65.28770392668389,73.91467206019664,0,4.602715515928523,always
4332,65.74188427990808,69.67161461946037,68.09972248363945,-3.929730339552293,4.602715515928523,2.14539402346714,1.96,4.204972285995594,65.46664233346478,73.87658690545597,0,5.144718767211986,always
4333,69.1243460434431,68.09972248363945,68.50957190756091,1.0246235598036435,5.144718767211986,2.2681972505079857,1.96,4.4456666109956515,63.6540558726438,72.54538909463511,0,4.939975500816621,always
4334,68.628343519699,68.50957190756091,68.55708055241615,0.11877161213809018,4.939975500816621,2.2226055657305954,1.96,4.356306908831967,64.15326499872894,72.86587881639288,0,4.693682060568284,always
4335,70.72017431153864,68.55708055241615,69.42231805606515,2.1630937591224892,4.693682060568284,2.1664907247824265,1.96,4.246321820573556,64.3107587318426,72.80340237298971,0,4.692946688077602,always
4336,71.46274862604591,69.42231805606515,70.23849028405745,2.0404305699807566,4.692946688077602,2.166321003008927,1.96,4.245989165897496,65.17632889016765,73.66830722196265,0,4.666467199219321,always
4337,70.19606113253525,70.23849028405745,70.22151862344856,-0.042429151522199504,4.666467199219321,2.1602007312329383,1.96,4.233993433216559,66.0044968508409,74.472483717274,0,4.433233850903299,always
4338,66.91628519513563,70.22151862344856,68.8994252521234,-3.305233428312931,4.433233850903299,2.105524602303022,1.96,4.126828220513923,66.09469040293463,74.34834684396249,0,4.757800559139997,always
4339,67.09162531804304,68.8994252521234,68.17630527849126,-1.8077999340803501,4.757800559139997,2.181238308654054,1.96,4.275227084961945,64.62419816716145,73.17465233708533,0,4.683317561266042,always
4340,67.90295047729072,68.17630527849126,68.06696335801104,-0.27335480120054,4.683317561266042,2.164097401058012,1.96,4.241630906073704,63.934674372417554,72.41793618456497,0,4.45288782556971,always
4341,69.05201698461084,68.06696335801104,68.46098480865095,0.9850536265998073,4.45288782556971,2.1101866802654476,1.96,4.135965893320277,63.93099746469076,72.20292925133131,0,4.2787599666550955,always
4342,68.91742656349281,68.46098480865095,68.64356151058769,0.4564417548418618,4.2787599666550955,2.068516368476473,1.96,4.0542920822138875,64.40669272643706,72.51527689086484,0,4.075238922100497,always
4343,65.57903168593165,68.64356151058769,67.41774958072527,-3.0645298246560344,4.075238922100497,2.018722101256262,1.96,3.9566953184622733,64.68686619212542,72.60025682904995,0,4.341044128305789,always
4344,68.38388195628946,67.41774958072527,67.80420253095095,0.966132375564186,4.341044128305789,2.0835172493420324,1.96,4.083693808710383,63.334055772014885,71.50144338943565,0,4.1706625102461645,always
4345,69.9316525959838,67.80420253095095,68.65518255696409,2.1274500650328605,4.1706625102461645,2.0422199955553673,1.96,4.00275119128852,63.80145133966243,71.80695372223947,0,4.188431573694272,always
4346,68.8523499801922,68.65518255696409,68.73404952625533,0.19716742322810887,4.188431573694272,2.046565799991359,1.96,4.011268967983064,64.64391358898104,72.66645152494715,0,3.980953744648679,always
4347,67.31759284087877,68.73404952625533,68.16746685210471,-1.4164566853765592,3.980953744648679,1.9952327545047668,1.96,3.9106561988293427,64.82339332742599,72.64470572508468,0,3.8822235344936424,always
4348,68.31457007898132,68.16746685210471,68.22630814285534,0.14710322687660948,3.8822235344936424,1.9703358938246145,1.96,3.8618583518962444,64.30560850020846,72.02932520400095,0,3.689194325736836,always
4349,67.8018111195077,68.22630814285534,68.05650933351629,-0.42449702334764083,3.689194325736836,1.9207275511474384,1.96,3.7646260002489793,64.46168214260636,71.99093414310433,0,3.5137444955915442,always
4350,64.95353829450289,68.05650933351629,66.81532091791092,-3.102971039013397,3.5137444955915442,1.8744984650811385,1.96,3.6740169915590313,64.38249234195726,71.73052632507532,0,3.8194787342597607,always
4351,67.49441212176029,66.81532091791092,67.08695739945067,0.6790912038493673,3.8194787342597607,1.9543486726425663,1.96,3.83052339837943,62.9847975195315,70.64584431629035,0,3.6515630407040516,always
4352,70.61103262273997,67.08695739945067,68.49658748876638,3.5240752232893016,3.6515630407040516,1.910906340118231,1.96,3.7453764266317324,63.34158097281894,70.8323338260824,0,4.089940197638926,always
4353,70.13246577574739,68.49658748876638,69.15093880355879,1.6358782869810113,4.089940197638926,2.022360056379409,1.96,3.9638257105036416,64.53276177826274,72.46041319927002,0,4.019248076247776,always
4354,66.86460884129343,69.15093880355879,68.23640681865264,-2.2863299622653557,4.019248076247776,2.0048062440664376,1.96,3.9294202383702177,65.22151856518857,73.080359041929,0,4.0796509072530025,always
4355,66.99843572823629,68.23640681865264,67.7412183824861,-1.2379710904163517,4.0796509072530025,2.0198145724924856,1.96,3.958836562085272,64.27757025656737,72.1952433807379,0,3.9522969829256844,always
4356,66.38245846382466,67.7412183824861,67.19771441502152,-1.358759918661434,3.9522969829256844,1.988038476218628,1.96,3.8965554133885107,63.844662969097584,71.63777379587461,0,3.846993559607441,always
4357,66.60191131914516,67.19771441502152,66.95939317667097,-0.5958030958763629,3.846993559607441,1.961375425462306,1.96,3.8442958339061195,63.353418581115406,71.04201024892764,0,3.6723929480798616,always
4358,67.45637065481853,66.95939317667097,67.15818416792999,0.49697747814755644,3.6723929480798616,1.916348858658011,1.96,3.7560437629697017,63.20334941370127,70.71543693964067,0,3.5011226313651638,always
4359,70.25127533965588,67.15818416792999,68.39542063662034,3.093091171725888,3.5011226313651638,1.8711287051844305,1.96,3.6674122621614837,63.490771905768504,70.82559643009147,0,3.8044271496273367,always
4360,69.69116345072888,68.39542063662034,68.91371776226376,1.2957428141085359,3.8044271496273367,1.950494078336906,1.96,3.822968393540336,64.57245224308001,72.21838903016068,0,3.698153264161665,always
4361,67.8297607829447,68.91371776226376,68.48013497053614,-1.0839569793190549,3.698153264161665,1.9230583101304195,1.96,3.769194287855622,65.14452347440813,72.68291205011938,0,3.571993737604306,always
4362,70.59681351751925,68.48013497053614,69.32680638932939,2.1166785469831098,3.571993737604306,1.889971888046038,1.96,3.7043449005702347,64.77579006996591,72.18447987110638,0,3.617410454287017,always
4363,70.78440146482228,69.32680638932939,69.90984441952655,1.4575950754928897,3.617410454287017,1.901949119794485,1.96,3.7278202747971907,65.5989861145322,73.05462666412659,0,3.542769101777722,always
4364,69.49322588584599,69.90984441952655,69.74319700605433,-0.41661853368056256,3.542769101777722,1.882224508866496,1.96,3.689160037378332,66.22068438214822,73.59900445690488,0,3.374309196819143,always
4365,67.56168368128328,69.74319700605433,68.87059167614592,-2.1815133247710463,3.374309196819143,1.8369292846539147,1.96,3.6003813979216726,66.14281560813266,73.343578403976,0,3.443543756285867,always
4366,66.70833976439181,68.87059167614592,68.00569091144428,-2.1622519117541117,3.443543756285867,1.855678785858659,1.96,3.6371304202829715,65.23346125586295,72.50772209642889,0,3.505133234965789,always
4367,64.7770523579677,68.00569091144428,66.71423549005365,-3.2286385534765714,3.505133234965789,1.8722001054817268,1.96,3.6695122067441845,64.33617870470009,71.67520311818846,0,3.851081918667264,always
4368,68.77767233047005,66.71423549005365,67.53961022622022,2.0634368404164007,3.851081918667264,1.9624173660736046,1.96,3.846338037504265,62.867897452549386,70.56057352755792,0,3.8714164024532813,always
4369,71.36304177793275,67.53961022622022,69.06898284690523,3.823431551712531,3.8714164024532813,1.967591523272369,1.96,3.8564793856138433,63.683130840606374,71.39608961183406,0,4.408777023862162,always
4370,69.97273991170451,69.06898284690523,69.43048567282494,0.9037570647992794,4.408777023862162,2.0997087950147186,1.96,4.115429238228849,64.95355360867637,73.18441208513408,0,4.229177014277783,always
4371,67.90878300530196,69.43048567282494,68.82180460581574,-1.5217026675229874,4.229177014277783,2.0564962957121473,1.96,4.030732739595809,65.39975293322914,73.46121841242075,0,4.133497113981223,always
4372,68.6756162407205,68.82180460581574,68.76332925977765,-0.14618836509524158,4.133497113981223,2.0331003698738592,1.96,3.984876724952764,64.83692788086297,72.80668133076851,0,3.9278908101866223,always
4373,66.73141313216155,68.76332925977765,67.9505628087312,-2.0319161276160997,3.9278908101866223,1.9818907160049524,1.96,3.8845058033697066,64.87882345640794,72.64783506314735,0,3.9379304271606115,always
4374,66.62871776160597,67.9505628087312,67.42182478988111,-1.3218450471252368,3.9379304271606115,1.9844219377845558,1.96,3.8894669980577294,64.06109581067348,71.84002980678893,0,3.828397622233057,always
4375,66.71956979654401,67.42182478988111,67.14092279254628,-0.7022549933371067,3.828397622233057,1.9566291478543032,1.96,3.834993129794434,63.58683166008668,71.25681791967556,0,3.661635844904749,always
4376,71.18714692085354,67.14092279254628,68.75941244386918,4.046224128307259,3.661635844904749,1.9135401341243796,1.96,3.750538662883784,63.39038412966249,70.89146145543006,1,4.2971505374843035,always
4377,72.47848655202007,68.75941244386918,70.24704208712953,3.719074108150892,4.2971505374843035,2.0729569550485856,1.96,4.062995631895228,64.69641681197395,72.82240807576441,0,4.773868621706005,always
4378,66.40197950908222,70.24704208712953,68.7090170559106,-3.8450625780473047,4.773868621706005,2.184918447381047,1.96,4.282440156866852,65.96460193026267,74.52948224399638,0,5.274400502075694,always
4379,63.143801989479336,68.7090170559106,66.48293102933809,-5.565215066431271,5.274400502075694,2.2966063010615674,1.96,4.501348350080672,64.20766870582993,73.21036540599128,1,6.55926141375359,always
4380,66.29927292911026,66.48293102933809,66.40946778924696,-0.1836581002278308,6.55926141375359,2.5611055061737673,1.96,5.019766792100584,61.46316423723751,71.50269782143867,0,6.232984857954874,always
4381,69.31150244461786,66.40946778924696,67.57028165139532,2.9020346553708976,6.232984857954874,2.4965946523124,1.96,4.893325518532304,61.51614227071465,71.30279330777927,0,6.342425872105815,always
4382,68.26319169010026,67.57028165139532,67.84744566687729,0.6929100387049374,6.342425872105815,2.5184173347771046,1.96,4.936097976163125,62.634183675232194,72.50637962755845,0,6.049310794587427,always
4383,71.03180714822696,67.84744566687729,69.12119025941716,3.1843614813496686,6.049310794587427,2.459534670336531,1.96,4.820687953859601,63.02675771301769,72.6681336207369,0,6.253853157053228,always
4384,70.76879831485991,69.12119025941716,69.78023348159425,1.6476080554427455,6.253853157053228,2.50077051267269,1.96,4.9015102048384716,64.21968005457869,74.02270046425564,0,6.076891114418557,always
4385,69.47009989909711,69.78023348159425,69.65618004859539,-0.3101335824971443,6.076891114418557,2.4651351107836983,1.96,4.831664817136049,64.94856866445821,74.6118982987303,0,5.777855700647255,always
4386,67.07213835817998,69.65618004859539,68.62256337242923,-2.584041690415404,5.777855700647255,2.4037170591912966,1.96,4.711285436014942,64.94489461258044,74.36746548461034,0,5.822826488505136,always
4387,68.40414428612644,68.62256337242923,68.53519573790811,-0.21841908630278795,5.822826488505136,2.413053353845525,1.96,4.729584573537229,63.892978798891995,73.35214794596645,0,5.534070508942946,always
4388,68.74826825111285,68.53519573790811,68.62042474319,0.21307251320473597,5.534070508942946,2.3524605222921267,1.96,4.6108226236925685,63.92437311421554,73.14601836160068,0,5.259636978289968,always
4389,68.43437404704324,68.62042474319,68.5460044647313,-0.18605069614676495,5.259636978289968,2.293389844376653,1.96,4.4950440949782395,64.12538064821176,73.11546883816824,0,4.998385872452304,always
4390,69.41549324240741,68.5460044647313,68.89379997580174,0.8694887776761107,4.998385872452304,2.2357070184736423,1.96,4.381985756208339,64.16401870852296,72.92799022093963,0,4.7862671155549235,always
4391,66.80111257433238,68.89379997580174,68.056725015214,-2.0926874014693624,4.7862671155549235,2.1877538973922372,1.96,4.287997638888785,64.60580233691296,73.18179761469052,0,4.765920787790607,always
4392,69.5809627131722,68.056725015214,68.66642009439728,1.524237697958199,4.765920787790607,2.183098895558927,1.96,4.278873835295498,63.7778511799185,72.3355988505095,0,4.643789776394922,always
4393,70.43410516282293,68.66642009439728,69.37349412176755,1.7676850684256493,4.643789776394922,2.1549454230664224,1.96,4.223693029210188,64.4427270651871,72.89011312360746,0,4.567835812631925,always
4394,71.2038980542783,69.37349412176755,70.10565569477185,1.8304039325107482,4.567835812631925,2.1372495906262152,1.96,4.1890091976273816,65.18448492414016,73.56250331939493,0,4.5069629498078685,always
4395,67.70465661622728,70.10565569477185,69.14525606335403,-2.4009990785445723,4.5069629498078685,2.122960892199352,1.96,4.1610033487107305,65.94465234606112,74.26665904348259,0,4.569854631076069,always
4396,65.44859725655493,69.14525606335403,67.66659254063438,-3.6966588067990926,4.569854631076069,2.137721832015585,1.96,4.189934790750546,64.95532127260348,73.33519085410457,0,5.0246262162165305,always
4397,65.4864797134196,67.66659254063438,66.79454740974847,-2.180112827214785,5.0246262162165305,2.2415678031718183,1.96,4.393472894216764,63.27311964641762,72.06006543485114,0,5.011039502375026,always
4398,68.75553570877155,66.79454740974847,67.5789427293577,1.9609882990230716,5.011039502375026,2.2385351242218707,1.96,4.3875288434748665,62.40701856627361,71.18207625322334,0,4.952761282701545,always
4399,70.42155652143049,67.5789427293577,68.71598824618682,2.8426137920727825,4.952761282701545,2.225480011750621,1.96,4.361940823031217,63.21700190632649,71.94088355238893,0,5.1091458771105875,always
4400,68.99104832962576,68.71598824618682,68.82601227956239,0.2750600834389303,5.1091458771105875,2.260341982335989,1.96,4.430270285378538,64.28571796080828,73.14625853156537,0,4.857471485730129,always
4401,69.28774694773229,68.82601227956239,69.01070614683034,0.46173466816989617,4.857471485730129,2.2039672152121796,1.96,4.319775741815872,64.50623653774652,73.14578802137827,0,4.625257856633121,always
4402,69.80222959923023,69.01070614683034,69.3273155277903,0.7915234523998862,4.625257856633121,2.1506412663745484,1.96,4.215256882094115,64.79544926473623,73.22596302892445,0,4.425320432586417,always
4403,71.78973843496601,69.3273155277903,70.31228469066059,2.462422907175707,4.425320432586417,2.1036445594696875,1.96,4.123143336560587,65.20417219122972,73.45045886435089,0,4.507230739646278,always
4404,72.0993480919816,70.31228469066059,71.027110051189,1.7870634013210065,4.507230739646278,2.123023961156887,1.96,4.161126963867498,66.15115772679309,74.47341165452809,0,4.441548982681015,always
4405,70.96132914916856,71.027110051189,71.00079769038082,-0.0657809020204354,4.441548982681015,2.1074982758429517,1.96,4.130696620652185,66.89641343053681,75.15780667184119,0,4.219687889900494,always
4406,73.47275767270776,71.00079769038082,71.9895816833116,2.4719599823269363,4.219687889900494,2.0541878906031195,1.96,4.026208265582114,66.97458942479871,75.02700595596293,0,4.3142328031167585,always
4407,73.10450151175127,71.9895816833116,72.43554961468746,1.1149198284396675,4.3142328031167585,2.0770731337910946,1.96,4.071063342230545,67.91851834108105,76.06064502554214,0,4.160673474153317,always
4408,73.65638647158727,72.43554961468746,72.92388435744738,1.2208368568998083,4.160673474153317,2.0397728976906513,1.96,3.9979548794736766,68.43759473521378,76.43350449416114,0,4.027161932003901,always
4409,71.46670285305268,72.92388435744738,72.3410117556895,-1.457181504394697,4.027161932003901,2.0067789943100114,1.96,3.9332868288476224,68.99059752859975,76.857171186295,0,3.9319727322412055,always
4410,71.04399290173595,72.3410117556895,71.82220421410807,-1.2970188539535457,3.9319727322412055,1.9829202536262536,1.96,3.886523697107457,68.45448805858203,76.22753545279696,0,3.819486991004694,always
4411,71.43483029013072,71.82220421410807,71.66725464451713,-0.38737392397734993,3.819486991004694,1.9543507850446638,1.96,3.830527538687541,67.99167667542054,75.6527317527956,0,3.6360155693033396,always
4412,69.41746825893327,71.66725464451713,70.76734009028358,-2.2497863855838602,3.6360155693033396,1.9068339123540203,1.96,3.7373944682138798,67.92986017630325,75.40464911273101,0,3.707291729876097,always
4413,72.70057326969047,70.76734009028358,71.54063336204634,1.9332331794068836,3.707291729876097,1.9254328681821387,1.96,3.7738484216369916,66.99349166864658,74.54118851192058,0,3.7087966696802743,always
4414,73.33387942179903,71.54063336204634,72.2579317859474,1.7932460597526898,3.7087966696802743,1.925823634105749,1.96,3.774614322847268,67.76601903919907,75.3152476848936,0,3.6841434077371877,always
4415,73.39466834768362,72.2579317859474,72.71262641064189,1.136736561736214,3.6841434077371877,1.919412255805716,1.96,3.7620480213792034,68.4958837645682,76.0199798073266,0,3.5645447378897215,always
4416,70.86681821401831,72.71262641064189,71.97430313199246,-1.8458081966235795,3.5645447378897215,1.8880001954157,1.96,3.7004803830147717,69.01214602762711,76.41310679365667,0,3.5566678959313744,always
4417,70.20049018219953,71.97430313199246,71.26477795207529,-1.7738129497929265,3.5566678959313744,1.8859130138825,1.96,3.6963895072097,68.27791362478276,75.67069263920216,0,3.53615512017746,always
4418,70.01160646242553,71.26477795207529,70.7635093562154,-1.253171489649759,3.53615512017746,1.8804667293460577,1.96,3.685714789518273,67.57906316255702,74.95049274159356,0,3.437869303292137,always
4419,73.38571651050064,70.7635093562154,71.8123922179295,2.622207154285249,3.437869303292137,1.8541492127906365,1.96,3.6341324570696476,67.12937689914574,74.39764181328505,0,3.609774356126767,always
4420,74.11774069626364,71.8123922179295,72.73453160926316,2.305348478334139,3.609774356126767,1.899940619105441,1.96,3.7238836134466644,68.08850860448284,75.53627583137616,0,3.6950172186483052,always
4421,72.9533664525292,72.73453160926316,72.82206554656958,0.21883484326603764,3.6950172186483052,1.9222427574706336,1.96,3.7675958046424416,68.96693580462072,76.5021274139056,0,3.5126607921472535,always
4422,73.37542574404317,72.82206554656958,73.04340962555901,0.5533601974735944,3.5126607921472535,1.8742093778837128,1.96,3.673450380652077,69.1486151659175,76.49551592722165,0,3.3523381279472915,always
4423,73.90808416550983,73.04340962555901,73.38927944153934,0.8646745399508262,3.3523381279472915,1.830939138242255,1.96,3.5886407109548197,69.45476891460419,76.63205033651383,0,3.2221043245518852,always
4424,73.43015143148874,73.38927944153934,73.4056282375191,0.04087198994939456,3.2221043245518852,1.7950220958394594,1.96,3.5182433078453403,69.871036133694,76.90752274938468,0,3.061082634302412,always
4425,69.59645775558214,73.4056282375191,71.88196004474432,-3.8091704819369596,3.061082634302412,1.7495949915058662,1.96,3.4292061833514977,69.9764220541676,76.83483442087059,1,3.633517490610284,always
4426,68.62428025832989,71.88196004474432,70.57888813017854,-3.2576797864144282,3.633517490610284,1.9061787666979937,1.96,3.7361103827280675,68.14584966201625,75.61807042747239,0,3.9824654956204273,always
4427,69.49550707318983,70.57888813017854,70.14553570738306,-1.0833810569887135,3.9824654956204273,1.9956115593021673,1.96,3.911398656232248,66.66748947394629,74.49028678641079,0,3.8420279465715046,always
4428,73.10146465518764,70.14553570738306,71.3279072865049,2.95592894780458,3.8420279465715046,1.9601091670035893,1.96,3.841813967327035,66.30372174005602,73.9873496747101,0,4.086802346466383,always
4429,73.99410316914273,71.3279072865049,72.39438563956003,2.6661958826378367,4.086802346466383,2.0215841180782914,1.96,3.9623048714334512,67.36560241507145,75.29021215793834,0,4.237892253372811,always
4430,70.38496092344593,72.39438563956003,71.59061575311439,-2.009424716114097,4.237892253372811,2.0586141584504882,1.96,4.0348837505629565,68.35950188899707,76.42926939012298,0,4.227887025190681,always
4431,69.57580864997936,71.59061575311439,70.78469291186039,-2.014807103135027,4.227887025190681,2.056182634201223,1.96,4.030117963034397,67.56049779007999,75.62073371614879,0,4.219465057073314,always
4432,68.93683622468649,70.78469291186039,70.04555023699083,-1.847856687173902,4.219465057073314,2.0541336512197335,1.96,4.0261019563906775,66.75859095546971,74.81079486825107,0,4.179220521036313,always
4433,71.11946267771756,70.04555023699083,70.47511521328153,1.0739124407267298,4.179220521036313,2.044314193326533,1.96,4.0068558189200045,66.03869441807083,74.05240605591084,0,4.027923891501879,always
4434,70.34520073830652,70.47511521328153,70.42314942329153,-0.12991447497500985,4.027923891501879,2.006968831721579,1.96,3.9336589101742945,66.54145630310722,74.40877412345583,0,3.827371585467186,always
4435,72.06563034420205,70.42314942329153,71.08014179165573,1.642480920910515,3.827371585467186,1.9563669352826392,1.96,3.834479193153973,66.58867023013757,74.2576286164455,0,3.7708901849715795,always
4436,73.2587217764191,71.08014179165573,71.95157378556108,2.17857998476336,3.7708901849715795,1.9418780046572388,1.96,3.806080889128188,67.27406090252755,74.88622268078392,0,3.8196562132235763,always
4437,75.40934063377074,71.95157378556108,73.33468052484494,3.4577668482096584,3.8196562132235763,1.954394078281956,1.96,3.8306123934326335,68.12096139212845,75.78218617899371,0,4.226480981391285,always
4438,74.51305342629891,73.33468052484494,73.80602968542652,1.1783729014539688,4.226480981391285,2.0558406994198957,1.96,4.029447770862995,69.30523275398194,77.36412829570794,0,4.084585067065773,always
4439,70.99379035516021,73.80602968542652,72.68113395332,-2.8122393302663085,4.084585067065773,2.0210356422056917,1.96,3.9612298587231556,69.84479982670337,77.76725954414968,0,4.275790316247319,always
4440,71.19185263985841,72.68113395332,72.08542142793536,-1.4892813134615892,4.275790316247319,2.0677984225371966,1.96,4.0528849081729055,68.6282490451471,76.7340188614929,0,4.172898741966246,always
4441,69.74672058491717,72.08542142793536,71.14994109072808,-2.338700843018188,4.172898741966246,2.042767422387151,1.96,4.003824147878816,68.08159728005654,76.08924557581418,0,4.237729886524632,always
4442,69.43339712549947,71.14994109072808,70.46332350463663,-1.7165439652286096,4.237729886524632,2.05857472211349,1.96,4.034806455342441,67.11513463538563,75.18474754607053,0,4.173169551426538,always
4443,71.91139178095375,70.46332350463663,71.04255081516348,1.448068276317116,4.173169551426538,2.042833706258671,1.96,4.0039540642669955,66.45936944036964,74.46727756890363,0,4.069356160499012,always
4444,69.81776201170062,71.04255081516348,70.55263529377834,-1.2247888034628573,4.069356160499012,2.017264524175997,1.96,3.9538384673849545,67.08871234777853,74.99638928254844,0,3.9408937331284606,always
4445,70.50422013914269,70.55263529377834,70.53326923192408,-0.048415154635648605,3.9408937331284606,1.9851684394852898,1.96,3.8909301413911677,66.66170515238717,74.4435654351695,0,3.743966247831957,always
4446,70.48825613945766,70.53326923192408,70.51526399493751,-0.04501309246641938,3.743966247831957,1.9349331378194847,1.96,3.79246895012619,66.74080028179789,74.32573818205027,0,3.5568692443650285,always
4447,71.81780419683315,70.51526399493751,71.03628007569577,1.3025402018956385,3.5568692443650285,1.8859663953435195,1.96,3.6964941348732983,66.81876986006421,74.21175812981082,0,3.4638563310244934,always
4448,70.85494991130017,71.03628007569577,70.96374800993753,-0.1813301643956038,3.4638563310244934,1.8611438233045003,1.96,3.6478418936768207,67.38843818201894,74.6841219693726,0,3.2923075458992557,always
4449,71.8654400545463,70.96374800993753,71.32442482778103,0.9016920446087653,3.2923075458992557,1.814471698842188,1.96,3.5563645297306885,67.40738348020685,74.52011253966822,0,3.1683445957698297,always
4450,72.34578021257877,71.32442482778103,71.73296698170013,1.0213553847977437,3.1683445957698297,1.779984436945961,1.96,3.4887694964140836,67.83565533136695,74.81319432419511,0,3.062085707084105,always
4451,74.2002969755961,71.73296698170013,72.71989897925852,2.467329993895973,3.062085707084105,1.7498816265919548,1.96,3.4297679881202314,68.3031989935799,75.16273496982036,0,3.2133672866688348,always
4452,72.9823898802207,72.71989897925852,72.82489533964339,0.2624909009621774,3.2133672866688348,1.79258675847749,1.96,3.5134700466158804,69.20642893264264,76.2333690258744,0,3.05614399598979,always
4453,70.16132123289216,72.82489533964339,71.7594656969429,-2.663574106751227,3.05614399598979,1.7481830556294127,1.96,3.4264387890336487,69.39845655060974,76.25133412867704,0,3.25806814729808,always
4454,69.86026901588403,71.7594656969429,70.99978702451935,-1.8991966810588679,3.25806814729808,1.8050119521205614,1.96,3.5378234261563004,68.2216422707866,75.29728912309919,0,3.275512141600427,always
4455,69.44414619755923,70.99978702451935,70.37753069373531,-1.555640826960115,3.275512141600427,1.8098376008914245,1.96,3.547281697747192,67.45250532677215,74.54706872226654,0,3.232737453645663,always
4456,71.97055909265168,70.37753069373531,71.01474205330186,1.593028398916374,3.232737453645663,1.7979814942444938,1.96,3.524043728719208,66.8534869650161,73.90157442245452,0,3.197987554951083,always
4457,73.97003772628429,71.01474205330186,72.19686032249483,2.9552956729824302,3.197987554951083,1.7882917980438995,1.96,3.5050519241660427,67.50969012913582,74.5197939774679,0,3.474776802940962,always
4458,76.72553714448395,72.19686032249483,74.00833105129048,4.528676821989123,3.474776802940962,1.864075321155495,1.96,3.65358762946477,68.54327269303006,75.8504479519596,1,4.326483650694989,always
4459,72.74254943764161,74.00833105129048,73.50201840583094,-1.265781613648869,4.326483650694989,2.080020108242944,1.96,4.07683941215617,69.93149163913431,78.08517046344666,0,4.190269622832816,always
4460,69.50606922983022,73.50201840583094,71.90363873543065,-3.995949176000721,4.190269622832816,2.04701480767307,1.96,4.012149023039218,69.48986938279172,77.51416742887015,0,4.779136632550218,always
4461,69.09372903242,71.90363873543065,70.77967485422639,-2.8099097030106464,4.779136632550218,2.186123654451005,1.96,4.28480236272397,67.61883637270668,76.18844109815461,0,4.934959427876376,always
4462,71.64637335623374,70.77967485422639,71.12635425502933,0.8666985020073525,4.934959427876376,2.2214768573803276,1.96,4.354094640465442,66.42558021376094,75.13376949469183,0,4.725769771151647,always
4463,73.63849529924967,71.12635425502933,72.13121067271746,2.5121410442203427,4.725769771151647,2.1738835689041967,1.96,4.260811795052225,66.8655424599771,75.38716605008155,0,4.805023913896888,always
4464,72.90484823479017,72.13121067271746,72.44066569754654,0.7736375620727074,4.805023913896888,2.1920364764065603,1.96,4.296391493756858,67.8348191789606,76.42760216647432,0,4.594698472074533,always
4465,73.17815016655881,72.44066569754654,72.73565948515144,0.7374844690122728,4.594698472074533,2.143524777574202,1.96,4.201308564045436,68.2393571335011,76.64197426159197,0,4.392157715572522,always
4466,71.15399672690803,72.73565948515144,72.10299438185407,-1.5816627582434108,4.392157715572522,2.09574753144851,1.96,4.107665161639079,68.62799432351237,76.84332464679052,0,4.297632683834603,always
4467,72.20758402470148,72.10299438185407,72.14483023899304,0.10458964284740091,4.297632683834603,2.073073246133528,1.96,4.063223562421715,68.03977081943236,76.16621794427579,0,4.08329799931242,always
4468,73.1802988318285,72.14483023899304,72.55901767612723,1.035468592835457,4.08329799931242,2.020717199241997,1.96,3.960605710514314,68.18422452847872,76.10543594950735,0,3.932742859684231,always
4469,72.41134240689794,72.55901767612723,72.49994756843552,-0.14767526922928198,3.932742859684231,1.983114434339136,1.96,3.8869042913047065,68.67211338482252,76.44592196743193,0,3.7371961159571168,always
4470,71.0092510670888,72.49994756843552,71.90366896789683,-1.4906965013467186,3.7371961159571168,1.9331828976993142,1.96,3.7890384794906558,68.71090908894486,76.28898604792617,0,3.661445113115628,always
4471,74.66488107490136,71.90366896789683,73.00815381069864,2.761212107004525,3.661445113115628,1.9134902960599587,1.96,3.750440980277519,68.15322798761932,75.65410994817435,0,3.859587472453265,always
4472,72.69379013528331,73.00815381069864,72.8824083405325,-0.3143636754153363,3.859587472453265,1.9645832821372742,1.96,3.8505832329890572,69.15757057770959,76.8587370436877,0,3.6715493248516333,always
4473,71.35573330917194,72.8824083405325,72.27173832798827,-1.5266750313605684,3.6715493248516333,1.9161287338933242,1.96,3.755612318430915,69.12679602210159,76.63802065896343,0,3.604508691178041,always
4474,69.9662163124983,72.27173832798827,71.34952952179228,-2.30552201548997,3.604508691178041,1.8985543687706288,1.96,3.7211665627904322,68.55057176519784,75.9929048907787,0,3.6900548448145853,always
4475,73.60529425584497,71.34952952179228,72.25183541541335,2.25576473405269,3.6900548448145853,1.9209515467118334,1.96,3.7650650315551935,67.58446449023708,75.11459455334747,0,3.759975829343646,always
4476,75.13530789045663,72.25183541541335,73.40522440543066,2.883472475043277,3.759975829343646,1.9390657104243905,1.96,3.8005687924318052,68.45126662298155,76.05240420784516,0,3.987697713593074,always
4477,71.88601278808977,73.40522440543066,72.79753975849431,-1.5192116173408863,3.987697713593074,1.9969220599695607,1.96,3.913967237540339,69.49125716789032,77.31919164297099,0,3.9037130248265957,always
4478,70.95784621777238,72.79753975849431,72.06166234220554,-1.8396935407219246,3.9037130248265957,1.9757816237698425,1.96,3.872531982588891,68.92500777590541,76.6700717410832,0,3.877750989773964,always
4479,71.64324491853338,72.06166234220554,71.89429537273668,-0.4184174236721532,3.877750989773964,1.9692005966315276,1.96,3.859633169397794,68.20202917280774,75.92129551160333,0,3.6926170973068877,always
4480,71.35708669927172,71.89429537273668,71.6794119033507,-0.5372086734649599,3.6926170973068877,1.9216183537078553,1.96,3.7663719732673964,68.12792339946928,75.66066734600408,0,3.5224159003838422,always
4481,72.75487588613859,71.6794119033507,72.10959749646585,1.0754639827878947,3.5224159003838422,1.876810033110395,1.96,3.678547664896374,68.00086423845433,75.35795956824707,0,3.4041262442783498,always
4482,73.18334026870392,72.10959749646585,72.53909460536107,1.073742772238063,3.4041262442783498,1.8450274372697957,1.96,3.6162537770487995,68.49334371941706,75.72585127351465,0,3.291566109111106,always
4483,72.48111428898198,72.53909460536107,72.51590247880944,-0.05798031637908707,3.291566109111106,1.8142673753091372,1.96,3.5559640556059087,68.98313054975516,76.09505866096698,0,3.1271558895099214,always
4484,71.45911887217375,72.51590247880944,72.09318903615517,-1.0567836066356904,3.1271558895099214,1.7683766254703552,1.96,3.466018185921896,69.04988429288754,75.98192066473133,0,3.0266376745971217,always
4485,71.90649591771273,72.09318903615517,72.0185117887782,-0.18669311844243452,3.0266376745971217,1.739723447734473,1.96,3.409857957559567,68.6833310785956,75.50304699371473,0,2.8770485068909535,always
4486,72.38341960677946,72.0185117887782,72.1644749159787,0.3649078180012566,2.8770485068909535,1.696186459942112,1.96,3.324525461486539,68.69398632729165,75.34303725026474,0,2.7398539673283273,always
4487,72.19044380474882,72.1644749159787,72.17486247148675,0.025968888770123044,2.7398539673283273,1.655250424355278,1.96,3.2442908317363446,68.92018408424235,75.40876574771505,0,2.6028949881211085,always
4488,70.78603260547823,72.17486247148675,71.61933052508334,-1.3888298660085212,2.6028949881211085,1.6133489976198914,1.96,3.162164035334987,69.01269843615177,75.33702650682173,0,2.5691926585509153,always
4489,73.54204702205627,71.61933052508334,72.38841712387251,1.9227164969729245,2.5691926585509153,1.6028701315299738,1.96,3.1416254577987486,68.47770506728459,74.7609559828821,0,2.6255749620099613,always
4490,71.78158199547183,72.38841712387251,72.14568307251224,-0.6068351284006894,2.6255749620099613,1.6203626020153519,1.96,3.1759106999500895,69.21250642392242,75.56432782382261,0,2.5127086575625173,always
4491,71.56438001457457,72.14568307251224,71.91316184933717,-0.5813030579376743,2.5127086575625173,1.58515256602086,1.96,3.1068990294008856,69.03878404311135,75.25258210191313,0,2.4039688869427756,always
4492,71.19247589755668,71.91316184933717,71.62488746862498,-0.7206859517804958,2.4039688869427756,1.5504737620942755,1.96,3.03892857370478,68.87423327563239,74.95209042304195,0,2.3097398546503247,always
4493,74.19761643542068,71.62488746862498,72.65397905534326,2.572728966795708,2.3097398546503247,1.5197828314105686,1.96,2.9787743495647145,68.64611311906026,74.60366181818969,0,2.525199578747294,always
4494,72.1921081066383,72.65397905534326,72.46923067586127,-0.4618709487049557,2.525199578747294,1.589087656093047,1.96,3.114611805942372,69.53936724940088,75.76859086128563,0,2.40960583847281,always
4495,69.73856175363214,72.46923067586127,71.37696310696961,-2.7306689222291283,2.40960583847281,1.5522905135549885,1.96,3.0424894065677774,69.42674126929349,75.51172008242905,0,2.6619531846905686,always
4496,68.91735590396739,71.37696310696961,70.39312022576873,-2.4596072030022214,2.6619531846905686,1.6315493203365226,1.96,3.197836667859584,68.17912643911002,74.5747997748292,0,2.8313389051090607,always
4497,71.59133024199028,70.39312022576873,70.87240423225735,1.1982100162215517,2.8313389051090607,1.6826582853060394,1.96,3.2980102391998374,67.09510998656889,73.69113046496857,0,2.76155732200229,always
4498,71.06154420385751,70.87240423225735,70.94806022089742,0.18913997160015583,2.76155732200229,1.6617934053312071,1.96,3.2571150744491657,67.61528915780819,74.12951930670651,0,2.6252681523450208,always
4499,70.74846865918272,70.94806022089742,70.86822359621154,-0.19959156171469772,2.6252681523450208,1.6202679260989588,1.96,3.175725135153959,67.77233508574346,74.12378535605137,0,2.495996584303155,always
4500,68.31476035929944,70.86822359621154,69.8468383014467,-2.553463236912094,2.495996584303155,1.5798723316468186,1.96,3.096549770027764,67.77167382618377,73.9647733662393,0,2.697205480201077,always
4501,73.47525391718045,69.8468383014467,71.2982045477402,3.6284156157337577,2.697205480201077,1.642317107078008,1.96,3.218941529872896,66.6278967715738,73.06577983131959,1,3.220615200216052,always
4502,76.67744988252414,71.2982045477402,73.44990268165378,5.3792453347839455,3.220615200216052,1.794607255144159,1.96,3.5174302200825514,67.78077432765765,74.81563476782274,1,4.506398458794991,always
4503,74.53675785502648,73.44990268165378,73.88464475100287,1.0868551733726974,4.506398458794991,2.1228279390461657,1.96,4.160742760530485,69.2891599211233,77.61064544218426,0,4.340141244249592,always
4504,75.5117438762149,73.88464475100287,74.53548440108767,1.6270991252120268,4.340141244249592,2.083300565028866,1.96,4.083269107456577,69.8013756435463,77.96791385845944,0,4.255506760200399,always
4505,73.57716705063828,74.53548440108767,74.15215746090792,-0.9583173504493914,4.255506760200399,2.0628879659837076,1.96,4.043260413328067,70.4922239877596,78.57874481441574,0,4.088650029398996,always
4506,75.08584382731786,74.15215746090792,74.5256320074719,0.933686366409944,4.088650029398996,2.022041055319846,1.96,3.9632004684268978,70.18895699248102,78.1153579293348,0,3.9278060394700356,always
4507,74.71136153508986,74.5256320074719,74.59992381851907,0.18572952761796557,3.9278060394700356,1.9818693295649024,1.96,3.8844638859472087,70.64116812152469,78.41009589341911,0,3.7331405103679933,always
4508,77.18625207423813,74.59992381851907,75.63445512080669,2.586328255719053,3.7331405103679933,1.9321336678314969,1.96,3.7869819889497336,70.81294182956934,78.3869058074688,0,3.8809381771661315,always
4509,77.58039628538717,75.63445512080669,76.41283158663889,1.945941164580475,3.8809381771661315,1.9700096896122443,1.96,3.8612189916399986,71.77323612916669,79.4956741124467,0,3.876225619108266,always
4510,73.9430399278022,76.41283158663889,75.42491492310421,-2.4697916588366837,3.876225619108266,1.9688132514558778,1.96,3.8588739728535204,72.55395761378537,80.2717055594924,0,3.9874078800558155,always
4511,71.70000198567229,75.42491492310421,73.93494974813144,-3.724912937431924,3.9874078800558155,1.9968494885834074,1.96,3.9138249976234785,71.51108992548073,79.33873992072769,0,4.481786305625411,always
4512,74.45676903533874,73.93494974813144,74.14367746301437,0.5218192872072933,4.481786305625411,2.1170229818368553,1.96,4.149365044400237,69.7855847037312,78.08431479253169,0,4.271311758769216,always
4513,75.93049323230184,74.14367746301437,74.85840377072935,1.7868157692874718,4.271311758769216,2.0667152098848103,1.96,4.050761811374228,70.09291565164014,78.1944392743886,0,4.217381700499475,always
4514,75.57589766117968,74.85840377072935,75.14540132690948,0.7174938904503279,4.217381700499475,2.0536264754086795,1.96,4.025107891801012,70.83329587892834,78.88351166253037,0,4.0322524896161775,always
4515,76.78865027321504,75.14540132690948,75.8027009054317,1.6432489463055617,4.0322524896161775,2.008046934116874,1.96,3.9357719908690725,71.20962933604041,79.08117331777855,0,3.965653220112085,always
4516,74.66220802328425,75.8027009054317,75.34650375257272,-1.1404928821474556,3.965653220112085,1.9913947926295492,1.96,3.9031337935539163,71.89956711187779,79.70583469898563,0,3.8324067598179314,always
4517,74.03994033562621,75.34650375257272,74.82387838579412,-1.3065634169465028,3.8324067598179314,1.9576533809175545,1.96,3.8370006265984067,71.5095031259743,79.18350437917113,0,3.7261418199521805,always
4518,76.02480188021205,74.82387838579412,75.3042477835613,1.2009234944179354,3.7261418199521805,1.930321688204373,1.96,3.783430508880571,71.04044787691355,78.60730889467469,0,3.6119455909268208,always
4519,77.30858719289252,75.3042477835613,76.10598354729379,2.004339409331223,3.6119455909268208,1.9005119286462846,1.96,3.7250033801467177,71.57924440341458,79.02925116370801,0,3.632217134770391,always
4520,75.63333237434847,76.10598354729379,75.91692307811566,-0.47265117294531933,3.632217134770391,1.9058376464878615,1.96,3.7354417871162084,72.37054176017759,79.84142533440999,0,3.4617762345962007,always
4521,73.79234700688383,75.91692307811566,75.06709264962292,-2.1245760712318287,3.4617762345962007,1.8605849173300855,1.96,3.6467464379669674,72.27017664014869,79.56366951608263,0,3.514378596988934,always
4522,71.35051882317467,75.06709264962292,73.58046311904361,-3.716573826448254,3.514378596988934,1.8746675963991415,1.96,3.6743484889423175,71.3927441606806,78.74144113856524,1,4.029305717511498,always
4523,71.82977030146509,73.58046311904361,72.8801859920122,-1.7506928175785248,4.029305717511498,2.007313059169271,1.96,3.9343335959717716,69.64612952307185,77.51479671501538,0,3.981086698711975,always
4524,75.40014160915382,72.8801859920122,73.88816823886884,2.519955617141619,3.981086698711975,1.9952660721597946,1.96,3.9107215014331973,68.969464490579,76.7909074934454,0,4.0995411793945555,always
4525,76.6183765313464,73.88816823886884,74.98025155585987,2.730208292477556,4.0995411793945555,2.02473237228888,1.96,3.9684754496862045,69.91969278918263,77.85664368855505,0,4.2672659864404885,always
4526,75.88334573208027,74.98025155585987,75.34148922634803,0.9030941762204066,4.2672659864404885,2.065736185102175,1.96,4.048842922800263,70.9314086330596,79.02909447866013,0,4.094681641674625,always
4527,76.27969958802606,75.34148922634803,75.71677337101924,0.9382103616780313,4.094681641674625,2.023531971992196,1.96,3.9661226651047037,71.37536656124333,79.30761189145274,0,3.9339594937288944,always
4528,73.54516222318207,75.71677337101924,74.84812891188437,-2.1716111478371687,3.9339594937288944,1.9834211589394963,1.96,3.8875054715214126,71.82926789949784,79.60427884254065,0,3.973056267912983,always
4529,73.13297708654724,74.84812891188437,74.16206818174952,-1.7151518253371307,3.973056267912983,1.9932526854147177,1.96,3.9067752634128468,70.94135364847153,78.75490417529721,0,3.9214907437151987,always
4530,74.89027158545414,74.16206818174952,74.45334954323137,0.7282034037046259,3.9214907437151987,1.9802754211763571,1.96,3.88133982550566,70.28072835624386,78.04340800725518,0,3.751930216387789,always
4531,74.8114345016371,74.45334954323137,74.59658352659366,0.3580849584057262,3.751930216387789,1.9369899887164592,1.96,3.79650037788426,70.65684916534711,78.24984992111563,0,3.570744947440221,always
4532,77.08894057914631,74.59658352659366,75.59352634761473,2.4923570525526486,3.570744947440221,1.889641486483672,1.96,3.703697313507997,70.89288621308566,78.30028084010166,0,3.702799883938656,always
4533,77.71052729908895,75.59352634761473,76.44032672820441,2.1170009514742247,3.702799883938656,1.9242660637080975,1.96,3.771561484867871,71.82196486274685,79.3650878324826,0,3.7417445411688615,always
4534,76.01704608051335,76.44032672820441,76.27101446912798,-0.4232806476910582,3.7417445411688615,1.9343589483776948,1.96,3.7913435388202816,72.64898318938413,80.2316702670247,0,3.5636156394459064,always
4535,76.94631166775642,76.27101446912798,76.54113334857935,0.6752971986284422,3.5636156394459064,1.8877541257923147,1.96,3.6999980865529367,72.57101638257504,79.97101255568091,0,3.408236172797382,always
4536,73.41092104098198,76.54113334857935,75.2890484255404,-3.1302123075973753,3.408236172797382,1.8461408864973934,1.96,3.618436137534891,72.92269721104446,80.15956948611424,0,3.727735818689217,always
4537,73.06180736905245,75.2890484255404,74.39815200294522,-2.227241056487955,3.727735818689217,1.9307345282791255,1.96,3.7842396754270857,71.50480875011331,79.07328810096749,0,3.7893791639400347,always
4538,75.18112935434158,74.39815200294522,74.71134294350377,0.7829773513963545,3.7893791639400347,1.9466327758311361,1.96,3.815400240629027,70.58275176231619,78.21355224357426,0,3.6305628823830154,always
4539,74.70594135788784,74.71134294350377,74.7091823092574,-0.005401585615928184,3.6305628823830154,1.905403600915831,1.96,3.7345910577950288,70.97675188570874,78.4459340012988,0,3.449036197120223,always
4540,75.18407195028851,74.7091823092574,74.89913816566985,0.47488964103111186,3.449036197120223,1.8571580969643438,1.96,3.6400298700501135,71.06915243920729,78.34921217930751,0,3.2878603958221446,always
4541,73.59759875054738,74.89913816566985,74.37852239962086,-1.3015394151224768,3.2878603958221446,1.813245817814602,1.96,3.55396180291662,71.34517636275324,78.45309996858647,0,3.2081676184869052,always
4542,75.10235925259555,74.37852239962086,74.66805714081073,0.723836852974685,3.2081676184869052,1.791135845905303,1.96,3.510626257974394,70.86789614164647,77.88914865759526,0,3.073956227048775,always
4543,77.349368328477,74.66805714081073,75.74058161587723,2.6813111876662674,3.073956227048775,1.7532701523292908,1.96,3.43640949856541,71.23164764224532,78.10446663937614,0,3.2797298999515503,always
4544,76.76694147248092,75.74058161587723,76.15112555851871,1.0263598566036904,3.2797298999515503,1.81100245719092,1.96,3.549564816094203,72.19101679978303,79.29014643197144,0,3.16841413271635,always
4545,72.10628399665264,76.15112555851871,74.5331889337723,-4.044841561866079,3.16841413271635,1.7800039698597163,1.96,3.4888077809250437,72.66231777759367,79.63993333944376,1,3.8280305891104933,always
4546,70.93010938000205,74.5331889337723,73.0919571122642,-3.603079553770243,3.8280305891104933,1.9565353534016434,1.96,3.834809292667221,70.69837964110508,78.36799822643951,0,4.285738173194828,always
4547,74.85198863449466,73.0919571122642,73.79596972115638,1.760031522230463,4.285738173194828,2.070202447393691,1.96,4.057596796891635,69.03436031537257,77.14955390915583,0,4.22633681249733,always
4548,76.97793645596431,73.79596972115638,75.06875641507955,3.1819667348079292,4.22633681249733,2.055805635875466,1.96,4.029379046315913,69.76659067484047,77.82534876747229,0,4.521265586943675,always
4549,72.21976362979251,75.06875641507955,73.92915930096473,-2.848992785287038,4.521265586943675,2.1263267827273573,1.96,4.167600494145621,70.90115592093393,79.23635690922517,0,4.701040302127371,always
4550,74.2071355256957,73.92915930096473,74.04034979085712,0.2779762247309776,4.701040302127371,2.1681882533874615,1.96,4.249648976639424,69.6795103243253,78.17880827760415,0,4.469851826096786,always
4551,76.11938425990192,74.04034979085712,74.87196357847503,2.0790344690447995,4.469851826096786,2.1142024089705287,1.96,4.143836721582236,69.89651306927489,78.18418651243935,0,4.462478450965766,always
4552,74.83945079709324,74.87196357847503,74.85895846592231,-0.03251278138179714,4.462478450965766,2.1124579169691797,1.96,4.140417517259592,70.73154606121544,79.01238109573463,0,4.239407382465137,always
4553,75.83641174465498,74.85895846592231,75.24993977741538,0.9774532787326677,4.239407382465137,2.058982122910526,1.96,4.035604960904631,70.82335350501768,78.89456342682695,0,4.075207758947141,always
4554,74.56581162888602,75.24993977741538,74.97628851800364,-0.6841281485293536,4.075207758947141,2.0187143827067615,1.96,3.9566801901052524,71.29325958731013,79.20661996752062,0,3.8948489371802943,always
4555,73.28860292859781,74.97628851800364,74.30121428224132,-1.687685589405831,3.8948489371802943,1.973537163871077,1.96,3.868132841187311,71.10815567681632,78.84442135919096,0,3.8425206227556847,always
4556,74.72778491923674,74.30121428224132,74.47184253703949,0.42657063699542164,3.8425206227556847,1.9602348386751227,1.96,3.8420602838032405,70.45915399843808,78.14327456604455,0,3.6594927170352345,always
4557,78.36392717610659,74.47184253703949,76.02867639266633,3.892084639067093,3.6594927170352345,1.9129800618498967,1.96,3.7494409212257973,70.7224016158137,78.22128345826529,1,4.233934223066574,always
4558,79.58984461300491,76.02867639266633,77.45314368080176,3.561168220338587,4.233934223066574,2.057652600189491,1.96,4.032999096371403,71.99567729629493,80.06167548903773,0,4.65633346659072,always
4559,76.61151042810582,77.45314368080176,77.11649037972339,-0.8416332526959422,4.65633346659072,2.1578539029764547,1.96,4.229393649833852,73.2237500309679,81.68253733063561,0,4.458934119863362,always
4560,74.36556243863652,77.11649037972339,76.01611920328864,-2.7509279410868714,4.458934119863362,2.1116188386788375,1.96,4.138772923810522,72.97771745591287,81.25526330353391,0,4.614367640722817,always
4561,75.00083064725624,76.01611920328864,75.61000378087567,-1.0152885560324023,4.614367640722817,2.1481079211070417,1.96,4.210291525369802,71.80582767791884,80.22641072865844,0,4.435189801287194,always
4562,73.43224165598147,75.61000378087567,74.738898930918,-2.177762124894201,4.435189801287194,2.1059890316160703,1.96,4.127738501967498,71.48226527890817,79.73774228284317,0,4.450562704854019,always
4563,75.02515217568873,74.738898930918,74.8534002288263,0.2862532447707338,4.450562704854019,2.1096356805984344,1.96,4.134885933972932,70.60401299694507,78.87378486489092,0,4.232131615618407,always
4564,74.6978602752072,74.8534002288263,74.79118424737867,-0.15553995361909756,4.232131615618407,2.057214528341273,1.96,4.032140475548895,70.8212597532774,78.8855407043752,0,4.0217346686960775,always
4565,75.28385717747483,74.79118424737867,74.98825341941713,0.49267293009616253,4.0217346686960775,2.0054263059748862,1.96,3.930635559710777,70.86054868766789,78.72181980708945,0,3.8327842660637503,always
4566,74.9801827274703,74.98825341941713,74.98502514263839,-0.00807069194684118,3.8327842660637503,1.957749796593975,1.96,3.837189601324191,71.15106381809295,78.82544302074132,0,3.6411483095639876,always
4567,75.59799353841609,74.98502514263839,75.23021250094948,0.612968395777699,3.6411483095639876,1.9081793179793107,1.96,3.740031463239449,71.24499367939895,78.72505660587784,0,3.4778774067969023,always
4568,75.54585995682419,75.23021250094948,75.35647148329937,0.31564745587471066,3.4778774067969023,1.8649068091454066,1.96,3.655217345924997,71.57499515502448,78.88542984687447,0,3.308965202277066,always
4569,70.41897379865452,75.35647148329937,73.38147240944143,-4.937497684644853,3.308965202277066,1.8190561295015242,1.96,3.565350013822987,71.79112146947638,78.92182149712237,1,4.362461111456877,always
4570,72.24679186833839,73.38147240944143,72.92760019300022,-1.1346805411030374,4.362461111456877,2.088650547951207,1.96,4.093755073984366,69.28771733545706,77.4752274834258,0,4.208713052401927,always
4571,76.60181765012467,72.92760019300022,74.39728717585,3.674217457124456,4.208713052401927,2.0515148189574277,1.96,4.0209690451565585,68.90663114784365,76.94856923815678,0,4.673271095893735,always
4572,78.00658717841328,74.39728717585,75.84100717687531,3.6093000025632875,4.673271095893735,2.1617749873411283,1.96,4.237078975188611,70.16020820066139,78.6343661510386,0,5.090959866524216,always
4573,75.84916456267277,75.84100717687531,75.84427013119429,0.008157385797460392,5.090959866524216,2.2563155511860957,1.96,4.422378480324747,71.41862869655056,80.26338565720006,0,4.836415200345157,always
4574,76.46944768629263,75.84427013119429,76.09434115323363,0.6251775550983325,4.836415200345157,2.199185121890642,1.96,4.310402838905659,71.53386729228863,80.15467297009995,0,4.614136789097835,always
4575,75.92414602412168,76.09434115323363,76.02626310158885,-0.17019512911194568,4.614136789097835,2.148054186722913,1.96,4.210186205976909,71.88415494725672,80.30452735921054,0,4.384878268741615,always
4576,75.47627372161637,76.02626310158885,75.80626734959986,-0.5499893799724873,4.384878268741615,2.0940100927984124,1.96,4.104259781884888,71.92200331970396,80.13052288347374,0,4.1807587712086605,always
4577,76.39042906198483,75.80626734959986,76.03993203455386,0.5841617123849687,4.1807587712086605,2.0446903851704934,1.96,4.007593154934167,71.7986741946657,79.81386050453403,0,3.988783077959054,always
4578,76.14001007592762,76.03993203455386,76.07996325110335,0.10007804137376297,3.988783077959054,1.9971938008012777,1.96,3.9144998495705043,72.12543218498335,79.95443188412436,0,3.7898447047793615,always
4579,73.64176488444285,76.07996325110335,75.10468390443916,-2.438198366660501,3.7898447047793615,1.9467523480862587,1.96,3.8156346022490673,72.26432864885429,79.89559785335241,0,3.8975930332996898,always
4580,69.95754777203247,75.10468390443916,73.04582945147648,-5.147136132406686,3.8975930332996898,1.9742322642738088,1.96,3.869495237976665,71.23518866646249,78.97417914241582,1,5.027363899911029,always
4581,71.93796486797093,73.04582945147648,72.60268361807425,-1.1078645835055454,5.027363899911029,2.2421783827142363,1.96,4.394669630119903,68.65115982135657,77.44049908159639,0,4.837363901684773,always
4582,76.82542332358798,72.60268361807425,74.29177950027974,4.222739705513732,4.837363901684773,2.199400805147796,1.96,4.31082557808968,68.29185803998458,76.91350919616393,0,5.487072237626644,always
4583,77.09662706304061,74.29177950027974,75.4137185253841,2.8048475627608696,5.487072237626644,2.3424500501881877,1.96,4.591202098368848,69.70057740191089,78.8829815986486,0,5.606077118261591,always
4584,76.54703213445296,75.4137185253841,75.86704396901165,1.133313609068864,5.606077118261591,2.3677155906615117,1.96,4.640722557696563,70.77299596768754,80.05444108308066,0,5.389993249173545,always
4585,75.10299801303188,75.86704396901165,75.56142558661973,-0.7640459559797677,5.389993249173545,2.3216358993549235,1.96,4.55040636273565,71.316637606276,80.41745033174729,0,5.149681897857319,always
4586,76.22038184598591,75.56142558661973,75.82500809036621,0.6589562593661782,5.149681897857319,2.2692910562237976,1.96,4.447810470198643,71.11361511642109,80.00923605681838,0,4.913908970552347,always
4587,75.23790504039462,75.82500809036621,75.59016687037757,-0.5871030499715886,4.913908970552347,2.2167338519886295,1.96,4.344798349897713,71.4802097404685,80.16980644026393,0,4.685448021589027,always
4588,75.23397434109535,75.59016687037757,75.44768985866469,-0.3561925292822252,4.685448021589027,2.1645895734732314,1.96,4.242595564007534,71.34757130637004,79.8327624343851,0,4.457519276405399,always
4589,75.78025968126295,75.44768985866469,75.58071778770399,0.3325698225982592,4.457519276405399,2.1112837981676926,1.96,4.138116244408677,71.30957361425601,79.58580610307337,0,4.240173446930281,always
4590,77.60357144715687,75.58071778770399,76.38985925148515,2.0228536594528777,4.240173446930281,2.0591681444045022,1.96,4.0359695630328245,71.54474822467117,79.61668735073681,0,4.2327616209618615,always
4591,73.61205706816122,76.38985925148515,75.27873837815557,-2.777802183323928,4.2327616209618615,2.0573676436072046,1.96,4.032440581470121,72.35741867001502,80.42229983295528,0,4.406932788397727,always
4592,72.17783610548857,75.27873837815557,74.03837746908877,-3.1009022726669997,4.406932788397727,2.099269584497838,1.96,4.114568385615763,71.1641699925398,79.39330676377133,0,4.667365894209408,always
4593,75.27344728729528,74.03837746908877,74.53240539637137,1.2350698182065116,4.667365894209408,2.160408733135794,1.96,4.234401116946157,69.80397635214261,78.27277858603493,0,4.51026747229117,always
4594,78.89399503930086,74.53240539637137,76.27704125354316,4.361589642929488,4.51026747229117,2.1237390311173288,1.96,4.162528500989964,70.36987689538141,78.69493389736134,1,5.235927309342101,always
4595,77.559780648896,76.27704125354316,76.7901370116843,1.2827393953528343,5.235927309342101,2.2882148739447747,1.96,4.484901152931759,71.7921401006114,80.76194240647492,0,5.056401961694504,always
4596,74.14981462305494,76.7901370116843,75.73400805623255,-2.6403223886293574,5.056401961694504,2.2486444720529977,1.96,4.4073431652238755,72.38279384646042,81.19748017690817,0,5.152146979404651,always
4597,74.34567600239663,75.73400805623255,75.17867523469818,-1.3883320538359243,5.152146979404651,2.269834130372669,1.96,4.448874895530431,71.28513316070212,80.18288295176299,0,4.990912925019832,always
4598,76.33555230275803,75.17867523469818,75.64142606192212,1.1568770680598561,4.990912925019832,2.234035121706871,1.96,4.378708838545466,70.79996639615271,79.55738407324364,0,4.808285506298978,always
4599,75.58900086245555,75.64142606192212,75.6204559821355,-0.052425199466568984,4.808285506298978,2.1927803141899505,1.96,4.297849415812303,71.34357664610981,79.93927547773443,0,4.5680086510609845,always
4600,75.18108533436063,75.6204559821355,75.44470772302554,-0.4393706477748651,4.5680086510609845,2.1372900250225717,1.96,4.189088449044241,71.43136753309126,79.80954443117973,0,4.34926054681424,always
4601,79.52244166300656,75.44470772302554,77.07580129901795,4.077733939981016,4.34926054681424,2.085488083594399,1.96,4.087556643845022,71.35715107918053,79.53226436687056,0,4.963193223737183,always
4602,83.39611082053528,77.07580129901795,79.60392510762489,6.320309521517331,4.963193223737183,2.2278225296771694,1.96,4.366532158167252,72.70926914085071,81.4423334571852,1,6.712349184939455,always
4603,81.82785309967082,79.60392510762489,80.49349630444325,2.2239279920459296,6.712349184939455,2.5908201761101552,1.96,5.078007545175904,74.52591756244898,84.6819326528008,0,6.624024511382754,always
4604,77.90236479453324,80.49349630444325,79.45704370047925,-2.5911315099100136,6.624024511382754,2.5737180326101683,1.96,5.04448734391593,75.44900896052732,85.53798364835919,0,6.6285214108960435,always
4605,76.18387956282766,79.45704370047925,78.1477780454186,-3.273164137651591,6.6285214108960435,2.5745915036945264,1.96,5.046199347241272,74.41084435323798,84.50324304772052,0,6.832775513951665,always
4606,78.03274017622041,78.1477780454186,78.10176289773933,-0.11503786919818992,6.832775513951665,2.6139578255877933,1.96,5.123357338152075,73.02442070726653,83.27113538357068,0,6.491798423821565,always
4607,78.99169506059926,78.10176289773933,78.4577357628833,0.889932162859921,6.491798423821565,2.547900787672386,1.96,4.993885543837876,73.10787735390146,83.09564844157721,0,6.206807465355113,always
4608,79.10060769678293,78.4577357628833,78.71488453644315,0.6428719338996274,6.206807465355113,2.49134651651574,1.96,4.88303917237085,73.57469659051245,83.34077493525416,0,5.917131308257149,always
4609,76.81520269097382,78.71488453644315,77.95501179825541,-1.8996818454693312,5.917131308257149,2.432515428164259,1.96,4.767730239201948,73.9471542972412,83.4826147756451,0,5.80171429854458,always
4610,78.92190356092956,77.95501179825541,78.34176850332508,0.9668917626741518,5.80171429854458,2.40867480132636,1.96,4.721002610599665,73.23400918765574,82.67601440885508,0,5.5583725676537075,always
4611,77.67276370034782,78.34176850332508,78.07416658213418,-0.6690048029772697,5.5583725676537075,2.3576201067291795,1.96,4.620935409189192,73.7208330941359,82.96270391251427,0,5.302832310591354,always
4612,76.93203879906439,78.07416658213418,77.61731546890627,-1.142127783069796,5.302832310591354,2.3027879430358658,1.96,4.513464368350297,73.56070221378388,82.58763095048448,0,5.1029134887047825,always
4613,77.90673132054243,77.61731546890627,77.73308180956073,0.28941585163616423,5.1029134887047825,2.2589629232691673,1.96,4.427567329607568,73.1897481392987,82.04488279851384,0,4.8519558910284575,always
4614,81.70199971262623,77.73308180956073,79.32064897078693,3.9689179030655026,4.8519558910284575,2.2027155719766585,1.96,4.31732252107425,73.41575928848648,82.05040433063498,0,5.396973562540728,always
4615,79.87130969002604,79.32064897078693,79.54091325848258,0.5506607192391044,5.396973562540728,2.3231387307995033,1.96,4.5533519123670265,74.76729705841991,83.87400088315395,0,5.142286245799338,always
4616,76.5102622367619,79.54091325848258,78.32865284979431,-3.030651021720672,5.142286245799338,2.267660963592075,1.96,4.4446154886404665,75.09629776984211,83.98552874712304,0,5.344414214282199,always
4617,75.58177712104343,78.32865284979431,77.22990255829396,-2.7468757287508794,5.344414214282199,2.311798913029029,1.96,4.531125869536896,73.79752698025742,82.8597787193312,0,5.454459817028122,always
4618,80.01978090566207,77.22990255829396,78.3458538972412,2.7898783473681164,5.454459817028122,2.33547849851548,1.96,4.577537857090341,72.65236470120362,81.80744041538429,0,5.570907885832389,always
4619,76.43995949261648,78.3458538972412,77.58349613539131,-1.9058944046247177,5.570907885832389,2.3602770781906917,1.96,4.626143073253756,73.71971082398744,82.97199697049496,0,5.473984165619759,always
4620,74.78747822451597,77.58349613539131,76.46508897104118,-2.7960179108753493,5.473984165619759,2.339654710768185,1.96,4.585723233105643,72.99777290228567,82.16921936849695,0,5.5911707652355584,always
4621,81.18694025214066,76.46508897104118,78.35382948348098,4.721851281099475,5.5911707652355584,2.3645656610116705,1.96,4.6345486955828745,71.8305402754583,81.09963766662406,1,6.426406203014818,always
4622,82.64224814926386,78.35382948348098,80.06919694979413,4.288418665782885,6.426406203014818,2.535035739987667,1.96,4.9686700503758265,73.38515943310516,83.3224995338568,0,7.02461262551583,always
4623,77.77040133947916,80.06919694979413,79.14967870566815,-2.2987956103149685,7.02461262551583,2.650398578613381,1.96,5.1947812140822265,74.8744157357119,85.26397816387636,0,6.937605057140206,always
4624,75.71573975579341,79.14967870566815,77.77610312571825,-3.4339389498747437,6.937605057140206,2.633933381302611,1.96,5.162509427353117,73.98716927831504,84.31218813302127,0,7.180321639856539,always
4625,77.08292503283826,77.77610312571825,77.49883188856626,-0.6931780928799895,7.180321639856539,2.6796122181869038,1.96,5.252039947646331,72.52406317807191,83.02814307336459,0,6.845330351286148,always
4626,80.09857301066467,77.49883188856626,78.53872833740562,2.5997411220984077,6.845330351286148,2.6163582230432723,1.96,5.128062117164814,72.37076977140144,82.62689400573107,0,6.840996528818315,always
4627,82.7144342942135,78.53872833740562,80.20901072012877,4.175705956807889,6.840996528818315,2.6155298753442513,1.96,5.126438555674732,73.41228978173088,83.66516689308035,0,7.370772714263444,always
4628,80.59970159311459,80.20901072012877,80.3652870693231,0.3906908729858145,7.370772714263444,2.714916704848133,1.96,5.32123674150234,74.88777397862643,85.53024746163112,0,7.009866046461991,always
4629,76.63042135424254,80.3652870693231,78.87134078329088,-3.7348657150805593,7.009866046461991,2.6476151620773725,1.96,5.18932571767165,75.17596135165145,85.55461278699475,0,7.356833839623102,always
4630,77.29652867913555,78.87134078329088,78.24141594162874,-1.5748121041553276,7.356833839623102,2.7123483993807103,1.96,5.316202862786192,73.55513792050468,84.18754364607707,0,7.112993805811652,always
4631,77.45282748506577,78.24141594162874,77.92598055900356,-0.7885884565629766,7.112993805811652,2.667019648561227,1.96,5.227358511180006,73.01405743044874,83.46877445280874,0,6.7884377032122885,always
4632,76.71092590748813,77.92598055900356,77.43995869839739,-1.2150546515154304,6.7884377032122885,2.605463049673184,1.96,5.10670757735944,72.81927298164412,83.032688136363,0,6.522833708360138,always
4633,75.09777849402533,77.43995869839739,76.50308661664857,-2.342180204372056,6.522833708360138,2.553983889604658,1.96,5.00580842362513,72.43415027477226,82.44576712202252,0,6.470982428429747,always
4634,74.79301155092054,76.50308661664857,75.81905659035736,-1.7100750657280344,6.470982428429747,2.5438125773000153,1.96,4.98587265150803,71.51721396514054,81.4889592681566,0,6.293651143529496,always
4635,76.41974994935325,75.81905659035736,76.05933393395571,0.6006933589958834,6.293651143529496,2.5087150383272903,1.96,4.917081475121488,70.90197511523587,80.73613806547885,0,5.997010211930109,always
4636,77.12615954260038,76.05933393395571,76.48606417741357,1.0668256086446632,5.997010211930109,2.4488793788037233,1.96,4.799803582455298,71.25953035150042,80.85913751641101,0,5.754065545296607,always
4637,78.97317554194568,76.48606417741357,77.4809087232264,2.4871113645321117,5.754065545296607,2.398763336658414,1.96,4.701576139850491,71.78448803756308,81.18764031726406,0,5.775648415011016,always
4638,77.45922281513117,77.4809087232264,77.4722343599883,-0.021685908095236073,5.775648415011016,2.4032578752624563,1.96,4.710385435514414,72.770523287712,82.19129415874082,0,5.486889508190961,always
4639,72.71094646506876,77.4722343599883,75.56771920202048,-4.761287894919548,5.486889508190961,2.34241104595051,1.96,4.591125650062999,72.88110870992531,82.0633600100513,1,6.346038153696783,always
4640,73.76858880959148,75.56771920202048,74.84806704504888,-1.7991303924290065,6.346038153696783,2.5191344056434906,1.96,4.937503435061242,70.63021576695924,80.50522263708173,0,6.190579754460031,always
4641,77.63539058163838,74.84806704504888,75.96299645968467,2.787323536589497,6.190579754460031,2.4880875696928415,1.96,4.876651636597969,69.97141540845091,79.72471868164685,0,6.269509391618318,always
4642,79.22626571237933,75.96299645968467,77.26830416076254,3.2632692526946556,6.269509391618318,2.5038988381359015,1.96,4.907641722746367,71.05535473693831,80.87063818243104,0,6.488480232816519,always
4643,81.43485115557218,77.26830416076254,78.9349229586864,4.166546994809636,6.488480232816519,2.5472495427061164,1.96,4.992609103703988,72.27569505705856,82.26091326446652,0,7.0320619141735525,always
4644,78.76496399821991,78.9349229586864,78.86693937449981,-0.16995896046648795,7.0320619141735525,2.6518035210349864,1.96,5.197534901228574,73.73738805745782,84.13245785991498,0,6.681903120877017,always
4645,78.30043801594465,78.86693937449981,78.64033883107774,-0.5665013585551577,6.681903120877017,2.584937740232251,1.96,5.066477970855212,73.80046140364459,83.93341734535502,0,6.3638541542954075,always
4646,78.00680691093555,78.64033883107774,78.38692606302087,-0.6335319201421896,6.3638541542954075,2.5226680626462548,1.96,4.9444294027866595,73.69590942829109,83.5847682338644,0,6.065729581272589,always
4647,78.0279080500801,78.38692606302087,78.24331885784456,-0.35901801294076563,6.065729581272589,2.462870191721965,1.96,4.827225575775051,73.55970048724582,83.21415163879591,0,5.7688877988897564,always
4648,76.99777094130823,78.24331885784456,77.74509969123002,-1.2455479165363244,5.7688877988897564,2.401850911045429,1.96,4.7076277856490405,73.53569107219552,82.9509466434936,0,5.558012889564667,always
4649,77.53403456237373,77.74509969123002,77.6606736396875,-0.21106512885629058,5.558012889564667,2.3575438255872716,1.96,4.620785898151052,73.12431379307897,82.36588558938108,0,5.282339669517389,always
4650,77.311391076424,77.6606736396875,77.5209606143821,-0.3492825632635004,5.282339669517389,2.298334107460747,1.96,4.5047348506230644,73.15593878906444,82.16540849031057,0,5.024322601491515,always
4651,78.3123538360494,77.5209606143821,77.83751790304902,0.7913932216672919,5.024322601491515,2.2415000784054224,1.96,4.393340153674628,73.12762046070748,81.91430076805673,0,4.8044216329819855,always
4652,78.41484231448212,77.83751790304902,78.06844766762225,0.5773244114330964,4.8044216329819855,2.1918990927919073,1.96,4.296122221872138,73.54139568117688,82.13364012492116,0,4.580865725134715,always
4653,76.91328657087718,78.06844766762225,77.60638322892422,-1.1551610967450756,4.580865725134715,2.1402957097407627,1.96,4.1949795910918946,73.87346807653036,82.26342725871415,0,4.418542296849644,always
4654,78.86589229483613,77.60638322892422,78.11018685528899,1.2595090659119137,4.418542296849644,2.1020328962339394,1.96,4.119984476618521,73.48639875230569,81.72636770554274,0,4.276933336362876,always
4655,79.94065281149523,78.11018685528899,78.84237323777148,1.8304659562062398,4.276933336362876,2.068074789837852,1.96,4.05342658808219,74.0567602672068,82.16361344337118,0,4.230616950386233,always
4656,78.29685143826569,78.84237323777148,78.62416451796918,-0.5455217995057922,4.230616950386233,2.056846360423217,1.96,4.0314188664295045,74.81095437134198,82.87379210420099,0,4.033965804553723,always
4657,77.66352402776477,78.62416451796918,78.23990832188741,-0.9606404902044119,4.033965804553723,2.0084735010832784,1.96,3.9366080621232253,74.68755645584595,82.5607725800924,0,3.878409021897045,always
4658,77.76145491527306,78.23990832188741,78.04852695924167,-0.4784534066143493,3.878409021897045,1.969367670572726,1.96,3.859960634322543,74.37994768756487,82.09986895620996,0,3.6959344539172365,always
4659,76.96122452938653,78.04852695924167,77.61360598729962,-1.0873024298551428,3.6959344539172365,1.9224813273260255,1.96,3.7680634015590098,74.28046355768267,81.81659036080067,0,3.57024905991982,always
4660,77.83925160352712,77.61360598729962,77.70386423379063,0.2256456162274958,3.57024905991982,1.8895102698635484,1.96,3.703440128932555,73.91016585836707,81.31704611623218,0,3.3942824041299633,always
4661,77.72892106521194,77.70386423379063,77.71388696635915,0.025056831421309766,3.3942824041299633,1.842357838241519,1.96,3.611021362953377,74.09284287083725,81.314885596744,0,3.2245996761635087,always
4662,76.73782608393346,77.71388696635915,77.32346261338887,-0.9760608824256991,3.2245996761635087,1.795717036774867,1.96,3.519605392078739,74.19428157428041,81.2334923584379,0,3.111004434665415,always
4663,75.18158412235431,77.32346261338887,76.46671121697504,-2.1418784910345607,3.111004434665415,1.7638039671872312,1.96,3.4570557756869733,73.8664068377019,80.78051838907584,0,3.1848363864499687,always
4664,76.6396264011379,76.46671121697504,76.53587729064019,0.17291518416286067,3.1848363864499687,1.7846109902300749,1.96,3.497837540850947,72.96887367612409,79.964548757826,0,3.027089550173174,always
4665,79.68093976888117,76.53587729064019,77.79390228193658,3.1450624782409875,3.027089550173174,1.7398533128321978,1.96,3.4101124931511078,73.12576479748908,79.94598978379129,0,3.370305972266482,always
4666,78.88426163069146,77.79390228193658,78.23004602143853,1.0903593487548733,3.370305972266482,1.8358393100341004,1.96,3.5982450476668366,74.19565723426975,81.39214732960342,0,3.2612348491240155,always
4667,81.70865013221123,78.23004602143853,79.62148766574761,3.4786041107727073,3.2612348491240155,1.8058889359880401,1.96,3.5395423145365585,74.69050370690196,81.76958833597509,0,3.703207434642054,always
4668,81.3490877444601,79.62148766574761,80.31252769723261,1.7276000787124985,3.703207434642054,1.9243719584950447,1.96,3.771769038650288,75.84971862709732,83.3932567043979,0,3.667277164508323,always
4669,80.34912277956117,80.31252769723261,80.32716573016404,0.036595082328560125,3.667277164508323,1.9150136199276293,1.96,3.7534266950581534,76.55910100217446,84.06595439229076,0,3.483980266285438,always
4670,79.1652943136173,80.32716573016404,79.86241716354535,-1.1618714165467452,3.483980266285438,1.866542329090192,1.96,3.658422965016776,76.66874276514726,83.98558869518082,0,3.377278512400583,always
4671,80.54141266079765,79.86241716354535,80.13401536244626,0.678995497252302,3.377278512400583,1.8377373349857653,1.96,3.6019651765721,76.26045198697325,83.46438234011744,0,3.2314663310449983,always
4672,77.99919746446113,80.13401536244626,79.2800882032522,-2.1348178979851298,3.2314663310449983,1.7976279734819989,1.96,3.523350828024718,76.61066453442155,83.65736619047098,0,3.2977653873706307,always
4673,73.12520606978993,79.2800882032522,76.81813534986729,-6.15488213346228,3.2977653873706307,1.8159750514174557,1.96,3.559311100778213,75.72077710247399,82.83939930403042,1,5.027005821842758,always
4674,74.64383649711407,76.81813534986729,75.948415808766,-2.1742988527532248,5.027005821842758,2.2420985308060746,1.96,4.394513120379906,72.42362222948738,81.2126484702472,0,5.01203430580482,always
4675,79.49852672669479,75.948415808766,77.36846017593751,3.550110917928791,5.01203430580482,2.2387573128422873,1.96,4.387964333170883,71.56045147559512,80.33638014193689,0,5.391596966994439,always
4676,81.0419732450818,77.36846017593751,78.83786540359523,3.673513069144292,5.391596966994439,2.3219812589671003,1.96,4.551083267575517,72.817376908362,81.91954344351304,0,5.796752032103413,always
4677,79.72662950015336,78.83786540359523,79.19337104221849,0.888764096558134,5.796752032103413,2.407644498696478,1.96,4.718983217445096,74.11888218615013,83.55684862104033,0,5.546409511464782,always
4678,79.73385608155593,79.19337104221849,79.40956505795346,0.5404850393374403,5.546409511464782,2.35508163583872,1.96,4.615960006243891,74.57741103597459,83.80933104846238,0,5.283695239778923,always
4679,78.98758526055062,79.40956505795346,79.24077313899232,-0.421979797402841,5.283695239778923,2.2986289913291627,1.96,4.505312823005159,74.9042522349483,83.91487788095861,0,5.028413825260783,always
4680,79.16149250693894,79.24077313899232,79.20906088617097,-0.07928063205338276,5.028413825260783,2.242412501138179,1.96,4.39512850223083,74.84564463676149,83.63590164122316,0,4.777307404928683,always
4681,77.03125876110892,79.20906088617097,78.33794003614615,-2.1778021250620583,4.777307404928683,2.1857052420051253,1.96,4.283982274330046,74.92507861184093,83.49304316050102,0,4.77558313947849,always
4682,75.43241846937183,78.33794003614615,77.17573140943642,-2.9055215667743255,4.77558313947849,2.1853107649665047,1.96,4.283209099334349,74.05473093681181,82.6211491354805,0,4.958906761254102,always
4683,79.60249258560538,77.17573140943642,78.146435879904,2.4267611761689523,4.958906761254102,2.2268602922622027,1.96,4.364646172833917,72.81108523660251,81.54037758227034,0,5.005419913499443,always
4684,80.6341386193979,78.146435879904,79.14151697570156,2.4877027394938978,5.005419913499443,2.2372795787517132,1.96,4.385067974353358,73.76136790555064,82.53150385425737,0,5.064582163828743,always
4685,78.08189310366686,79.14151697570156,78.71766742688769,-1.059623872034706,5.064582163828743,2.2504626555063614,1.96,4.410906804792468,74.7306101709091,83.55242378049402,0,4.867493193146597,always
4686,76.03747481218049,78.71766742688769,77.64559038100481,-2.6801926147071953,4.867493193146597,2.206239604654625,1.96,4.324229625123065,74.39343780176462,83.04189705201075,0,4.9832901560858165,always
4687,76.04535365301749,77.64559038100481,77.00549568980988,-1.6002367279873226,4.9832901560858165,2.232328415821878,1.96,4.375363695010881,73.27022668599393,82.02095407601568,0,4.862163527561504,always
4688,76.98253625415148,77.00549568980988,76.99631191554653,-0.02295943565839309,4.862163527561504,2.205031411921722,1.96,4.321861567366575,72.6836341224433,81.32735725717646,0,4.619081707967716,always
4689,76.67962322207666,76.99631191554653,76.86963643815858,-0.31668869346987094,4.619081707967716,2.1492049013455454,1.96,4.2124416066372685,72.78387030890926,81.2087535221838,0,4.393142208997913,always
4690,75.70337520283948,76.86963643815858,76.40313194403095,-1.166261235319098,4.393142208997913,2.0959823971106992,1.96,4.10812549833697,72.7615109398216,80.97776193649555,0,4.241493361998419,always
4691,77.22720694418373,76.40313194403095,76.73276194409206,0.8240750001527886,4.241493361998419,2.0594886166226845,1.96,4.0365976885804615,72.36653425545049,80.4397296326114,0,4.063373674192339,always
4692,78.0327477596099,76.73276194409206,77.2527562702992,1.299985815517843,4.063373674192339,2.0157811573165225,1.96,3.950931068340384,72.78183087575168,80.68369301243244,0,3.944703146510101,always
4693,80.30428411183902,77.2527562702992,78.47336740691513,3.051527841539823,3.944703146510101,1.9861276762862203,1.96,3.892810245520992,73.35994602477821,81.14556651582019,0,4.21305909756923,always
4694,80.04331156719883,78.47336740691513,79.10134507102862,1.569944160283697,4.21305909756923,2.052573773965075,1.96,4.0230445969715465,74.45032280994359,82.49641200388668,0,4.125642376011212,always
4695,78.70932140451674,79.10134507102862,78.94453560442386,-0.39202366651187504,4.125642376011212,2.0311677370446817,1.96,3.981088764607576,75.12025630642104,83.0824338356362,0,3.9270443849659222,always
4696,76.52675644777895,78.94453560442386,77.97742394176589,-2.4177791566449116,3.9270443849659222,1.9816771646678282,1.96,3.8840872427489432,75.06044836167491,82.82862284717281,0,4.022974968232955,always
4697,76.81735054273904,77.97742394176589,77.51339458215514,-1.1600733990268566,4.022974968232955,2.0057355180165093,1.96,3.931241615312358,74.04618232645353,81.90866555707825,0,3.889114734377793,always
4698,78.8060337572011,77.51339458215514,78.03045025217352,1.292639175045963,3.889114734377793,1.97208385581795,1.96,3.865284357403182,73.64811022475196,81.37867893955833,0,3.7782047995020784,always
4699,80.38673859252015,78.03045025217352,78.97296558831218,2.356288340346623,3.7782047995020784,1.9437604789433491,1.96,3.8097705387289644,74.22067971344455,81.84022079090249,0,3.8668992966696463,always
4700,79.12568853713398,78.97296558831218,79.0340547678409,0.15272294882180404,3.8668992966696463,1.9664433113287672,1.96,3.8542288902043835,75.1187366981078,82.82719447851656,0,3.674720546791005,always
4701,82.33822949500663,79.0340547678409,80.35572465870719,3.30417472716573,3.674720546791005,1.916956062822256,1.96,3.7572338831316214,75.27682088470928,82.79128865097252,0,4.0368630508334915,always
4702,83.2895773917989,80.35572465870719,81.52926575194387,2.9338527330917117,4.0368630508334915,2.0091946274150474,1.96,3.938021469733493,76.41770318897369,84.29374612844069,0,4.265394491265302,always
4703,83.43140236535254,81.52926575194387,82.29012039730733,1.902136613408672,4.265394491265302,2.065283150385269,1.96,4.047954974755127,77.48131077718874,85.577220726699,0,4.233030951505528,always
4704,81.11677441042835,82.29012039730733,81.82078200255575,-1.173345986878985,4.233030951505528,2.057433097698569,1.96,4.032568871489195,78.25755152581814,86.32268926879652,0,4.0902164441765025,always
4705,77.67298091372777,81.82078200255575,80.16166156702455,-4.1478010888279755,4.0902164441765025,2.022428353286341,1.96,3.9639595724412287,77.85682243011452,85.78474157499697,1,4.745918315591804,always
4706,79.88543982505027,80.16166156702455,80.05117287023484,-0.2762217419742825,4.745918315591804,2.1785128678967687,1.96,4.269885221077667,75.89177634594688,84.43154678810222,0,4.512437322349179,always
4707,83.62025953288622,80.05117287023484,81.47880753529539,3.5690866626513866,4.512437322349179,2.124249825785371,1.96,4.1635296585393275,75.8876432116955,84.21470252877417,0,4.92373443650752,always
4708,84.52995680491796,81.47880753529539,82.69926724314442,3.05114926962257,4.92373443650752,2.218948948603262,1.96,4.349139939262393,77.12966759603299,85.82794747455779,0,5.143023307958061,always
4709,82.97862430866383,82.69926724314442,82.81101006935218,0.279357065519406,5.143023307958061,2.2678234737205765,1.96,4.4449340084923294,78.2543332346521,87.14420125163674,0,4.889774161062938,always
4710,80.43681573380684,82.81101006935218,81.86133233513405,-2.37419433554534,4.889774161062938,2.2112833742112152,1.96,4.334115413453982,78.47689465589819,87.14512548280616,0,4.9271253901565695,always
4711,79.0001579087838,81.86133233513405,80.71686256459395,-2.861174426350246,4.9271253901565695,2.2197129071473567,1.96,4.350637298008819,77.51069503712523,86.21196963314287,0,5.090085075548774,always
4712,81.44677928193254,80.71686256459395,81.00882925152939,0.7299167173385825,5.090085075548774,2.256121688993919,1.96,4.4219985104280815,76.29486405416587,85.13886107502204,0,4.862219742483852,always
4713,83.44515973906502,81.00882925152939,81.98336144654364,2.4363304875356278,4.862219742483852,2.2050441588512126,1.96,4.321886551348377,76.68694270018102,85.33071580287776,0,4.915894067584438,always
4714,81.93985756620701,81.98336144654364,81.965959894409,-0.04350388033662966,4.915894067584438,2.2171815594543536,1.96,4.345675856530533,77.6376855900131,86.32903730307417,0,4.670193993585433,always
4715,82.54297095397978,81.965959894409,82.19676431823731,0.5770110595707791,4.670193993585433,2.1610631627940524,1.96,4.235683799076343,77.73027609533266,86.20164369348534,0,4.453331382049511,always
4716,80.66905551746295,82.19676431823731,81.58568079792757,-1.5277088007743629,4.453331382049511,2.1102917765203726,1.96,4.13617188197993,78.06059243625738,86.33293620021725,0,4.347359521945207,always
4717,79.69216276530133,81.58568079792757,80.82827358487708,-1.8935180326262326,4.347359521945207,2.0850322592097243,1.96,4.0866632280510595,77.4990175698765,85.67234402597863,0,4.309262072841983,always
4718,83.37290771896181,80.82827358487708,81.84612723851097,2.544634134084731,4.309262072841983,2.075876218092491,1.96,4.068717387461282,76.7595561974158,84.89699097233836,0,4.417557113017341,always
4719,84.91803615532729,81.84612723851097,83.0748908052375,3.0719089168163123,4.417557113017341,2.1017985424434333,1.96,4.119525143189129,77.72660209532185,85.9656523817001,0,4.668510477027252,always
4720,82.16485387487893,83.0748908052375,82.71087603309408,-0.9100369303585722,4.668510477027252,2.1606736164972378,1.96,4.234920288334586,78.83997051690291,87.3098110935721,0,4.476493313906712,always
4721,80.70846531172904,82.71087603309408,81.90991174454805,-2.002410721365038,4.476493313906712,2.11577250996101,1.96,4.146914119523579,78.5639619135705,86.85779015261767,0,4.453151083063259,always
4722,81.01234061638372,81.90991174454805,81.55088329328231,-0.8975711281643299,4.453151083063259,2.110249057117017,1.96,4.1360881519493535,77.7738235925987,86.0459998964974,0,4.270775225415805,always
4723,77.57225091649964,81.55088329328231,79.95943034256925,-3.97863237678267,4.270775225415805,2.0665854024007344,1.96,4.050507388705439,77.50037590457687,85.60139068198775,0,4.84871224362418,always
4724,78.11496931749784,79.95943034256925,79.22164593254068,-1.8444610250714106,4.84871224362418,2.201979165120365,1.96,4.315879163635915,75.64355117893334,84.27530950620516,0,4.7763784550933455,always
4725,81.44408620658496,79.22164593254068,80.11062204215838,2.222440274044274,4.7763784550933455,2.1854927259300925,1.96,4.283565742822981,74.9380801897177,83.50521167536367,0,4.784521570923378,always
4726,82.7115498503631,80.11062204215838,81.15099316544027,2.600927808204716,4.784521570923378,2.1873549256861304,1.96,4.287215654344815,75.82340638781356,84.3978376965032,0,4.883536765551838,always
4727,82.71304065417101,81.15099316544027,81.77581216093256,1.562047488730741,4.883536765551838,2.2098725677178397,1.96,4.331350232726965,76.81964293271331,85.48234339816723,0,4.761359545126747,always
4728,83.40377293674294,81.77581216093256,82.4269964712567,1.6279607758103793,4.761359545126747,2.182053973926114,1.96,4.2768257888951835,77.49898637203738,86.05263794982774,0,4.655804382249267,always
4729,81.64093975797937,82.4269964712567,82.11257378594577,-0.7860567132773326,4.655804382249267,2.1577313044606057,1.96,4.2291533567427875,78.19784311451392,86.65614982799949,0,4.453908420961221,always
4730,79.13369519223184,82.11257378594577,80.9210223484602,-2.9788785937139295,4.453908420961221,2.11042849226436,1.96,4.136439844838145,77.97613394110762,86.24901363078392,0,4.674898883717513,always
4731,80.58452472411598,80.9210223484602,80.78642329872251,-0.3364976243442186,4.674898883717513,2.1621514479142094,1.96,4.237816837911851,76.68320551054835,85.15883918637205,0,4.446815472091102,always
4732,81.73143223800196,80.78642329872251,81.1644268744343,0.9450089392794467,4.446815472091102,2.10874737038155,1.96,4.133144845947838,76.65327845277467,84.91956814467035,0,4.2691267932524495,always
4733,81.95000172951032,81.1644268744343,81.4786568164647,0.7855748550760211,4.2691267932524495,2.066186533992623,1.96,4.049725606625541,77.11470126780875,85.21415248105984,0,4.086526846236213,always
4734,81.3041243399756,81.4786568164647,81.40884382586907,-0.1745324764891052,4.086526846236213,2.0215159772399063,1.96,3.9621713153902163,77.51648550107448,85.44082813185493,0,3.883723583191873,always
4735,84.60773043924667,81.40884382586907,82.6883984712201,3.1988866133775957,3.883723583191873,1.9707165151771253,1.96,3.8626043697471655,77.54623945612191,85.27144819561623,0,4.201181182294598,always
4736,80.18901970206329,82.6883984712201,81.68864696355737,-2.499378769156806,4.201181182294598,2.0496783119052115,1.96,4.017369491334215,78.67102897988588,86.70576796255432,0,4.303466834765457,always
4737,78.66454574691568,81.68864696355737,80.4790064769007,-3.0241012166416965,4.303466834765457,2.0744798950015055,1.96,4.0659805942029505,77.62266636935442,85.75462755776033,0,4.545552901451873,always
4738,80.53618405864518,80.4790064769007,80.50187750959849,0.057177581744483064,4.545552901451873,2.1320302299573224,1.96,4.178779250716352,76.30022722618435,84.65778572761704,0,4.3184387201719865,always
4739,81.2552238233051,80.50187750959849,80.80321603508114,0.753346313706615,4.3184387201719865,2.0780853495879295,1.96,4.073047285192342,76.42883022440614,84.57492479479083,0,4.130893317582155,always
4740,83.27228101285289,80.80321603508114,81.79084202618984,2.469064977771751,4.130893317582155,2.0324599178291693,1.96,3.983621438945172,76.81959459613596,84.78683747402631,0,4.229162744925998,always
4741,83.99314321413864,81.79084202618984,82.67176250136936,2.2023011879488053,4.229162744925998,2.0564928263735807,1.96,4.030725939692218,77.76011608649762,85.82156796588205,0,4.260211133801734,always
4742,82.12561349432393,82.67176250136936,82.45330289855119,-0.5461490070454289,4.260211133801734,2.064027890751899,1.96,4.045494665873722,78.62626783549564,86.71725716724308,0,4.062114514006483,always
4743,80.3102858565095,82.45330289855119,81.59609608173452,-2.1430170420416914,4.062114514006483,2.015468807500251,1.96,3.9503188627004917,78.50298403585069,86.40362176125169,0,4.088634890430215,always
4744,80.39292951539626,81.59609608173452,81.11482945519921,-1.203166566338254,4.088634890430215,2.0220373118293873,1.96,3.963193131185599,77.63290295054891,85.55928921292012,0,3.956583635226413,always
4745,81.3609348005113,81.11482945519921,81.21327159332404,0.24610534531208828,3.956583635226413,1.989116295048234,1.96,3.8986679382945386,77.21616151690468,85.01349739349375,0,3.7617828455146514,always
4746,81.94003658042001,81.21327159332404,81.50397758816243,0.7267649870959758,3.7617828455146514,1.9395316046702233,1.96,3.8014819451536375,77.4117896481704,85.01475353847768,0,3.6001030705623496,always
4747,81.63905589572116,81.50397758816243,81.55800891118591,0.13507830755872874,3.6001030705623496,1.8973937573846789,1.96,3.7188917644739705,77.78508582368846,85.2228693526364,0,3.4210102244928784,always
4748,81.82958921911128,81.55800891118591,81.66664103435605,0.271580307925376,3.4210102244928784,1.8495973141451298,1.96,3.6252107357244543,77.93279817546146,85.18321964691036,0,3.2536475064508763,always
4749,82.84554368084798,81.66664103435605,82.13820209295281,1.1789026464919345,3.2536475064508763,1.803786990320885,1.96,3.5354225010289344,78.13121853332711,85.20206353538498,0,3.160455703623617,always
4750,80.38464137755528,82.13820209295281,81.4367778067938,-1.7535607153975263,3.160455703623617,1.7777670555006966,1.96,3.484423428781365,78.65377866417144,85.62262552173418,0,3.1561816775717104,always
4751,78.66951713725945,81.4367778067938,80.32987353898005,-2.767260669534352,3.1561816775717104,1.7765645717428091,1.96,3.482066560615906,77.9547112461779,84.9188443674097,0,3.3812591743507103,always
4752,77.82411254935275,80.32987353898005,79.32756914312912,-2.505760989627305,3.3812591743507103,1.8388200494748557,1.96,3.604087296970717,76.72578624200933,83.93396083595077,0,3.526138122490075,always
4753,82.09680506151832,79.32756914312912,80.4352635104848,2.7692359183891995,3.526138122490075,1.8778014065630249,1.96,3.6804907568635286,75.64707838626559,83.00805989999266,0,3.733264594950415,always
4754,84.15901170202031,80.4352635104848,81.92476278709901,3.723748191535506,3.733264594950415,1.9321657783302175,1.96,3.7870449255272263,76.64821858495758,84.22230843601203,0,4.239916394901091,always
4755,83.64240576435216,81.92476278709901,82.61181997800027,1.7176429772531492,4.239916394901091,2.059105726984676,1.96,4.035847224889965,77.88891556220905,85.96061001198898,0,4.17543544502139,always
4756,79.39919025005594,82.61181997800027,81.32676808682254,-3.212629727944332,4.17543544502139,2.043388226701277,1.96,4.005040924334503,78.60677905366576,86.61686090233478,0,4.482713161213904,always
4757,81.93323345217769,81.32676808682254,81.5693542329646,0.6064653653551488,4.482713161213904,2.1172418759352705,1.96,4.14979407683313,77.17697400998941,85.47656216365567,0,4.276967515121976,always
4758,81.98456858406061,81.5693542329646,81.735439973403,0.41521435109601157,4.276967515121976,2.0680830532456804,1.96,4.0534427843615335,77.51591144860306,85.62279701732614,0,4.071739287233681,always
4759,81.9139331350144,81.735439973403,81.80683723804756,0.1784931616113994,4.071739287233681,2.0178551204766118,1.96,3.954996036134159,77.78044393726884,85.69043600953717,0,3.8697453133090987,always
4760,82.8751525799959,81.80683723804756,82.23416337482689,1.0683153419483347,3.8697453133090987,1.9671668239651408,1.96,3.855646974971676,77.95119026307589,85.66248421301924,0,3.7333229311357528,always
4761,80.72515534679621,82.23416337482689,81.63056016361463,-1.509008028030678,3.7333229311357528,1.9321808743323574,1.96,3.7870745136914206,78.44708886113547,86.02123788851831,0,3.6605120460120166,always
4762,79.61553038031079,81.63056016361463,80.82454825029309,-2.015029783303845,3.6605120460120166,1.9132464676596208,1.96,3.7499630766128567,77.88059708700177,85.38052324022749,0,3.6805036950914927,always
4763,81.11299821668968,80.82454825029309,80.93992823685173,0.28844996639658405,3.6805036950914927,1.9184638894416264,1.96,3.760189223305588,77.0643590269875,84.58473747359868,0,3.5006386794926274,always
4764,86.58374335305547,80.93992823685173,83.19745428333323,5.64381511620374,3.5006386794926274,1.870999379874998,1.96,3.6671587845549958,77.27276945229673,84.60708702140673,1,4.918239198812488,always
4765,85.28293401776648,83.19745428333323,84.03164617710652,2.0854797344332496,4.918239198812488,2.217710350522017,1.96,4.346712287023153,78.85074199631008,87.54416657035638,0,4.889788525008453,always
4766,83.72493046007821,84.03164617710652,83.9089598902952,-0.306715717028311,4.889788525008453,2.211286622084178,1.96,4.334121779284988,79.69752439782154,88.36576795639151,0,4.650002825311639,always
4767,82.83950098495161,83.9089598902952,83.48117632815776,-1.0694589053435806,4.650002825311639,2.156386520388133,1.96,4.22651757996074,79.68244231033445,88.13547747025594,0,4.474689801556991,always
4768,81.83075041567363,83.48117632815776,82.82100596316411,-1.650425912484124,4.474689801556991,2.1153462604398814,1.96,4.146078670462168,79.33509765769558,87.62725499861993,0,4.387150596109094,always
4769,79.63240609948235,82.82100596316411,81.54556601769141,-3.188599863681759,4.387150596109094,2.094552600463663,1.96,4.105323096908779,78.71568286625534,86.92632906007289,0,4.676151520837205,always
4770,81.89119886807995,81.54556601769141,81.68381915784683,0.3456328503885402,4.676151520837205,2.1624411022816794,1.96,4.238384560472092,77.30718145721931,85.78395057816351,0,4.448317048158731,always
4771,80.50885075863474,81.68381915784683,81.21383179816199,-1.1749683992120907,4.448317048158731,2.109103375408311,1.96,4.133842615800289,77.54997654204654,85.81766177364712,0,4.2949287327081445,always
4772,83.19852370665649,81.21383179816199,82.00770856155978,1.9846919084944972,4.2949287327081445,2.0724209834655083,1.96,4.061945127592396,77.1518866705696,85.27577692575439,0,4.277132394654913,always
4773,83.40219680700392,82.00770856155978,82.56550385973743,1.394488245444137,4.277132394654913,2.0681229157511196,1.96,4.053520914872195,77.95418764668759,86.06122947643198,0,4.160505648256261,always
4774,77.90422090992683,82.56550385973743,80.70099067981319,-4.661282949810598,4.160505648256261,2.039731758897787,1.96,3.9978742474396625,78.56762961229776,86.5633781071771,1,5.038858302753197,always
4775,77.96817499990638,80.70099067981319,79.60786440785046,-2.732815679906807,5.038858302753197,2.24474014147589,1.96,4.399690677292744,76.30130000252045,85.10068135710593,0,5.1603294646327615,always
4776,82.24721627636482,79.60786440785046,80.66360515525619,2.6393518685143675,5.1603294646327615,2.2716358565211903,1.96,4.452406278781533,75.15545812906892,84.060270686632,0,5.250621905692637,always
4777,83.44620645630604,80.66360515525619,81.77664567567612,2.7826013010498514,5.250621905692637,2.2914235544073116,1.96,4.49119016663833,76.17241498861786,85.15479532189453,0,5.375234310438222,always
4778,83.45412445209158,81.77664567567612,82.4476371862423,1.6774787764154553,5.375234310438222,2.3184551560119124,1.96,4.544172105783348,77.23247356989278,86.32081778145947,0,5.247169347182525,always
4779,80.51183519153349,82.4476371862423,81.67331638835878,-1.935801994708811,5.247169347182525,2.290670065108139,1.96,4.489713327611952,77.95792385863035,86.93735051385426,0,5.172177347959329,always
4780,78.0585653296929,81.67331638835878,80.22741596489243,-3.614751058665888,5.172177347959329,2.2742421480482964,1.96,4.457514610174661,77.21580177818413,86.13083099853344,0,5.566889741367671,always
4781,79.90955349747757,80.22741596489243,80.10027097792648,-0.31786246741485513,5.566889741367671,2.3594257227909656,1.96,4.624474416670292,75.60294154822213,84.85189038156273,0,5.293597081708841,always
4782,82.40129793457497,80.10027097792648,81.02068176058587,2.301026956648485,5.293597081708841,2.3007818413984498,1.96,4.509532409140961,75.59073856878553,84.60980338706744,0,5.293653480384548,always
4783,82.40092548541271,81.02068176058587,81.57277925051662,1.3802437248268404,5.293653480384548,2.300794097781144,1.96,4.509556431651042,76.51112532893484,85.53023819223691,0,5.124224443361514,always
4784,83.51834304392344,81.57277925051662,82.35100476787935,1.9455637934068193,5.124224443361514,2.263674986247256,1.96,4.436802973044621,77.135976277472,86.00958222356124,0,5.057274144904214,always
4785,81.07273202093913,82.35100476787935,81.83969566910326,-1.2782727469402175,5.057274144904214,2.2488383990194167,1.96,4.407723262078057,77.9432815058013,86.7587280299574,0,4.886109498437507,always
4786,80.79171610160029,81.83969566910326,81.42050384210208,-1.0479795675029777,4.886109498437507,2.2104545909014974,1.96,4.332490998166935,77.50720467093633,86.1721866672702,0,4.696717082210817,always
4787,81.47811860723604,81.42050384210208,81.44354974815568,0.057614765133962464,4.696717082210817,2.167191058077441,1.96,4.247694473831785,77.1728093682703,85.66819831593386,0,4.462047201158349,always
4788,79.59343918533736,81.44354974815568,80.70350552302835,-1.8501105628183154,4.462047201158349,2.112355841509273,1.96,4.1402174493581745,77.3033322987975,85.58376719751385,0,4.410090295833026,always
4789,78.47595893208162,80.70350552302835,79.81248688664967,-2.22754659094673,4.410090295833026,2.100021498897815,1.96,4.116042137839718,76.58746338518864,84.81954766086807,0,4.4376839717832945,always
4790,80.74422229095325,79.81248688664967,80.18518104837109,0.9317354043035806,4.4376839717832945,2.1065811097091167,1.96,4.128898975029869,75.6835879116198,83.94138586167954,0,4.259206316375767,always
4791,85.61785390656158,80.18518104837109,82.35825019164729,5.432672858190486,4.259206316375767,2.0637844646124672,1.96,4.045017550640436,76.14016349773065,84.23019859901153,1,5.521942719762958,always
4792,85.30500591630853,82.35825019164729,83.53695248151178,2.9467557246612444,5.521942719762958,2.349881426745392,1.96,4.605767596420968,77.75248259522633,86.96401778806825,0,5.680014048816001,always
4793,79.22312435878737,83.53695248151178,81.81142123242202,-4.313828122724402,5.680014048816001,2.3832780049368982,1.96,4.671224889676321,78.86572759183545,88.2081773711881,0,6.326468999995598,always
4794,73.65313955943915,81.81142123242202,78.54810856322888,-8.158281672982866,6.326468999995598,2.51524730394361,1.96,4.929884715729475,76.88153651669255,86.74130594815149,1,9.338023542782224,always
4795,79.11740194577638,78.54810856322888,78.77582591624788,0.5692933825474995,9.338023542782224,3.055817982600113,1.96,5.989403245896222,72.55870531733265,84.5375118091251,0,8.88732711341373,always
4796,83.93705116335394,78.77582591624788,80.84031601509031,5.16122524710606,8.88732711341373,2.981162040784387,1.96,5.8430775999373985,72.93274831631048,84.61890351618528,0,9.774873060311295,always
4797,85.95292867938971,80.84031601509031,82.88536108081007,5.112612664299405,9.774873060311295,3.126479339498551,1.96,6.12789950541716,74.71241650967315,86.96821552050747,0,10.593069820053463,always
4798,81.71965474488971,82.88536108081007,82.41907854644192,-1.1657063359203619,10.593069820053463,3.2546996512817374,1.96,6.3792113165122055,76.50614976429786,89.26457239732228,0,10.131359892131034,always
4799,80.01814725402676,82.41907854644192,81.45870602947585,-2.400931292415166,10.131359892131034,3.182979719088866,1.96,6.238640249414177,76.18043829702775,88.6577187958561,0,9.9130154510694,always
4800,81.85782117451299,81.45870602947585,81.6183520874907,0.3991151450371433,9.9130154510694,3.14849415611168,1.96,6.171048545978892,75.28765748349696,87.62975457545474,0,9.425329323465832,always
4801,84.93442362038469,81.6183520874907,82.9447807006483,3.316071532893986,9.425329323465832,3.0700699215923133,1.96,6.017337046320934,75.60101504116977,87.63568913381164,0,9.503879377856032,always
4802,85.89261522962772,82.9447807006483,84.12391451224006,2.9478345289794277,9.503879377856032,3.082836255440115,1.96,6.042359060662625,76.90242163998568,88.98713976131091,0,9.4631718294754,always
4803,85.60625157423186,84.12391451224006,84.71684933703679,1.4823370619917995,9.4631718294754,3.076226881989591,1.96,6.029404688699598,78.09450982354046,90.15331920093966,0,9.099879396269353,always
4804,85.73145784956574,84.71684933703679,85.12269274204837,1.0146085125289517,9.099879396269353,3.016600635859734,1.96,5.912537246285079,78.80431209075171,90.62938658332187,0,8.696356948140695,always
4805,85.11424791585566,85.12269274204837,85.11931481157129,-0.008444826192715027,8.696356948140695,2.948958620961083,1.96,5.779958897083723,79.34273384496466,90.90265163913209,0,8.26154266648813,always
4806,86.16381433136974,85.11931481157129,85.53711461949067,1.0444995197984497,8.26154266648813,2.874289941270388,1.96,5.63360828488996,79.48570652668133,90.75292309646125,0,7.9030144955066834,always
4807,84.94826185699347,85.53711461949067,85.30157351449179,-0.5888527624971971,7.9030144955066834,2.8112300680496936,1.96,5.5100109333774,80.02710368611326,91.04712555286807,0,7.525201149526378,always
4808,82.39445714031655,85.30157351449179,84.1387269648217,-2.9071163741752457,7.525201149526378,2.743210008279785,1.96,5.376691616228378,79.92488189826341,90.67826513072018,0,7.5715073726999504,always
4809,86.42800640786297,84.1387269648217,85.0544387420382,2.2892794430412664,7.5715073726999504,2.751637216767492,1.96,5.393208944864284,78.74551801995742,89.53193590968598,0,7.4549720224815195,always
4810,86.25262466974584,85.0544387420382,85.53371311312125,1.198185927707641,7.4549720224815195,2.730379464924522,1.96,5.351543751252064,79.70289499078613,90.40598249329027,0,7.154005897225274,always
4811,84.1849084723394,85.53371311312125,84.9941912568085,-1.3488046407818501,7.154005897225274,2.6746973468460453,1.96,5.242406799818249,80.291306313303,90.7761199129395,0,6.8872693003137435,always
4812,83.78592776692244,84.9941912568085,84.51088586085407,-1.2082634898860647,6.8872693003137435,2.624360741268956,1.96,5.143747052887154,79.85044420392136,90.13793830969566,0,6.615900868347638,always
4813,84.77987408846474,84.51088586085407,84.61848115189834,0.268988227610663,6.615900868347638,2.5721393563233774,1.96,5.041393138393819,79.46949272246026,89.55227899924789,0,6.288723558259912,always
4814,84.8949351058852,84.61848115189834,84.72906273349308,0.27645395398685935,6.288723558259912,2.507732752559553,1.96,4.915156195016724,79.70332495688162,89.53363734691506,0,5.978108719780664,always
4815,85.02087317387523,84.72906273349308,84.84578690964594,0.2918104403821502,5.978108719780664,2.4450171205496014,1.96,4.7922335562772185,79.93682917721586,89.5212962897703,0,5.683460950447432,always
4816,85.00541300424028,84.84578690964594,84.90963734748368,0.15962609459434418,5.683460950447432,2.3840010382647554,1.96,4.672642034998921,80.17314487464702,89.51842894464485,0,5.400561927428832,always
4817,85.25504020613776,84.90963734748368,85.04779849094533,0.34540285865408293,5.400561927428832,2.3239109121110544,1.96,4.554865387737666,80.35477195974602,89.46450273522134,0,5.1364989877957115,always
4818,81.61408643308155,85.04779849094533,83.67431366779982,-3.4337120578637723,5.1364989877957115,2.266384563086263,1.96,4.442113743649076,80.60568474729625,89.4899122345944,0,5.469192963221879,always
4819,85.66224621729182,83.67431366779982,84.46948668759663,1.987932549492001,5.469192963221879,2.338630574336588,1.96,4.583715925699712,79.09059774210012,88.25802959349953,0,5.3933271061272725,always
4820,86.86937204353248,84.46948668759663,85.42944082997096,2.399885355935851,5.3933271061272725,2.322353785737064,1.96,4.551813420044645,79.91767326755198,89.02130010764128,0,5.411633236902676,always
4821,86.66143404664405,85.42944082997096,85.92223811664019,1.2319932166730894,5.411633236902676,2.326291735123236,1.96,4.559531800841542,80.86990902912942,89.9889726308125,0,5.216941939353967,always
4822,82.99502239391916,85.92223811664019,84.75135182755179,-2.92721572272103,5.216941939353967,2.284062595323072,1.96,4.476762686833221,81.44547542980696,90.39900080347341,0,5.384524436753528,always
4823,82.2597960211556,84.75135182755179,83.7547295049933,-2.4915558063961925,5.384524436753528,2.3204578075788254,1.96,4.548097302854497,80.20325452469729,89.29944913040629,0,5.42569073173518,always
4824,83.34989261625316,83.7547295049933,83.59279474949724,-0.40483688874014945,5.42569073173518,2.329311214014817,1.96,4.565449979469041,79.18927952552427,88.32017948446234,0,5.162600840472661,always
4825,87.58462320593692,83.59279474949724,85.18952613207311,3.991828456439677,5.162600840472661,2.272135744288325,1.96,4.453386058805117,79.13940869069212,88.04618080830237,0,5.701205519731106,always
4826,86.49710720518175,85.18952613207311,85.71255856131657,1.3075810731086364,5.701205519731106,2.3877197322405967,1.96,4.67993067519157,80.50959545688154,89.86945680726468,0,5.501633656882147,always
4827,85.74307270055073,85.71255856131657,85.72476421701023,0.0305141392341568,5.501633656882147,2.345556150869586,1.96,4.597290055704388,81.11526850561218,90.30984861702096,0,5.2265985296726996,always
4828,83.72165933872976,85.72476421701023,84.92352226569804,-2.0031048782804675,5.2265985296726996,2.2861755246858673,1.96,4.4809040283843,81.24386018862593,90.20566824539453,0,5.165890060858614,always
4829,83.18253084348157,84.92352226569804,84.22712569681144,-1.7409914222164673,5.165890060858614,2.2728594459091864,1.96,4.454804513982006,80.46871775171603,89.37832677968005,0,5.059148114427249,always
4830,84.18036358892303,84.22712569681144,84.20842085365608,-0.046762107888412174,5.059148114427249,2.249255013204872,1.96,4.408539825881549,79.8185858709299,88.63566552269299,0,4.8063000434425955,always
4831,87.34272042185697,84.20842085365608,85.46214068093644,3.1342995682008876,4.8063000434425955,2.1923275401824873,1.96,4.296961978757675,79.9114588748984,88.50538283241376,0,5.057176730431679,always
4832,83.98067147010748,85.46214068093644,84.86955299660485,-1.481469210828962,5.057176730431679,2.2488167400728054,1.96,4.407680810542699,81.05445987039374,89.86982149147914,0,4.914055445041804,always
4833,81.24354733822435,84.86955299660485,83.41915073325265,-3.6260056583805067,4.914055445041804,2.216766890099589,1.96,4.344863104595194,80.52468989200966,89.21441610120004,0,5.325748524520086,always
4834,80.33483491934614,83.41915073325265,82.18542440769005,-3.084315813906514,5.325748524520086,2.3077583332143092,1.96,4.523206333100046,78.8959444001526,87.9423570663527,0,5.535111300289771,always
4835,82.44787410285333,82.18542440769005,82.29040428575536,0.26244969516328354,5.535111300289771,2.3526817252424457,1.96,4.611256181475193,77.57416822621485,86.79668058916525,0,5.261799727399847,always
4836,84.58390692525077,82.29040428575536,83.20780534155352,2.293502639495415,5.261799727399847,2.293861313898433,1.96,4.495968175240929,77.79443611051443,86.78637246099629,0,5.261717458898476,always
4837,83.60468522258822,83.20780534155352,83.3665572939674,0.3968798810346925,5.261717458898476,2.2938433815102712,1.96,4.495933027760132,78.71187231379339,87.70373836931365,0,5.006507267952058,always
4838,83.26963605100553,83.3665572939674,83.32778879678266,-0.09692124296186932,5.006507267952058,2.237522573730164,1.96,4.385544244511122,78.98101304945628,87.75210153847853,0,4.756651590921319,always
4839,81.6373672979091,83.32778879678266,82.65162019723323,-1.6904214988735617,4.756651590921319,2.180974917536036,1.96,4.2747108383706305,79.05307795841202,87.6024996351533,0,4.66169525356795,always
4840,82.32061926759116,82.65162019723323,82.5192198253764,-0.33100092964207306,4.66169525356795,2.1590959343132368,1.96,4.231828031253944,78.41979216597929,86.88344822848717,0,4.434088571660748,always
4841,86.87431851146545,82.5192198253764,84.26125929981202,4.35509868608905,4.434088571660748,2.105727563494563,1.96,4.127226024449343,78.39199380092705,86.64644584982574,1,5.16072837135644,always
4842,88.06966357850534,84.26125929981202,85.78462101128935,3.8084042786933168,5.16072837135644,2.271723656468022,1.96,4.452578366677323,79.8086809331347,88.71383766648935,0,5.627889110287096,always
4843,86.18584039962927,85.78462101128935,85.94510876662531,0.4012193883399249,5.627889110287096,2.372317244865681,1.96,4.649741799936734,81.13487921135261,90.43436281122608,0,5.354543504651734,always
4844,82.67250461610622,85.94510876662531,84.63606710641767,-3.2726041505190864,5.354543504651734,2.313988656984242,1.96,4.535417767689114,81.4096909989362,90.48052653431442,0,5.622313225718885,always
4845,80.70645513128201,84.63606710641767,83.06422231636341,-3.929611975135657,5.622313225718885,2.3711417557199916,1.96,4.647437841211183,79.98862926520648,89.28350494762886,0,6.113290078189418,always
4846,81.87888665741468,83.06422231636341,82.59008805278393,-1.1853356589487305,6.113290078189418,2.472506840878184,1.96,4.846113408121241,78.21810890824217,87.91033572448465,0,5.877876605498718,always
4847,85.20928968846378,82.59008805278393,83.63776870705587,2.6192016356798575,5.877876605498718,2.4244332544944847,1.96,4.75188917880919,77.83819887397473,87.34197723159312,0,5.926993635641184,always
4848,87.98839565396094,83.63776870705587,85.3780194858179,4.3506269469050665,5.926993635641184,2.434541771184299,1.96,4.771701871521226,78.86606683553464,88.4094705785771,0,6.577041695415949,always
4849,88.04194367384764,85.3780194858179,86.44358916102979,2.663924188029739,6.577041695415949,2.5645743692503733,1.96,5.026565763730732,80.35145372208717,90.40458524954863,0,6.603014214623647,always
4850,86.27688692105312,86.44358916102979,86.37690826503913,-0.16670223997667222,6.603014214623647,2.569633089494227,1.96,5.036480855408685,81.40710830562111,91.48007001643848,0,6.274252985733126,always
4851,83.13882501960613,86.37690826503913,85.08167496686593,-3.2380832454330033,6.274252985733126,2.504845900596108,1.96,4.909497965168371,81.46741029987076,91.2864062302075,0,6.484799491664166,always
4852,83.2816762998431,85.08167496686593,84.3616755000568,-1.7999986670228338,6.484799491664166,2.546526946973891,1.96,4.991192816068826,80.0904821507971,90.07286778293476,0,6.322559277145157,always
4853,84.41757947504692,84.3616755000568,84.38403709005286,0.05590397499011601,6.322559277145157,2.514469979368447,1.96,4.928361159562156,79.43331434049465,89.29003665961896,0,6.006587576008884,always
4854,85.20792488986447,84.38403709005286,84.7135922099775,0.8238877998116152,6.006587576008884,2.450834057215805,1.96,4.803634752142978,79.58040233790987,89.18767184219584,0,5.74019775254236,always
4855,88.47165704183494,84.7135922099775,86.21681814272048,3.758064831857439,5.74019775254236,2.395870979944947,1.96,4.6959071206920955,80.01768508928541,89.4094993306696,0,6.159340428937426,always
4856,84.3360314246633,86.21681814272048,85.4645034554976,-1.8807867180571805,6.159340428937426,2.481801851264002,1.96,4.864331628477443,81.35248651424304,91.08114977119793,0,6.02824134143157,always
4857,82.51377510999713,85.4645034554976,84.28421211729741,-2.9507283455004796,6.02824134143157,2.455247714881651,1.96,4.812285521168036,80.65221793432957,90.27678897666564,0,6.1621691628069915,always
4858,85.65787271446085,84.28421211729741,84.83367635616278,1.3736605971634361,6.1621691628069915,2.482371681035495,1.96,4.865448494829571,79.41876362246785,89.14966061212698,0,5.948407876476613,always
4859,84.43899883112763,84.83367635616278,84.67580534614872,-0.3946775250351493,5.948407876476613,2.438935808191067,1.96,4.7803141840544905,80.0533621721083,89.61399054021727,0,5.658776000091175,always
4860,83.36884180354679,84.67580534614872,84.15301992910794,-1.3069635426019346,5.658776000091175,2.3788181939970054,1.96,4.66248366023413,80.01332168591459,89.33828900638285,0,5.461244885171145,always
4861,83.5082479202128,84.15301992910794,83.89511112554987,-0.6447720088951456,5.461244885171145,2.3369306547630257,1.96,4.58038408333553,79.57263584577241,88.73340401244347,0,5.208969188085321,always
4862,84.58559326727331,83.89511112554987,84.17130398223924,0.6904821417234359,5.208969188085321,2.282316627482988,1.96,4.473340589866656,79.42177053568322,88.36845171541653,0,4.9723590080830045,always
4863,83.10329626084825,84.17130398223924,83.74410089368286,-1.068007721390984,4.9723590080830045,2.2298786980647636,1.96,4.370562248206936,79.8007417340323,88.54186623044617,0,4.780773082326392,always
4864,84.96211021337935,83.74410089368286,84.23130462156145,1.2180093196964918,4.780773082326392,2.1864979035723753,1.96,4.285535891001856,79.458565002681,88.02963678468471,0,4.615911763353448,always
4865,86.9250489213732,84.23130462156145,85.30880234148614,2.6937442998117547,4.615911763353448,2.148467305628235,1.96,4.21099591903134,80.02030870253012,88.44230054059278,0,4.747929092824191,always
4866,86.93653723366117,85.30880234148614,85.95989629835614,1.6277348921750274,4.747929092824191,2.1789743212860935,1.96,4.2707896697207435,81.0380126717654,89.57959201120688,0,4.643008682143184,always
4867,83.89383736807348,85.95989629835614,85.13347272624307,-2.066058930282665,4.643008682143184,2.1547641824903216,1.96,4.2233377976810305,81.73655850067512,90.18323409603717,0,4.6242882232060625,always
4868,83.49779999019444,85.13347272624307,84.47920363182362,-1.6356727360486332,4.6242882232060625,2.1504158256500214,1.96,4.214815018274042,80.91865770796903,89.34828774451711,0,4.5268450770184,always
4869,83.30260095072629,84.47920363182362,84.0085625593847,-1.1766026810973358,4.5268450770184,2.127638380227806,1.96,4.1701712252464995,80.30903240657712,88.64937485707013,0,4.369722516625751,always
4870,84.23376558418127,84.0085625593847,84.09864376930332,0.22520302479657062,4.369722516625751,2.090388125833514,1.96,4.097160726633688,79.91140183275101,88.10572328601839,0,4.153772210913339,always
4871,88.61916076590194,84.09864376930332,85.90685056794277,4.520516996598616,4.153772210913339,2.0380805212045328,1.96,3.994637821560884,80.10400594774244,88.09328159086421,1,4.967837296194521,always
4872,87.69815673384491,85.90685056794277,86.62337303430363,1.7913061659021423,4.967837296194521,2.2288645755618535,1.96,4.3685745681012325,81.53827599984153,90.275425136044,0,4.879884320384747,always
4873,83.02802379337521,86.62337303430363,85.18523333793226,-3.595349240928414,4.879884320384747,2.209046020431613,1.96,4.329730200045962,82.29364283425767,90.95310323434958,0,5.282216912577735,always
4874,82.73823892009854,85.18523333793226,84.20643557079877,-2.4469944178337215,5.282216912577735,2.298307401671442,1.96,4.504682507276026,80.68055083065623,89.68991584520829,0,5.317495150994318,always
4875,82.60123756627655,84.20643557079877,83.56435636898988,-1.6051980045222223,5.317495150994318,2.30596946011744,1.96,4.519700141830182,79.68673542896859,88.72613571262896,0,5.1804534251307075,always
4876,82.89310749094415,83.56435636898988,83.29585681777158,-0.6712488780457306,5.1804534251307075,2.276060944950883,1.96,4.461079452103731,79.10327691688614,88.02543582109361,0,4.943959506688055,always
4877,83.37356100750502,83.29585681777158,83.32693849366495,0.07770418973343851,4.943959506688055,2.223501631815919,1.96,4.358063198359201,78.93779361941237,87.65392001613078,0,4.697063428408757,always
4878,84.41111868073742,83.32693849366495,83.76061056849395,1.0841801870724623,4.697063428408757,2.167270963310485,1.96,4.2478510880885505,79.0790874055764,87.5747895817535,0,4.520982590890343,always
4879,86.86534419807374,83.76061056849395,85.00250402032586,3.1047336295797976,4.520982590890343,2.1262602359284113,1.96,4.167470062419686,79.59314050607426,87.92808063091363,0,4.776902006878013,always
4880,87.28124447550078,85.00250402032586,85.91400020239583,2.278740455174926,4.776902006878013,2.18561250153773,1.96,4.283800503013951,80.71870351731191,89.28630452333981,0,4.797689809636653,always
4881,86.22056757863459,85.91400020239583,86.03662715289133,0.3065673762387604,4.797689809636653,2.1903629401623497,1.96,4.293111362718205,81.62088883967762,90.20711156511403,0,4.562504496963516,always
4882,82.94333146104455,86.03662715289133,84.79930887615262,-3.0932956918467767,4.562504496963516,2.136001988988661,1.96,4.186563898417775,81.85006325447355,90.2231910513091,0,4.812803183975232,always
4883,82.34374355415596,84.79930887615262,83.81708274735396,-2.4555653219966587,4.812803183975232,2.193810197800902,1.96,4.299867987689768,80.49944088846286,89.09917686384239,0,4.873653077306098,always
4884,84.84258206229609,83.81708274735396,84.22728247333082,1.0254993149421239,4.873653077306098,2.2076351775839456,1.96,4.326964948064533,79.49011779928944,88.1440476954185,0,4.682552865688132,always
4885,85.29119748221706,84.22728247333082,84.65284847688531,1.0639150088862408,4.682552865688132,2.16392071612805,1.96,4.2412846036109775,79.98599786971984,88.4685670769418,0,4.5050209797103955,always
4886,84.83587779773055,84.65284847688531,84.7260602052234,0.18302932084523604,4.5050209797103955,2.1225034698936054,1.96,4.160106800991467,80.49274167589384,88.81295527787678,0,4.281444917339329,always
4887,85.41796597632472,84.7260602052234,85.00282251366394,0.6919057711013181,4.281444917339329,2.0691652706681816,1.96,4.055563930509636,80.67049627471377,88.78162413573304,0,4.091309351276529,always
4888,84.8096816651276,85.00282251366394,84.92556617424941,-0.19314084853634483,4.091309351276529,2.0226985319806134,1.96,3.9644891226820023,81.03833339098195,88.96731163634594,0,3.8886090530813693,always
4889,85.01591539456723,84.92556617424941,84.96170586237653,0.09034922031781889,3.8886090530813693,1.9719556417631126,1.96,3.8650330578557006,81.06053311639371,88.79059923210511,0,3.6945867495079026,always
4890,87.49380108820588,84.96170586237653,85.97454395270827,2.5320952258293516,3.6945867495079026,1.922130783663771,1.96,3.767376335980991,81.19432952639553,88.72908219835753,0,3.830432723665897,always
4891,86.23053475715942,85.97454395270827,86.07694027448872,0.2559908044511445,3.830432723665897,1.9571491316876946,1.96,3.8360122981078812,82.1385316546004,89.81055625081615,0,3.642187652080779,always
4892,86.26042702477152,86.07694027448872,86.15033497460183,0.18348675028279615,3.642187652080779,1.9084516373439435,1.96,3.7405652091941293,82.33637506529459,89.81750548368285,0,3.461761638853207,always
4893,85.98004393724423,86.15033497460183,86.0822185596588,-0.17029103735760032,3.461761638853207,1.8605809949725938,1.96,3.646738750146284,82.50359622445555,89.79707372474812,0,3.2901235087807628,always
4894,82.75694985973064,86.0822185596588,84.75211107968754,-3.3252686999281593,3.2901235087807628,1.8138697606996934,1.96,3.555184730971399,82.5270338286874,89.6374032906302,0,3.67848792967782,always
4895,81.51094240332098,84.75211107968754,83.4556436091409,-3.2411686763665557,3.67848792967782,1.9179384582613228,1.96,3.7591593781921926,80.99295170149534,88.51127045787973,0,4.019822252626915,always
4896,82.77769668752242,83.4556436091409,83.18446484049352,-0.677946921618485,4.019822252626915,2.004949438920322,1.96,3.9297009002838315,79.52594270885707,87.38534450942474,0,3.8418117414221684,always
4897,84.12889443545379,83.18446484049352,83.56223667847763,0.944429594960269,3.8418117414221684,1.9600540149246317,1.96,3.8417058692522783,79.34275897124124,87.0261707097458,0,3.694318517342901,always
4898,85.45305369835083,83.56223667847763,84.31856348642691,1.8908170198731966,3.694318517342901,1.922061007705765,1.96,3.767239575103299,79.79499710337433,87.32947625358094,0,3.6883620416078635,always
4899,86.62935107340633,84.31856348642691,85.24287852121867,2.3107875869794157,3.6883620416078635,1.9205108803669568,1.96,3.7642013255192355,80.55436216090767,88.08276481194615,0,3.770930903134378,always
4900,87.63382141992547,85.24287852121867,86.19925568070138,2.390942898706797,3.770930903134378,1.941888488851607,1.96,3.80610143814915,81.43677708306952,89.04897995936783,0,3.868214755221482,always
4901,89.35287994833973,86.19925568070138,87.46070538775672,3.1536242676383495,3.868214755221482,1.9667777594892317,1.96,3.854884408598894,82.34437127210249,90.05414008930028,0,4.172071318532284,always
4902,88.75129792496128,87.46070538775672,87.97694240263854,1.2905925372045601,4.172071318532284,2.042564887226911,1.96,4.0034271789647455,83.45727820879198,91.46413256672146,0,4.046749207460075,always
4903,85.07597691536209,87.97694240263854,86.81655620772796,-2.9009654872764514,4.046749207460075,2.011653351713479,1.96,3.942840569358419,84.03410183328012,91.91978297199697,0,4.265191785005526,always
4904,86.40082154986263,86.81655620772796,86.65026234458182,-0.4157346578653289,4.265191785005526,2.065234075112438,1.96,4.047858787220378,82.76869742050758,90.86441499494833,0,4.06057396104277,always
4905,88.96615976277903,86.65026234458182,87.5766213118607,2.31589741819721,4.06057396104277,2.0150865889690124,1.96,3.949569714379264,82.70069263020255,90.59983205896108,0,4.125714305571256,always
4906,90.07867821304454,87.5766213118607,88.57744407233423,2.5020569011838347,4.125714305571256,2.03118544342245,1.96,3.981123469108002,83.5954978427527,91.5577447809687,0,4.232443027130776,always
4907,92.3484874929922,88.57744407233423,90.08586144059743,3.771043420657975,4.232443027130776,2.057290214610174,1.96,4.032288820635941,84.54515525169829,92.60973289297017,0,4.731859299798627,always
4908,91.85564820856266,90.08586144059743,90.79377614778352,1.769786767965229,4.731859299798627,2.1752837285739592,1.96,4.26355610800496,85.82230533259246,94.34941754860239,0,4.651873595011936,always
4909,89.74173655601646,90.79377614778352,90.3729603110767,-1.0520395917670555,4.651873595011936,2.1568202509740897,1.96,4.227367691909215,86.5664084558743,95.02114383969274,0,4.4746192803936085,always
4910,86.09910213422116,90.3729603110767,88.66341704033448,-4.273858176855541,4.4746192803936085,2.115329591433356,1.96,4.146045999209377,86.22691431186732,94.51900631028607,1,5.164181502167676,always
4911,85.64410087872935,88.66341704033448,87.45569057569242,-3.0193161616051327,5.164181502167676,2.272483553772761,1.96,4.454067765394611,84.20934927493987,93.11748480572909,0,5.361785931245789,always
4912,87.81964254973428,87.45569057569242,87.60127136530917,0.36395197404186774,5.361785931245789,2.3155530508381337,1.96,4.538483979642742,82.91720659604967,91.99417455533516,0,5.100319686653948,always
4913,88.33162440446037,87.60127136530917,87.89341258096965,0.730353039151197,5.100319686653948,2.2583887368329543,1.96,4.4264419241925905,83.17482944111659,92.02771328950176,0,4.87197448041112,always
4914,89.46485015528677,87.89341258096965,88.5219876106965,1.571437574317116,4.87197448041112,2.207254964975981,1.96,4.326219731352923,83.56719284961673,92.21963231232257,0,4.751846558889347,always
4915,89.67346116476543,88.5219876106965,88.98257703232407,1.1514735540689287,4.751846558889347,2.179873060269645,1.96,4.272551198128504,84.249436412568,92.794538808825,0,4.580548798230886,always
4916,87.06418993163382,88.98257703232407,88.21522219204797,-1.9183871006902535,4.580548798230886,2.1402216703488652,1.96,4.194834473883776,84.7877425584403,93.17741150620785,0,4.535531811724079,always
4917,88.82200844024176,88.21522219204797,88.45793669132549,0.6067862481937851,4.535531811724079,2.1296788048257604,1.96,4.174170457458491,84.04105173458949,92.38939264950646,0,4.32716469868773,always
4918,89.53957559904144,88.45793669132549,88.89059225441187,1.0816389077159556,4.32716469868773,2.0801838136779476,1.96,4.077160274808777,84.38077641651671,92.53509696613426,0,4.1693036000875905,always
4919,86.34413441919061,88.89059225441187,87.87200912032337,-2.5464578352212612,4.1693036000875905,2.0418872642943806,1.96,4.002099038016986,84.88849321639489,92.89269129242885,0,4.285060795411198,always
4920,86.58467856447618,87.87200912032337,87.35707689798448,-1.2873305558471912,4.285060795411198,2.0700388391069375,1.96,4.057276124649597,83.81473299567378,91.92928524497296,0,4.153668753641529,always
4921,88.82554961297475,87.35707689798448,87.94446598398059,1.4684727149902699,4.153668753641529,2.038055139990459,1.96,3.9945880743813,83.36248882360319,91.35166497236578,0,4.053805921692997,always
4922,91.08717902770037,87.94446598398059,89.2015512014685,3.1427130437197803,4.053805921692997,2.0134065465506454,1.96,3.946276831239265,83.99818915274133,91.89074281521985,0,4.3449478893666695,always
4923,89.35831800544292,89.2015512014685,89.26425792305827,0.15676680397442055,4.3449478893666695,2.084453858776123,1.96,4.085529563201201,85.1160216382673,93.28708076466971,0,4.128929286439753,always
4924,88.93830869058638,89.26425792305827,89.13387823006951,-0.3259492324718849,4.128929286439753,2.031976694364321,1.96,3.982674320954069,85.28158360210419,93.24693224401234,0,3.927794967225216,always
4925,88.58953919178569,89.13387823006951,88.91614261475598,-0.5443390382838231,3.927794967225216,1.981866536178765,1.96,3.8844584109103795,85.24941981915913,93.0183366409799,0,3.746220468293943,always
4926,86.33698725622185,88.91614261475598,87.88448047134233,-2.5791553585341376,3.746220468293943,1.9355155562004513,1.96,3.7936104901528847,85.1225321246031,92.70975310490887,0,3.891511563052013,always
4927,85.00967259761649,87.88448047134233,86.734557321852,-2.8748078737258425,3.891511563052013,1.972691451558508,1.96,3.8664752450546755,84.01800522628766,91.750955716397,0,4.110162000441217,always
4928,89.146149735683,86.734557321852,87.69919428738439,2.411592413831002,4.110162000441217,2.027353447339959,1.96,3.9736127567863195,82.76094456506567,90.70817007863832,0,4.195442798941518,always
4929,92.4018298101742,87.69919428738439,89.58024849650032,4.702635522789819,4.195442798941518,2.048278008216052,1.96,4.014624896103462,83.68456939128093,91.71381918348784,1,5.091409702004676,always
4930,90.9773868638701,89.58024849650032,90.13910384344823,1.3971383673697773,5.091409702004676,2.2564152326211318,1.96,4.422573855937419,85.1576746405629,94.00282235243773,0,4.9344389977832765,always
4931,90.254077295005,90.13910384344823,90.18509322407093,0.11497345155677863,4.9344389977832765,2.221359718231893,1.96,4.35386504773451,85.78523879571371,94.49296889118274,0,4.688377992622256,always
4932,89.87366771863037,90.18509322407093,90.06052302189471,-0.31142550544055325,4.688377992622256,2.1652662636780393,1.96,4.243921876808957,85.94117134726197,94.42901510087988,0,4.458808385263088,always
4933,89.4476050778953,90.06052302189471,89.81535584429494,-0.6129179439994061,4.458808385263088,2.1115890663817827,1.96,4.138714570108294,85.92180845178642,94.199237592003,0,4.254651386303757,always
4934,86.9897619543215,89.81535584429494,88.68511828830557,-2.8255938899734474,4.254651386303757,2.062680631194213,1.96,4.042854037140658,85.77250180715428,93.8582098814356,0,4.441117858541333,always
4935,89.69219776019375,88.68511828830557,89.08795007706084,1.0070794718881757,4.441117858541333,2.107395989969928,1.96,4.130496140341059,84.55462214796452,92.81561442864663,0,4.269772418749195,always
4936,90.7498898272679,89.08795007706084,89.75272597714367,1.6619397502070683,4.269772418749195,2.0663427641001855,1.96,4.050031817636364,85.03791825942447,93.1379818946972,0,4.194385984477652,always
4937,88.65007685434642,89.75272597714367,89.31166632802477,-1.1026491227972457,4.194385984477652,2.048020015643805,1.96,4.014119230661858,85.7386067464818,93.76684520780553,0,4.045458439654046,always
4938,86.43769619101596,89.31166632802477,88.16207827322124,-2.8739701370088113,4.045458439654046,2.011332503504591,1.96,3.942211706868998,85.36945462115577,93.25387803489377,0,4.256170735092265,always
4939,87.54775495970716,88.16207827322124,87.9163489478156,-0.6143233135140775,4.256170735092265,2.063048893044531,1.96,4.04357583036728,84.11850244285397,92.20565410358851,0,4.062231855013998,always
4940,86.42821625305862,87.9163489478156,87.32109586991281,-1.4881326947569846,4.062231855013998,2.015497917392622,1.96,3.9503759180895393,83.96597302972607,91.86672486590514,0,3.9698472081235323,always
4941,88.7575621850109,87.32109586991281,87.89568239595204,1.4364663150980874,3.9698472081235323,1.992447542125898,1.96,3.90519718256676,83.41589868734604,91.22629305247958,0,3.8745266214379295,always
4942,88.23507296243619,87.89568239595204,88.03143862254569,0.33939056648415544,3.8745266214379295,1.9683817265555807,1.96,3.8580281840489383,84.0376542119031,91.75371058000097,0,3.6865595881969546,always
4943,88.7431748481927,88.03143862254569,88.3161331128045,0.7117362256470017,3.6865595881969546,1.920041558976512,1.96,3.7632814555939635,84.26815716695172,91.79472007813966,0,3.5275600315320186,always
4944,87.97093792166027,88.3161331128045,88.1780550363468,-0.3451951911442279,3.5275600315320186,1.8781799784717168,1.96,3.681232757804565,84.63490035499993,91.99736587060906,0,3.3571400159548723,always
4945,87.63934725981275,88.1780550363468,87.96257192573319,-0.5387077765340536,3.3571400159548723,1.8322499872983686,1.96,3.5912099751048023,84.586845061242,91.76926501145161,0,3.2037933185820417,always
4946,87.08777458590991,87.96257192573319,87.61265298980388,-0.8747973398232745,3.2037933185820417,1.789914332749487,1.96,3.5082320921889947,84.4543398335442,91.47080401792218,0,3.0818671719410333,always
4947,87.81614697486836,87.61265298980388,87.69405058382966,0.20349398506448324,3.0818671719410333,1.7555247568579126,1.96,3.4408285234415086,84.17182446636237,91.05348151324539,0,2.929844303441853,always
4948,91.60487021099209,87.69405058382966,89.25837843469463,3.910819627162425,2.929844303441853,1.711678796807933,1.96,3.3548904417435486,84.33916014208612,91.04894102557321,1,3.5480775960797026,always
4949,92.75743807973404,89.25837843469463,90.65800229271039,3.4990596450394094,3.5480775960797026,1.8836341460272221,1.96,3.6919229262133553,85.56645550848128,92.95030136090799,0,3.9828446362528833,always
4950,90.00874617483757,90.65800229271039,90.39829984556127,-0.6492561178728238,3.9828446362528833,1.9957065506363614,1.96,3.911584839247268,86.74641745346312,94.56958713195766,0,3.8047790797700034,always
4951,87.21358726668808,90.39829984556127,89.124414814012,-3.1847125788731887,3.8047790797700034,1.9505842918905103,1.96,3.8231452121054,86.57515463345587,94.22144505766667,0,4.1216598362831585,always
4952,88.21508105863339,89.124414814012,88.76068131186055,-0.9093337553786114,4.1216598362831585,2.030187143167634,1.96,3.9791668006085623,85.14524801340343,93.10358161462057,0,3.9569212384025487,always
4953,90.64221059299732,88.76068131186055,89.51329302431526,1.881529281136764,3.9569212384025487,1.9892011558418492,1.96,3.8988342654500245,84.86184704641053,92.65951557731057,0,3.9360827982711726,always
4954,88.6580582531704,89.51329302431526,89.17119911585732,-0.8552347711448647,3.9360827982711726,1.9839563498905848,1.96,3.8885544457855463,85.62473857852972,93.4018474701008,0,3.775849984046374,always
4955,87.38257135395527,89.17119911585732,88.45574801109649,-1.788627761902049,3.775849984046374,1.9431546474859829,1.96,3.808583109072526,85.36261600678479,92.97978222492985,0,3.747016948376392,always
4956,84.99257634143584,88.45574801109649,87.07047934323222,-3.463171669660653,3.747016948376392,1.935721299251623,1.96,3.794013746533181,84.66173426456331,92.24976175762967,0,4.1593440016345795,always
4957,88.6139132932752,87.07047934323222,87.68785292324941,1.5434339500429815,4.1593440016345795,2.0394469842667102,1.96,3.997316089162752,83.07316325406947,91.06779543239497,0,4.070486219460115,always
4958,93.39459619179848,87.68785292324941,89.97055023066903,5.706743268549076,4.070486219460115,2.017544601603671,1.96,3.954387419143195,83.73346550410622,91.6422403423926,1,5.495307845143619,always
4959,91.47492500537612,89.97055023066903,90.57230014055187,1.5043747747070881,5.495307845143619,2.3442072956851785,1.96,4.59464629954295,85.37590393112609,94.56519653021198,0,5.333699626025187,always
4960,84.62514171997191,90.57230014055187,88.19343677231988,-5.947158420579967,5.333699626025187,2.309480380090982,1.96,4.526581544978325,86.04571859557355,95.0988816855302,1,6.835449308697688,always
4961,85.57595830416062,88.19343677231988,87.14644538505618,-2.6174784681592627,6.835449308697688,2.614469221218274,1.96,5.124359673587817,83.06907709873207,93.3177964459077,0,6.836236519826671,always
4962,87.3018703732868,87.14644538505618,87.20861538034843,0.1554249882306209,6.836236519826671,2.61461976582192,1.96,5.124654741010963,82.02179064404523,92.27110012606714,0,6.495632540183662,always
4963,88.22311890939508,87.20861538034843,87.61441679196709,1.0145035290466495,6.495632540183662,2.5486530835293495,1.96,4.9953600437175245,82.21325533663091,92.20397542406596,0,6.222311783696884,always
4964,89.84780074368015,87.61441679196709,88.50777037265232,2.2333839517130656,6.222311783696884,2.4944562100179035,1.96,4.8891341716350905,82.725282620332,92.50355096360218,0,6.1605963883005135,always
4965,89.80395217977963,88.50777037265232,89.02624309550325,1.2961818071273115,6.1605963883005135,2.482054872137301,1.96,4.864827549389109,83.64294282326321,93.37259792204142,0,5.936570932741879,always
4966,87.85130777301981,89.02624309550325,88.55626896650988,-1.1749353224834351,5.936570932741879,2.436507938165168,1.96,4.775555558803729,84.25068753669952,93.80179865430698,0,5.708766036705748,always
4967,86.45940012501958,88.55626896650988,87.71752142991376,-2.0968688414902914,5.708766036705748,2.389302416335309,1.96,4.683032736017206,83.87323623049267,93.23930170252709,0,5.643170681791102,always
4968,87.76374027133309,87.71752142991376,87.73600896648149,0.04621884141933208,5.643170681791102,2.375535872554044,1.96,4.656050310205926,83.06147111970783,92.37357174011969,0,5.361118956766654,always
4969,88.43934577152152,87.73600896648149,88.0173436884975,0.7033368050400242,5.361118956766654,2.315409025802278,1.96,4.538201690572465,83.19780727590903,92.27421065705396,0,5.117797141994517,always
4970,87.14288162684184,88.0173436884975,87.66755886383524,-0.8744620616556631,5.117797141994517,2.2622548799802638,1.96,4.434019564761317,83.58332412373619,92.45136325325882,0,4.9001414797585445,always
4971,87.19221131812681,87.66755886383524,87.47741984555186,-0.47534754570843063,4.9001414797585445,2.213626318907178,1.96,4.338707585058069,83.32885127877717,92.00626644889331,0,4.666432170231169,always
4972,88.87827491233794,87.47741984555186,88.03776187226629,1.4008550667860789,4.666432170231169,2.1601926234091184,1.96,4.233977541881872,83.24344230367,91.71139738743373,0,4.531230307626622,always
4973,89.0887040881099,88.03776187226629,88.45813875860372,1.0509422158436195,4.531230307626622,2.1286686702318476,1.96,4.172190593654421,83.86557127861187,92.20995246592071,0,4.359892769297405,always
4974,86.5188220993247,88.45813875860372,87.68241209489211,-1.9393166592790294,4.359892769297405,2.088035624527849,1.96,4.092549824074584,84.36558893452914,92.5506885826783,0,4.3299455860803935,always
4975,88.47553814760317,87.68241209489211,87.99966251597654,0.7931260527110595,4.3299455860803935,2.0808521297969236,1.96,4.0784701744019705,83.60394192049014,91.76088226929409,0,4.144900753550824,always
4976,85.34269468348455,87.99966251597654,86.93687538297974,-2.6569678324919863,4.144900753550824,2.035902933234005,1.96,3.9903697491386496,84.00929276683789,91.99003226511519,0,4.290629619018141,always
4977,85.92330000374649,86.93687538297974,86.53144523128644,-1.0135753792332451,4.290629619018141,2.0713835036077075,1.96,4.059911667071106,82.87696371590863,90.99678705005084,0,4.127464890536624,always
4978,87.57733497867474,86.53144523128644,86.94980113024177,1.0458897473883013,4.127464890536624,2.0316163246382484,1.96,3.9819679962909666,82.54947723499548,90.5134132275774,0,3.9757859141943905,always
4979,89.43201930213871,86.94980113024177,87.94268839900055,2.482218171896946,3.9757859141943905,1.993937289433745,1.96,3.9081170872901403,83.04168404295163,90.8579182175319,0,4.085066971129442,always
4980,90.33803680364994,87.94268839900055,88.90082776086031,2.395348404649397,4.085066971129442,2.0211548607490326,1.96,3.961463527068104,83.98122487193244,91.90415192606865,0,4.167698321555791,always
4981,90.80195964351216,88.90082776086031,89.66128051392106,1.9011318826518533,4.167698321555791,2.041494139486026,1.96,4.001328513392611,84.8994992474677,92.90215627425292,0,4.14002852723977,always
4982,87.86855007425407,89.66128051392106,88.94418833805426,-1.7927304396669825,4.14002852723977,2.03470600511223,1.96,3.988023770019971,85.67325674390109,93.64930428394102,0,4.09372122234321,always
4983,87.8250237287966,88.94418833805426,88.4965224943512,-1.1191646092576661,4.09372122234321,2.023294645459037,1.96,3.965657505099712,84.97853083295455,92.90984584315397,0,3.9516616323567924,always
4984,88.6794667819731,88.4965224943512,88.56970020939997,0.18294428762190762,3.9516616323567924,1.987878676468157,1.96,3.896242205877588,84.60028028847361,92.39276470022878,0,3.755751981357627,always
4985,86.35285914201071,88.56970020939997,87.68296378244426,-2.216841067389254,3.755751981357627,1.937976259234779,1.96,3.7984334681001664,84.7712667412998,92.36813367750014,0,3.8136835981929216,always
4986,89.94779247737105,87.68296378244426,88.58889526041497,2.2648286949267913,3.8136835981929216,1.9528654838961443,1.96,3.8276163484364427,83.85534743400783,91.5105801308807,0,3.8794718691514647,always
4987,88.25908322455697,88.58889526041497,88.45697044607178,-0.3298120358579979,3.8794718691514647,1.969637496889076,1.96,3.860489493902589,84.72840576651238,92.44938475431756,0,3.690937074643731,always
4988,88.23579960451323,88.45697044607178,88.36850210944837,-0.22117084155854627,3.690937074643731,1.921181166533685,1.96,3.7655150864060225,84.69145535966575,92.2224855324778,0,3.50883604796933,always
4989,89.02187806672606,88.36850210944837,88.62985249235945,0.6533759572776887,3.50883604796933,1.8731887379464276,1.96,3.671449926374998,84.69705218307337,92.03995203582338,0,3.35473925264829,always
4990,89.33368221127265,88.62985249235945,88.91138437992473,0.7038297189131981,3.35473925264829,1.8315947293679053,1.96,3.5899256695610946,85.03992682279835,92.21977816192054,0,3.211771103677147,always
4991,87.97240497015815,88.91138437992473,88.5357926160181,-0.9389794097665742,3.211771103677147,1.7921414853959345,1.96,3.5125973113760316,85.3987870685487,92.42398169130075,0,3.095266665091569,always
4992,88.9824808531693,88.5357926160181,88.71446791087858,0.4466882371512071,3.095266665091569,1.7593369958855436,1.96,3.4483005119356656,85.08749210408243,91.98409312795377,0,2.950479850897453,always
4993,86.68773481590787,88.71446791087858,87.90377467289031,-2.0267330949707087,2.950479850897453,1.717696088048597,1.96,3.36668433257525,85.34778357830334,92.08115224345383,0,3.008338210265058,always
4994,87.04765727994919,87.90377467289031,87.56132771571386,-0.8561173929411154,3.008338210265058,1.7344561713300968,1.96,3.3995340958069895,84.50424057708332,91.30330876869729,0,2.8945681492766195,always
4995,87.66391494518689,87.56132771571386,87.60236260750307,0.10258722947303056,2.8945681492766195,1.701343042797842,1.96,3.3346323638837703,84.22669535183009,90.89596007959763,0,2.750365948795336,always
4996,87.68357341403699,87.60236260750307,87.63484693011662,0.08121080653391743,2.750365948795336,1.6584227292205496,1.96,3.250508549272277,84.35185405823078,90.85287115677535,0,2.6131774111104633,always
4997,89.04630825700906,87.63484693011662,88.1994314608736,1.4114613268924359,2.6131774111104633,1.61653252708087,1.96,3.168403753078505,84.46644317703812,90.80325068319513,0,2.582129694420588,always
4998,90.82721606126645,88.1994314608736,89.25054530103074,2.6277846003928573,2.582129694420588,1.6069006485842825,1.96,3.1495252712251935,85.04990618964841,91.34895673209878,0,2.7982858050026507,always
4999,89.08329186550006,89.25054530103074,89.18364392681846,-0.16725343553068228,2.7982858050026507,1.6728077609225307,1.96,3.27870321140816,85.97184208962258,92.5292485124389,0,2.659770200337359,always
5000,88.83238872355547,89.18364392681846,89.04314184551326,-0.3512552032629941,2.659770200337359,1.6308801919017102,1.96,3.196525176127352,85.98711875069111,92.38016910294581,0,2.5329507012114574,always
