seed,scenario,method,false_alarm_rate,detected,delay,window_alarm,total_alarms,delta_1,delta_2,all_routes_seconds
0,none,score_only,0.022,,,0.0,22,0.0,0.0,0.00290099999983795
0,none,residual_only,0.009,,,0.0,9,0.0,0.0,0.00290099999983795
0,none,combined,0.016,,,0.0,16,0.0,0.0,0.00290099999983795
0,pc1,score_only,0.018,0.0,,0.0,22,2.1303183776488823,2.1122839794524393,0.0028185000001030858
0,pc1,residual_only,0.006,0.0,,0.0,9,2.1303183776488823,2.1122839794524393,0.0028185000001030858
0,pc1,combined,0.014,0.0,,0.0,16,2.1303183776488823,2.1122839794524393,0.0028185000001030858
0,pc2,score_only,0.018,0.0,,0.0,22,-2.1122839794524393,2.1303183776488823,0.0027888000004168134
0,pc2,residual_only,0.006,1.0,0.0,1.0,352,-2.1122839794524393,2.1303183776488823,0.0027888000004168134
0,pc2,combined,0.014,1.0,0.0,1.0,324,-2.1122839794524393,2.1303183776488823,0.0027888000004168134
0,both,score_only,0.018,0.0,,0.0,22,0.012752245259323232,2.9999728965843744,0.002736200000072131
0,both,residual_only,0.006,1.0,0.0,1.0,164,0.012752245259323232,2.9999728965843744,0.002736200000072131
0,both,combined,0.014,1.0,0.0,1.0,143,0.012752245259323232,2.9999728965843744,0.002736200000072131
1,none,score_only,0.012,,,0.0,12,0.0,0.0,0.002669199999218108
1,none,residual_only,0.007,,,0.0,7,0.0,0.0,0.002669199999218108
1,none,combined,0.008,,,0.0,8,0.0,0.0,0.002669199999218108
1,pc1,score_only,0.004,0.0,,0.0,12,2.0409701184592315,2.1987362223687748,0.0026739999993878882
1,pc1,residual_only,0.006,0.0,,0.0,7,2.0409701184592315,2.1987362223687748,0.0026739999993878882
1,pc1,combined,0.008,0.0,,0.0,8,2.0409701184592315,2.1987362223687748,0.0026739999993878882
1,pc2,score_only,0.004,0.0,,0.0,12,-2.1987362223687748,2.0409701184592315,0.0026475000004211324
1,pc2,residual_only,0.006,1.0,2.0,1.0,322,-2.1987362223687748,2.0409701184592315,0.0026475000004211324
1,pc2,combined,0.008,1.0,2.0,1.0,295,-2.1987362223687748,2.0409701184592315,0.0026475000004211324
1,both,score_only,0.004,0.0,,0.0,12,-0.11155748191581943,2.997925103839087,0.0026598000004014466
1,both,residual_only,0.006,1.0,3.0,1.0,138,-0.11155748191581943,2.997925103839087,0.0026598000004014466
1,both,combined,0.008,1.0,3.0,1.0,123,-0.11155748191581943,2.997925103839087,0.0026598000004014466
2,none,score_only,0.014,,,0.0,14,0.0,0.0,0.002658500000507047
2,none,residual_only,0.029,,,1.0,29,0.0,0.0,0.002658500000507047
2,none,combined,0.02,,,1.0,20,0.0,0.0,0.002658500000507047
2,pc1,score_only,0.016,0.0,,0.0,14,2.151779179783671,2.090417748070828,0.00268800000048941
2,pc1,residual_only,0.028,1.0,6.0,1.0,29,2.151779179783671,2.090417748070828,0.00268800000048941
2,pc1,combined,0.018,1.0,6.0,1.0,20,2.151779179783671,2.090417748070828,0.00268800000048941
2,pc2,score_only,0.016,0.0,,0.0,14,-2.090417748070828,2.151779179783671,0.0026520999999775086
2,pc2,residual_only,0.028,1.0,3.0,1.0,383,-2.090417748070828,2.151779179783671,0.0026520999999775086
2,pc2,combined,0.018,1.0,3.0,1.0,348,-2.090417748070828,2.151779179783671,0.0026520999999775086
2,both,score_only,0.016,0.0,,0.0,14,0.04338908446746649,2.9996862148146546,0.002683400000023539
2,both,residual_only,0.028,1.0,6.0,1.0,221,0.04338908446746649,2.9996862148146546,0.002683400000023539
2,both,combined,0.018,1.0,6.0,1.0,191,0.04338908446746649,2.9996862148146546,0.002683400000023539
3,none,score_only,0.014,,,0.0,14,0.0,0.0,0.0026295999996364117
3,none,residual_only,0.007,,,0.0,7,0.0,0.0,0.0026295999996364117
3,none,combined,0.008,,,0.0,8,0.0,0.0,0.0026295999996364117
3,pc1,score_only,0.012,0.0,,0.0,14,2.168942431295779,2.072604335063679,0.002846999999746913
3,pc1,residual_only,0.008,0.0,,0.0,7,2.168942431295779,2.072604335063679,0.002846999999746913
3,pc1,combined,0.008,0.0,,0.0,8,2.168942431295779,2.072604335063679,0.002846999999746913
3,pc2,score_only,0.012,0.0,,0.0,14,-2.072604335063679,2.168942431295779,0.002665200000592449
3,pc2,residual_only,0.008,1.0,2.0,1.0,334,-2.072604335063679,2.168942431295779,0.002665200000592449
3,pc2,combined,0.008,1.0,2.0,1.0,310,-2.072604335063679,2.168942431295779,0.002665200000592449
3,both,score_only,0.012,0.0,,0.0,14,0.06812132113232008,2.9992264812126455,0.002716599999985192
3,both,residual_only,0.008,1.0,2.0,1.0,146,0.06812132113232008,2.9992264812126455,0.002716599999985192
3,both,combined,0.008,1.0,2.0,1.0,127,0.06812132113232008,2.9992264812126455,0.002716599999985192
4,none,score_only,0.013,,,0.0,13,0.0,0.0,0.002713299999413721
4,none,residual_only,0.007,,,0.0,7,0.0,0.0,0.002713299999413721
4,none,combined,0.005,,,0.0,5,0.0,0.0,0.002713299999413721
4,pc1,score_only,0.012,0.0,,0.0,13,2.0835672764404394,2.1584131681739183,0.0026649999999790452
4,pc1,residual_only,0.006,0.0,,0.0,7,2.0835672764404394,2.1584131681739183,0.0026649999999790452
4,pc1,combined,0.004,0.0,,0.0,5,2.0835672764404394,2.1584131681739183,0.0026649999999790452
4,pc2,score_only,0.012,0.0,,0.0,13,-2.1584131681739183,2.0835672764404394,0.0026649999999790452
4,pc2,residual_only,0.006,1.0,0.0,1.0,347,-2.1584131681739183,2.0835672764404394,0.0026649999999790452
4,pc2,combined,0.004,1.0,0.0,1.0,316,-2.1584131681739183,2.0835672764404394,0.0026649999999790452
4,both,score_only,0.012,0.0,,0.0,13,-0.05292403758869724,2.9995331380475383,0.002652199999829463
4,both,residual_only,0.006,1.0,7.0,1.0,177,-0.05292403758869724,2.9995331380475383,0.002652199999829463
4,both,combined,0.004,1.0,7.0,1.0,143,-0.05292403758869724,2.9995331380475383,0.002652199999829463
5,none,score_only,0.006,,,0.0,6,0.0,0.0,0.002686300000277697
5,none,residual_only,0.006,,,0.0,6,0.0,0.0,0.002686300000277697
5,none,combined,0.007,,,0.0,7,0.0,0.0,0.002686300000277697
5,pc1,score_only,0.006,0.0,,0.0,6,2.075674310701881,2.166004652786386,0.0026973000003636116
5,pc1,residual_only,0.006,0.0,,0.0,6,2.075674310701881,2.166004652786386,0.0026973000003636116
5,pc1,combined,0.006,0.0,,0.0,7,2.075674310701881,2.166004652786386,0.0026973000003636116
5,pc2,score_only,0.006,0.0,,0.0,6,-2.166004652786386,2.075674310701881,0.002680099999452068
5,pc2,residual_only,0.006,1.0,0.0,1.0,318,-2.166004652786386,2.075674310701881,0.002680099999452068
5,pc2,combined,0.006,1.0,0.0,1.0,287,-2.166004652786386,2.075674310701881,0.002680099999452068
5,both,score_only,0.006,0.0,,0.0,6,-0.06387319743485403,2.9993199586988792,0.0026918000003206544
5,both,residual_only,0.006,1.0,0.0,1.0,158,-0.06387319743485403,2.9993199586988792,0.0026918000003206544
5,both,combined,0.006,1.0,0.0,1.0,135,-0.06387319743485403,2.9993199586988792,0.0026918000003206544
6,none,score_only,0.007,,,0.0,7,0.0,0.0,0.0026717000000644475
6,none,residual_only,0.011,,,0.0,11,0.0,0.0,0.0026717000000644475
6,none,combined,0.013,,,0.0,13,0.0,0.0,0.0026717000000644475
6,pc1,score_only,0.006,0.0,,0.0,7,2.192647175216118,2.047510284471553,0.0026799999996001134
6,pc1,residual_only,0.014,0.0,,0.0,11,2.192647175216118,2.047510284471553,0.0026799999996001134
6,pc1,combined,0.012,0.0,,0.0,13,2.192647175216118,2.047510284471553,0.0026799999996001134
6,pc2,score_only,0.006,0.0,,0.0,7,-2.047510284471553,2.192647175216118,0.002638200000546931
6,pc2,residual_only,0.014,1.0,0.0,1.0,334,-2.047510284471553,2.192647175216118,0.002638200000546931
6,pc2,combined,0.012,1.0,0.0,1.0,315,-2.047510284471553,2.192647175216118,0.002638200000546931
6,both,score_only,0.006,0.0,,0.0,7,0.10262727964581309,2.9982440930438767,0.0026605000002746237
6,both,residual_only,0.014,1.0,0.0,1.0,156,0.10262727964581309,2.9982440930438767,0.0026605000002746237
6,both,combined,0.012,1.0,0.0,1.0,137,0.10262727964581309,2.9982440930438767,0.0026605000002746237
7,none,score_only,0.005,,,0.0,5,0.0,0.0,0.0026963999998770305
7,none,residual_only,0.008,,,1.0,8,0.0,0.0,0.0026963999998770305
7,none,combined,0.006,,,1.0,6,0.0,0.0,0.0026963999998770305
7,pc1,score_only,0.006,0.0,,0.0,5,2.178820939672794,2.06221708674023,0.0026871999998547835
7,pc1,residual_only,0.008,1.0,18.0,1.0,8,2.178820939672794,2.06221708674023,0.0026871999998547835
7,pc1,combined,0.004,1.0,18.0,1.0,6,2.178820939672794,2.06221708674023,0.0026871999998547835
7,pc2,score_only,0.006,0.0,,0.0,5,-2.06221708674023,2.178820939672794,0.0026287000000593252
7,pc2,residual_only,0.008,1.0,3.0,1.0,363,-2.06221708674023,2.178820939672794,0.0026287000000593252
7,pc2,combined,0.004,1.0,3.0,1.0,338,-2.06221708674023,2.178820939672794,0.0026287000000593252
7,both,score_only,0.006,0.0,,0.0,5,0.082451375121095,2.9988667477466615,0.002674200000001292
7,both,residual_only,0.008,1.0,5.0,1.0,185,0.082451375121095,2.9988667477466615,0.002674200000001292
7,both,combined,0.004,1.0,5.0,1.0,160,0.082451375121095,2.9988667477466615,0.002674200000001292
8,none,score_only,0.005,,,0.0,5,0.0,0.0,0.002780699999675562
8,none,residual_only,0.007,,,0.0,7,0.0,0.0,0.002780699999675562
8,none,combined,0.006,,,0.0,6,0.0,0.0,0.002780699999675562
8,pc1,score_only,0.008,0.0,,0.0,5,2.0790247837849587,2.1627889283071307,0.002781899999718007
8,pc1,residual_only,0.004,0.0,,0.0,7,2.0790247837849587,2.1627889283071307,0.002781899999718007
8,pc1,combined,0.002,0.0,,0.0,6,2.0790247837849587,2.1627889283071307,0.002781899999718007
8,pc2,score_only,0.008,0.0,,0.0,5,-2.1627889283071307,2.0790247837849587,0.002768100000139384
8,pc2,residual_only,0.004,1.0,2.0,1.0,337,-2.1627889283071307,2.0790247837849587,0.002768100000139384
8,pc2,combined,0.002,1.0,2.0,1.0,308,-2.1627889283071307,2.0790247837849587,0.002768100000139384
8,both,score_only,0.008,0.0,,0.0,5,-0.05923019461191778,2.9994152403503977,0.0027450000006865594
8,both,residual_only,0.004,1.0,2.0,1.0,152,-0.05923019461191778,2.9994152403503977,0.0027450000006865594
8,both,combined,0.002,1.0,2.0,1.0,132,-0.05923019461191778,2.9994152403503977,0.0027450000006865594
9,none,score_only,0.002,,,0.0,2,0.0,0.0,0.002722600000197417
9,none,residual_only,0.015,,,0.0,15,0.0,0.0,0.002722600000197417
9,none,combined,0.007,,,0.0,7,0.0,0.0,0.002722600000197417
9,pc1,score_only,0.0,0.0,,0.0,2,1.9972927339392441,2.2384864830848317,0.0027164999992237426
9,pc1,residual_only,0.012,0.0,,0.0,15,1.9972927339392441,2.2384864830848317,0.0027164999992237426
9,pc1,combined,0.008,0.0,,0.0,7,1.9972927339392441,2.2384864830848317,0.0027164999992237426
9,pc2,score_only,0.0,0.0,,0.0,2,-2.2384864830848317,1.9972927339392441,0.002739300000030198
9,pc2,residual_only,0.012,1.0,0.0,1.0,357,-2.2384864830848317,1.9972927339392441,0.002739300000030198
9,pc2,combined,0.008,1.0,1.0,1.0,325,-2.2384864830848317,1.9972927339392441,0.002739300000030198
9,both,score_only,0.0,0.0,,0.0,2,-0.17054973560065206,2.9951482079667686,0.0027761999999711406
9,both,residual_only,0.012,1.0,1.0,1.0,205,-0.17054973560065206,2.9951482079667686,0.0027761999999711406
9,both,combined,0.008,1.0,1.0,1.0,171,-0.17054973560065206,2.9951482079667686,0.0027761999999711406
10,none,score_only,0.013,,,0.0,13,0.0,0.0,0.0027249000004303525
10,none,residual_only,0.013,,,0.0,13,0.0,0.0,0.0027249000004303525
10,none,combined,0.006,,,0.0,6,0.0,0.0,0.0027249000004303525
10,pc1,score_only,0.012,1.0,0.0,1.0,14,2.093319572428165,2.14895629729624,0.0026735999999800697
10,pc1,residual_only,0.012,0.0,,0.0,13,2.093319572428165,2.14895629729624,0.0026735999999800697
10,pc1,combined,0.004,0.0,,0.0,6,2.093319572428165,2.14895629729624,0.0026735999999800697
10,pc2,score_only,0.012,0.0,,0.0,13,-2.14895629729624,2.093319572428165,0.0026920999998765183
10,pc2,residual_only,0.012,1.0,1.0,1.0,340,-2.14895629729624,2.093319572428165,0.0026920999998765183
10,pc2,combined,0.004,1.0,1.0,1.0,299,-2.14895629729624,2.093319572428165,0.0026920999998765183
10,both,score_only,0.012,0.0,,0.0,13,-0.039341105437225916,2.999742035146185,0.002694899999369227
10,both,residual_only,0.012,1.0,2.0,1.0,180,-0.039341105437225916,2.999742035146185,0.002694899999369227
10,both,combined,0.004,1.0,6.0,1.0,138,-0.039341105437225916,2.999742035146185,0.002694899999369227
11,none,score_only,0.004,,,0.0,4,0.0,0.0,0.002676899999642046
11,none,residual_only,0.01,,,1.0,10,0.0,0.0,0.002676899999642046
11,none,combined,0.007,,,1.0,7,0.0,0.0,0.002676899999642046
11,pc1,score_only,0.006,1.0,1.0,1.0,5,2.072273288137173,2.1692587257570617,0.00266269999974611
11,pc1,residual_only,0.006,1.0,9.0,1.0,10,2.072273288137173,2.1692587257570617,0.00266269999974611
11,pc1,combined,0.004,1.0,9.0,1.0,7,2.072273288137173,2.1692587257570617,0.00266269999974611
11,pc2,score_only,0.006,0.0,,0.0,4,-2.1692587257570617,2.072273288137173,0.0026675999997678446
11,pc2,residual_only,0.006,1.0,0.0,1.0,320,-2.1692587257570617,2.072273288137173,0.0026675999997678446
11,pc2,combined,0.004,1.0,0.0,1.0,286,-2.1692587257570617,2.072273288137173,0.0026675999997678446
11,both,score_only,0.006,0.0,,0.0,4,-0.06857906061736832,2.9992160496444464,0.00271710000015446
11,both,residual_only,0.006,1.0,0.0,1.0,170,-0.06857906061736832,2.9992160496444464,0.00271710000015446
11,both,combined,0.004,1.0,0.0,1.0,149,-0.06857906061736832,2.9992160496444464,0.00271710000015446
12,none,score_only,0.009,,,1.0,9,0.0,0.0,0.002704099999391474
12,none,residual_only,0.007,,,0.0,7,0.0,0.0,0.002704099999391474
12,none,combined,0.01,,,0.0,10,0.0,0.0,0.002704099999391474
12,pc1,score_only,0.008,1.0,0.0,1.0,11,2.0910699598628324,2.1511453746688654,0.0026738000005934737
12,pc1,residual_only,0.002,0.0,,0.0,7,2.0910699598628324,2.1511453746688654,0.0026738000005934737
12,pc1,combined,0.004,1.0,0.0,1.0,11,2.0910699598628324,2.1511453746688654,0.0026738000005934737
12,pc2,score_only,0.008,1.0,18.0,1.0,9,-2.1511453746688654,2.0910699598628324,0.002695799999855808
12,pc2,residual_only,0.002,1.0,0.0,1.0,317,-2.1511453746688654,2.0910699598628324,0.002695799999855808
12,pc2,combined,0.004,1.0,0.0,1.0,288,-2.1511453746688654,2.0910699598628324,0.002695799999855808
12,both,score_only,0.008,1.0,0.0,1.0,10,-0.0424797331919407,2.999699230300922,0.0026925000001938315
12,both,residual_only,0.002,1.0,0.0,1.0,161,-0.0424797331919407,2.999699230300922,0.0026925000001938315
12,both,combined,0.004,1.0,0.0,1.0,137,-0.0424797331919407,2.999699230300922,0.0026925000001938315
13,none,score_only,0.014,,,0.0,14,0.0,0.0,0.0026622000004863366
13,none,residual_only,0.008,,,1.0,8,0.0,0.0,0.0026622000004863366
13,none,combined,0.01,,,1.0,10,0.0,0.0,0.0026622000004863366
13,pc1,score_only,0.016,1.0,7.0,1.0,15,2.119960466132726,2.122679349792218,0.002676199999768869
13,pc1,residual_only,0.006,1.0,5.0,1.0,8,2.119960466132726,2.122679349792218,0.002676199999768869
13,pc1,combined,0.01,1.0,5.0,1.0,10,2.119960466132726,2.122679349792218,0.002676199999768869
13,pc2,score_only,0.016,0.0,,0.0,14,-2.122679349792218,2.119960466132726,0.002685899999960384
13,pc2,residual_only,0.006,1.0,0.0,1.0,342,-2.122679349792218,2.119960466132726,0.002685899999960384
13,pc2,combined,0.01,1.0,3.0,1.0,299,-2.122679349792218,2.119960466132726,0.002685899999960384
13,both,score_only,0.016,1.0,7.0,1.0,15,-0.001922541072884183,2.9999993839725736,0.002672799999345443
13,both,residual_only,0.006,1.0,3.0,1.0,166,-0.001922541072884183,2.9999993839725736,0.002672799999345443
13,both,combined,0.01,1.0,3.0,1.0,143,-0.001922541072884183,2.9999993839725736,0.002672799999345443
14,none,score_only,0.01,,,0.0,10,0.0,0.0,0.002651499999956286
14,none,residual_only,0.019,,,1.0,19,0.0,0.0,0.002651499999956286
14,none,combined,0.017,,,1.0,17,0.0,0.0,0.002651499999956286
14,pc1,score_only,0.012,1.0,17.0,1.0,11,2.011677311262467,2.225568330865582,0.0026146000000153435
14,pc1,residual_only,0.024,1.0,7.0,1.0,19,2.011677311262467,2.225568330865582,0.0026146000000153435
14,pc1,combined,0.022,1.0,7.0,1.0,17,2.011677311262467,2.225568330865582,0.0026146000000153435
14,pc2,score_only,0.012,0.0,,0.0,10,-2.225568330865582,2.011677311262467,0.002725299999838171
14,pc2,residual_only,0.024,1.0,0.0,1.0,375,-2.225568330865582,2.011677311262467,0.002725299999838171
14,pc2,combined,0.022,1.0,0.0,1.0,337,-2.225568330865582,2.011677311262467,0.002725299999838171
14,both,score_only,0.012,0.0,,0.0,10,-0.15124379039626712,2.99618512710189,0.0026325999997425242
14,both,residual_only,0.024,1.0,0.0,1.0,207,-0.15124379039626712,2.99618512710189,0.0026325999997425242
14,both,combined,0.022,1.0,0.0,1.0,180,-0.15124379039626712,2.99618512710189,0.0026325999997425242
15,none,score_only,0.015,,,0.0,15,0.0,0.0,0.0026545000000623986
15,none,residual_only,0.011,,,0.0,11,0.0,0.0,0.0026545000000623986
15,none,combined,0.011,,,0.0,11,0.0,0.0,0.0026545000000623986
15,pc1,score_only,0.016,0.0,,0.0,15,2.2174551516857557,2.0206168984402515,0.0026647000004231813
15,pc1,residual_only,0.01,0.0,,0.0,11,2.2174551516857557,2.0206168984402515,0.0026647000004231813
15,pc1,combined,0.014,0.0,,0.0,11,2.2174551516857557,2.0206168984402515,0.0026647000004231813
15,pc2,score_only,0.016,0.0,,0.0,15,-2.0206168984402515,2.2174551516857557,0.002661900000020978
15,pc2,residual_only,0.01,1.0,1.0,1.0,318,-2.0206168984402515,2.2174551516857557,0.002661900000020978
15,pc2,combined,0.014,1.0,1.0,1.0,300,-2.0206168984402515,2.2174551516857557,0.002661900000020978
15,both,score_only,0.016,0.0,,0.0,15,0.13918566366681095,2.9967694858012734,0.0026446000001669745
15,both,residual_only,0.01,1.0,7.0,1.0,135,0.13918566366681095,2.9967694858012734,0.0026446000001669745
15,both,combined,0.014,1.0,7.0,1.0,123,0.13918566366681095,2.9967694858012734,0.0026446000001669745
16,none,score_only,0.016,,,0.0,16,0.0,0.0,0.0026886999994530925
16,none,residual_only,0.012,,,0.0,12,0.0,0.0,0.0026886999994530925
16,none,combined,0.018,,,0.0,18,0.0,0.0,0.0026886999994530925
16,pc1,score_only,0.012,1.0,0.0,1.0,17,2.184241739251388,2.0564746593410943,0.002725000000282307
16,pc1,residual_only,0.012,0.0,,0.0,12,2.184241739251388,2.0564746593410943,0.002725000000282307
16,pc1,combined,0.014,1.0,0.0,1.0,19,2.184241739251388,2.0564746593410943,0.002725000000282307
16,pc2,score_only,0.012,0.0,,0.0,16,-2.0564746593410943,2.184241739251388,0.0027304000004733098
16,pc2,residual_only,0.012,1.0,1.0,1.0,344,-2.0564746593410943,2.184241739251388,0.0027304000004733098
16,pc2,combined,0.014,1.0,2.0,1.0,317,-2.0564746593410943,2.184241739251388,0.0027304000004733098
16,both,score_only,0.012,1.0,0.0,1.0,17,0.09034496861697264,2.998639322533738,0.0027428000003055786
16,both,residual_only,0.012,1.0,2.0,1.0,172,0.09034496861697264,2.998639322533738,0.0027428000003055786
16,both,combined,0.014,1.0,0.0,1.0,142,0.09034496861697264,2.998639322533738,0.0027428000003055786
17,none,score_only,0.013,,,0.0,13,0.0,0.0,0.0026578999995763297
17,none,residual_only,0.015,,,0.0,15,0.0,0.0,0.0026578999995763297
17,none,combined,0.018,,,0.0,18,0.0,0.0,0.0026578999995763297
17,pc1,score_only,0.012,0.0,,0.0,13,2.099500468300863,2.1429180534039234,0.002749500000390981
17,pc1,residual_only,0.02,0.0,,0.0,15,2.099500468300863,2.1429180534039234,0.002749500000390981
17,pc1,combined,0.02,0.0,,0.0,18,2.099500468300863,2.1429180534039234,0.002749500000390981
17,pc2,score_only,0.012,0.0,,0.0,13,-2.1429180534039234,2.099500468300863,0.0027549000005819835
17,pc2,residual_only,0.02,1.0,0.0,1.0,340,-2.1429180534039234,2.099500468300863,0.0027549000005819835
17,pc2,combined,0.02,1.0,0.0,1.0,307,-2.1429180534039234,2.099500468300863,0.0027549000005819835
17,both,score_only,0.012,0.0,,0.0,13,-0.030700868849118174,2.9998429053288627,0.0027374999999665306
17,both,residual_only,0.02,1.0,2.0,1.0,172,-0.030700868849118174,2.9998429053288627,0.0027374999999665306
17,both,combined,0.02,1.0,5.0,1.0,150,-0.030700868849118174,2.9998429053288627,0.0027374999999665306
18,none,score_only,0.008,,,0.0,8,0.0,0.0,0.002741000000241911
18,none,residual_only,0.01,,,1.0,10,0.0,0.0,0.002741000000241911
18,none,combined,0.008,,,1.0,8,0.0,0.0,0.002741000000241911
18,pc1,score_only,0.008,1.0,0.0,1.0,9,2.1429894651301757,2.099427577303176,0.0027810000001409207
18,pc1,residual_only,0.008,1.0,3.0,1.0,10,2.1429894651301757,2.099427577303176,0.0027810000001409207
18,pc1,combined,0.008,1.0,0.0,1.0,9,2.1429894651301757,2.099427577303176,0.0027810000001409207
18,pc2,score_only,0.008,0.0,,0.0,8,-2.099427577303176,2.1429894651301757,0.0026666000003388035
18,pc2,residual_only,0.008,1.0,0.0,1.0,350,-2.099427577303176,2.1429894651301757,0.0026666000003388035
18,pc2,combined,0.008,1.0,0.0,1.0,311,-2.099427577303176,2.1429894651301757,0.0026666000003388035
18,both,score_only,0.008,1.0,0.0,1.0,9,0.030802906283759174,2.9998418593259997,0.0026493000004848
18,both,residual_only,0.008,1.0,0.0,1.0,179,0.030802906283759174,2.9998418593259997,0.0026493000004848
18,both,combined,0.008,1.0,1.0,1.0,146,0.030802906283759174,2.9998418593259997,0.0026493000004848
19,none,score_only,0.013,,,0.0,13,0.0,0.0,0.0026409000001876848
19,none,residual_only,0.007,,,0.0,7,0.0,0.0,0.0026409000001876848
19,none,combined,0.012,,,0.0,12,0.0,0.0,0.0026409000001876848
19,pc1,score_only,0.004,1.0,3.0,1.0,14,2.1239383956347786,2.118699056390115,0.0027297000006001326
19,pc1,residual_only,0.008,0.0,,0.0,7,2.1239383956347786,2.118699056390115,0.0027297000006001326
19,pc1,combined,0.01,0.0,,0.0,12,2.1239383956347786,2.118699056390115,0.0027297000006001326
19,pc2,score_only,0.004,0.0,,0.0,13,-2.118699056390115,2.1239383956347786,0.0026631999999153777
19,pc2,residual_only,0.008,1.0,0.0,1.0,339,-2.118699056390115,2.1239383956347786,0.0026631999999153777
19,pc2,combined,0.01,1.0,1.0,1.0,304,-2.118699056390115,2.1239383956347786,0.0026631999999153777
19,both,score_only,0.004,0.0,,0.0,13,0.0037047723088384187,2.999997712442818,0.002692199999728473
19,both,residual_only,0.008,1.0,2.0,1.0,169,0.0037047723088384187,2.999997712442818,0.002692199999728473
19,both,combined,0.01,1.0,2.0,1.0,146,0.0037047723088384187,2.999997712442818,0.002692199999728473
20,none,score_only,0.005,,,0.0,5,0.0,0.0,0.0026840999998967163
20,none,residual_only,0.009,,,0.0,9,0.0,0.0,0.0026840999998967163
20,none,combined,0.008,,,0.0,8,0.0,0.0,0.0026840999998967163
20,pc1,score_only,0.006,0.0,,0.0,5,2.095058748699781,2.1472607758482676,0.0026554000005489797
20,pc1,residual_only,0.004,0.0,,0.0,9,2.095058748699781,2.1472607758482676,0.0026554000005489797
20,pc1,combined,0.004,0.0,,0.0,8,2.095058748699781,2.1472607758482676,0.0026554000005489797
20,pc2,score_only,0.006,0.0,,0.0,5,-2.1472607758482676,2.095058748699781,0.00265170000056969
20,pc2,residual_only,0.004,1.0,0.0,1.0,329,-2.1472607758482676,2.095058748699781,0.00265170000056969
20,pc2,combined,0.004,1.0,0.0,1.0,298,-2.1472607758482676,2.095058748699781,0.00265170000056969
20,both,score_only,0.006,0.0,,0.0,5,-0.03691240738837892,2.999772903768015,0.002669699999387376
20,both,residual_only,0.004,1.0,0.0,1.0,152,-0.03691240738837892,2.999772903768015,0.002669699999387376
20,both,combined,0.004,1.0,0.0,1.0,130,-0.03691240738837892,2.999772903768015,0.002669699999387376
21,none,score_only,0.014,,,0.0,14,0.0,0.0,0.0026373000000603497
21,none,residual_only,0.011,,,0.0,11,0.0,0.0,0.0026373000000603497
21,none,combined,0.012,,,0.0,12,0.0,0.0,0.0026373000000603497
21,pc1,score_only,0.016,1.0,0.0,1.0,15,2.203094771938462,2.03626457658562,0.0026643999999578227
21,pc1,residual_only,0.008,0.0,,0.0,11,2.203094771938462,2.03626457658562,0.0026643999999578227
21,pc1,combined,0.012,1.0,0.0,1.0,13,2.203094771938462,2.03626457658562,0.0026643999999578227
21,pc2,score_only,0.016,0.0,,0.0,14,-2.03626457658562,2.203094771938462,0.0026813999993464677
21,pc2,residual_only,0.008,1.0,0.0,1.0,322,-2.03626457658562,2.203094771938462,0.0026813999993464677
21,pc2,combined,0.012,1.0,0.0,1.0,307,-2.03626457658562,2.203094771938462,0.0026813999993464677
21,both,score_only,0.016,1.0,0.0,1.0,15,0.11796676244067104,2.9976797432279625,0.00265410000065458
21,both,residual_only,0.008,1.0,1.0,1.0,173,0.11796676244067104,2.9976797432279625,0.00265410000065458
21,both,combined,0.012,1.0,0.0,1.0,145,0.11796676244067104,2.9976797432279625,0.00265410000065458
22,none,score_only,0.01,,,0.0,10,0.0,0.0,0.002644499999405525
22,none,residual_only,0.011,,,0.0,11,0.0,0.0,0.002644499999405525
22,none,combined,0.009,,,0.0,9,0.0,0.0,0.002644499999405525
22,pc1,score_only,0.012,0.0,,0.0,10,2.1084366578202767,2.1341262521134174,0.0026582000000416883
22,pc1,residual_only,0.012,0.0,,0.0,11,2.1084366578202767,2.1341262521134174,0.0026582000000416883
22,pc1,combined,0.012,0.0,,0.0,9,2.1084366578202767,2.1341262521134174,0.0026582000000416883
22,pc2,score_only,0.012,0.0,,0.0,10,-2.1341262521134174,2.1084366578202767,0.002647100000103819
22,pc2,residual_only,0.012,1.0,1.0,1.0,339,-2.1341262521134174,2.1084366578202767,0.002647100000103819
22,pc2,combined,0.012,1.0,1.0,1.0,301,-2.1341262521134174,2.1084366578202767,0.002647100000103819
22,both,score_only,0.012,0.0,,0.0,10,-0.01816528633061123,2.9999450032246466,0.002694300000257499
22,both,residual_only,0.012,1.0,2.0,1.0,173,-0.01816528633061123,2.9999450032246466,0.002694300000257499
22,both,combined,0.012,1.0,3.0,1.0,144,-0.01816528633061123,2.9999450032246466,0.002694300000257499
23,none,score_only,0.01,,,0.0,10,0.0,0.0,0.002687300000616233
23,none,residual_only,0.022,,,1.0,22,0.0,0.0,0.002687300000616233
23,none,combined,0.022,,,1.0,22,0.0,0.0,0.002687300000616233
23,pc1,score_only,0.008,1.0,2.0,1.0,11,2.1733077344759253,2.0680264725740627,0.0026772999999593594
23,pc1,residual_only,0.022,1.0,14.0,1.0,22,2.1733077344759253,2.0680264725740627,0.0026772999999593594
23,pc1,combined,0.022,1.0,17.0,1.0,22,2.1733077344759253,2.0680264725740627,0.0026772999999593594
23,pc2,score_only,0.008,0.0,,0.0,10,-2.0680264725740627,2.1733077344759253,0.0026710000001912704
23,pc2,residual_only,0.022,1.0,0.0,1.0,359,-2.0680264725740627,2.1733077344759253,0.0026710000001912704
23,pc2,combined,0.022,1.0,0.0,1.0,344,-2.0680264725740627,2.1733077344759253,0.0026710000001912704
23,both,score_only,0.008,0.0,,0.0,10,0.07444509422268396,2.9990761790835143,0.0026397999999971944
23,both,residual_only,0.022,1.0,5.0,1.0,181,0.07444509422268396,2.9990761790835143,0.0026397999999971944
23,both,combined,0.022,1.0,5.0,1.0,164,0.07444509422268396,2.9990761790835143,0.0026397999999971944
24,none,score_only,0.006,,,1.0,6,0.0,0.0,0.0026402999992569676
24,none,residual_only,0.008,,,0.0,8,0.0,0.0,0.0026402999992569676
24,none,combined,0.01,,,1.0,10,0.0,0.0,0.0026402999992569676
24,pc1,score_only,0.004,1.0,13.0,1.0,6,2.111921302098471,2.1306779235123035,0.0026666000003388035
24,pc1,residual_only,0.008,0.0,,0.0,8,2.111921302098471,2.1306779235123035,0.0026666000003388035
24,pc1,combined,0.012,0.0,,0.0,9,2.111921302098471,2.1306779235123035,0.0026666000003388035
24,pc2,score_only,0.004,1.0,13.0,1.0,6,-2.1306779235123035,2.111921302098471,0.002639399999679881
24,pc2,residual_only,0.008,1.0,0.0,1.0,317,-2.1306779235123035,2.111921302098471,0.002639399999679881
24,pc2,combined,0.012,1.0,0.0,1.0,297,-2.1306779235123035,2.111921302098471,0.002639399999679881
24,both,score_only,0.004,1.0,13.0,1.0,6,-0.013262934193870004,2.9999706822861736,0.0027005000001736335
24,both,residual_only,0.008,1.0,0.0,1.0,152,-0.013262934193870004,2.9999706822861736,0.0027005000001736335
24,both,combined,0.012,1.0,0.0,1.0,135,-0.013262934193870004,2.9999706822861736,0.0027005000001736335
25,none,score_only,0.009,,,0.0,9,0.0,0.0,0.002665200000592449
25,none,residual_only,0.012,,,0.0,12,0.0,0.0,0.002665200000592449
25,none,combined,0.011,,,0.0,11,0.0,0.0,0.002665200000592449
25,pc1,score_only,0.006,0.0,,0.0,9,2.0863757529358447,2.1556985451498982,0.0026467999996384606
25,pc1,residual_only,0.012,0.0,,0.0,12,2.0863757529358447,2.1556985451498982,0.0026467999996384606
25,pc1,combined,0.004,0.0,,0.0,11,2.0863757529358447,2.1556985451498982,0.0026467999996384606
25,pc2,score_only,0.006,0.0,,0.0,9,-2.1556985451498982,2.0863757529358447,0.002653499999723863
25,pc2,residual_only,0.012,1.0,0.0,1.0,329,-2.1556985451498982,2.0863757529358447,0.002653499999723863
25,pc2,combined,0.004,1.0,0.0,1.0,298,-2.1556985451498982,2.0863757529358447,0.002653499999723863
25,both,score_only,0.006,0.0,,0.0,9,-0.04901861646534343,2.9995995024735924,0.002658299999893643
25,both,residual_only,0.012,1.0,1.0,1.0,176,-0.04901861646534343,2.9995995024735924,0.002658299999893643
25,both,combined,0.004,1.0,1.0,1.0,148,-0.04901861646534343,2.9995995024735924,0.002658299999893643
26,none,score_only,0.005,,,0.0,5,0.0,0.0,0.0026705000000220025
26,none,residual_only,0.011,,,0.0,11,0.0,0.0,0.0026705000000220025
26,none,combined,0.007,,,0.0,7,0.0,0.0,0.0026705000000220025
26,pc1,score_only,0.004,0.0,,0.0,5,2.11487749662315,2.1277436815267476,0.002624400000058813
26,pc1,residual_only,0.012,0.0,,0.0,11,2.11487749662315,2.1277436815267476,0.002624400000058813
26,pc1,combined,0.008,0.0,,0.0,7,2.11487749662315,2.1277436815267476,0.002624400000058813
26,pc2,score_only,0.004,0.0,,0.0,5,-2.1277436815267476,2.11487749662315,0.002640100000462553
26,pc2,residual_only,0.012,1.0,0.0,1.0,325,-2.1277436815267476,2.11487749662315,0.002640100000462553
26,pc2,combined,0.008,1.0,0.0,1.0,295,-2.1277436815267476,2.11487749662315,0.002640100000462553
26,both,score_only,0.004,0.0,,0.0,5,-0.009097766593334077,2.9999862050754524,0.0027110999999422347
26,both,residual_only,0.012,1.0,0.0,1.0,149,-0.009097766593334077,2.9999862050754524,0.0027110999999422347
26,both,combined,0.008,1.0,0.0,1.0,128,-0.009097766593334077,2.9999862050754524,0.0027110999999422347
27,none,score_only,0.012,,,1.0,12,0.0,0.0,0.00264939999942726
27,none,residual_only,0.002,,,0.0,2,0.0,0.0,0.00264939999942726
27,none,combined,0.003,,,0.0,3,0.0,0.0,0.00264939999942726
27,pc1,score_only,0.006,1.0,4.0,1.0,13,2.1151107583302067,2.127511804901636,0.0026411999997435487
27,pc1,residual_only,0.002,0.0,,0.0,2,2.1151107583302067,2.127511804901636,0.0026411999997435487
27,pc1,combined,0.002,0.0,,0.0,3,2.1151107583302067,2.127511804901636,0.0026411999997435487
27,pc2,score_only,0.006,1.0,13.0,1.0,12,-2.127511804901636,2.1151107583302067,0.0026315000004615285
27,pc2,residual_only,0.002,1.0,0.0,1.0,353,-2.127511804901636,2.1151107583302067,0.0026315000004615285
27,pc2,combined,0.002,1.0,0.0,1.0,322,-2.127511804901636,2.1151107583302067,0.0026315000004615285
27,both,score_only,0.006,1.0,13.0,1.0,12,-0.00876886412446821,2.999987184476288,0.0026596000006975373
27,both,residual_only,0.002,1.0,2.0,1.0,186,-0.00876886412446821,2.999987184476288,0.0026596000006975373
27,both,combined,0.002,1.0,2.0,1.0,148,-0.00876886412446821,2.999987184476288,0.0026596000006975373
28,none,score_only,0.011,,,0.0,11,0.0,0.0,0.002647199999955774
28,none,residual_only,0.012,,,0.0,12,0.0,0.0,0.002647199999955774
28,none,combined,0.008,,,0.0,8,0.0,0.0,0.002647199999955774
28,pc1,score_only,0.01,0.0,,0.0,11,2.1019112354946152,2.1405534700402837,0.002647600000273087
28,pc1,residual_only,0.014,0.0,,0.0,12,2.1019112354946152,2.1405534700402837,0.002647600000273087
28,pc1,combined,0.008,0.0,,0.0,8,2.1019112354946152,2.1405534700402837,0.002647600000273087
28,pc2,score_only,0.01,0.0,,0.0,11,-2.1405534700402837,2.1019112354946152,0.002662199999576842
28,pc2,residual_only,0.014,1.0,0.0,1.0,338,-2.1405534700402837,2.1019112354946152,0.002662199999576842
28,pc2,combined,0.008,1.0,0.0,1.0,296,-2.1405534700402837,2.1019112354946152,0.002662199999576842
28,both,score_only,0.01,0.0,,0.0,11,-0.027324186087443268,2.999875562228316,0.0026572000006126473
28,both,residual_only,0.014,1.0,6.0,1.0,159,-0.027324186087443268,2.999875562228316,0.0026572000006126473
28,both,combined,0.008,1.0,6.0,1.0,119,-0.027324186087443268,2.999875562228316,0.0026572000006126473
29,none,score_only,0.007,,,0.0,7,0.0,0.0,0.0028550999995786697
29,none,residual_only,0.004,,,0.0,4,0.0,0.0,0.0028550999995786697
29,none,combined,0.005,,,0.0,5,0.0,0.0,0.0028550999995786697
29,pc1,score_only,0.01,0.0,,0.0,7,2.1132770141724375,2.129333290344757,0.0026192999994236743
29,pc1,residual_only,0.006,0.0,,0.0,4,2.1132770141724375,2.129333290344757,0.0026192999994236743
29,pc1,combined,0.006,0.0,,0.0,5,2.1132770141724375,2.129333290344757,0.0026192999994236743
29,pc2,score_only,0.01,0.0,,0.0,7,-2.129333290344757,2.1132770141724375,0.002711500000259548
29,pc2,residual_only,0.006,1.0,1.0,1.0,343,-2.129333290344757,2.1132770141724375,0.002711500000259548
29,pc2,combined,0.006,1.0,1.0,1.0,304,-2.129333290344757,2.1132770141724375,0.002711500000259548
29,both,score_only,0.01,0.0,,0.0,7,-0.011353501762051278,2.9999785162560313,0.0026895999999396736
29,both,residual_only,0.006,1.0,1.0,1.0,149,-0.011353501762051278,2.9999785162560313,0.0026895999999396736
29,both,combined,0.006,1.0,1.0,1.0,123,-0.011353501762051278,2.9999785162560313,0.0026895999999396736
30,none,score_only,0.009,,,1.0,9,0.0,0.0,0.002669100000275648
30,none,residual_only,0.011,,,0.0,11,0.0,0.0,0.002669100000275648
30,none,combined,0.013,,,0.0,13,0.0,0.0,0.002669100000275648
30,pc1,score_only,0.008,1.0,18.0,1.0,8,2.135767131992736,2.1067744914678284,0.0026615000006131595
30,pc1,residual_only,0.006,0.0,,0.0,11,2.135767131992736,2.1067744914678284,0.0026615000006131595
30,pc1,combined,0.008,0.0,,0.0,13,2.135767131992736,2.1067744914678284,0.0026615000006131595
30,pc2,score_only,0.008,1.0,12.0,1.0,9,-2.1067744914678284,2.135767131992736,0.0027217000006203307
30,pc2,residual_only,0.006,1.0,1.0,1.0,329,-2.1067744914678284,2.135767131992736,0.0027217000006203307
30,pc2,combined,0.008,1.0,1.0,1.0,308,-2.1067744914678284,2.135767131992736,0.0027217000006203307
30,both,score_only,0.008,1.0,12.0,1.0,9,0.020500892719665972,2.9999299514151487,0.00264690000039991
30,both,residual_only,0.006,1.0,8.0,1.0,150,0.020500892719665972,2.9999299514151487,0.00264690000039991
30,both,combined,0.008,1.0,8.0,1.0,133,0.020500892719665972,2.9999299514151487,0.00264690000039991
31,none,score_only,0.007,,,0.0,7,0.0,0.0,0.002662100000634382
31,none,residual_only,0.012,,,0.0,12,0.0,0.0,0.002662100000634382
31,none,combined,0.012,,,0.0,12,0.0,0.0,0.002662100000634382
31,pc1,score_only,0.008,0.0,,0.0,7,2.1784756812578645,2.062581805933545,0.0026682999996410217
31,pc1,residual_only,0.01,0.0,,0.0,12,2.1784756812578645,2.062581805933545,0.0026682999996410217
31,pc1,combined,0.014,0.0,,0.0,12,2.1784756812578645,2.062581805933545,0.0026682999996410217
31,pc2,score_only,0.008,0.0,,0.0,7,-2.062581805933545,2.1784756812578645,0.002706700000089768
31,pc2,residual_only,0.01,1.0,1.0,1.0,353,-2.062581805933545,2.1784756812578645,0.002706700000089768
31,pc2,combined,0.014,1.0,1.0,1.0,335,-2.062581805933545,2.1784756812578645,0.002706700000089768
31,both,score_only,0.008,0.0,,0.0,7,0.08194934513981468,2.9988805085950245,0.0027619000002232497
31,both,residual_only,0.01,1.0,1.0,1.0,199,0.08194934513981468,2.9988805085950245,0.0027619000002232497
31,both,combined,0.014,1.0,1.0,1.0,178,0.08194934513981468,2.9988805085950245,0.0027619000002232497
32,none,score_only,0.012,,,1.0,12,0.0,0.0,0.002724599999964994
32,none,residual_only,0.007,,,0.0,7,0.0,0.0,0.002724599999964994
32,none,combined,0.009,,,0.0,9,0.0,0.0,0.002724599999964994
32,pc1,score_only,0.012,1.0,14.0,1.0,12,2.122455681040663,2.1201843981168746,0.002740500000072643
32,pc1,residual_only,0.006,0.0,,0.0,7,2.122455681040663,2.1201843981168746,0.002740500000072643
32,pc1,combined,0.008,0.0,,0.0,9,2.122455681040663,2.1201843981168746,0.002740500000072643
32,pc2,score_only,0.012,1.0,14.0,1.0,12,-2.1201843981168746,2.122455681040663,0.0027462999996714643
32,pc2,residual_only,0.006,1.0,1.0,1.0,340,-2.1201843981168746,2.122455681040663,0.0027462999996714643
32,pc2,combined,0.008,1.0,1.0,1.0,297,-2.1201843981168746,2.122455681040663,0.0027462999996714643
32,both,score_only,0.012,1.0,14.0,1.0,12,0.0016060395574040002,2.9999995701061253,0.0026779999998325366
32,both,residual_only,0.006,1.0,5.0,1.0,159,0.0016060395574040002,2.9999995701061253,0.0026779999998325366
32,both,combined,0.008,1.0,5.0,1.0,124,0.0016060395574040002,2.9999995701061253,0.0026779999998325366
33,none,score_only,0.007,,,0.0,7,0.0,0.0,0.002653699999427772
33,none,residual_only,0.013,,,0.0,13,0.0,0.0,0.002653699999427772
33,none,combined,0.008,,,0.0,8,0.0,0.0,0.002653699999427772
33,pc1,score_only,0.006,0.0,,0.0,7,2.1519995525749303,2.0901908826031415,0.002639400000589376
33,pc1,residual_only,0.012,0.0,,0.0,13,2.1519995525749303,2.0901908826031415,0.002639400000589376
33,pc1,combined,0.01,0.0,,0.0,8,2.1519995525749303,2.0901908826031415,0.002639400000589376
33,pc2,score_only,0.006,0.0,,0.0,7,-2.0901908826031415,2.1519995525749303,0.0026603000005707145
33,pc2,residual_only,0.012,1.0,3.0,1.0,320,-2.0901908826031415,2.1519995525749303,0.0026603000005707145
33,pc2,combined,0.01,1.0,3.0,1.0,282,-2.0901908826031415,2.1519995525749303,0.0026603000005707145
33,both,score_only,0.006,0.0,,0.0,7,0.043705329673173116,2.999681623799125,0.0026772999999593594
33,both,residual_only,0.012,1.0,13.0,1.0,131,0.043705329673173116,2.999681623799125,0.0026772999999593594
33,both,combined,0.01,1.0,13.0,1.0,98,0.043705329673173116,2.999681623799125,0.0026772999999593594
34,none,score_only,0.01,,,0.0,10,0.0,0.0,0.0026308999995308113
34,none,residual_only,0.006,,,0.0,6,0.0,0.0,0.0026308999995308113
34,none,combined,0.006,,,0.0,6,0.0,0.0,0.0026308999995308113
34,pc1,score_only,0.016,0.0,,0.0,10,1.9935773138873576,2.2417960419167637,0.0027012000000468106
34,pc1,residual_only,0.008,0.0,,0.0,6,1.9935773138873576,2.2417960419167637,0.0027012000000468106
34,pc1,combined,0.01,0.0,,0.0,6,1.9935773138873576,2.2417960419167637,0.0027012000000468106
34,pc2,score_only,0.016,0.0,,0.0,10,-2.2417960419167637,1.9935773138873576,0.0026523999995333725
34,pc2,residual_only,0.008,1.0,0.0,1.0,321,-2.2417960419167637,1.9935773138873576,0.0026523999995333725
34,pc2,combined,0.01,1.0,0.0,1.0,287,-2.2417960419167637,1.9935773138873576,0.0026523999995333725
34,both,score_only,0.016,0.0,,0.0,10,-0.17551714580709252,2.9948612207459178,0.002610900000036054
34,both,residual_only,0.008,1.0,0.0,1.0,156,-0.17551714580709252,2.9948612207459178,0.002610900000036054
34,both,combined,0.01,0.0,,0.0,131,-0.17551714580709252,2.9948612207459178,0.002610900000036054
35,none,score_only,0.008,,,0.0,8,0.0,0.0,0.00264690000039991
35,none,residual_only,0.013,,,0.0,13,0.0,0.0,0.00264690000039991
35,none,combined,0.011,,,0.0,11,0.0,0.0,0.00264690000039991
35,pc1,score_only,0.01,0.0,,0.0,8,2.1464366744904604,2.095903051766072,0.002683400000023539
35,pc1,residual_only,0.014,0.0,,0.0,13,2.1464366744904604,2.095903051766072,0.002683400000023539
35,pc1,combined,0.01,0.0,,0.0,11,2.1464366744904604,2.095903051766072,0.002683400000023539
35,pc2,score_only,0.01,0.0,,0.0,8,-2.095903051766072,2.1464366744904604,0.0033796999996411614
35,pc2,residual_only,0.014,1.0,0.0,1.0,329,-2.095903051766072,2.1464366744904604,0.0033796999996411614
35,pc2,combined,0.01,1.0,0.0,1.0,310,-2.095903051766072,2.1464366744904604,0.0033796999996411614
35,both,score_only,0.01,0.0,,0.0,8,0.035732667306337444,2.9997871885330754,0.0030781000004935777
35,both,residual_only,0.014,1.0,1.0,1.0,159,0.035732667306337444,2.9997871885330754,0.0030781000004935777
35,both,combined,0.01,1.0,1.0,1.0,141,0.035732667306337444,2.9997871885330754,0.0030781000004935777
36,none,score_only,0.015,,,1.0,15,0.0,0.0,0.0029964000004838454
36,none,residual_only,0.01,,,1.0,10,0.0,0.0,0.0029964000004838454
36,none,combined,0.013,,,1.0,13,0.0,0.0,0.0029964000004838454
36,pc1,score_only,0.012,1.0,17.0,1.0,15,2.058283092696488,2.1825376767239972,0.002955899999506073
36,pc1,residual_only,0.012,1.0,6.0,1.0,10,2.058283092696488,2.1825376767239972,0.002955899999506073
36,pc1,combined,0.018,1.0,6.0,1.0,13,2.058283092696488,2.1825376767239972,0.002955899999506073
36,pc2,score_only,0.012,1.0,17.0,1.0,15,-2.1825376767239972,2.058283092696488,0.0028964000002815737
36,pc2,residual_only,0.012,1.0,0.0,1.0,327,-2.1825376767239972,2.058283092696488,0.0028964000002815737
36,pc2,combined,0.018,1.0,0.0,1.0,306,-2.1825376767239972,2.058283092696488,0.0028964000002815737
36,both,score_only,0.012,1.0,17.0,1.0,15,-0.08786125895936545,2.9987131238539773,0.0028399000002536923
36,both,residual_only,0.012,1.0,0.0,1.0,148,-0.08786125895936545,2.9987131238539773,0.0028399000002536923
36,both,combined,0.018,1.0,0.0,1.0,126,-0.08786125895936545,2.9987131238539773,0.0028399000002536923
37,none,score_only,0.012,,,0.0,12,0.0,0.0,0.002951000000393833
37,none,residual_only,0.005,,,0.0,5,0.0,0.0,0.002951000000393833
37,none,combined,0.005,,,0.0,5,0.0,0.0,0.002951000000393833
37,pc1,score_only,0.01,0.0,,0.0,12,2.1494871468209906,2.092774475582918,0.002866199999516539
37,pc1,residual_only,0.004,0.0,,0.0,5,2.1494871468209906,2.092774475582918,0.002866199999516539
37,pc1,combined,0.004,0.0,,0.0,5,2.1494871468209906,2.092774475582918,0.002866199999516539
37,pc2,score_only,0.01,0.0,,0.0,12,-2.092774475582918,2.1494871468209906,0.002715399999942747
37,pc2,residual_only,0.004,1.0,1.0,1.0,338,-2.092774475582918,2.1494871468209906,0.002715399999942747
37,pc2,combined,0.004,1.0,1.0,1.0,312,-2.092774475582918,2.1494871468209906,0.002715399999942747
37,both,score_only,0.01,0.0,,0.0,12,0.04010191441164461,2.9997319607692483,0.002849400000741298
37,both,residual_only,0.004,1.0,1.0,1.0,169,0.04010191441164461,2.9997319607692483,0.002849400000741298
37,both,combined,0.004,1.0,1.0,1.0,150,0.04010191441164461,2.9997319607692483,0.002849400000741298
38,none,score_only,0.012,,,0.0,12,0.0,0.0,0.002664599999661732
38,none,residual_only,0.003,,,0.0,3,0.0,0.0,0.002664599999661732
38,none,combined,0.006,,,0.0,6,0.0,0.0,0.002664599999661732
38,pc1,score_only,0.014,0.0,,0.0,12,2.1279057911795665,2.1147143882483195,0.002662199999576842
38,pc1,residual_only,0.002,0.0,,0.0,3,2.1279057911795665,2.1147143882483195,0.002662199999576842
38,pc1,combined,0.004,0.0,,0.0,6,2.1279057911795665,2.1147143882483195,0.002662199999576842
38,pc2,score_only,0.014,0.0,,0.0,12,-2.1147143882483195,2.1279057911795665,0.0026656999998522224
38,pc2,residual_only,0.002,1.0,1.0,1.0,294,-2.1147143882483195,2.1279057911795665,0.0026656999998522224
38,pc2,combined,0.004,1.0,1.0,1.0,272,-2.1147143882483195,2.1279057911795665,0.0026656999998522224
38,both,score_only,0.014,0.0,,0.0,12,0.009327730466048845,2.999985498872345,0.0026715000003605383
38,both,residual_only,0.002,1.0,1.0,1.0,128,0.009327730466048845,2.999985498872345,0.0026715000003605383
38,both,combined,0.004,1.0,1.0,1.0,121,0.009327730466048845,2.999985498872345,0.0026715000003605383
39,none,score_only,0.009,,,0.0,9,0.0,0.0,0.002645700000357465
39,none,residual_only,0.017,,,0.0,17,0.0,0.0,0.002645700000357465
39,none,combined,0.017,,,0.0,17,0.0,0.0,0.002645700000357465
39,pc1,score_only,0.008,0.0,,0.0,9,2.084006976119658,2.1579886291370025,0.002630500000122993
39,pc1,residual_only,0.016,0.0,,0.0,17,2.084006976119658,2.1579886291370025,0.002630500000122993
39,pc1,combined,0.016,0.0,,0.0,17,2.084006976119658,2.1579886291370025,0.002630500000122993
39,pc2,score_only,0.008,0.0,,0.0,9,-2.1579886291370025,2.084006976119658,0.0026908000008916133
39,pc2,residual_only,0.016,1.0,1.0,1.0,373,-2.1579886291370025,2.084006976119658,0.0026908000008916133
39,pc2,combined,0.016,1.0,1.0,1.0,348,-2.1579886291370025,2.084006976119658,0.0026908000008916133
39,both,score_only,0.008,0.0,,0.0,9,-0.05231292853195442,2.9995438582405174,0.0026828000000023167
39,both,residual_only,0.016,1.0,1.0,1.0,196,-0.05231292853195442,2.9995438582405174,0.0026828000000023167
39,both,combined,0.016,1.0,1.0,1.0,167,-0.05231292853195442,2.9995438582405174,0.0026828000000023167
40,none,score_only,0.013,,,0.0,13,0.0,0.0,0.0026324999998905696
40,none,residual_only,0.007,,,0.0,7,0.0,0.0,0.0026324999998905696
40,none,combined,0.009,,,0.0,9,0.0,0.0,0.0026324999998905696
40,pc1,score_only,0.008,0.0,,0.0,13,2.060861908984836,2.1801027939286204,0.002661699999407574
40,pc1,residual_only,0.002,0.0,,0.0,7,2.060861908984836,2.1801027939286204,0.002661699999407574
40,pc1,combined,0.002,0.0,,0.0,9,2.060861908984836,2.1801027939286204,0.002661699999407574
40,pc2,score_only,0.008,0.0,,0.0,13,-2.1801027939286204,2.060861908984836,0.002742000000580447
40,pc2,residual_only,0.002,1.0,0.0,1.0,335,-2.1801027939286204,2.060861908984836,0.002742000000580447
40,pc2,combined,0.002,1.0,1.0,1.0,308,-2.1801027939286204,2.060861908984836,0.002742000000580447
40,both,score_only,0.008,0.0,,0.0,13,-0.08431603833843482,2.9988149002028965,0.002693899999940186
40,both,residual_only,0.002,1.0,1.0,1.0,152,-0.08431603833843482,2.9988149002028965,0.002693899999940186
40,both,combined,0.002,1.0,1.0,1.0,128,-0.08431603833843482,2.9988149002028965,0.002693899999940186
41,none,score_only,0.01,,,0.0,10,0.0,0.0,0.0026845000002140296
41,none,residual_only,0.015,,,0.0,15,0.0,0.0,0.0026845000002140296
41,none,combined,0.011,,,0.0,11,0.0,0.0,0.0026845000002140296
41,pc1,score_only,0.008,0.0,,0.0,10,2.1329705600868287,2.1096057901425276,0.0026440999999977066
41,pc1,residual_only,0.018,0.0,,0.0,15,2.1329705600868287,2.1096057901425276,0.0026440999999977066
41,pc1,combined,0.014,0.0,,0.0,11,2.1329705600868287,2.1096057901425276,0.0026440999999977066
41,pc2,score_only,0.008,0.0,,0.0,10,-2.1096057901425276,2.1329705600868287,0.0026344999996581464
41,pc2,residual_only,0.018,1.0,0.0,1.0,345,-2.1096057901425276,2.1329705600868287,0.0026344999996581464
41,pc2,combined,0.014,1.0,0.0,1.0,307,-2.1096057901425276,2.1329705600868287,0.0026344999996581464
41,both,score_only,0.008,0.0,,0.0,10,0.016521387268479126,2.9999545069488507,0.0027387999998609303
41,both,residual_only,0.018,1.0,0.0,1.0,177,0.016521387268479126,2.9999545069488507,0.0027387999998609303
41,both,combined,0.014,1.0,0.0,1.0,131,0.016521387268479126,2.9999545069488507,0.0027387999998609303
42,none,score_only,0.012,,,1.0,12,0.0,0.0,0.0026429999998072162
42,none,residual_only,0.013,,,0.0,13,0.0,0.0,0.0026429999998072162
42,none,combined,0.011,,,0.0,11,0.0,0.0,0.0026429999998072162
42,pc1,score_only,0.014,0.0,,0.0,11,2.3165857312898015,1.9061559615059038,0.0027394999997341074
42,pc1,residual_only,0.012,0.0,,0.0,13,2.3165857312898015,1.9061559615059038,0.0027394999997341074
42,pc1,combined,0.01,0.0,,0.0,11,2.3165857312898015,1.9061559615059038,0.0027394999997341074
42,pc2,score_only,0.014,1.0,9.0,1.0,12,-1.9061559615059038,2.3165857312898015,0.002675200000339828
42,pc2,residual_only,0.012,1.0,2.0,1.0,304,-1.9061559615059038,2.3165857312898015,0.002675200000339828
42,pc2,combined,0.01,1.0,3.0,1.0,278,-1.9061559615059038,2.3165857312898015,0.002675200000339828
42,both,score_only,0.014,0.0,,0.0,11,0.2902176734150277,2.985929286175004,0.002675699999599601
42,both,residual_only,0.012,1.0,13.0,1.0,154,0.2902176734150277,2.985929286175004,0.002675699999599601
42,both,combined,0.01,1.0,15.0,1.0,136,0.2902176734150277,2.985929286175004,0.002675699999599601
43,none,score_only,0.002,,,0.0,2,0.0,0.0,0.0026391000001240172
43,none,residual_only,0.012,,,0.0,12,0.0,0.0,0.0026391000001240172
43,none,combined,0.009,,,0.0,9,0.0,0.0,0.0026391000001240172
43,pc1,score_only,0.004,0.0,,0.0,2,1.9199742406116886,2.3051461809151217,0.002682999999706226
43,pc1,residual_only,0.012,0.0,,0.0,12,1.9199742406116886,2.3051461809151217,0.002682999999706226
43,pc1,combined,0.01,0.0,,0.0,9,1.9199742406116886,2.3051461809151217,0.002682999999706226
43,pc2,score_only,0.004,0.0,,0.0,2,-2.3051461809151217,1.9199742406116886,0.0026954000004479894
43,pc2,residual_only,0.012,1.0,1.0,1.0,376,-2.3051461809151217,1.9199742406116886,0.0026954000004479894
43,pc2,combined,0.01,1.0,1.0,1.0,344,-2.3051461809151217,1.9199742406116886,0.0026954000004479894
43,both,score_only,0.004,0.0,,0.0,2,-0.2723576909113375,2.987611301391371,0.0026264999996783445
43,both,residual_only,0.012,1.0,2.0,1.0,201,-0.2723576909113375,2.987611301391371,0.0026264999996783445
43,both,combined,0.01,1.0,2.0,1.0,175,-0.2723576909113375,2.987611301391371,0.0026264999996783445
44,none,score_only,0.007,,,0.0,7,0.0,0.0,0.002669399999831512
44,none,residual_only,0.008,,,0.0,8,0.0,0.0,0.002669399999831512
44,none,combined,0.009,,,0.0,9,0.0,0.0,0.002669399999831512
44,pc1,score_only,0.01,0.0,,0.0,7,2.0488956306406734,2.1913527088858964,0.0026426000003993977
44,pc1,residual_only,0.008,0.0,,0.0,8,2.0488956306406734,2.1913527088858964,0.0026426000003993977
44,pc1,combined,0.012,0.0,,0.0,9,2.0488956306406734,2.1913527088858964,0.0026426000003993977
44,pc2,score_only,0.01,0.0,,0.0,7,-2.1913527088858964,2.0488956306406734,0.0027897999998458545
44,pc2,residual_only,0.008,1.0,0.0,1.0,323,-2.1913527088858964,2.0488956306406734,0.0027897999998458545
44,pc2,combined,0.012,1.0,3.0,1.0,291,-2.1913527088858964,2.0488956306406734,0.0027897999998458545
44,both,score_only,0.01,0.0,,0.0,7,-0.10073236605521971,2.9983083547942355,0.0026632999997673323
44,both,residual_only,0.008,1.0,4.0,1.0,162,-0.10073236605521971,2.9983083547942355,0.0026632999997673323
44,both,combined,0.012,1.0,4.0,1.0,132,-0.10073236605521971,2.9983083547942355,0.0026632999997673323
45,none,score_only,0.011,,,1.0,11,0.0,0.0,0.0026702000004661386
45,none,residual_only,0.01,,,0.0,10,0.0,0.0,0.0026702000004661386
45,none,combined,0.01,,,0.0,10,0.0,0.0,0.0026702000004661386
45,pc1,score_only,0.01,1.0,1.0,1.0,12,2.1049703446704546,2.13754528561571,0.002653200000167999
45,pc1,residual_only,0.012,0.0,,0.0,10,2.1049703446704546,2.13754528561571,0.002653200000167999
45,pc1,combined,0.008,0.0,,0.0,10,2.1049703446704546,2.13754528561571,0.002653200000167999
45,pc2,score_only,0.01,1.0,17.0,1.0,11,-2.13754528561571,2.1049703446704546,0.0027387999998609303
45,pc2,residual_only,0.012,1.0,0.0,1.0,315,-2.13754528561571,2.1049703446704546,0.0027387999998609303
45,pc2,combined,0.008,1.0,0.0,1.0,270,-2.13754528561571,2.1049703446704546,0.0027387999998609303
45,both,score_only,0.01,1.0,17.0,1.0,11,-0.02303396163914124,2.999911571465266,0.002663600000232691
45,both,residual_only,0.012,1.0,0.0,1.0,147,-0.02303396163914124,2.999911571465266,0.002663600000232691
45,both,combined,0.008,1.0,0.0,1.0,102,-0.02303396163914124,2.999911571465266,0.002663600000232691
46,none,score_only,0.008,,,0.0,8,0.0,0.0,0.002752200000031735
46,none,residual_only,0.011,,,0.0,11,0.0,0.0,0.002752200000031735
46,none,combined,0.012,,,0.0,12,0.0,0.0,0.002752200000031735
46,pc1,score_only,0.006,0.0,,0.0,8,2.182835417606302,2.057967332015628,0.0026843000005101203
46,pc1,residual_only,0.01,0.0,,0.0,11,2.182835417606302,2.057967332015628,0.0026843000005101203
46,pc1,combined,0.01,0.0,,0.0,12,2.182835417606302,2.057967332015628,0.0026843000005101203
46,pc2,score_only,0.006,0.0,,0.0,8,-2.057967332015628,2.182835417606302,0.0026816999998118263
46,pc2,residual_only,0.01,1.0,0.0,1.0,344,-2.057967332015628,2.182835417606302,0.0026816999998118263
46,pc2,combined,0.01,1.0,0.0,1.0,320,-2.057967332015628,2.182835417606302,0.0026816999998118263
46,both,score_only,0.006,0.0,,0.0,8,0.08829507007494777,2.9987003819322227,0.002640400000018417
46,both,residual_only,0.01,1.0,0.0,1.0,166,0.08829507007494777,2.9987003819322227,0.002640400000018417
46,both,combined,0.01,1.0,0.0,1.0,151,0.08829507007494777,2.9987003819322227,0.002640400000018417
47,none,score_only,0.007,,,0.0,7,0.0,0.0,0.0026603000005707145
47,none,residual_only,0.012,,,0.0,12,0.0,0.0,0.0026603000005707145
47,none,combined,0.006,,,0.0,6,0.0,0.0,0.0026603000005707145
47,pc1,score_only,0.004,0.0,,0.0,7,2.1057841075909263,2.1367436187379822,0.0027164000002812827
47,pc1,residual_only,0.008,0.0,,0.0,12,2.1057841075909263,2.1367436187379822,0.0027164000002812827
47,pc1,combined,0.002,0.0,,0.0,6,2.1057841075909263,2.1367436187379822,0.0027164000002812827
47,pc2,score_only,0.004,0.0,,0.0,7,-2.1367436187379822,2.1057841075909263,0.0026835999997274484
47,pc2,residual_only,0.008,1.0,1.0,1.0,344,-2.1367436187379822,2.1057841075909263,0.0026835999997274484
47,pc2,combined,0.002,1.0,1.0,1.0,296,-2.1367436187379822,2.1057841075909263,0.0026835999997274484
47,both,score_only,0.004,0.0,,0.0,7,-0.02189168027430394,2.9999201246591163,0.0026491999997233506
47,both,residual_only,0.008,1.0,1.0,1.0,179,-0.02189168027430394,2.9999201246591163,0.0026491999997233506
47,both,combined,0.002,1.0,1.0,1.0,134,-0.02189168027430394,2.9999201246591163,0.0026491999997233506
48,none,score_only,0.017,,,0.0,17,0.0,0.0,0.002692600000045786
48,none,residual_only,0.007,,,1.0,7,0.0,0.0,0.002692600000045786
48,none,combined,0.009,,,1.0,9,0.0,0.0,0.002692600000045786
48,pc1,score_only,0.012,0.0,,0.0,17,2.2352285505008007,2.0009381117431126,0.0026630000002114684
48,pc1,residual_only,0.0,1.0,16.0,1.0,7,2.2352285505008007,2.0009381117431126,0.0026630000002114684
48,pc1,combined,0.004,1.0,16.0,1.0,9,2.2352285505008007,2.0009381117431126,0.0026630000002114684
48,pc2,score_only,0.012,0.0,,0.0,17,-2.0009381117431126,2.2352285505008007,0.002652299999681418
48,pc2,residual_only,0.0,1.0,0.0,1.0,289,-2.0009381117431126,2.2352285505008007,0.002652299999681418
48,pc2,combined,0.004,1.0,0.0,1.0,250,-2.0009381117431126,2.2352285505008007,0.002652299999681418
48,both,score_only,0.012,0.0,,0.0,17,0.16566835801273266,2.995422173109054,0.0026467999996384606
48,both,residual_only,0.0,1.0,0.0,1.0,138,0.16566835801273266,2.995422173109054,0.0026467999996384606
48,both,combined,0.004,1.0,3.0,1.0,108,0.16566835801273266,2.995422173109054,0.0026467999996384606
49,none,score_only,0.004,,,0.0,4,0.0,0.0,0.0026814000002559624
49,none,residual_only,0.015,,,0.0,15,0.0,0.0,0.0026814000002559624
49,none,combined,0.012,,,0.0,12,0.0,0.0,0.0026814000002559624
49,pc1,score_only,0.0,1.0,0.0,1.0,5,2.070562158548248,2.1708920626295587,0.002694300000257499
49,pc1,residual_only,0.018,0.0,,0.0,15,2.070562158548248,2.1708920626295587,0.002694300000257499
49,pc1,combined,0.012,0.0,,0.0,12,2.070562158548248,2.1708920626295587,0.002694300000257499
49,pc2,score_only,0.0,0.0,,0.0,4,-2.1708920626295587,2.070562158548248,0.002686000000721833
49,pc2,residual_only,0.018,1.0,1.0,1.0,336,-2.1708920626295587,2.070562158548248,0.002686000000721833
49,pc2,combined,0.012,1.0,1.0,1.0,308,-2.1708920626295587,2.070562158548248,0.002686000000721833
49,both,score_only,0.0,0.0,,0.0,4,-0.07094395553169075,2.9991610418871337,0.0026653999993868638
49,both,residual_only,0.018,1.0,1.0,1.0,159,-0.07094395553169075,2.9991610418871337,0.0026653999993868638
49,both,combined,0.012,1.0,1.0,1.0,135,-0.07094395553169075,2.9991610418871337,0.0026653999993868638
50,none,score_only,0.021,,,1.0,21,0.0,0.0,0.0027154999997947016
50,none,residual_only,0.009,,,0.0,9,0.0,0.0,0.0027154999997947016
50,none,combined,0.012,,,1.0,12,0.0,0.0,0.0027154999997947016
50,pc1,score_only,0.012,1.0,5.0,1.0,21,2.214845173081332,2.0234774175360406,0.0026702999994085985
50,pc1,residual_only,0.01,0.0,,0.0,9,2.214845173081332,2.0234774175360406,0.0026702999994085985
50,pc1,combined,0.01,1.0,5.0,1.0,12,2.214845173081332,2.0234774175360406,0.0026702999994085985
50,pc2,score_only,0.012,1.0,5.0,1.0,21,-2.0234774175360406,2.214845173081332,0.00267230000008567
50,pc2,residual_only,0.01,1.0,0.0,1.0,325,-2.0234774175360406,2.214845173081332,0.00267230000008567
50,pc2,combined,0.01,1.0,4.0,1.0,281,-2.0234774175360406,2.214845173081332,0.00267230000008567
50,both,score_only,0.012,1.0,5.0,1.0,21,0.13531743764652523,2.99694664468168,0.0026284000005034613
50,both,residual_only,0.01,1.0,4.0,1.0,155,0.13531743764652523,2.99694664468168,0.0026284000005034613
50,both,combined,0.01,1.0,4.0,1.0,132,0.13531743764652523,2.99694664468168,0.0026284000005034613
51,none,score_only,0.01,,,0.0,10,0.0,0.0,0.0026218000002700137
51,none,residual_only,0.018,,,1.0,18,0.0,0.0,0.0026218000002700137
51,none,combined,0.022,,,1.0,22,0.0,0.0,0.0026218000002700137
51,pc1,score_only,0.012,0.0,,0.0,10,2.1177135077312146,2.124921057162537,0.0026450000004842877
51,pc1,residual_only,0.016,1.0,3.0,1.0,18,2.1177135077312146,2.124921057162537,0.0026450000004842877
51,pc1,combined,0.02,1.0,3.0,1.0,22,2.1177135077312146,2.124921057162537,0.0026450000004842877
51,pc2,score_only,0.012,0.0,,0.0,10,-2.124921057162537,2.1177135077312146,0.002672999999958847
51,pc2,residual_only,0.016,1.0,0.0,1.0,336,-2.124921057162537,2.1177135077312146,0.002672999999958847
51,pc2,combined,0.02,1.0,0.0,1.0,317,-2.124921057162537,2.1177135077312146,0.002672999999958847
51,both,score_only,0.012,0.0,,0.0,10,-0.005096507078625236,2.999995670932809,0.002671600000212493
51,both,residual_only,0.016,1.0,0.0,1.0,162,-0.005096507078625236,2.999995670932809,0.002671600000212493
51,both,combined,0.02,1.0,0.0,1.0,149,-0.005096507078625236,2.999995670932809,0.002671600000212493
52,none,score_only,0.018,,,0.0,18,0.0,0.0,0.0026603000005707145
52,none,residual_only,0.009,,,0.0,9,0.0,0.0,0.0026603000005707145
52,none,combined,0.011,,,0.0,11,0.0,0.0,0.0026603000005707145
52,pc1,score_only,0.024,0.0,,0.0,18,2.0798855912644383,2.161961129912048,0.0026388999995106133
52,pc1,residual_only,0.01,0.0,,0.0,9,2.0798855912644383,2.161961129912048,0.0026388999995106133
52,pc1,combined,0.012,0.0,,0.0,11,2.0798855912644383,2.161961129912048,0.0026388999995106133
52,pc2,score_only,0.024,0.0,,0.0,18,-2.161961129912048,2.0798855912644383,0.002655600000252889
52,pc2,residual_only,0.01,1.0,1.0,1.0,365,-2.161961129912048,2.0798855912644383,0.002655600000252889
52,pc2,combined,0.012,1.0,1.0,1.0,328,-2.161961129912048,2.0798855912644383,0.002655600000252889
52,both,score_only,0.024,0.0,,0.0,18,-0.05803616994726356,2.9994385812978153,0.0026818000005732756
52,both,residual_only,0.01,1.0,1.0,1.0,186,-0.05803616994726356,2.9994385812978153,0.0026818000005732756
52,both,combined,0.012,1.0,1.0,1.0,143,-0.05803616994726356,2.9994385812978153,0.0026818000005732756
53,none,score_only,0.01,,,0.0,10,0.0,0.0,0.0026490000000194414
53,none,residual_only,0.011,,,0.0,11,0.0,0.0,0.0026490000000194414
53,none,combined,0.011,,,0.0,11,0.0,0.0,0.0026490000000194414
53,pc1,score_only,0.008,0.0,,0.0,10,2.1730330252491465,2.0683151285953842,0.002666299999873445
53,pc1,residual_only,0.008,0.0,,0.0,11,2.1730330252491465,2.0683151285953842,0.002666299999873445
53,pc1,combined,0.008,0.0,,0.0,11,2.1730330252491465,2.0683151285953842,0.002666299999873445
53,pc2,score_only,0.008,0.0,,0.0,10,-2.0683151285953842,2.1730330252491465,0.0026380999997854815
53,pc2,residual_only,0.008,1.0,0.0,1.0,297,-2.0683151285953842,2.1730330252491465,0.0026380999997854815
53,pc2,combined,0.008,1.0,0.0,1.0,273,-2.0683151285953842,2.1730330252491465,0.0026380999997854815
53,both,score_only,0.008,0.0,,0.0,10,0.07404673483546723,2.999086040956512,0.0026378000002296176
53,both,residual_only,0.008,1.0,1.0,1.0,153,0.07404673483546723,2.999086040956512,0.0026378000002296176
53,both,combined,0.008,1.0,17.0,1.0,128,0.07404673483546723,2.999086040956512,0.0026378000002296176
54,none,score_only,0.006,,,0.0,6,0.0,0.0,0.0026465000000825967
54,none,residual_only,0.01,,,1.0,10,0.0,0.0,0.0026465000000825967
54,none,combined,0.008,,,1.0,8,0.0,0.0,0.0026465000000825967
54,pc1,score_only,0.006,0.0,,0.0,6,2.0788364248786397,2.162969976351451,0.002660699999978533
54,pc1,residual_only,0.014,1.0,8.0,1.0,10,2.0788364248786397,2.162969976351451,0.002660699999978533
54,pc1,combined,0.01,1.0,8.0,1.0,8,2.0788364248786397,2.162969976351451,0.002660699999978533
54,pc2,score_only,0.006,0.0,,0.0,6,-2.162969976351451,2.0788364248786397,0.0026634999994712416
54,pc2,residual_only,0.014,1.0,0.0,1.0,307,-2.162969976351451,2.0788364248786397,0.0026634999994712416
54,pc2,combined,0.01,1.0,0.0,1.0,275,-2.162969976351451,2.0788364248786397,0.0026634999994712416
54,both,score_only,0.006,0.0,,0.0,6,-0.059491404771732634,2.999410070790302,0.0026871999998547835
54,both,residual_only,0.014,1.0,0.0,1.0,149,-0.059491404771732634,2.999410070790302,0.0026871999998547835
54,both,combined,0.01,1.0,0.0,1.0,116,-0.059491404771732634,2.999410070790302,0.0026871999998547835
55,none,score_only,0.009,,,0.0,9,0.0,0.0,0.0026490000000194414
55,none,residual_only,0.003,,,0.0,3,0.0,0.0,0.0026490000000194414
55,none,combined,0.003,,,0.0,3,0.0,0.0,0.0026490000000194414
55,pc1,score_only,0.008,0.0,,0.0,9,2.1454933144904063,2.096868722041742,0.0026440999999977066
55,pc1,residual_only,0.002,0.0,,0.0,3,2.1454933144904063,2.096868722041742,0.0026440999999977066
55,pc1,combined,0.002,0.0,,0.0,3,2.1454933144904063,2.096868722041742,0.0026440999999977066
55,pc2,score_only,0.008,0.0,,0.0,9,-2.096868722041742,2.1454933144904063,0.0026312999998481246
55,pc2,residual_only,0.002,1.0,1.0,1.0,309,-2.096868722041742,2.1454933144904063,0.0026312999998481246
55,pc2,combined,0.002,1.0,1.0,1.0,276,-2.096868722041742,2.1454933144904063,0.0026312999998481246
55,both,score_only,0.008,0.0,,0.0,9,0.03438277905288259,2.9998029642802537,0.002704499999708787
55,both,residual_only,0.002,1.0,1.0,1.0,154,0.03438277905288259,2.9998029642802537,0.002704499999708787
55,both,combined,0.002,1.0,1.0,1.0,126,0.03438277905288259,2.9998029642802537,0.002704499999708787
56,none,score_only,0.009,,,0.0,9,0.0,0.0,0.0026274000001649256
56,none,residual_only,0.012,,,1.0,12,0.0,0.0,0.0026274000001649256
56,none,combined,0.012,,,1.0,12,0.0,0.0,0.0026274000001649256
56,pc1,score_only,0.008,0.0,,0.0,9,2.1061449275908366,2.136387966635131,0.0026666000003388035
56,pc1,residual_only,0.014,1.0,13.0,1.0,12,2.1061449275908366,2.136387966635131,0.0026666000003388035
56,pc1,combined,0.016,1.0,13.0,1.0,12,2.1061449275908366,2.136387966635131,0.0026666000003388035
56,pc2,score_only,0.008,0.0,,0.0,9,-2.136387966635131,2.1061449275908366,0.0026619999998729327
56,pc2,residual_only,0.014,1.0,0.0,1.0,348,-2.136387966635131,2.1061449275908366,0.0026619999998729327
56,pc2,combined,0.016,1.0,0.0,1.0,323,-2.136387966635131,2.1061449275908366,0.0026619999998729327
56,both,score_only,0.008,0.0,,0.0,9,-0.021385057991909914,2.9999237789141717,0.002738600000157021
56,both,residual_only,0.014,1.0,1.0,1.0,194,-0.021385057991909914,2.9999237789141717,0.002738600000157021
56,both,combined,0.016,1.0,1.0,1.0,176,-0.021385057991909914,2.9999237789141717,0.002738600000157021
57,none,score_only,0.013,,,0.0,13,0.0,0.0,0.0026298000002498156
57,none,residual_only,0.012,,,0.0,12,0.0,0.0,0.0026298000002498156
57,none,combined,0.017,,,0.0,17,0.0,0.0,0.0026298000002498156
57,pc1,score_only,0.018,0.0,,0.0,13,2.2035978161816594,2.0357201832568785,0.0026439999992362573
57,pc1,residual_only,0.01,0.0,,0.0,12,2.2035978161816594,2.0357201832568785,0.0026439999992362573
57,pc1,combined,0.02,0.0,,0.0,17,2.2035978161816594,2.0357201832568785,0.0026439999992362573
57,pc2,score_only,0.018,0.0,,0.0,13,-2.0357201832568785,2.2035978161816594,0.002848199999789358
57,pc2,residual_only,0.01,1.0,0.0,1.0,336,-2.0357201832568785,2.2035978161816594,0.002848199999789358
57,pc2,combined,0.02,1.0,0.0,1.0,316,-2.0357201832568785,2.2035978161816594,0.002848199999789358
57,both,score_only,0.018,0.0,,0.0,13,0.11870741265065857,2.9976505050091786,0.0027411999999458203
57,both,residual_only,0.01,1.0,0.0,1.0,160,0.11870741265065857,2.9976505050091786,0.0027411999999458203
57,both,combined,0.02,1.0,0.0,1.0,154,0.11870741265065857,2.9976505050091786,0.0027411999999458203
58,none,score_only,0.007,,,0.0,7,0.0,0.0,0.002696499999728985
58,none,residual_only,0.011,,,1.0,11,0.0,0.0,0.002696499999728985
58,none,combined,0.01,,,1.0,10,0.0,0.0,0.002696499999728985
58,pc1,score_only,0.002,0.0,,0.0,7,2.1659989679055602,2.0756802429642303,0.0026403000001664623
58,pc1,residual_only,0.008,1.0,12.0,1.0,11,2.1659989679055602,2.0756802429642303,0.0026403000001664623
58,pc1,combined,0.006,1.0,12.0,1.0,10,2.1659989679055602,2.0756802429642303,0.0026403000001664623
58,pc2,score_only,0.002,0.0,,0.0,7,-2.0756802429642303,2.1659989679055602,0.002692199999728473
58,pc2,residual_only,0.008,1.0,1.0,1.0,351,-2.0756802429642303,2.1659989679055602,0.002692199999728473
58,pc2,combined,0.006,1.0,1.0,1.0,327,-2.0756802429642303,2.1659989679055602,0.002692199999728473
58,both,score_only,0.002,0.0,,0.0,7,0.06386498287413667,2.9993201336240323,0.0027472000001580454
58,both,residual_only,0.008,1.0,1.0,1.0,198,0.06386498287413667,2.9993201336240323,0.0027472000001580454
58,both,combined,0.006,1.0,1.0,1.0,171,0.06386498287413667,2.9993201336240323,0.0027472000001580454
59,none,score_only,0.008,,,0.0,8,0.0,0.0,0.0026433999992150348
59,none,residual_only,0.011,,,0.0,11,0.0,0.0,0.0026433999992150348
59,none,combined,0.011,,,0.0,11,0.0,0.0,0.0026433999992150348
59,pc1,score_only,0.008,0.0,,0.0,8,2.132430518960867,2.1101516727013454,0.002828599999702419
59,pc1,residual_only,0.018,0.0,,0.0,11,2.132430518960867,2.1101516727013454,0.002828599999702419
59,pc1,combined,0.018,0.0,,0.0,11,2.132430518960867,2.1101516727013454,0.002828599999702419
59,pc2,score_only,0.008,0.0,,0.0,8,-2.1101516727013454,2.132430518960867,0.0027051999995819642
59,pc2,residual_only,0.018,1.0,0.0,1.0,348,-2.1101516727013454,2.132430518960867,0.0027051999995819642
59,pc2,combined,0.018,1.0,2.0,1.0,325,-2.1101516727013454,2.132430518960867,0.0027051999995819642
59,both,score_only,0.008,0.0,,0.0,8,0.015753523267120265,2.9999586374656353,0.002779999999802385
59,both,residual_only,0.018,1.0,2.0,1.0,181,0.015753523267120265,2.9999586374656353,0.002779999999802385
59,both,combined,0.018,1.0,2.0,1.0,164,0.015753523267120265,2.9999586374656353,0.002779999999802385
60,none,score_only,0.013,,,1.0,13,0.0,0.0,0.002665799999704177
60,none,residual_only,0.01,,,0.0,10,0.0,0.0,0.002665799999704177
60,none,combined,0.014,,,0.0,14,0.0,0.0,0.002665799999704177
60,pc1,score_only,0.014,0.0,,0.0,12,2.1145516843603276,2.1280674740639456,0.002673500000128115
60,pc1,residual_only,0.008,0.0,,0.0,10,2.1145516843603276,2.1280674740639456,0.002673500000128115
60,pc1,combined,0.014,0.0,,0.0,14,2.1145516843603276,2.1280674740639456,0.002673500000128115
60,pc2,score_only,0.014,1.0,4.0,1.0,13,-2.1280674740639456,2.1145516843603276,0.0027520000003278255
60,pc2,residual_only,0.008,1.0,0.0,1.0,348,-2.1280674740639456,2.1145516843603276,0.0027520000003278255
60,pc2,combined,0.014,1.0,0.0,1.0,324,-2.1280674740639456,2.1145516843603276,0.0027520000003278255
60,both,score_only,0.014,0.0,,0.0,12,-0.00955710655251968,2.9999847769137666,0.0026729000001068925
60,both,residual_only,0.008,1.0,2.0,1.0,175,-0.00955710655251968,2.9999847769137666,0.0026729000001068925
60,both,combined,0.014,1.0,19.0,1.0,148,-0.00955710655251968,2.9999847769137666,0.0026729000001068925
61,none,score_only,0.004,,,0.0,4,0.0,0.0,0.0026477000001250417
61,none,residual_only,0.008,,,0.0,8,0.0,0.0,0.0026477000001250417
61,none,combined,0.008,,,0.0,8,0.0,0.0,0.0026477000001250417
61,pc1,score_only,0.002,0.0,,0.0,4,2.0455899504263755,2.1944388245550663,0.0026607999998304876
61,pc1,residual_only,0.012,0.0,,0.0,8,2.0455899504263755,2.1944388245550663,0.0026607999998304876
61,pc1,combined,0.012,0.0,,0.0,8,2.0455899504263755,2.1944388245550663,0.0026607999998304876
61,pc2,score_only,0.002,0.0,,0.0,4,-2.1944388245550663,2.0455899504263755,0.002677600000424718
61,pc2,residual_only,0.012,1.0,1.0,1.0,332,-2.1944388245550663,2.0455899504263755,0.002677600000424718
61,pc2,combined,0.012,1.0,1.0,1.0,294,-2.1944388245550663,2.0455899504263755,0.002677600000424718
61,both,score_only,0.002,0.0,,0.0,4,-0.1052520482683803,2.9981530992154672,0.0026699999998527346
61,both,residual_only,0.012,1.0,3.0,1.0,148,-0.1052520482683803,2.9981530992154672,0.0026699999998527346
61,both,combined,0.012,1.0,3.0,1.0,128,-0.1052520482683803,2.9981530992154672,0.0026699999998527346
62,none,score_only,0.009,,,1.0,9,0.0,0.0,0.0027489000003697583
62,none,residual_only,0.009,,,0.0,9,0.0,0.0,0.0027489000003697583
62,none,combined,0.016,,,1.0,16,0.0,0.0,0.0027489000003697583
62,pc1,score_only,0.004,1.0,2.0,1.0,10,2.185727601995463,2.054895337936987,0.0026662000000214903
62,pc1,residual_only,0.008,0.0,,0.0,9,2.185727601995463,2.054895337936987,0.0026662000000214903
62,pc1,combined,0.01,1.0,16.0,1.0,16,2.185727601995463,2.054895337936987,0.0026662000000214903
62,pc2,score_only,0.004,1.0,16.0,1.0,9,-2.054895337936987,2.185727601995463,0.002669100000275648
62,pc2,residual_only,0.008,1.0,0.0,1.0,326,-2.054895337936987,2.185727601995463,0.002669100000275648
62,pc2,combined,0.01,1.0,0.0,1.0,311,-2.054895337936987,2.185727601995463,0.002669100000275648
62,both,score_only,0.004,1.0,16.0,1.0,9,0.09251238111373726,2.998573237281468,0.002624900000228081
62,both,residual_only,0.008,1.0,5.0,1.0,159,0.09251238111373726,2.998573237281468,0.002624900000228081
62,both,combined,0.01,1.0,5.0,1.0,144,0.09251238111373726,2.998573237281468,0.002624900000228081
63,none,score_only,0.014,,,0.0,14,0.0,0.0,0.0026646000005712267
63,none,residual_only,0.008,,,0.0,8,0.0,0.0,0.0026646000005712267
63,none,combined,0.005,,,0.0,5,0.0,0.0,0.0026646000005712267
63,pc1,score_only,0.016,0.0,,0.0,14,2.210730077558642,2.0279725156366295,0.0027336000002833316
63,pc1,residual_only,0.01,0.0,,0.0,8,2.210730077558642,2.0279725156366295,0.0027336000002833316
63,pc1,combined,0.006,0.0,,0.0,5,2.210730077558642,2.0279725156366295,0.0027336000002833316
63,pc2,score_only,0.016,0.0,,0.0,14,-2.0279725156366295,2.210730077558642,0.002679100000023027
63,pc2,residual_only,0.01,1.0,0.0,1.0,346,-2.0279725156366295,2.210730077558642,0.002679100000023027
63,pc2,combined,0.006,1.0,0.0,1.0,304,-2.0279725156366295,2.210730077558642,0.002679100000023027
63,both,score_only,0.016,0.0,,0.0,14,0.12922911134817533,2.9972153470813807,0.002661900000020978
63,both,residual_only,0.01,1.0,0.0,1.0,165,0.12922911134817533,2.9972153470813807,0.002661900000020978
63,both,combined,0.006,1.0,3.0,1.0,113,0.12922911134817533,2.9972153470813807,0.002661900000020978
64,none,score_only,0.01,,,1.0,10,0.0,0.0,0.0026990999995177845
64,none,residual_only,0.009,,,0.0,9,0.0,0.0,0.0026990999995177845
64,none,combined,0.012,,,0.0,12,0.0,0.0,0.0026990999995177845
64,pc1,score_only,0.004,1.0,0.0,1.0,11,2.1520966438885925,2.09009091557364,0.0027448000000731554
64,pc1,residual_only,0.006,0.0,,0.0,9,2.1520966438885925,2.09009091557364,0.0027448000000731554
64,pc1,combined,0.006,0.0,,0.0,12,2.1520966438885925,2.09009091557364,0.0027448000000731554
64,pc2,score_only,0.004,1.0,18.0,1.0,10,-2.09009091557364,2.1520966438885925,0.0026719000006778515
64,pc2,residual_only,0.006,1.0,0.0,1.0,351,-2.09009091557364,2.1520966438885925,0.0026719000006778515
64,pc2,combined,0.006,1.0,0.0,1.0,319,-2.09009091557364,2.1520966438885925,0.0026719000006778515
64,both,score_only,0.004,1.0,18.0,1.0,10,0.043844670963913424,2.9996795903609543,0.0026324999998905696
64,both,residual_only,0.006,1.0,0.0,1.0,186,0.043844670963913424,2.9996795903609543,0.0026324999998905696
64,both,combined,0.006,1.0,0.0,1.0,160,0.043844670963913424,2.9996795903609543,0.0026324999998905696
65,none,score_only,0.003,,,0.0,3,0.0,0.0,0.0027018999999199877
65,none,residual_only,0.017,,,0.0,17,0.0,0.0,0.0027018999999199877
65,none,combined,0.011,,,0.0,11,0.0,0.0,0.0027018999999199877
65,pc1,score_only,0.002,0.0,,0.0,3,2.107768471943174,2.1347861880484285,0.00266020000071876
65,pc1,residual_only,0.014,0.0,,0.0,17,2.107768471943174,2.1347861880484285,0.00266020000071876
65,pc1,combined,0.006,0.0,,0.0,11,2.107768471943174,2.1347861880484285,0.00266020000071876
65,pc2,score_only,0.002,0.0,,0.0,3,-2.1347861880484285,2.107768471943174,0.0026603999995131744
65,pc2,residual_only,0.014,1.0,0.0,1.0,345,-2.1347861880484285,2.107768471943174,0.0026603999995131744
65,pc2,combined,0.006,1.0,0.0,1.0,317,-2.1347861880484285,2.107768471943174,0.0026603999995131744
65,both,score_only,0.002,0.0,,0.0,3,-0.019104410270198217,2.999939169634649,0.002671600000212493
65,both,residual_only,0.014,1.0,0.0,1.0,175,-0.019104410270198217,2.999939169634649,0.002671600000212493
65,both,combined,0.006,1.0,0.0,1.0,146,-0.019104410270198217,2.999939169634649,0.002671600000212493
66,none,score_only,0.007,,,1.0,7,0.0,0.0,0.0026649000001270906
66,none,residual_only,0.008,,,0.0,8,0.0,0.0,0.0026649000001270906
66,none,combined,0.009,,,1.0,9,0.0,0.0,0.0026649000001270906
66,pc1,score_only,0.01,1.0,17.0,1.0,7,2.136916649129296,2.1056085188548277,0.0025988999996116036
66,pc1,residual_only,0.01,0.0,,0.0,8,2.136916649129296,2.1056085188548277,0.0025988999996116036
66,pc1,combined,0.012,1.0,17.0,1.0,9,2.136916649129296,2.1056085188548277,0.0025988999996116036
66,pc2,score_only,0.01,1.0,17.0,1.0,7,-2.1056085188548277,2.136916649129296,0.002613599999676808
66,pc2,residual_only,0.01,1.0,0.0,1.0,355,-2.1056085188548277,2.136916649129296,0.002613599999676808
66,pc2,combined,0.012,1.0,0.0,1.0,338,-2.1056085188548277,2.136916649129296,0.002613599999676808
66,both,score_only,0.01,1.0,17.0,1.0,7,0.022138191223348553,2.99991831563617,0.002637999999933527
66,both,residual_only,0.01,1.0,0.0,1.0,198,0.022138191223348553,2.99991831563617,0.002637999999933527
66,both,combined,0.012,1.0,0.0,1.0,161,0.022138191223348553,2.99991831563617,0.002637999999933527
67,none,score_only,0.016,,,1.0,16,0.0,0.0,0.0026501000002099317
67,none,residual_only,0.01,,,0.0,10,0.0,0.0,0.0026501000002099317
67,none,combined,0.008,,,0.0,8,0.0,0.0,0.0026501000002099317
67,pc1,score_only,0.018,1.0,5.0,1.0,16,2.2206996857891808,2.0170505461033525,0.0026380999997854815
67,pc1,residual_only,0.012,0.0,,0.0,10,2.2206996857891808,2.0170505461033525,0.0026380999997854815
67,pc1,combined,0.012,1.0,5.0,1.0,9,2.2206996857891808,2.0170505461033525,0.0026380999997854815
67,pc2,score_only,0.018,1.0,5.0,1.0,16,-2.0170505461033525,2.2206996857891808,0.0027101999994556536
67,pc2,residual_only,0.012,1.0,0.0,1.0,347,-2.0170505461033525,2.2206996857891808,0.0027101999994556536
67,pc2,combined,0.012,1.0,0.0,1.0,316,-2.0170505461033525,2.2206996857891808,0.0027101999994556536
67,both,score_only,0.018,1.0,5.0,1.0,16,0.14400168765465565,2.9965419259460746,0.0026623000003382913
67,both,residual_only,0.012,1.0,0.0,1.0,185,0.14400168765465565,2.9965419259460746,0.0026623000003382913
67,both,combined,0.012,1.0,0.0,1.0,162,0.14400168765465565,2.9965419259460746,0.0026623000003382913
68,none,score_only,0.016,,,1.0,16,0.0,0.0,0.002784600000268256
68,none,residual_only,0.012,,,1.0,12,0.0,0.0,0.002784600000268256
68,none,combined,0.019,,,1.0,19,0.0,0.0,0.002784600000268256
68,pc1,score_only,0.018,1.0,1.0,1.0,16,2.089936615906571,2.1522464871600997,0.0026630000002114684
68,pc1,residual_only,0.016,1.0,1.0,1.0,12,2.089936615906571,2.1522464871600997,0.0026630000002114684
68,pc1,combined,0.022,1.0,1.0,1.0,18,2.089936615906571,2.1522464871600997,0.0026630000002114684
68,pc2,score_only,0.018,1.0,3.0,1.0,16,-2.1522464871600997,2.089936615906571,0.0027261999994152575
68,pc2,residual_only,0.016,1.0,2.0,1.0,332,-2.1522464871600997,2.089936615906571,0.0027261999994152575
68,pc2,combined,0.022,1.0,2.0,1.0,311,-2.1522464871600997,2.089936615906571,0.0027261999994152575
68,both,score_only,0.018,1.0,1.0,1.0,16,-0.04405973249823111,2.999676439213433,0.002675600000657141
68,both,residual_only,0.016,1.0,3.0,1.0,160,-0.04405973249823111,2.999676439213433,0.002675600000657141
68,both,combined,0.022,1.0,1.0,1.0,142,-0.04405973249823111,2.999676439213433,0.002675600000657141
69,none,score_only,0.012,,,0.0,12,0.0,0.0,0.002677699999367178
69,none,residual_only,0.014,,,1.0,14,0.0,0.0,0.002677699999367178
69,none,combined,0.012,,,0.0,12,0.0,0.0,0.002677699999367178
69,pc1,score_only,0.01,0.0,,0.0,12,2.0628213891372726,2.1782488187803004,0.0027626999999483814
69,pc1,residual_only,0.01,1.0,14.0,1.0,14,2.0628213891372726,2.1782488187803004,0.0027626999999483814
69,pc1,combined,0.008,0.0,,0.0,12,2.0628213891372726,2.1782488187803004,0.0027626999999483814
69,pc2,score_only,0.01,0.0,,0.0,12,-2.1782488187803004,2.0628213891372726,0.0027033999995182967
69,pc2,residual_only,0.01,1.0,0.0,1.0,339,-2.1782488187803004,2.0628213891372726,0.0027033999995182967
69,pc2,combined,0.008,1.0,0.0,1.0,319,-2.1782488187803004,2.0628213891372726,0.0027033999995182967
69,both,score_only,0.01,0.0,,0.0,12,-0.08161951823551788,2.9988895035067564,0.0027271999997537932
69,both,residual_only,0.01,1.0,0.0,1.0,187,-0.08161951823551788,2.9988895035067564,0.0027271999997537932
69,both,combined,0.008,1.0,0.0,1.0,173,-0.08161951823551788,2.9988895035067564,0.0027271999997537932
70,none,score_only,0.007,,,0.0,7,0.0,0.0,0.0027162000005773734
70,none,residual_only,0.01,,,0.0,10,0.0,0.0,0.0027162000005773734
70,none,combined,0.01,,,0.0,10,0.0,0.0,0.0027162000005773734
70,pc1,score_only,0.004,1.0,0.0,1.0,8,2.064225367354373,2.1769183799055725,0.0027401999996072846
70,pc1,residual_only,0.008,0.0,,0.0,10,2.064225367354373,2.1769183799055725,0.0027401999996072846
70,pc1,combined,0.004,1.0,0.0,1.0,11,2.064225367354373,2.1769183799055725,0.0027401999996072846
70,pc2,score_only,0.004,0.0,,0.0,7,-2.1769183799055725,2.064225367354373,0.002707600000576349
70,pc2,residual_only,0.008,1.0,3.0,1.0,319,-2.1769183799055725,2.064225367354373,0.002707600000576349
70,pc2,combined,0.004,1.0,3.0,1.0,301,-2.1769183799055725,2.064225367354373,0.002707600000576349
70,both,score_only,0.004,1.0,0.0,1.0,8,-0.079685993367294,2.9989415036744322,0.002740500000072643
70,both,residual_only,0.008,1.0,9.0,1.0,158,-0.079685993367294,2.9989415036744322,0.002740500000072643
70,both,combined,0.004,1.0,0.0,1.0,134,-0.079685993367294,2.9989415036744322,0.002740500000072643
71,none,score_only,0.007,,,0.0,7,0.0,0.0,0.0027823000000353204
71,none,residual_only,0.015,,,1.0,15,0.0,0.0,0.0027823000000353204
71,none,combined,0.01,,,0.0,10,0.0,0.0,0.0027823000000353204
71,pc1,score_only,0.008,0.0,,0.0,7,1.9979696662285793,2.2378823054017962,0.0027215000000069267
71,pc1,residual_only,0.01,1.0,5.0,1.0,15,1.9979696662285793,2.2378823054017962,0.0027215000000069267
71,pc1,combined,0.01,0.0,,0.0,10,1.9979696662285793,2.2378823054017962,0.0027215000000069267
71,pc2,score_only,0.008,0.0,,0.0,7,-2.2378823054017962,1.9979696662285793,0.0027564000001802924
71,pc2,residual_only,0.01,1.0,0.0,1.0,378,-2.2378823054017962,1.9979696662285793,0.0027564000001802924
71,pc2,combined,0.01,1.0,0.0,1.0,357,-2.2378823054017962,1.9979696662285793,0.0027564000001802924
71,both,score_only,0.008,0.0,,0.0,7,-0.16964385405174276,2.9951996532422456,0.002751999999418331
71,both,residual_only,0.01,1.0,0.0,1.0,199,-0.16964385405174276,2.9951996532422456,0.002751999999418331
71,both,combined,0.01,1.0,0.0,1.0,172,-0.16964385405174276,2.9951996532422456,0.002751999999418331
72,none,score_only,0.01,,,0.0,10,0.0,0.0,0.0027085000001534354
72,none,residual_only,0.007,,,1.0,7,0.0,0.0,0.0027085000001534354
72,none,combined,0.005,,,1.0,5,0.0,0.0,0.0027085000001534354
72,pc1,score_only,0.008,0.0,,0.0,10,2.283195696225556,1.9460260565411502,0.002724899999520858
72,pc1,residual_only,0.006,1.0,9.0,1.0,7,2.283195696225556,1.9460260565411502,0.002724899999520858
72,pc1,combined,0.004,1.0,9.0,1.0,5,2.283195696225556,1.9460260565411502,0.002724899999520858
72,pc2,score_only,0.008,0.0,,0.0,10,-1.9460260565411502,2.283195696225556,0.0027029000002585235
72,pc2,residual_only,0.006,1.0,2.0,1.0,358,-1.9460260565411502,2.283195696225556,0.0027029000002585235
72,pc2,combined,0.004,1.0,2.0,1.0,300,-1.9460260565411502,2.283195696225556,0.0027029000002585235
72,both,score_only,0.008,0.0,,0.0,10,0.23841493863106805,2.9905113805229937,0.0027257000001554843
72,both,residual_only,0.006,1.0,3.0,1.0,173,0.23841493863106805,2.9905113805229937,0.0027257000001554843
72,both,combined,0.004,1.0,3.0,1.0,132,0.23841493863106805,2.9905113805229937,0.0027257000001554843
73,none,score_only,0.005,,,0.0,5,0.0,0.0,0.002691699999559205
73,none,residual_only,0.013,,,0.0,13,0.0,0.0,0.002691699999559205
73,none,combined,0.009,,,0.0,9,0.0,0.0,0.002691699999559205
73,pc1,score_only,0.002,0.0,,0.0,5,2.1262621936917983,2.1163669539276357,0.0026951999998345855
73,pc1,residual_only,0.018,0.0,,0.0,13,2.1262621936917983,2.1163669539276357,0.0026951999998345855
73,pc1,combined,0.012,0.0,,0.0,9,2.1262621936917983,2.1163669539276357,0.0026951999998345855
73,pc2,score_only,0.002,0.0,,0.0,5,-2.1163669539276357,2.1262621936917983,0.002685899999960384
73,pc2,residual_only,0.018,1.0,1.0,1.0,331,-2.1163669539276357,2.1262621936917983,0.002685899999960384
73,pc2,combined,0.012,1.0,1.0,1.0,301,-2.1163669539276357,2.1262621936917983,0.002685899999960384
73,both,score_only,0.002,0.0,,0.0,5,0.006996991138706006,2.999991840341404,0.0027626999999483814
73,both,residual_only,0.018,1.0,6.0,1.0,173,0.006996991138706006,2.999991840341404,0.0027626999999483814
73,both,combined,0.012,1.0,6.0,1.0,159,0.006996991138706006,2.999991840341404,0.0027626999999483814
74,none,score_only,0.005,,,0.0,5,0.0,0.0,0.002705400000195368
74,none,residual_only,0.012,,,0.0,12,0.0,0.0,0.002705400000195368
74,none,combined,0.008,,,0.0,8,0.0,0.0,0.002705400000195368
74,pc1,score_only,0.008,0.0,,0.0,5,1.996125127014838,2.2395277353272496,0.002686800000446965
74,pc1,residual_only,0.012,0.0,,0.0,12,1.996125127014838,2.2395277353272496,0.002686800000446965
74,pc1,combined,0.008,0.0,,0.0,8,1.996125127014838,2.2395277353272496,0.002686800000446965
74,pc2,score_only,0.008,0.0,,0.0,5,-2.2395277353272496,1.996125127014838,0.0027706000000762288
74,pc2,residual_only,0.012,1.0,0.0,1.0,355,-2.2395277353272496,1.996125127014838,0.0027706000000762288
74,pc2,combined,0.008,1.0,0.0,1.0,325,-2.2395277353272496,1.996125127014838,0.0027706000000762288
74,both,score_only,0.008,0.0,,0.0,5,-0.17211163489619957,2.9950588617143,0.0026661000001695356
74,both,residual_only,0.012,1.0,0.0,1.0,176,-0.17211163489619957,2.9950588617143,0.0026661000001695356
74,both,combined,0.008,1.0,0.0,1.0,150,-0.17211163489619957,2.9950588617143,0.0026661000001695356
75,none,score_only,0.009,,,0.0,9,0.0,0.0,0.0027276000000711065
75,none,residual_only,0.01,,,0.0,10,0.0,0.0,0.0027276000000711065
75,none,combined,0.011,,,0.0,11,0.0,0.0,0.0027276000000711065
75,pc1,score_only,0.012,0.0,,0.0,9,2.031041513035392,2.2079108614993737,0.00267470000017056
75,pc1,residual_only,0.012,0.0,,0.0,10,2.031041513035392,2.2079108614993737,0.00267470000017056
75,pc1,combined,0.016,0.0,,0.0,11,2.031041513035392,2.2079108614993737,0.00267470000017056
75,pc2,score_only,0.012,0.0,,0.0,9,-2.2079108614993737,2.031041513035392,0.002673200000572251
75,pc2,residual_only,0.012,1.0,1.0,1.0,347,-2.2079108614993737,2.031041513035392,0.002673200000572251
75,pc2,combined,0.016,1.0,1.0,1.0,317,-2.2079108614993737,2.031041513035392,0.002673200000572251
75,both,score_only,0.012,0.0,,0.0,9,-0.12506551568292779,2.99739196916035,0.0026450999994267477
75,both,residual_only,0.012,1.0,2.0,1.0,191,-0.12506551568292779,2.99739196916035,0.0026450999994267477
75,both,combined,0.016,1.0,2.0,1.0,176,-0.12506551568292779,2.99739196916035,0.0026450999994267477
76,none,score_only,0.014,,,1.0,14,0.0,0.0,0.002648100000442355
76,none,residual_only,0.013,,,0.0,13,0.0,0.0,0.002648100000442355
76,none,combined,0.018,,,0.0,18,0.0,0.0,0.002648100000442355
76,pc1,score_only,0.018,1.0,2.0,1.0,14,2.062863960530219,2.178208502495934,0.002783300000373856
76,pc1,residual_only,0.004,0.0,,0.0,13,2.062863960530219,2.178208502495934,0.002783300000373856
76,pc1,combined,0.014,1.0,2.0,1.0,19,2.062863960530219,2.178208502495934,0.002783300000373856
76,pc2,score_only,0.018,1.0,2.0,1.0,14,-2.178208502495934,2.062863960530219,0.0027692999992723344
76,pc2,residual_only,0.004,1.0,3.0,1.0,336,-2.178208502495934,2.062863960530219,0.0027692999992723344
76,pc2,combined,0.014,1.0,3.0,1.0,327,-2.178208502495934,2.062863960530219,0.0027692999992723344
76,both,score_only,0.018,1.0,2.0,1.0,14,-0.0815609077968132,2.9988910981093264,0.002746800000750227
76,both,residual_only,0.004,1.0,8.0,1.0,181,-0.0815609077968132,2.9988910981093264,0.002746800000750227
76,both,combined,0.014,1.0,2.0,1.0,169,-0.0815609077968132,2.9988910981093264,0.002746800000750227
77,none,score_only,0.01,,,1.0,10,0.0,0.0,0.0028486000001066714
77,none,residual_only,0.006,,,1.0,6,0.0,0.0,0.0028486000001066714
77,none,combined,0.011,,,1.0,11,0.0,0.0,0.0028486000001066714
77,pc1,score_only,0.01,1.0,0.0,1.0,11,2.076676711836641,2.165043610303348,0.0027956999992966303
77,pc1,residual_only,0.008,1.0,10.0,1.0,6,2.076676711836641,2.165043610303348,0.0027956999992966303
77,pc1,combined,0.014,1.0,0.0,1.0,12,2.076676711836641,2.165043610303348,0.0027956999992966303
77,pc2,score_only,0.01,1.0,10.0,1.0,10,-2.165043610303348,2.076676711836641,0.002740500000072643
77,pc2,residual_only,0.008,1.0,1.0,1.0,306,-2.165043610303348,2.076676711836641,0.002740500000072643
77,pc2,combined,0.014,1.0,2.0,1.0,285,-2.165043610303348,2.076676711836641,0.002740500000072643
77,both,score_only,0.01,1.0,10.0,1.0,10,-0.06248483313823155,2.999349203681973,0.0027404000002206885
77,both,residual_only,0.008,1.0,2.0,1.0,132,-0.06248483313823155,2.999349203681973,0.0027404000002206885
77,both,combined,0.014,1.0,4.0,1.0,115,-0.06248483313823155,2.999349203681973,0.0027404000002206885
78,none,score_only,0.011,,,0.0,11,0.0,0.0,0.002919300000030489
78,none,residual_only,0.013,,,0.0,13,0.0,0.0,0.002919300000030489
78,none,combined,0.012,,,0.0,12,0.0,0.0,0.002919300000030489
78,pc1,score_only,0.004,0.0,,0.0,11,2.148991902317572,2.0932830204665356,0.0027508000002853805
78,pc1,residual_only,0.016,0.0,,0.0,13,2.148991902317572,2.0932830204665356,0.0027508000002853805
78,pc1,combined,0.01,0.0,,0.0,12,2.148991902317572,2.0932830204665356,0.0027508000002853805
78,pc2,score_only,0.004,0.0,,0.0,11,-2.0932830204665356,2.148991902317572,0.0026920000000245636
78,pc2,residual_only,0.016,1.0,0.0,1.0,311,-2.0932830204665356,2.148991902317572,0.0026920000000245636
78,pc2,combined,0.01,1.0,0.0,1.0,287,-2.0932830204665356,2.148991902317572,0.0026920000000245636
78,both,score_only,0.004,0.0,,0.0,11,0.03939212812918786,2.99974136555828,0.0027552000001378474
78,both,residual_only,0.016,1.0,0.0,1.0,138,0.03939212812918786,2.99974136555828,0.0027552000001378474
78,both,combined,0.01,1.0,0.0,1.0,113,0.03939212812918786,2.99974136555828,0.0027552000001378474
79,none,score_only,0.004,,,0.0,4,0.0,0.0,0.0028295000001890003
79,none,residual_only,0.011,,,0.0,11,0.0,0.0,0.0028295000001890003
79,none,combined,0.008,,,0.0,8,0.0,0.0,0.0028295000001890003
79,pc1,score_only,0.004,0.0,,0.0,4,1.9910301305415796,2.2440586042426744,0.0028418000001693144
79,pc1,residual_only,0.01,0.0,,0.0,11,1.9910301305415796,2.2440586042426744,0.0028418000001693144
79,pc1,combined,0.006,0.0,,0.0,8,1.9910301305415796,2.2440586042426744,0.0028418000001693144
79,pc2,score_only,0.004,0.0,,0.0,4,-2.2440586042426744,1.9910301305415796,0.002850800000487652
79,pc2,residual_only,0.01,1.0,0.0,1.0,326,-2.2440586042426744,1.9910301305415796,0.002850800000487652
79,pc2,combined,0.006,1.0,0.0,1.0,302,-2.2440586042426744,1.9910301305415796,0.002850800000487652
79,both,score_only,0.004,0.0,,0.0,4,-0.17891814958732605,2.9946599632927016,0.002748200000496581
79,both,residual_only,0.01,1.0,0.0,1.0,151,-0.17891814958732605,2.9946599632927016,0.002748200000496581
79,both,combined,0.006,1.0,0.0,1.0,121,-0.17891814958732605,2.9946599632927016,0.002748200000496581
80,none,score_only,0.006,,,0.0,6,0.0,0.0,0.0026893999993262696
80,none,residual_only,0.008,,,0.0,8,0.0,0.0,0.0026893999993262696
80,none,combined,0.009,,,0.0,9,0.0,0.0,0.0026893999993262696
80,pc1,score_only,0.006,0.0,,0.0,6,2.1367947139944974,2.105732259867141,0.0027084000003014808
80,pc1,residual_only,0.004,0.0,,0.0,8,2.1367947139944974,2.105732259867141,0.0027084000003014808
80,pc1,combined,0.002,0.0,,0.0,9,2.1367947139944974,2.105732259867141,0.0027084000003014808
80,pc2,score_only,0.006,0.0,,0.0,6,-2.105732259867141,2.1367947139944974,0.00264450000031502
80,pc2,residual_only,0.004,1.0,0.0,1.0,328,-2.105732259867141,2.1367947139944974,0.00264450000031502
80,pc2,combined,0.002,1.0,0.0,1.0,304,-2.105732259867141,2.1367947139944974,0.00264450000031502
80,both,score_only,0.006,0.0,,0.0,6,0.021964471953749707,2.9999195925844067,0.0026755999997476465
80,both,residual_only,0.004,1.0,1.0,1.0,167,0.021964471953749707,2.9999195925844067,0.0026755999997476465
80,both,combined,0.002,1.0,1.0,1.0,150,0.021964471953749707,2.9999195925844067,0.0026755999997476465
81,none,score_only,0.01,,,1.0,10,0.0,0.0,0.002784100000098988
81,none,residual_only,0.015,,,0.0,15,0.0,0.0,0.002784100000098988
81,none,combined,0.013,,,1.0,13,0.0,0.0,0.002784100000098988
81,pc1,score_only,0.008,1.0,18.0,1.0,10,2.246058134797657,1.9887742091824476,0.002691900000172609
81,pc1,residual_only,0.02,0.0,,0.0,15,2.246058134797657,1.9887742091824476,0.002691900000172609
81,pc1,combined,0.02,1.0,18.0,1.0,13,2.246058134797657,1.9887742091824476,0.002691900000172609
81,pc2,score_only,0.008,1.0,18.0,1.0,10,-1.9887742091824476,2.246058134797657,0.002630500000122993
81,pc2,residual_only,0.02,1.0,0.0,1.0,330,-1.9887742091824476,2.246058134797657,0.002630500000122993
81,pc2,combined,0.02,1.0,0.0,1.0,291,-1.9887742091824476,2.246058134797657,0.002630500000122993
81,both,score_only,0.008,1.0,18.0,1.0,10,0.18192720849281008,2.994478667616454,0.0026566000005914248
81,both,residual_only,0.02,1.0,0.0,1.0,156,0.18192720849281008,2.994478667616454,0.0026566000005914248
81,both,combined,0.02,1.0,0.0,1.0,125,0.18192720849281008,2.994478667616454,0.0026566000005914248
82,none,score_only,0.009,,,1.0,9,0.0,0.0,0.0026767999997900915
82,none,residual_only,0.012,,,0.0,12,0.0,0.0,0.0026767999997900915
82,none,combined,0.014,,,1.0,14,0.0,0.0,0.0026767999997900915
82,pc1,score_only,0.008,1.0,0.0,1.0,10,2.011536115116448,2.225695949042058,0.002687100000002829
82,pc1,residual_only,0.01,0.0,,0.0,12,2.011536115116448,2.225695949042058,0.002687100000002829
82,pc1,combined,0.01,1.0,0.0,1.0,15,2.011536115116448,2.225695949042058,0.002687100000002829
82,pc2,score_only,0.008,1.0,14.0,1.0,9,-2.225695949042058,2.011536115116448,0.0026356999997005914
82,pc2,residual_only,0.01,1.0,0.0,1.0,335,-2.225695949042058,2.011536115116448,0.0026356999997005914
82,pc2,combined,0.01,1.0,0.0,1.0,316,-2.225695949042058,2.011536115116448,0.0026356999997005914
82,both,score_only,0.008,1.0,14.0,1.0,9,-0.15143387082658358,2.9961755260275513,0.002704499999708787
82,both,residual_only,0.01,1.0,0.0,1.0,168,-0.15143387082658358,2.9961755260275513,0.002704499999708787
82,both,combined,0.01,1.0,0.0,1.0,154,-0.15143387082658358,2.9961755260275513,0.002704499999708787
83,none,score_only,0.006,,,0.0,6,0.0,0.0,0.002652199999829463
83,none,residual_only,0.015,,,0.0,15,0.0,0.0,0.002652199999829463
83,none,combined,0.015,,,0.0,15,0.0,0.0,0.002652199999829463
83,pc1,score_only,0.006,0.0,,0.0,6,2.0623767121303476,2.178669845860638,0.002623200000016368
83,pc1,residual_only,0.02,0.0,,0.0,15,2.0623767121303476,2.178669845860638,0.002623200000016368
83,pc1,combined,0.018,0.0,,0.0,15,2.0623767121303476,2.178669845860638,0.002623200000016368
83,pc2,score_only,0.006,0.0,,0.0,6,-2.178669845860638,2.0623767121303476,0.002654400000210444
83,pc2,residual_only,0.02,1.0,0.0,1.0,362,-2.178669845860638,2.0623767121303476,0.002654400000210444
83,pc2,combined,0.018,1.0,0.0,1.0,347,-2.178669845860638,2.0623767121303476,0.002654400000210444
83,both,score_only,0.006,0.0,,0.0,6,-0.08223166346612235,2.998872780483292,0.0026606000001265784
83,both,residual_only,0.02,1.0,1.0,1.0,193,-0.08223166346612235,2.998872780483292,0.0026606000001265784
83,both,combined,0.018,1.0,1.0,1.0,172,-0.08223166346612235,2.998872780483292,0.0026606000001265784
84,none,score_only,0.01,,,0.0,10,0.0,0.0,0.0027381999998397077
84,none,residual_only,0.005,,,0.0,5,0.0,0.0,0.0027381999998397077
84,none,combined,0.006,,,0.0,6,0.0,0.0,0.0027381999998397077
84,pc1,score_only,0.006,1.0,9.0,1.0,11,2.136336229539845,2.1061974063120203,0.0027269000001979293
84,pc1,residual_only,0.006,0.0,,0.0,5,2.136336229539845,2.1061974063120203,0.0027269000001979293
84,pc1,combined,0.004,0.0,,0.0,6,2.136336229539845,2.1061974063120203,0.0027269000001979293
84,pc2,score_only,0.006,0.0,,0.0,10,-2.1061974063120203,2.136336229539845,0.0026712999997471343
84,pc2,residual_only,0.006,1.0,0.0,1.0,333,-2.1061974063120203,2.136336229539845,0.0026712999997471343
84,pc2,combined,0.004,1.0,0.0,1.0,295,-2.1061974063120203,2.136336229539845,0.0026712999997471343
84,both,score_only,0.006,1.0,9.0,1.0,11,0.021311366281377385,2.999924303322872,0.002620799999931478
84,both,residual_only,0.006,1.0,0.0,1.0,160,0.021311366281377385,2.999924303322872,0.002620799999931478
84,both,combined,0.004,1.0,0.0,1.0,125,0.021311366281377385,2.999924303322872,0.002620799999931478
85,none,score_only,0.007,,,0.0,7,0.0,0.0,0.002660900000591937
85,none,residual_only,0.008,,,1.0,8,0.0,0.0,0.002660900000591937
85,none,combined,0.009,,,0.0,9,0.0,0.0,0.002660900000591937
85,pc1,score_only,0.006,0.0,,0.0,7,2.089776271124401,2.1524021781826446,0.0026643999999578227
85,pc1,residual_only,0.008,1.0,3.0,1.0,8,2.089776271124401,2.1524021781826446,0.0026643999999578227
85,pc1,combined,0.008,0.0,,0.0,9,2.089776271124401,2.1524021781826446,0.0026643999999578227
85,pc2,score_only,0.006,0.0,,0.0,7,-2.1524021781826446,2.089776271124401,0.002653699999427772
85,pc2,residual_only,0.008,1.0,0.0,1.0,343,-2.1524021781826446,2.089776271124401,0.002653699999427772
85,pc2,combined,0.008,1.0,0.0,1.0,311,-2.1524021781826446,2.089776271124401,0.002653699999427772
85,both,score_only,0.006,0.0,,0.0,7,-0.04428320355884264,2.9996731485084442,0.0027090000003227033
85,both,residual_only,0.008,1.0,2.0,1.0,163,-0.04428320355884264,2.9996731485084442,0.0027090000003227033
85,both,combined,0.008,1.0,2.0,1.0,141,-0.04428320355884264,2.9996731485084442,0.0027090000003227033
86,none,score_only,0.016,,,1.0,16,0.0,0.0,0.0027205999995203456
86,none,residual_only,0.004,,,0.0,4,0.0,0.0,0.0027205999995203456
86,none,combined,0.012,,,1.0,12,0.0,0.0,0.0027205999995203456
86,pc1,score_only,0.014,1.0,3.0,1.0,17,2.200792223253486,2.038752949738389,0.0026440999999977066
86,pc1,residual_only,0.006,0.0,,0.0,4,2.200792223253486,2.038752949738389,0.0026440999999977066
86,pc1,combined,0.012,1.0,16.0,1.0,12,2.200792223253486,2.038752949738389,0.0026440999999977066
86,pc2,score_only,0.014,1.0,16.0,1.0,16,-2.038752949738389,2.200792223253486,0.002647899999828951
86,pc2,residual_only,0.006,1.0,1.0,1.0,337,-2.038752949738389,2.200792223253486,0.002647899999828951
86,pc2,combined,0.012,1.0,1.0,1.0,313,-2.038752949738389,2.200792223253486,0.002647899999828951
86,both,score_only,0.014,1.0,3.0,1.0,17,0.11457906912106669,2.997811140969249,0.0026953999995384947
86,both,residual_only,0.006,1.0,1.0,1.0,164,0.11457906912106669,2.997811140969249,0.0026953999995384947
86,both,combined,0.012,1.0,1.0,1.0,150,0.11457906912106669,2.997811140969249,0.0026953999995384947
87,none,score_only,0.015,,,0.0,15,0.0,0.0,0.002660000000105356
87,none,residual_only,0.011,,,0.0,11,0.0,0.0,0.002660000000105356
87,none,combined,0.02,,,0.0,20,0.0,0.0,0.002660000000105356
87,pc1,score_only,0.018,1.0,0.0,1.0,16,2.1318018946532105,2.110786744783324,0.0026694999996834667
87,pc1,residual_only,0.01,0.0,,0.0,11,2.1318018946532105,2.110786744783324,0.0026694999996834667
87,pc1,combined,0.018,1.0,0.0,1.0,21,2.1318018946532105,2.110786744783324,0.0026694999996834667
87,pc2,score_only,0.018,0.0,,0.0,15,-2.110786744783324,2.1318018946532105,0.0026361999998698593
87,pc2,residual_only,0.01,1.0,0.0,1.0,352,-2.110786744783324,2.1318018946532105,0.0026361999998698593
87,pc2,combined,0.018,1.0,0.0,1.0,333,-2.110786744783324,2.1318018946532105,0.0026361999998698593
87,both,score_only,0.018,1.0,0.0,1.0,16,0.014859954980648182,2.9999631967305818,0.0026721000003817608
87,both,residual_only,0.01,1.0,0.0,1.0,182,0.014859954980648182,2.9999631967305818,0.0026721000003817608
87,both,combined,0.018,1.0,0.0,1.0,167,0.014859954980648182,2.9999631967305818,0.0026721000003817608
88,none,score_only,0.017,,,1.0,17,0.0,0.0,0.0026840000000447617
88,none,residual_only,0.01,,,0.0,10,0.0,0.0,0.0026840000000447617
88,none,combined,0.011,,,1.0,11,0.0,0.0,0.0026840000000447617
88,pc1,score_only,0.022,1.0,2.0,1.0,17,2.190300289553104,2.050020644184734,0.0026472000008652685
88,pc1,residual_only,0.004,0.0,,0.0,10,2.190300289553104,2.050020644184734,0.0026472000008652685
88,pc1,combined,0.012,0.0,,0.0,10,2.190300289553104,2.050020644184734,0.0026472000008652685
88,pc2,score_only,0.022,1.0,1.0,1.0,17,-2.050020644184734,2.190300289553104,0.0027012999998987652
88,pc2,residual_only,0.004,1.0,0.0,1.0,350,-2.050020644184734,2.190300289553104,0.0027012999998987652
88,pc2,combined,0.012,1.0,0.0,1.0,320,-2.050020644184734,2.190300289553104,0.0027012999998987652
88,both,score_only,0.022,1.0,2.0,1.0,17,0.09919268850241848,2.998359686653298,0.0027007000007870374
88,both,residual_only,0.004,1.0,4.0,1.0,176,0.09919268850241848,2.998359686653298,0.0027007000007870374
88,both,combined,0.012,1.0,4.0,1.0,144,0.09919268850241848,2.998359686653298,0.0027007000007870374
89,none,score_only,0.016,,,0.0,16,0.0,0.0,0.002640199999405013
89,none,residual_only,0.012,,,0.0,12,0.0,0.0,0.002640199999405013
89,none,combined,0.015,,,0.0,15,0.0,0.0,0.002640199999405013
89,pc1,score_only,0.018,0.0,,0.0,16,2.1077361821026646,2.134818068748549,0.0026291999993190984
89,pc1,residual_only,0.018,0.0,,0.0,12,2.1077361821026646,2.134818068748549,0.0026291999993190984
89,pc1,combined,0.016,0.0,,0.0,15,2.1077361821026646,2.134818068748549,0.0026291999993190984
89,pc2,score_only,0.018,0.0,,0.0,16,-2.134818068748549,2.1077361821026646,0.002655100000083621
89,pc2,residual_only,0.018,1.0,0.0,1.0,357,-2.134818068748549,2.1077361821026646,0.002655100000083621
89,pc2,combined,0.016,1.0,0.0,1.0,334,-2.134818068748549,2.1077361821026646,0.002655100000083621
89,both,score_only,0.018,0.0,,0.0,16,-0.019149785694630734,2.999938880328706,0.0026286000002073706
89,both,residual_only,0.018,1.0,1.0,1.0,185,-0.019149785694630734,2.999938880328706,0.0026286000002073706
89,both,combined,0.016,1.0,1.0,1.0,166,-0.019149785694630734,2.999938880328706,0.0026286000002073706
90,none,score_only,0.007,,,0.0,7,0.0,0.0,0.002645499999744061
90,none,residual_only,0.008,,,0.0,8,0.0,0.0,0.002645499999744061
90,none,combined,0.008,,,0.0,8,0.0,0.0,0.002645499999744061
90,pc1,score_only,0.002,0.0,,0.0,7,2.1296869765134696,2.1129205811077982,0.0027121000002807705
90,pc1,residual_only,0.012,0.0,,0.0,8,2.1296869765134696,2.1129205811077982,0.0027121000002807705
90,pc1,combined,0.006,0.0,,0.0,8,2.1296869765134696,2.1129205811077982,0.0027121000002807705
90,pc2,score_only,0.002,0.0,,0.0,7,-2.1129205811077982,2.1296869765134696,0.0026567000004433794
90,pc2,residual_only,0.012,1.0,3.0,1.0,343,-2.1129205811077982,2.1296869765134696,0.0026567000004433794
90,pc2,combined,0.006,1.0,3.0,1.0,296,-2.1129205811077982,2.1296869765134696,0.0026567000004433794
90,both,score_only,0.002,0.0,,0.0,7,0.011855631887404891,2.9999765739072943,0.0026685000002544257
90,both,residual_only,0.012,1.0,8.0,1.0,175,0.011855631887404891,2.9999765739072943,0.0026685000002544257
90,both,combined,0.006,1.0,8.0,1.0,148,0.011855631887404891,2.9999765739072943,0.0026685000002544257
91,none,score_only,0.011,,,0.0,11,0.0,0.0,0.0026876000001720968
91,none,residual_only,0.012,,,0.0,12,0.0,0.0,0.0026876000001720968
91,none,combined,0.01,,,0.0,10,0.0,0.0,0.0026876000001720968
91,pc1,score_only,0.006,0.0,,0.0,11,2.2161881687346527,2.0220064294557885,0.0027512999995451537
91,pc1,residual_only,0.01,0.0,,0.0,12,2.2161881687346527,2.0220064294557885,0.0027512999995451537
91,pc1,combined,0.006,0.0,,0.0,10,2.2161881687346527,2.0220064294557885,0.0027512999995451537
91,pc2,score_only,0.006,0.0,,0.0,11,-2.0220064294557885,2.2161881687346527,0.002711999999519321
91,pc2,residual_only,0.01,1.0,0.0,1.0,345,-2.0220064294557885,2.2161881687346527,0.002711999999519321
91,pc2,combined,0.006,1.0,0.0,1.0,314,-2.0220064294557885,2.2161881687346527,0.002711999999519321
91,both,score_only,0.006,0.0,,0.0,11,0.13730722462668293,2.996856140368656,0.002675299999282288
91,both,residual_only,0.01,1.0,0.0,1.0,169,0.13730722462668293,2.996856140368656,0.002675299999282288
91,both,combined,0.006,1.0,0.0,1.0,147,0.13730722462668293,2.996856140368656,0.002675299999282288
92,none,score_only,0.007,,,0.0,7,0.0,0.0,0.002657299999555107
92,none,residual_only,0.01,,,0.0,10,0.0,0.0,0.002657299999555107
92,none,combined,0.009,,,0.0,9,0.0,0.0,0.002657299999555107
92,pc1,score_only,0.008,0.0,,0.0,7,2.175883679718035,2.065316007863374,0.0026994999998350977
92,pc1,residual_only,0.014,0.0,,0.0,10,2.175883679718035,2.065316007863374,0.0026994999998350977
92,pc1,combined,0.01,0.0,,0.0,9,2.175883679718035,2.065316007863374,0.0026994999998350977
92,pc2,score_only,0.008,0.0,,0.0,7,-2.065316007863374,2.175883679718035,0.0026582000000416883
92,pc2,residual_only,0.014,1.0,1.0,1.0,367,-2.065316007863374,2.175883679718035,0.0026582000000416883
92,pc2,combined,0.01,1.0,1.0,1.0,332,-2.065316007863374,2.175883679718035,0.0026582000000416883
92,both,score_only,0.008,0.0,,0.0,7,0.07818315054843983,2.9989810594550805,0.0026906000002782093
92,both,residual_only,0.014,1.0,2.0,1.0,197,0.07818315054843983,2.9989810594550805,0.0026906000002782093
92,both,combined,0.01,1.0,2.0,1.0,175,0.07818315054843983,2.9989810594550805,0.0026906000002782093
93,none,score_only,0.009,,,0.0,9,0.0,0.0,0.002681500000107917
93,none,residual_only,0.014,,,0.0,14,0.0,0.0,0.002681500000107917
93,none,combined,0.01,,,0.0,10,0.0,0.0,0.002681500000107917
93,pc1,score_only,0.014,0.0,,0.0,9,2.101517492386496,2.140940034002255,0.0026715000003605383
93,pc1,residual_only,0.016,0.0,,0.0,14,2.101517492386496,2.140940034002255,0.0026715000003605383
93,pc1,combined,0.01,0.0,,0.0,10,2.101517492386496,2.140940034002255,0.0026715000003605383
93,pc2,score_only,0.014,0.0,,0.0,9,-2.140940034002255,2.101517492386496,0.002715900000112015
93,pc2,residual_only,0.016,1.0,1.0,1.0,347,-2.140940034002255,2.101517492386496,0.002715900000112015
93,pc2,combined,0.01,1.0,1.0,1.0,314,-2.140940034002255,2.101517492386496,0.002715900000112015
93,both,score_only,0.014,0.0,,0.0,9,-0.027875946508111808,2.9998704858053915,0.002678100000593986
93,both,residual_only,0.016,1.0,4.0,1.0,179,-0.027875946508111808,2.9998704858053915,0.002678100000593986
93,both,combined,0.01,1.0,4.0,1.0,152,-0.027875946508111808,2.9998704858053915,0.002678100000593986
94,none,score_only,0.01,,,0.0,10,0.0,0.0,0.0026815999999598716
94,none,residual_only,0.012,,,1.0,12,0.0,0.0,0.0026815999999598716
94,none,combined,0.013,,,1.0,13,0.0,0.0,0.0026815999999598716
94,pc1,score_only,0.01,0.0,,0.0,10,2.0621897457289964,2.1788468171512605,0.002725999999711348
94,pc1,residual_only,0.01,1.0,15.0,1.0,12,2.0621897457289964,2.1788468171512605,0.002725999999711348
94,pc1,combined,0.014,1.0,15.0,1.0,13,2.0621897457289964,2.1788468171512605,0.002725999999711348
94,pc2,score_only,0.01,0.0,,0.0,10,-2.1788468171512605,2.0621897457289964,0.0026612999999997555
94,pc2,residual_only,0.01,1.0,0.0,1.0,318,-2.1788468171512605,2.0621897457289964,0.0026612999999997555
94,pc2,combined,0.014,1.0,0.0,1.0,296,-2.1788468171512605,2.0621897457289964,0.0026612999999997555
94,both,score_only,0.01,0.0,,0.0,10,-0.08248900627604619,2.998865712872717,0.0026828999998542713
94,both,residual_only,0.01,1.0,0.0,1.0,148,-0.08248900627604619,2.998865712872717,0.0026828999998542713
94,both,combined,0.014,1.0,0.0,1.0,127,-0.08248900627604619,2.998865712872717,0.0026828999998542713
95,none,score_only,0.011,,,0.0,11,0.0,0.0,0.0027887999995073187
95,none,residual_only,0.004,,,0.0,4,0.0,0.0,0.0027887999995073187
95,none,combined,0.007,,,0.0,7,0.0,0.0,0.0027887999995073187
95,pc1,score_only,0.012,1.0,1.0,1.0,12,2.1409880715103418,2.1014685526199117,0.0026847999997698935
95,pc1,residual_only,0.004,0.0,,0.0,4,2.1409880715103418,2.1014685526199117,0.0026847999997698935
95,pc1,combined,0.006,0.0,,0.0,7,2.1409880715103418,2.1014685526199117,0.0026847999997698935
95,pc2,score_only,0.012,0.0,,0.0,11,-2.1014685526199117,2.1409880715103418,0.002655600000252889
95,pc2,residual_only,0.004,1.0,0.0,1.0,326,-2.1014685526199117,2.1409880715103418,0.002655600000252889
95,pc2,combined,0.006,1.0,0.0,1.0,296,-2.1014685526199117,2.1409880715103418,0.002655600000252889
95,both,score_only,0.012,0.0,,0.0,11,0.027944519796653102,2.99986984781229,0.0026882000001933193
95,both,residual_only,0.004,1.0,0.0,1.0,152,0.027944519796653102,2.99986984781229,0.0026882000001933193
95,both,combined,0.006,1.0,0.0,1.0,120,0.027944519796653102,2.99986984781229,0.0026882000001933193
96,none,score_only,0.012,,,0.0,12,0.0,0.0,0.0026646000005712267
96,none,residual_only,0.014,,,0.0,14,0.0,0.0,0.0026646000005712267
96,none,combined,0.015,,,0.0,15,0.0,0.0,0.0026646000005712267
96,pc1,score_only,0.014,0.0,,0.0,12,2.007153071106393,2.2296494229246386,0.0026504999996177503
96,pc1,residual_only,0.014,0.0,,0.0,14,2.007153071106393,2.2296494229246386,0.0026504999996177503
96,pc1,combined,0.016,0.0,,0.0,15,2.007153071106393,2.2296494229246386,0.0026504999996177503
96,pc2,score_only,0.014,0.0,,0.0,12,-2.2296494229246386,2.007153071106393,0.002669200000127603
96,pc2,residual_only,0.014,1.0,0.0,1.0,374,-2.2296494229246386,2.007153071106393,0.002669200000127603
96,pc2,combined,0.016,1.0,0.0,1.0,352,-2.2296494229246386,2.007153071106393,0.002669200000127603
96,both,score_only,0.014,0.0,,0.0,12,-0.15732867915994941,2.9958717740774197,0.0026531000003160443
96,both,residual_only,0.014,1.0,0.0,1.0,187,-0.15732867915994941,2.9958717740774197,0.0026531000003160443
96,both,combined,0.016,1.0,0.0,1.0,168,-0.15732867915994941,2.9958717740774197,0.0026531000003160443
97,none,score_only,0.004,,,0.0,4,0.0,0.0,0.0026927999997496954
97,none,residual_only,0.009,,,0.0,9,0.0,0.0,0.0026927999997496954
97,none,combined,0.007,,,0.0,7,0.0,0.0,0.0026927999997496954
97,pc1,score_only,0.002,1.0,1.0,1.0,5,2.0838023780166077,2.1581861943243754,0.0026755999997476465
97,pc1,residual_only,0.004,0.0,,0.0,9,2.0838023780166077,2.1581861943243754,0.0026755999997476465
97,pc1,combined,0.006,0.0,,0.0,7,2.0838023780166077,2.1581861943243754,0.0026755999997476465
97,pc2,score_only,0.002,0.0,,0.0,4,-2.1581861943243754,2.0838023780166077,0.0026700999997046893
97,pc2,residual_only,0.004,1.0,0.0,1.0,323,-2.1581861943243754,2.0838023780166077,0.0026700999997046893
97,pc2,combined,0.006,1.0,0.0,1.0,301,-2.1581861943243754,2.0838023780166077,0.0026700999997046893
97,both,score_only,0.002,0.0,,0.0,4,-0.05259730092175711,2.99953888521815,0.0026864999999816064
97,both,residual_only,0.004,1.0,1.0,1.0,153,-0.05259730092175711,2.99953888521815,0.0026864999999816064
97,both,combined,0.006,1.0,5.0,1.0,135,-0.05259730092175711,2.99953888521815,0.0026864999999816064
98,none,score_only,0.008,,,0.0,8,0.0,0.0,0.00276780000058352
98,none,residual_only,0.009,,,1.0,9,0.0,0.0,0.00276780000058352
98,none,combined,0.007,,,1.0,7,0.0,0.0,0.00276780000058352
98,pc1,score_only,0.006,0.0,,0.0,8,2.1841688930399727,2.0565520286821193,0.0026451000003362424
98,pc1,residual_only,0.01,1.0,4.0,1.0,9,2.1841688930399727,2.0565520286821193,0.0026451000003362424
98,pc1,combined,0.006,1.0,4.0,1.0,7,2.1841688930399727,2.0565520286821193,0.0026451000003362424
98,pc2,score_only,0.006,0.0,,0.0,8,-2.0565520286821193,2.1841688930399727,0.002736499999627995
98,pc2,residual_only,0.01,1.0,0.0,1.0,324,-2.0565520286821193,2.1841688930399727,0.002736499999627995
98,pc2,combined,0.006,1.0,0.0,1.0,287,-2.0565520286821193,2.1841688930399727,0.002736499999627995
98,both,score_only,0.006,0.0,,0.0,8,0.090238750181202,2.9986425208693572,0.002708199999688077
98,both,residual_only,0.01,1.0,0.0,1.0,147,0.090238750181202,2.9986425208693572,0.002708199999688077
98,both,combined,0.006,1.0,0.0,1.0,115,0.090238750181202,2.9986425208693572,0.002708199999688077
99,none,score_only,0.007,,,0.0,7,0.0,0.0,0.0027820999994219164
99,none,residual_only,0.012,,,0.0,12,0.0,0.0,0.0027820999994219164
99,none,combined,0.011,,,0.0,11,0.0,0.0,0.0027820999994219164
99,pc1,score_only,0.006,1.0,10.0,1.0,8,2.1772300353225003,2.063896647918588,0.002775899999505782
99,pc1,residual_only,0.012,0.0,,0.0,12,2.1772300353225003,2.063896647918588,0.002775899999505782
99,pc1,combined,0.01,0.0,,0.0,11,2.1772300353225003,2.063896647918588,0.002775899999505782
99,pc2,score_only,0.006,0.0,,0.0,7,-2.063896647918588,2.1772300353225003,0.002782900000056543
99,pc2,residual_only,0.012,1.0,0.0,1.0,366,-2.063896647918588,2.1772300353225003,0.002782900000056543
99,pc2,combined,0.01,1.0,0.0,1.0,349,-2.063896647918588,2.1772300353225003,0.002782900000056543
99,both,score_only,0.006,0.0,,0.0,7,0.08013880676814875,2.9989294375909843,0.002753300000222225
99,both,residual_only,0.012,1.0,2.0,1.0,208,0.08013880676814875,2.9989294375909843,0.002753300000222225
99,both,combined,0.01,1.0,2.0,1.0,191,0.08013880676814875,2.9989294375909843,0.002753300000222225
