time,pc1_score,residual_q,score_stat,residual_stat,score_only_alarm,residual_only_alarm,score_alarm,residual_alarm,stage_1_alarm,alarm_source
0,-0.18000584616499882,1.5503253076208674,0.45981137446650583,1.6565120766725754,False,False,False,False,False,none
1,3.4241056085290165,0.8602305095770953,1.3812771877037435,0.9191504652810207,False,False,False,False,False,none
2,0.07110483863795936,0.882116252455174,0.5222369685533524,0.9425352331141174,False,False,False,False,False,none
3,2.372662975912264,1.821118472011614,0.6991891563115775,1.9458527362674531,False,False,False,False,False,none
4,-2.382857147432362,0.17943266314736628,1.7485698816002115,0.19172258363586145,False,False,False,False,False,none
5,-5.570999883864421,0.18722721997186725,2.9461066876114317,0.20005101473908002,True,False,True,False,True,score
6,-0.6737327227645409,1.3422404183707652,0.01982769970892013,1.4341747837692946,False,False,False,False,False,none
7,0.24310904883452716,0.02384898577185145,0.4608184448700472,0.02548247955010845,False,False,False,False,False,none
8,0.12575445005590585,1.9399624611794715,0.3117009085367438,2.0728367326769632,False,False,False,False,False,none
9,0.5121356134462691,0.22129399853057152,0.4368769727308724,0.23645113658345904,False,False,False,False,False,none
10,-1.4411252397058683,0.29846352906330564,0.5984435525652776,0.318906256583273,False,False,False,False,False,none
11,-1.3937869080307734,1.2419698720155183,0.45578087985110777,1.3270363850374052,False,False,False,False,False,none
12,-3.1432981579809907,0.0007595837392411113,1.2136872691323475,0.0008116100737773167,False,False,False,False,False,none
13,2.1052558995548,0.3191159378049205,1.5762477360554585,0.34097321525620045,False,False,False,False,False,none
14,-1.5325927414318035,0.5721569995283933,0.5045012323228417,0.6113458735483079,False,False,False,False,False,none
15,-2.460376566225211,1.1009132713574328,0.8538676042068655,1.1763183638995849,False,False,False,False,False,none
16,-2.091159701490388,0.017814417618920865,0.5039079144770267,0.019034584405976652,False,False,False,False,False,none
17,-0.2637628212034965,1.745901024903402,0.483735232156855,1.8654834041674417,False,False,False,False,False,none
18,-0.01606762541033349,3.572502183002074,0.5071981691403322,3.8171943533345822,False,False,False,False,False,none
19,-2.822896827157109,1.5049369896746931,0.9564353930352327,1.6080149667769281,False,False,False,False,False,none
20,2.22556985095736,0.23884164698500326,1.6849440004559664,0.25520067994644435,False,False,False,False,False,none
21,-0.1836156008859155,0.6863731595777955,0.17874341051960402,0.7333850659313247,False,False,False,False,False,none
22,-1.074726862213652,0.8437796884917101,0.28947417596485325,0.9015728745230269,False,False,False,False,False,none
23,-0.31943269105753636,1.9997727064487645,0.134975607931383,2.1367435741058602,False,False,False,False,False,none
24,0.9437606082777392,0.600468155806596,0.7210260687456684,0.6415961520213962,False,False,False,False,False,none
25,-1.062469858525641,1.0050605247395386,0.3968311787804334,1.0739003542249288,False,False,False,False,False,none
26,2.7673097507453823,0.10852040296123058,1.54118129288178,0.11595331456371635,False,False,False,False,False,none
27,-0.5881296921632602,2.7717201787304333,0.39549720693367324,2.9615642127844675,False,False,False,False,False,none
28,1.6715066479424796,3.8555449165213105,0.7802357242463945,4.119623594464982,False,False,False,False,False,none
29,-5.033808979189261,0.8493406835526213,2.6299959749206625,0.9075147600301741,True,False,False,False,False,none
30,2.662852641574035,0.05328569061260497,1.631302012674096,0.05693539902865643,False,False,False,False,False,none
31,-2.94652488170141,0.06569260801126241,1.4172686748112555,0.07019210612369482,False,False,False,False,False,none
32,-1.5810729833096315,0.4456630373400232,0.4711418123632618,0.47618793284955374,False,False,False,False,False,none
33,1.9355901234971513,0.5901393053113299,1.3297729167592218,0.6305598453188946,False,False,False,False,False,none
34,0.8061116940142533,9.273983679214869,0.5156664694166602,9.909188663803125,False,True,False,True,True,residual
35,2.930034472950588,0.22491816989533958,1.4433029537391049,0.24032353910708304,False,False,False,False,False,none
36,-3.2953627726520596,0.17731606015911075,1.866631009907103,0.18946100769800417,False,False,False,False,False,none
37,-1.0517491374689079,4.3413743756994325,0.4044473635531644,4.638729076634325,False,False,False,False,False,none
38,0.2554478118187322,1.4628652402852969,0.3108432855332308,1.5630615878907723,False,False,False,False,False,none
39,1.8453246063757314,0.9212899927935148,1.0202643336421118,0.984392108983918,False,False,False,False,False,none
40,-3.146992051923873,0.4767720993575135,1.606630448829397,0.5094277546292877,False,False,False,False,False,none
41,-1.9310629970369975,0.6784895422551022,0.6951967832846175,0.7249614742898082,False,False,False,False,False,none
42,-1.8476979656357337,0.8472790740258407,0.5156991972703008,0.9053119442329295,False,False,False,False,False,none
43,-0.8606870079823803,1.4219328182070732,0.06645102617546239,1.5193255725095292,False,False,False,False,False,none
44,-4.527048051651753,1.6898868762301231,1.7261760727003672,1.8056326662057347,False,False,False,False,False,none
45,-0.24143408790331508,0.5372169706930673,0.6989282400471478,0.5740126897058626,False,False,False,False,False,none
46,0.791123427720546,3.6063827643349997,1.0602573650980336,3.8533955247060323,False,False,False,False,False,none
47,-0.9941741944148639,2.6851657441671777,0.018224305973033976,2.8690813864777565,False,False,False,False,False,none
48,-0.6499508325099799,0.7293408456926663,0.1524770235276552,0.7792957471322834,False,False,False,False,False,none
49,-2.9062871714368743,0.24245020039462778,0.9730503337039733,0.25905639479092063,False,False,False,False,False,none
50,-0.212244340839809,0.0056610955647488,0.5290168395339311,0.00604884221660223,False,False,False,False,False,none
51,-5.375786133120272,4.006693175192872,2.0827264244789996,4.281124483747183,False,False,False,False,False,none
52,-0.8594723425893094,0.7119695710142346,0.5256498489731103,0.7607346579527628,False,False,False,False,False,none
53,-0.4702567510171575,0.12661960136704942,0.6094117131838539,0.13529218530907086,False,False,False,False,False,none
54,0.7404362559420886,0.59704043196663,1.0750958181764274,0.637933652345689,False,False,False,False,False,none
55,2.5271361466969804,0.16982730181620706,1.7271873933957915,0.1814593201984048,False,False,False,False,False,none
56,-1.3452982032103034,0.0680203349425584,0.4975972703864707,0.0726792665628191,False,False,False,False,False,none
57,-1.480844239580945,0.006693126907426834,0.4638602257414107,0.007151560706874629,False,False,False,False,False,none
58,-0.9483665075396087,0.040160875699535734,0.11266920265333998,0.0429116233083491,False,False,False,False,False,none
59,-0.20911929573602037,2.6166882209062563,0.2686317701417279,2.795913617297481,False,False,False,False,False,none
60,1.5728383275000262,0.24592137027290545,1.0797146654378706,0.26276531626390687,False,False,False,False,False,none
61,-2.3642813687225948,0.8603450649452276,1.046968166619747,0.9192728669149397,False,False,False,False,False,none
62,-1.4459795216719957,1.4454424275270044,0.39190965291613544,1.5444454306224589,False,False,False,False,False,none
63,0.6915030235061411,0.05364650967671434,0.7238228023012223,0.05732093175153257,False,False,False,False,False,none
64,-3.699705318283594,0.09194391331625405,1.552057302194364,0.09824144780210076,False,False,False,False,False,none
65,0.4886250591722404,0.015395325082917655,0.7910101554577095,0.016449800437876853,False,False,False,False,False,none
66,-1.7565196855091583,0.00783513332960424,0.45679238911110726,0.008371786823725932,False,False,False,False,False,none
67,4.0860039120740055,0.024424859558050353,2.4700254625489877,0.026097796785006438,False,False,False,False,False,none
68,0.915569249054007,0.31318766147508253,0.4373635663047121,0.3346388922041573,False,False,False,False,False,none
69,-0.05150705059901953,0.3843158691751605,0.11944495934420699,0.4106388997303638,False,False,False,False,False,none
70,0.9821624896772057,0.17477396598258366,0.4060984868839329,0.1867447973112187,False,False,False,False,False,none
71,0.6576546680577637,0.2975806356506943,0.16739055187723273,0.31796289095980285,False,False,False,False,False,none
72,-0.7222888311553375,0.39843583957067663,0.5357936649192463,0.4257259923343838,False,False,False,False,False,none
73,-0.30646200761397463,2.2554777703552134,0.22682829050543032,2.409962700662847,False,False,False,False,False,none
74,2.1720698922666983,6.867600693045753,1.021403969928247,7.337984763503136,False,True,False,False,False,none
75,-0.2655073001904105,0.5022243031929002,0.3658675273666728,0.5366232618070372,False,False,False,False,False,none
76,0.45694291143582866,0.9318145048663369,0.057921288506803746,0.9956374787550342,False,False,False,False,False,none
77,0.4682625510267926,0.09066392381835923,0.05183061207226784,0.09687378770466568,False,False,False,False,False,none
78,-1.3255513596546886,2.2721190297855625,0.8290987837308612,2.4277437735008554,False,False,False,False,False,none
79,3.2756622420055557,0.1296419787111457,1.5697550412482129,0.13852157500305723,False,False,False,False,False,none
80,-0.6224233984776371,0.1093244274725669,0.6359920863877578,0.11681240930107395,False,False,False,False,False,none
81,0.9299987492609167,0.6137006928211008,0.24461876601965438,0.6557350280765013,False,False,False,False,False,none
82,0.79224518612879,5.194013803463484,0.12884125940955318,5.549768522481874,False,False,False,False,False,none
83,0.03838219336591761,0.4245671619820376,0.26278737005015346,0.4536471331046859,False,False,False,False,False,none
84,-2.839257621687662,0.7478459701764193,1.6067892169982805,0.7990683471388639,False,False,False,False,False,none
85,-2.256317583300608,2.8410774252257167,1.002522324345708,3.0356719602742546,False,False,False,False,False,none
86,0.5483270313743691,0.476169787216821,0.5591158578529984,0.5087841881919218,False,False,False,False,False,none
87,1.0433478489535242,0.13000442551775993,0.6875332936169289,0.13890884695776023,False,False,False,False,False,none
88,1.3983228241583756,0.9775744957265919,0.7223010132698362,1.0445317186386398,False,False,False,False,False,none
89,0.37283216938999797,0.04764293482354322,0.08015568512506932,0.05090615273799292,False,False,False,False,False,none
90,-1.3099328118078888,0.012547404907859383,0.7525451084636625,0.013406817045814989,False,False,False,False,False,none
91,3.2111597430405956,3.1382254550754762,1.59211410372837,3.353172614869751,False,False,False,False,False,none
92,-3.5556342549379263,0.13340807387988568,2.0103295946283075,0.1425456221486784,False,False,False,False,False,none
93,1.1642471649696722,0.044981908146348545,0.6823615638798312,0.0480628637808608,False,False,False,False,False,none
94,0.06834971027397332,3.2723197118070355,0.014034709349443874,3.4964514187416555,False,False,False,False,False,none
95,1.8028447752985803,2.031962404441786,0.8530027657070309,2.1711380480964264,False,False,False,False,False,none
96,-0.2247210957747195,0.21831851065109853,0.30160419480031603,0.23327184796441183,False,False,False,False,False,none
97,-3.285745554247705,1.1946533090811269,1.7268418391495164,1.2764789584494716,False,False,False,False,False,none
98,-0.9365773996412553,1.0767138497660285,0.24138892507051044,1.1504614460529883,False,False,False,False,False,none
99,1.5727110157040725,1.7960218284575993,1.0246820344370415,1.9190371428388906,False,False,False,False,False,none
100,0.7145616821281952,0.017446531306198707,0.4032736131196034,0.018641500375888798,False,False,False,False,False,none
101,1.7499480150687132,0.8240863251470403,0.8251065286276439,0.8805306493523569,False,False,False,False,False,none
102,-1.6586080969449881,0.7609831868762432,0.9941352894565522,0.8131053740842079,False,False,False,False,False,none
103,3.4510936149311178,0.08841258976424873,1.6845023116814861,0.09446825253670706,False,False,False,False,False,none
104,-0.7192023030872907,0.6834057987765878,0.6763017695147433,0.7302144610402849,False,False,False,False,False,none
105,-0.34393383507253394,0.3519324246055001,0.3589183180211607,0.3760374088366747,False,False,False,False,False,none
106,2.0564536328893777,0.599095406367838,0.8778073493588087,0.6401293785562595,False,False,False,False,False,none
107,1.1426597251922423,2.8433359351712446,0.25876876586313374,3.038085162833525,False,False,False,False,False,none
108,1.9884468809031561,0.009970844529142956,0.6174874872773838,0.010653779755744773,False,False,False,False,False,none
109,-1.052574853732124,0.08346258398629339,0.9818608885696162,0.0891792049345845,False,False,False,False,False,none
110,1.7420092150455126,1.0487255999736491,0.5707624811927859,1.120556190970006,False,False,False,False,False,none
111,2.22222379073205,0.014993051297424238,0.6896649135893865,0.0160199736263535,False,False,False,False,False,none
112,5.191713950756949,1.0073868847799632,1.9928675239301172,1.0763860541504275,False,False,False,False,False,none
113,-0.12421081538956077,0.5278949058865469,0.9855994904041099,0.5640521266836264,False,False,False,False,False,none
114,0.12101804440593306,0.0594044334311931,0.6694665566668566,0.06347323423215911,False,False,False,False,False,none
115,-0.4414143274926597,0.24270606301744466,0.8085296338552919,0.2593297822681048,False,False,False,False,False,none
116,-3.3451223562691306,2.206702182235396,2.0560343010283244,2.357846315559596,False,False,False,False,False,none
117,-5.833393147091013,0.13856311249190673,2.8524204647346965,0.14805374594343917,True,False,False,False,False,none
118,2.099114565212429,2.2193961268700715,1.5678218662784535,2.3714097093096616,False,False,False,False,False,none
119,0.21977955275059002,0.0017451197315960275,0.342189618813242,0.0018646485975673513,False,False,False,False,False,none
120,1.0301246630561876,0.6957888763121267,0.6670236434959822,0.7434456954032664,False,False,False,False,False,none
121,-1.1319778401834277,0.6019148542189575,0.5156800238579218,0.6431419394632961,False,False,False,False,False,none
122,0.4239937986633301,0.15216226661591178,0.3425910343037687,0.16258434989359738,False,False,False,False,False,none
123,2.074135768429578,0.2774008739521756,1.0749100749421079,0.2964009524468661,False,False,False,False,False,none
124,0.0003462698768352812,2.3440608885731313,0.14651132789411211,2.504613161695752,False,False,False,False,False,none
125,-2.7584191573499997,3.4764057622748594,1.4560769607840265,3.714515979526749,False,False,False,False,False,none
126,0.40752503802755413,1.4200087133290729,0.37161594762009065,1.517269679496931,False,False,False,False,False,none
127,1.2384593587671557,0.5025028175217006,0.7005569417031926,0.5369208524784378,False,False,False,False,False,none
128,1.1105876456070258,0.2919990035041249,0.4983876015763462,0.3119989548665934,False,False,False,False,False,none
129,-0.4437812827649539,0.5638203002930624,0.35564715405720526,0.6024381669560024,False,False,False,False,False,none
130,6.7982936694352505,0.21823571413996135,3.2301637266925716,0.23318338045379913,True,False,True,False,True,score
131,0.3943220312540112,5.184963589650765,0.5238070710971562,5.540098430402783,False,False,False,False,False,none
132,1.2380426119131513,0.9731808649051755,0.009576120405589361,1.0398371539041673,False,False,False,False,False,none
133,1.650417885622166,1.4502629923525694,0.19247065913229539,1.5495961714448387,False,False,False,False,False,none
134,0.9049579200095428,0.16764946723880747,0.20780574229279056,0.17913231872282817,False,False,False,False,False,none
135,1.5645524809649087,0.00041606466942457004,0.15386597988549092,0.00044456227747211046,False,False,False,False,False,none
136,-0.8865190172774555,2.0138073500201226,1.0664468969434013,2.1517394955769653,False,False,False,False,False,none
137,-0.5349212501485139,0.06499787363044855,0.6825221460452897,0.06944978714957972,False,False,False,False,False,none
138,-4.133229550833173,0.030946457093447836,2.2923276513575903,0.03306607952120359,False,False,False,False,False,none
139,-0.41070959207098384,0.34309926597171214,0.02727051130000994,0.3665992387441738,False,False,False,False,False,none
140,-1.7105123737248782,0.02878370433481665,0.6526290912353606,0.030755192866694037,False,False,False,False,False,none
141,-2.457557109840585,2.7955428894867933,0.8846546541366246,2.987018617658724,False,False,False,False,False,none
142,4.157125878372345,0.16421097243735622,2.502475528885898,0.17545831034782408,False,False,False,False,False,none
143,-1.8460849333025002,0.6406314642436528,0.9114627294580293,0.6845103746932873,False,False,False,False,False,none
144,-2.117829253922451,0.40339911671040884,0.8610515475557412,0.4310292202965567,False,False,False,False,False,none
145,1.149040392242148,1.2683124535250239,0.8966168275686329,1.3551832547212863,False,False,False,False,False,none
146,0.17082706444245188,3.7530133508725876,0.2425526923179798,4.010069311952559,False,False,False,False,False,none
147,-1.886667859404724,3.569358923625484,0.8044892463199522,3.813835802008715,False,False,False,False,False,none
148,-0.2972856847053633,0.05653932082474082,0.1277582621437635,0.06041188084375419,False,False,False,False,False,none
149,-1.297350125893645,0.00763377757951653,0.38313881454348053,0.008156639570379716,False,False,False,False,False,none
150,-0.9215504275085589,0.7569947275336759,0.12413014042849974,0.8088437323269568,False,False,False,False,False,none
151,-2.216152334600708,0.8344139345243626,0.7275927365207651,0.8915656299287529,False,False,False,False,False,none
152,-0.5695184419653427,0.20764955401347318,0.2170605388114392,0.22187214015544635,False,False,False,False,False,none
153,-0.6073184617258265,0.005212926303322414,0.15530354658767362,0.005569976400313955,False,False,False,False,False,none
154,-0.8875927472698012,0.8520585014953719,0.011778239396135304,0.9104187300693866,False,False,False,False,False,none
155,0.5710258513231475,0.05342470931485847,0.698465653888808,0.05708393956917026,False,False,False,False,False,none
156,-0.43079748302771126,0.1765825936829632,0.07257348311235137,0.18867730374271144,False,False,False,False,False,none
157,2.166016327004262,1.0287470813900563,1.3183292735124184,1.099209279360509,False,False,False,False,False,none
158,2.6794325007102797,0.21362396003492565,1.303831552767819,0.22825575247012167,False,False,False,False,False,none
159,-2.0224098864465203,0.4256538347459588,1.2388053995212611,0.45480823558297095,False,False,False,False,False,none
160,-1.7906628047472837,0.15046885366289764,0.8785741816383632,0.16077494963826228,False,False,False,False,False,none
161,1.0165975280451485,0.24968121602034737,0.659543817033786,0.2667826859452555,False,False,False,False,False,none
162,1.177877973810135,0.5470423752644128,0.6059067360812085,0.5845110678530947,False,False,False,False,False,none
163,-0.49520884089171086,1.2193127152723446,0.3272473165517991,1.3028273667212897,False,False,False,False,False,none
164,1.9488629635922574,3.958511998648547,0.9243447771834726,4.229643223380965,False,False,False,False,False,none
165,-1.7752568070543742,0.009929197695251423,1.0678921993842028,0.01060928039618625,False,False,False,False,False,none
166,-2.3033397153312123,0.6528906062094217,1.110599867287317,0.6976091847405178,False,False,False,False,False,none
167,0.3727343147655977,0.4440058621479295,0.4102566995252729,0.4744172523959926,False,False,False,False,False,none
168,-2.6588271406458777,0.012707206754981723,1.1430543114006821,0.013577564235667014,False,False,False,False,False,none
169,0.031059229138173106,0.26211287098938474,0.39099646812992955,0.28006582496647126,False,False,False,False,False,none
170,0.04714848120285525,0.7814768192507837,0.3206055161944616,0.8350026812857597,False,False,False,False,False,none
171,0.8785007627231765,0.44772025704217444,0.6599514388437335,0.47838605814895424,False,False,False,False,False,none
172,-1.2444777291474056,0.19659447014997208,0.5023503512560824,0.21005985802440078,False,False,False,False,False,none
173,1.7402039454556628,1.1772987314014793,1.046627969039036,1.2579357098999104,False,False,False,False,False,none
174,0.33294268428264084,0.042919032308025594,0.15433857238367782,0.04585869493832152,False,False,False,False,False,none
175,-2.5248721581402886,0.17831143821823786,1.2634671233094454,0.19052456240339005,False,False,False,False,False,none
176,0.5541451421295737,4.310445764032807,0.4835169653851261,4.605682064830651,False,False,False,False,False,none
177,0.3680362342338652,0.04926666220888294,0.2964922858581997,0.05264109443688506,False,False,False,False,False,none
178,-0.19847828234510423,0.4148954019412954,0.037743682411135904,0.4433129230963651,False,False,False,False,False,none
179,2.0741339793108793,0.5592626982713038,1.0727359422025404,0.5975684001060396,False,False,False,False,False,none
180,-2.7840505376280156,0.03821004155106757,1.4995569358038077,0.040827170251537453,False,False,False,False,False,none
181,-1.1039215891450542,0.0294082187103168,0.3842551960558446,0.03142248224137321,False,False,False,False,False,none
182,-3.1826273663155575,0.2220748599901095,1.3162294842712026,0.23728548175706513,False,False,False,False,False,none
183,-3.3473294806476703,3.229930353125675,1.1329158540435085,3.451158676481106,False,False,False,False,False,none
184,3.3016808035986642,1.189107517559125,2.3205260914579444,1.2705533178205366,False,False,False,False,False,none
185,-0.38454176910474924,1.1739691193187585,0.06744489844400825,1.2543780419714121,False,False,False,False,False,none
186,0.0831739071447431,5.413392922329029,0.28094495463366476,5.78417362313023,False,False,False,False,False,none
187,-0.02345565678552633,0.20391813780691115,0.1730071275191934,0.2178851472457148,False,False,False,False,False,none
188,0.4433471514684343,0.09597328908632738,0.36495171013846445,0.10254680848464122,False,False,False,False,False,none
189,3.714668019692084,0.2203203861914621,1.8795796747742162,0.23541083840229396,False,False,False,False,False,none
190,-3.699025443281677,0.5041851269837682,2.0943066018058145,0.5387183887290019,False,False,False,False,False,none
191,-1.7020957684800218,0.2678978008292031,0.7063070536326805,0.2862469832661242,False,False,False,False,False,none
192,-1.8170177570162278,0.05308542635499553,0.620818910093267,0.05672141802762059,False,False,False,False,False,none
193,-4.0660666669657815,0.2561128066560585,1.5881503882006107,0.27365479691957706,False,False,False,False,False,none
194,0.9436860055635257,0.8126365486225314,1.1607835496085357,0.8682966407898847,False,False,False,False,False,none
195,-0.20575506380564693,2.3135910145488827,0.37078682408718994,2.4720563079517355,False,False,False,False,False,none
196,0.21632280967772188,0.14402244221888644,0.5014698236891683,0.1538870027307889,False,False,False,False,False,none
197,-0.001922279414280914,0.0016884581744732849,0.29525842903868754,0.0018041061080682056,False,False,False,False,False,none
198,3.029638401484026,5.246904233083388,1.7074660383696505,5.606281587820543,False,False,False,False,False,none
199,0.32100572508558856,0.7481342286103984,0.0514350655843328,0.799376349320562,False,False,False,False,False,none
200,4.162001713990629,2.34599536096298,1.9052377561221796,2.5066801323244463,False,False,False,False,False,none
201,-0.9844775801237126,0.006805481024696731,0.9734690194133853,0.007271610319176376,False,False,False,False,False,none
202,2.8919896531160623,4.567118678385615,1.1025291849191057,4.879935333025477,False,False,False,False,False,none
203,-0.5790845186074058,0.3173582943217227,0.8025380634334514,0.33909518511498443,False,False,False,False,False,none
204,-1.213814125361923,0.21491000053365758,0.9500737103527664,0.22962987802091248,False,False,False,False,False,none
205,0.8948179885222858,0.22427043489834264,0.2632900338102759,0.23963143865582,False,False,False,False,False,none
206,-0.3770585614477711,0.15991760036776967,0.40662765975372694,0.1708708714097131,False,False,False,False,False,none
207,-0.28201440275778406,0.003604374888496566,0.27917585271227624,0.0038512501229903567,False,False,False,False,False,none
208,0.0003484160832182559,0.7763780400463495,0.08630601074167382,0.8295546702864464,False,False,False,False,False,none
209,1.6267263058015073,0.27871061355171894,0.7202593945958445,0.2978004003261433,False,False,False,False,False,none
210,-4.129186178342748,0.11222113521336977,2.2172182592587517,0.11990752187624991,False,False,False,False,False,none
211,-2.860417650513769,1.0368199567673406,1.15802328772875,1.1078350919497817,False,False,False,False,False,none
212,-1.787474426953795,2.2363841434164753,0.40570410160198817,2.3895612897744196,False,False,False,False,False,none
213,-3.7316963564661627,0.13878120177306286,1.268121694488073,0.14828677286124287,False,False,False,False,False,none
214,-3.9563879419056596,2.562687510733774,1.1235433613987125,2.738214224718457,False,False,False,False,False,none
215,-1.2089718936915799,4.461433134111643,0.43452519512073284,4.767011045742693,False,False,False,False,False,none
216,-0.07155559514058053,0.0664325754183283,0.8996243802672018,0.07098275627958359,False,False,False,False,False,none
217,-1.6540283737857289,0.0012679816514765893,0.04829692731263797,0.0013548297949760792,False,False,False,False,False,none
218,0.11568904676684177,0.25923949835710425,0.8202313639127544,0.2769956457964895,False,False,False,False,False,none
219,-1.4666059551802595,1.5408275073735602,0.11172506284908662,1.6463637415237204,False,False,False,False,False,none
220,0.28254385348508443,0.05786564900789483,0.7595071024022352,0.061829053512113354,False,False,False,False,False,none
221,-1.4213318300004287,0.9195668076021077,0.21930929717935388,0.9825508972937795,False,False,False,False,False,none
222,-2.383148539291885,0.029808154374386824,0.6422306965055864,0.03184981078601313,False,False,False,False,False,none
223,-3.3364112425246395,1.4891195913660433,0.9764164357867737,1.5911141839599154,False,False,False,False,False,none
224,-0.7177534082043042,0.9821325201453253,0.48973855247403364,1.0494019368169052,False,False,False,False,False,none
225,3.1589609833773373,2.1099593243130337,2.273215191869649,2.2544772279929735,False,False,False,False,False,none
226,1.6568399957954625,0.535685044071512,1.089571583153221,0.5723758365004686,False,False,False,False,False,none
227,-0.933305605145295,0.3993807048815722,0.38537704427258174,0.4267355745108687,False,False,False,False,False,none
228,-2.323868894469747,0.014684458611459193,0.9831616762505697,0.01569024443431806,False,False,False,False,False,none
229,-3.3353647495216165,0.31053204866713624,1.2774225921618867,0.3318013879295995,False,False,False,False,False,none
230,-0.36988197057480376,1.4004648782313092,0.41725268058730947,1.4963872242439589,False,False,False,False,False,none
231,3.468373409497305,0.40527221299070737,2.19656179187822,0.4330306109684581,False,False,False,False,False,none
232,-0.3554367622662251,0.9854467479022053,0.09849974991339709,1.0529431666975813,False,False,False,False,False,none
233,2.7211614020937303,0.09528577001413369,1.414316823214022,0.10181219901885155,False,False,False,False,False,none
234,0.3373172300129911,0.42133161872208186,0.025459849625121756,0.4501899770753244,False,False,False,False,False,none
235,0.7383673604237374,1.75693867345686,0.17426742346281215,1.8772770567879549,False,False,False,False,False,none
236,-1.9578994910735836,0.3956498462687989,1.169122516539734,0.42274917738631873,False,False,False,False,False,none
237,-1.4151493650027411,1.1005946199734242,0.6718936971147137,1.1759778870569095,False,False,False,False,False,none
238,-0.40871806991509535,1.518580569457575,0.049079609144693816,1.6225930392422951,False,False,False,False,False,none
239,-2.9342129589682946,2.124827839272743,1.2649220928218532,2.2703641353871014,False,False,False,False,False,none
240,-0.42407821630235587,1.089198928751097,0.20626623486022344,1.1638016682730044,False,False,False,False,False,none
241,2.0185041281216574,5.973890904733158,1.3504327622700782,6.383061915954325,False,False,False,False,False,none
242,0.39255044378479154,0.008821726567736752,0.29124787950100584,0.009425955007458941,False,False,False,False,False,none
243,-1.998944482595598,0.20604121633065353,0.9276280239156188,0.2201536422493218,False,False,False,False,False,none
244,-0.3828424408175931,0.35385918163909014,0.0422147696476301,0.3780961356595333,False,False,False,False,False,none
245,2.2878971244731865,1.1571807761715553,1.3299195178199843,1.2364398111794872,False,False,False,False,False,none
246,-0.45009738341393635,4.613920194406463,0.2648518631478897,4.929942435479409,False,False,False,False,False,none
247,2.90734872507222,0.2709974310819533,1.4175346139199472,0.28955891716906734,False,False,False,False,False,none
248,-1.0306693578923092,1.9047740741748198,0.7771482076321404,2.0352381798149928,False,False,False,False,False,none
249,-1.0463494581267483,0.8331144115085816,0.6293283406234994,0.8901770983999353,False,False,False,False,False,none
250,-0.7919770183964505,1.0698672553842687,0.38001212811800456,1.1431459063906266,False,False,False,False,False,none
251,2.154705763235781,0.10063390468095822,1.1260571471049727,0.10752664463856572,False,False,False,False,False,none
252,-0.3724422756463279,4.856009839852688,0.32561498482622286,5.188613579753294,False,False,False,False,False,none
253,0.5570706674185392,1.5267037792248854,0.19061379605184248,1.631272633785936,False,False,False,False,False,none
254,1.1543952011899592,0.00011896620833022154,0.4423810852455792,0.0001271145867555887,False,False,False,False,False,none
255,2.919788760404167,2.06579964714629,1.2106753428690185,2.2072929124373366,False,False,False,False,False,none
256,1.7500460123109423,2.577042833814368,0.4008475667412687,2.753552790070288,False,False,False,False,False,none
257,-0.6495762678383254,1.0076834550826277,0.8438925939098096,1.0767029375074437,False,False,False,False,False,none
258,-2.4858098737958496,0.037095981932743896,1.566264226874286,0.03963680510506478,False,False,False,False,False,none
259,-0.45149008537132185,0.0858111119205881,0.26572720247474996,0.09168859110433764,False,False,False,False,False,none
260,1.1734301873926023,0.13898749729430263,0.5760150390760952,0.14850719822656286,False,False,False,False,False,none
261,-2.9852059942494087,2.176854673091201,1.5574329525498778,2.3259544544689525,False,False,False,False,False,none
262,1.565671860687594,3.7582588519345155,0.9626590560554829,4.015674094261516,False,False,False,False,False,none
263,1.752493288601466,0.3263370387957326,0.8607943273412875,0.34868891269037916,False,False,False,False,False,none
264,0.01839807190325271,0.4641105828260406,0.15294548430377794,0.49589901008756243,False,False,False,False,False,none
265,2.571804169085536,2.4425936482685673,1.1168477223127753,2.6098947471675427,False,False,False,False,False,none
266,1.3808197878544168,1.3731790338786691,0.31547660516453846,1.4672324846095273,False,False,False,False,False,none
267,-1.8323560369787182,0.002948753896062929,1.307018410219825,0.0031507235390871215,False,False,False,False,False,none
268,0.313243293640303,5.389155071656255,0.004325012714445864,5.758275644070821,False,False,False,False,False,none
269,2.5188520375440397,0.8031222058013907,1.0669531226924065,0.8581306300130827,False,False,False,False,False,none
270,-4.027479191282888,0.027375055548785294,2.3234646780312542,0.02925006119247012,False,False,False,False,False,none
271,0.5724029310006713,0.44972789644710187,0.3736161400259093,0.48053120723703147,False,False,False,False,False,none
272,2.616702272361781,0.08052489833710114,1.2910203092965826,0.08604030774221232,False,False,False,False,False,none
273,2.6895500561864205,1.261760026368497,1.068170307726271,1.3481820307440031,False,False,False,False,False,none
274,-2.0115785345965023,1.0999305569085753,1.426987980074011,1.1752683401758859,False,False,False,False,False,none
275,-0.6254459207688755,0.023092468093621234,0.4688806127395405,0.024674145541726828,False,False,False,False,False,none
276,-0.3879050539889824,0.31327013349731075,0.2598225463310652,0.3347270130005715,False,False,False,False,False,none
277,-1.4567774747610065,3.4283711476054357,0.7265969474508577,3.6631913195298593,False,False,False,False,False,none
278,0.5450677807445523,0.20430542323036127,0.39024627072254303,0.21829895909404803,False,False,False,False,False,none
279,2.249054932764647,0.2844630953143313,1.1391660929362928,0.3039468880753689,False,False,False,False,False,none
280,-1.142933916278257,3.0680863314057216,0.7348473108625049,3.2782294369218405,False,False,False,False,False,none
281,-1.1807873103917483,0.07979163983073867,0.6062486364802453,0.08525682600122447,False,False,False,False,False,none
282,0.8278943177817386,0.005195190365772589,0.4898427078897113,0.005551025671329544,False,False,False,False,False,none
283,-0.13681245793260033,0.22179313646551974,0.07631168257990886,0.2369844620817288,False,False,False,False,False,none
284,-0.8237765775691166,0.5009293275067517,0.39444275389190736,0.5352395890690914,False,False,False,False,False,none
285,0.37928167412475744,0.02067217363365663,0.26830698975345635,0.022088077326025895,False,False,False,False,False,none
286,-3.2303063827196468,4.520036845279334,1.5371385679918954,4.829628713666909,False,False,False,False,False,none
287,-0.8951218956769255,1.5063770709858468,0.0964127798825181,1.6095536838910656,False,False,False,False,False,none
288,4.04786451974768,0.06028899362022078,2.321771026945025,0.06441838079492583,False,False,False,False,False,none
289,0.33473301145047607,3.194048949346194,0.05538155962754564,3.4128196398953663,False,False,False,False,False,none
290,1.5863227979649845,1.492900298374864,0.6517194811405332,1.5951538437575632,False,False,False,False,False,none
291,0.6000912999247667,0.5530648000374063,0.04274348370036142,0.5909459878781218,False,False,False,False,False,none
292,0.379654013072648,0.35327922736486705,0.07278654754502371,0.377476458450856,False,False,False,False,False,none
293,4.242576502052659,0.1419249409790851,1.816501706365886,0.1516458368816042,False,False,False,False,False,none
294,-2.9880865315687872,0.5399147658863805,2.0559417192802747,0.5768952655730982,False,False,False,False,False,none
295,1.436590354552332,0.7504632208538113,0.5026049267563163,0.8018648617371017,False,False,False,False,False,none
296,2.2146866176792868,6.151739154049903,0.779705067992234,6.573091564157881,False,False,False,False,False,none
297,-7.022890782917686,0.08967882990499285,3.8593629701869205,0.09582122153927665,True,False,True,False,True,score
298,2.3939598422196777,0.013065865150959494,1.4826404810235578,0.013960788299298494,False,False,False,False,False,none
299,1.130449756088923,0.3921983058939261,0.572913061303893,0.4190612299045906,False,False,False,False,False,none
300,-0.926500546181841,0.7912624483672073,0.539936638573773,0.8454585596291703,False,False,False,False,False,none
301,-4.213190233462201,1.3362462147877605,2.027026322880057,1.4277700178943704,False,False,False,False,False,none
302,-0.9595872514720204,0.3250705024935405,0.04260149253846731,0.347335627241311,False,False,False,False,False,none
303,-2.4024177905918,0.03977662227632887,0.7343072707725199,0.04250105113171234,False,False,False,False,False,none
304,3.132467643810089,0.013102628852544138,2.098712403536294,0.014000070065105185,False,False,False,False,False,none
305,-0.35191017978457595,1.1946345546486565,0.012047939039972016,1.2764589194655722,False,False,False,False,False,none
306,-2.220784665188262,0.11667674549631402,0.9166295836433216,0.12466831124501163,False,False,False,False,False,none
307,-2.2922434974757735,0.729796717332915,0.767983649368977,0.7797828428881047,False,False,False,False,False,none
308,-3.0954967263515716,3.32448687745967,1.0042170775322967,3.5521916814365744,False,False,False,False,False,none
309,-3.6476300957491166,0.6726820473665837,1.071331798902609,0.7187562053886584,False,False,False,False,False,none
310,2.1644908640416602,7.862512020277336,1.9636391043966612,8.401040769024073,False,True,False,True,True,residual
311,-2.90473507398647,0.6613755129940148,0.8892557939472392,0.706675250094046,False,False,False,False,False,none
312,-2.085253755299961,0.3076931549710502,0.313698755507451,0.32876804926910064,False,False,False,False,False,none
313,-2.6891036710214165,1.385023210789472,0.5440159130048206,1.4798879073098767,False,False,False,False,False,none
314,2.1460952710780026,0.8104445468893647,1.9113777344456293,0.8659545018044545,False,False,False,False,False,none
315,-0.24431746736950805,0.2910329894797563,0.36900106115690645,0.31096677543319606,False,False,False,False,False,none
316,4.451304464901213,0.24822723741680722,2.5740526158851544,0.2652291196684565,True,False,False,False,False,none
317,0.22920333869353182,0.5623308699326793,0.010196673268274318,0.6008467207174555,False,False,False,False,False,none
318,0.07655521630609524,0.09444907688577114,0.06592495515673182,0.10091819808576451,False,False,False,False,False,none
319,-3.5549680533558856,0.7611007445619413,1.8151695930845102,0.8132309836740839,False,False,False,False,False,none
320,-1.604480194531974,0.0024903173556284405,0.5055363171030957,0.0026608872048127937,False,False,False,False,False,none
321,-3.809942813120845,0.07486371659864627,1.4747712698634567,0.07999137344958959,False,False,False,False,False,none
322,0.7506298200902359,1.461826270792078e-05,1.0334934152825106,1.5619514560337025e-05,False,False,False,False,False,none
323,0.2573961209478949,0.2126652802907396,0.587421438756658,0.2272314096653573,False,False,False,False,False,none
324,-1.8785298281719895,0.35416041781943797,0.566657935535841,0.3784180044752096,False,False,False,False,False,none
325,2.569250952711931,1.3033663175794148,1.705244600801239,1.3926380707232564,False,False,False,False,False,none
326,1.9847662207820382,2.2617315637874595,1.0805369697542628,2.4166448365311113,False,False,False,False,False,none
327,-2.1271830337150455,3.1213979310108417,1.1311575816421187,3.335192519533281,False,False,False,False,False,none
328,-0.16368708771772275,1.3415672133734704,0.04798630082100144,1.4334554687954544,False,False,False,False,False,none
329,0.6185122827041458,0.4076836347839574,0.4180014632733279,0.43560719879995013,False,False,False,False,False,none
330,2.7362326182559578,0.03458521046916538,1.3621608152851208,0.036954062824629916,False,False,False,False,False,none
331,3.7107142879673045,2.317585640102462,1.5626583954916438,2.4763245382636327,False,False,False,False,False,none
332,4.858468123564457,0.7341469112398109,1.8071478935689702,0.7844309955740072,False,False,False,False,False,none
333,5.8776329374297385,1.614680918415131,1.9403334202448141,1.7252756103376066,False,False,False,False,False,none
334,4.008933596369497,0.19272779378509708,0.64536050381268,0.2059283405528649,False,False,False,False,False,none
335,-0.5511752037072628,0.40169525856453103,1.6967969233397895,0.4292086594234875,False,False,False,False,False,none
336,-3.3224348072931615,4.333111291975966,2.702369037720692,4.629900027717175,True,False,False,False,False,none
337,3.0180519029759,0.6077428386306054,0.9152326884447396,0.6493691012809468,False,False,False,False,False,none
338,-0.7084338825742794,6.611316658370357e-06,1.0763301308870818,7.06414701060619e-06,False,False,False,False,False,none
339,-0.5670924629254475,0.733172887954154,0.7924691137676321,0.7833902582992432,False,False,False,False,False,none
340,-2.218655482171002,3.6416228157096775,1.4355021939334103,3.8910492805969805,False,False,False,False,False,none
341,-0.7351560208059785,0.00024795967977539577,0.42843847497257126,0.00026494323614322126,False,False,False,False,False,none
342,-0.8545426749305037,0.07115058157596048,0.4006908125503784,0.0760239138608443,False,False,False,False,False,none
343,0.4544056289273388,0.11599715226449607,0.31469848349011253,0.12394217048590929,False,False,False,False,False,none
344,-1.8601244448343224,0.14259920481197014,0.8715154086928775,0.15236628321409146,False,False,False,False,False,none
345,-2.1491576828401024,0.9358704117646006,0.8374842471898003,0.9999711877681083,False,False,False,False,False,none
346,-2.8551669963240887,1.3459265923862493,1.012623707644214,1.438113435704698,False,False,False,False,False,none
347,-2.1242636871440617,1.0750833979455954,0.4553812478607244,1.148719319340805,False,False,False,False,False,none
348,-2.7304817473626217,2.799938744353618,0.6585112009212187,2.9917155587706317,False,False,False,False,False,none
349,0.27090671371194336,0.4351365317409396,0.9298073291832074,0.46494043300914745,False,False,False,False,False,none
350,-2.4867897037929474,5.6245348050249175,0.5945032295775833,6.009777292797382,False,False,False,False,False,none
351,-0.3926172523262683,0.6066617734066109,0.5407289396544229,0.6482139904210422,False,False,False,False,False,none
352,-1.6988571371547199,3.0771841670308095,0.2013535477276813,3.287950412584469,False,False,False,False,False,none
353,0.1357597134781065,0.0435469324144352,0.729282679328068,0.04652960194351496,False,False,False,False,False,none
354,-1.0933685327716085,1.0841818702050297,0.013087186653890361,1.1584409752429152,False,False,False,False,False,none
355,0.5315653424196806,2.5131327714607754,0.7781336531832579,2.685265321892343,False,False,False,False,False,none
356,-1.280497918363195,0.4715402982284925,0.2569130186752728,0.5038376106057264,False,False,False,False,False,none
357,0.09869868855709474,0.6928256341672122,0.4638132140825586,0.7402794912685426,False,False,False,False,False,none
358,4.338221097624038,0.04867196844666516,2.42855078578931,0.052005668185250584,False,False,False,False,False,none
359,1.8226952855940532,0.368472940560733,0.7220203572675342,0.3937108379547777,False,False,False,False,False,none
360,0.7415884739358781,2.2813288693834277,0.05293985241387721,2.4375844246487706,False,False,False,False,False,none
361,-0.977239963255092,0.01565106833949026,0.7918198801253313,0.0167230603730386,False,False,False,False,False,none
362,-0.8487122797023197,0.22553883976231687,0.5710796006005018,0.24098672065047952,False,False,False,False,False,none
363,-3.17640309732914,0.1435431266369135,1.5865249711881562,0.15337485728223527,False,False,False,False,False,none
364,0.29299645609930514,3.040868895251977,0.41452871846372397,3.249147790983975,False,False,False,False,False,none
365,3.4776344517772504,0.20282086632844637,1.877172856822055,0.21671272011282186,False,False,False,False,False,none
366,-0.6353200637779718,0.13413237660279653,0.4943367394038815,0.14331953469578756,False,False,False,False,False,none
367,-3.7541090543031688,0.04261661377051419,1.909061819607629,0.045535562782034876,False,False,False,False,False,none
368,-2.837279312073151,0.6758999946931773,1.082299008606208,0.7221945602825606,False,False,False,False,False,none
369,-1.5274775984781541,0.000821243299517431,0.23017390153333012,0.0008774928957489118,False,False,False,False,False,none
370,2.2468418320327226,1.097000549519973,1.6475915051635284,1.172137647152879,False,False,False,False,False,none
371,1.7394631787359607,0.04976576879140246,1.0718351642586934,0.053174386435297406,False,False,False,False,False,none
372,4.934286823552702,4.644609189671987,2.4079612531124104,4.962733418783618,False,False,False,False,False,none
373,1.2354306395530432,0.8319823438884004,0.13126175743943366,0.8889674918256107,False,False,False,False,False,none
374,-0.5418530794132171,1.537279398202514,0.7575315314948914,1.6425726109382237,False,False,False,False,False,none
375,1.1679033272173247,0.2591300888413532,0.2237437520599672,0.27687874247093996,False,False,False,False,False,none
376,1.2144375031807315,3.449794108330561,0.20157869570337197,3.686081607771178,False,False,False,False,False,none
377,-1.517661742434227,0.18280812642386618,1.164663466642313,0.19532924325394355,False,False,False,False,False,none
378,2.1400412501068544,0.6509373725259937,0.8434042456025745,0.6955221677968756,False,False,False,False,False,none
379,-1.3301150957221617,1.200807989622397,1.0093925809928275,1.2830551928659255,False,False,False,False,False,none
380,1.7706326992807144,0.02970221118297136,0.6973227158196776,0.03173661120450706,False,False,False,False,False,none
381,-1.4757271238577998,0.07715956920917616,1.0176461856281502,0.08244447639315135,False,False,False,False,False,none
382,-0.6518592776347807,0.22076929542428422,0.41428222496918016,0.23589049487299998,False,False,False,False,False,none
383,0.23994255146720272,0.08905814518088201,0.10137826671759455,0.09515802412113372,False,False,False,False,False,none
384,-1.996210029556107,1.8589480099638203,1.0041338758404714,1.9862733410042352,False,False,False,False,False,none
385,0.4119154005072505,0.11952749796355133,0.36539024560364936,0.12771432092205778,False,False,False,False,False,none
386,-4.27976787797465,0.8240657449218839,1.9846280860608947,0.8805086595213553,False,False,False,False,False,none
387,-1.2506716157083266,0.5335686402520121,0.11763919094373403,0.570114473373076,False,False,False,False,False,none
388,2.7259434438401025,0.25182137019096723,1.835796204897962,0.26906942616174173,False,False,False,False,False,none
389,0.5944930820141294,0.9493725353473268,0.4342139432206675,1.0143981152429846,False,False,False,False,False,none
390,-1.5917482090122808,0.9271648610563972,0.713642679355869,0.9906693658786401,False,False,False,False,False,none
391,-3.107055698096083,1.5073255845028024,1.3063143095955756,1.6105671641509829,False,False,False,False,False,none
392,3.8730141828889595,0.1038339061450442,2.3424752338194503,0.11094582450008977,False,False,False,False,False,none
393,2.4820360098224237,3.8927140780721894,1.1989187972724022,4.15933859149571,False,False,False,False,False,none
394,-0.9250160362621354,2.924437431596088,0.6943555300627429,3.1247415617219216,False,False,False,False,False,none
395,0.4228630509891199,0.8138136041251118,0.09866036953310754,0.8695543166114389,False,False,False,False,False,none
396,-3.401711645061103,1.2798865599679052,1.7771919222438668,1.3675501089583169,False,False,False,False,False,none
397,1.0418438979081923,0.07345966892694133,0.7347668436875737,0.07849115803481807,False,False,False,False,False,none
398,2.6268585078565634,2.4778299372848966,1.3570434931749218,2.6475444830041126,False,False,False,False,False,none
399,-4.64306158400934,0.817667563370933,2.442560295687946,0.873672245927515,False,False,False,False,False,none
400,-2.3795255849943118,0.2125535202894665,0.8555221871080242,0.22711199486196873,False,False,False,False,False,none
401,2.090928999453377,0.004454367096114431,1.4851571172481703,0.004759461032065518,False,False,False,False,False,none
402,1.2902294590486905,1.1520424889575447,0.7995348769112403,1.2309495861398903,False,False,False,False,False,none
403,2.0035924478808367,0.17885919393493732,0.9858330541226135,0.1911098356717285,False,False,False,False,False,none
404,0.4592472143985309,1.751683216245056e-05,0.03917384894543048,1.871661636400379e-05,False,False,False,False,False,none
405,-1.6719443373948537,2.049557335052889,1.0029583373703708,2.189938112123141,False,False,False,False,False,none
406,-1.5958879429966453,0.009062594309396361,0.7654554254939773,0.009683320555823948,False,False,False,False,False,none
407,2.909202982202622,0.1588642780103498,1.574020032811686,0.16974540361458765,False,False,False,False,False,none
408,1.0867384267683295,0.0006507717950210914,0.37474818955442285,0.0006953452493558569,False,False,False,False,False,none
409,0.5321178508046817,0.053875848816905846,0.03063333822616944,0.05756597906741748,False,False,False,False,False,none
410,-2.4324781675088856,0.5554219018653135,1.4142537262528725,0.5934645351950505,False,False,False,False,False,none
411,-2.045235887338028,1.2894559601713693,0.9434688229424114,1.3777749481747246,False,False,False,False,False,none
412,2.2719213667221085,0.014430904452070736,1.3404024449805352,0.015419323534650817,False,False,False,False,False,none
413,0.7648058855519486,0.5352162588762983,0.34089748723126145,0.5718749426987487,False,False,False,False,False,none
414,2.53944585878898,1.6564455073301256,1.1339758800199502,1.7699007903400692,False,False,False,False,False,none
415,1.3809397257314031,0.08139102374278832,0.3449412847373433,0.08696575686400697,False,False,False,False,False,none
416,-2.001276713654234,0.19279499082580687,1.3654844687350254,0.2060001401351237,False,False,False,False,False,none
417,-0.8524966147712428,0.035290802312543626,0.5348683377180827,0.037707982923858255,False,False,False,False,False,none
418,-2.5294387717999163,0.03568214398907537,1.241738427775682,0.03812612885109913,False,False,False,False,False,none
419,-0.8476942325356183,0.20485073140798937,0.17721632056649025,0.2188816171834883,False,False,False,False,False,none
420,-2.4306987130304787,1.3239468476495682,0.9100275304108584,1.4146282275232183,False,False,False,False,False,none
421,-0.23600819458949646,0.006628850581128366,0.3370923392248969,0.007082881888155637,False,False,False,False,False,none
422,-1.2514560104990975,0.35448597431584306,0.22313732230616654,0.3787658593836494,False,False,False,False,False,none
423,0.25250337964231256,1.5402072569941363,0.5513829152731734,1.6457010081999297,False,False,False,False,False,none
424,-0.028773767097276914,0.33502297728486996,0.3045985528235087,0.3579697790567881,False,False,False,False,False,none
425,-0.9891474259272832,3.739379506912816,0.2224040836951358,3.9955016421481555,False,False,False,False,False,none
426,2.5076932290067004,0.38210479144792087,1.5191429833114065,0.4082763781746428,False,False,False,False,False,none
427,0.5061658750744588,1.0644435154130552,0.24394484009774609,1.1373506770159383,False,False,False,False,False,none
428,2.39823620909121,4.733406645916164,1.1134043780436003,5.05761289854391,False,False,False,False,False,none
429,-3.4830966321897527,1.2334565228226362,1.963570546521807,1.3179399291635203,False,False,False,False,False,none
430,-1.1368968307951053,0.013185024758313738,0.43221247478434127,0.014088109531599592,False,False,False,False,False,none
431,0.647622080245019,0.12783036586174168,0.5202822987106541,0.13658587896007754,False,False,False,False,False,none
432,-0.9223182300197387,0.003500364761814618,0.3456884083179692,0.0037401160080417378,False,False,False,False,False,none
433,-7.164542384084985,0.6066327202952343,3.3059904363310553,0.6481829473685786,True,False,True,False,True,score
434,0.5347944059625489,0.5169860143873106,1.0918047410531702,0.552396050102301,False,False,False,False,False,none
435,-0.8256283264929811,0.8033316498633523,0.21321139074854373,0.85835441957281,False,False,False,False,False,none
436,-0.6033828011287774,1.4770963508920034,0.27842801084070634,1.5782674330566808,False,False,False,False,False,none
437,-0.08158140130942085,0.008683386998560902,0.4759800115145207,0.009278140116032606,False,False,False,False,False,none
438,0.3102938514700712,0.4177311837787101,0.5709666144352116,0.44634293675697867,False,False,False,False,False,none
439,-1.7518359793099827,0.43316625362479794,0.5440074945448017,0.4628352042047484,False,False,False,False,False,none
440,3.0198398443389305,0.48746411553924235,1.8805558009750758,0.5208521014047347,False,False,False,False,False,none
441,-0.094940896994903,0.006862622462260642,0.007202527255016247,0.007332665557672293,False,False,False,False,False,none
442,-1.0079957932258294,0.8810754940431751,0.4488804827063347,0.9414231898094638,False,False,False,False,False,none
443,1.062953491911963,0.8229202939264578,0.6459566059233277,0.8792847529013493,False,False,False,False,False,none
444,-0.3293654110771536,2.142866978702031,0.1589467802473039,2.289638833523361,False,False,False,False,False,none
445,0.3558126386822388,0.0493438281137016,0.20536917864581236,0.05272354568283398,False,False,False,False,False,none
446,-0.5692294525515254,0.0021460289406759533,0.28464067333981335,0.002293017368447634,False,False,False,False,False,none
447,1.049436431811738,1.2088496168944807,0.5578489191933702,1.2916476170667202,False,False,False,False,False,none
448,-3.2387266469638636,1.5365625715587334,1.6348270844455022,1.6418066865309617,False,False,False,False,False,none
449,0.7750192100181628,2.6299697134716946,0.6400659914932657,2.810104802026735,False,False,False,False,False,none
450,2.3853400585606597,0.5840667363079624,1.293564287093442,0.624071346523798,False,False,False,False,False,none
451,-1.3133789528913717,0.5147130482390452,0.7601892435973808,0.5499674011884497,False,False,False,False,False,none
452,1.2141877618246848,0.03279037867013497,0.6185124969387901,0.035036297220163035,False,False,False,False,False,none
453,-0.6672674519322599,2.0922096928811875,0.41828684034793234,2.2355118671884973,False,False,False,False,False,none
454,-0.0027420179946195944,1.8203123955661367,0.01212587612828479,1.9449914490523825,False,False,False,False,False,none
455,0.43454483370112273,0.0011645120996164274,0.20252079585087251,0.001244273280558285,False,False,False,False,False,none
456,-1.2684767644594441,0.007590658407514797,0.6644838427269079,0.008110567027536044,False,False,False,False,False,none
457,3.422457658042786,3.3202007585177515,1.7449897779590133,3.547611992416185,False,False,False,False,False,none
458,-0.1510562403379024,0.05100787487117621,0.33828503787429665,0.0545015683574007,False,False,False,False,False,none
459,1.1861970455979383,2.0573658621905513,0.3783599115500016,2.198281470411224,False,False,False,False,False,none
460,-0.29284267666695946,0.6499753089214757,0.41511097644338724,0.6944942093602963,False,False,False,False,False,none
461,1.2910334969521475,0.11136937890544804,0.43658873781064406,0.11899742603796444,False,False,False,False,False,none
462,-2.594374382103328,1.2083680597844881,1.536372432126136,1.2911330765606799,False,False,False,False,False,none
463,-0.6618967244529302,0.7673623292676761,0.2912391938109333,0.8199214444652294,False,False,False,False,False,none
464,3.0977221562790485,0.2275271363551999,1.5916048865204089,0.24311120207507297,False,False,False,False,False,none
465,-1.5404696754686613,0.37044095366585317,0.9776962173213816,0.39581364661026197,False,False,False,False,False,none
466,-2.6628352172212404,1.0587518106814855,1.3268568527846674,1.1312691291121837,False,False,False,False,False,none
467,0.07684542250372473,1.3120186077819262,0.26812029881587773,1.401882984123613,False,False,False,False,False,none
468,2.1193802312823227,0.09953778674543379,1.205767283698061,0.10635545005848107,False,False,False,False,False,none
469,3.354355299819005,1.078375304482841,1.5639647026634165,1.1522366991496873,False,False,False,False,False,none
470,-3.947976024672398,0.6890852844268305,2.2927529579104777,0.7362829529385132,False,False,False,False,False,none
471,-0.14361353098185903,0.02047459753329841,0.012108583733385166,0.021876968602781533,False,False,False,False,False,none
472,0.22925655441516513,0.00010051065586454857,0.19064599555575132,0.0001073949541141225,False,False,False,False,False,none
473,-0.5981961147463573,0.43563281195150405,0.24905769238617528,0.4654707050482947,False,False,False,False,False,none
474,1.122302834561288,0.2273846133885436,0.6357363313155252,0.24295891725181118,False,False,False,False,False,none
475,-1.8698559992467985,0.08660311209908853,0.9435479561557638,0.09253483792361077,False,False,False,False,False,none
476,0.7795434975164083,0.2930850523014755,0.530952699958058,0.31315939064082965,False,False,False,False,False,none
477,0.44948942875182163,0.1505340627358628,0.26458225011738634,0.16084462509046862,False,False,False,False,False,none
478,-2.202383288952336,0.44769722415186475,1.0753255539075737,0.47836144766187055,False,False,False,False,False,none
479,0.12048644212742127,1.113438553432477,0.26706110606184835,1.189701542848577,False,False,False,False,False,none
480,7.224181430919398,3.0080552529857334,3.661172580464065,3.2140866367691463,True,False,True,False,True,score
481,0.4245096357621768,0.26719518418462374,0.3710388734326528,0.2854962421466342,False,False,False,False,False,none
482,-0.5278801298130749,0.1375620127178269,0.7590393283311399,0.14698407762443177,False,False,False,False,False,none
483,0.3413132958546654,1.916612283941068,0.18539959406837847,2.0478872266618553,False,False,False,False,False,none
484,-0.4409696297881232,0.3516990494372533,0.5279726484022516,0.37578804905218555,False,False,False,False,False,none
485,-0.9054458487932835,0.6808493914161633,0.647795000161142,0.727482957113579,False,False,False,False,False,none
486,-1.595734984103251,0.19657033029641216,0.8532430851123178,0.21003406475459183,False,False,False,False,False,none
487,2.783434454879713,1.2528171664309085,1.44267842606243,1.3386266455524007,False,False,False,False,False,none
488,-0.30104834878578945,0.1497877652980983,0.3428004093177233,0.16004721133970953,False,False,False,False,False,none
489,-1.7205301195424376,0.7437818390319855,0.9631349165233383,0.7947258505745349,False,False,False,False,False,none
490,0.06475376113812661,0.4964684330505018,0.09591559591031146,0.5304731535969907,False,False,False,False,False,none
491,2.576595211773596,0.01002411946020873,1.2957646753735512,0.010710703658270614,False,False,False,False,False,none
492,1.5892401017035491,0.02200989532724678,0.5574343342695468,0.023517423883013717,False,False,False,False,False,none
493,-2.121529718088653,0.767828173464167,1.3549416336633775,0.8204191958297602,False,False,False,False,False,none
494,-2.690109984550019,0.0017142624504485277,1.3598933556767638,0.0018316778019395895,False,False,False,False,False,none
495,-1.2426987657187571,0.20676618568462068,0.38546553911889075,0.22092826708719343,False,False,False,False,False,none
496,-0.7134162910712952,0.007887059311970587,0.05150415698158465,0.00842726938371519,False,False,False,False,False,none
497,-0.0036469515269235975,4.170091089467254,0.30325777815872246,4.455714046962142,False,False,False,False,False,none
498,0.07601660164322638,0.04433536174195772,0.28126807212275423,0.0473720333327362,False,False,False,False,False,none
499,2.360019359506542,2.141551951677416,1.3334733148150246,2.288233736066255,False,False,False,False,False,none
500,-1.0113320637442182,19.833925202304247,0.5693858986022335,21.19241456224249,False,True,False,True,True,residual
501,1.163557502300217,10.662074917036211,0.5999959622895241,11.392354737188773,False,True,False,True,True,residual
502,2.186223352171422,10.854658885082403,0.9763109775347243,11.598129400915063,False,True,False,True,True,residual
503,0.09132357225254978,10.460485536910358,0.23563572407828456,11.176957851731313,False,True,False,True,True,residual
504,0.3309784849436037,10.595165520780622,0.07220065900754422,11.320862501078441,False,True,False,True,True,residual
505,-0.06323903753208548,15.909724438610816,0.2490798690564,16.999432660707534,False,True,False,True,True,residual
506,-1.7992186673076798,1.9338725443426827,1.0417593737528976,2.066329697839511,False,False,False,False,False,none
507,0.11109363284280627,9.95143571194005,0.0936940912523002,10.633041566196747,False,True,False,True,True,residual
508,3.6886051757952405,10.104655556644095,1.811172246720838,10.796755931104874,False,True,False,True,True,residual
509,3.132135525707694,24.616197314866994,1.1788752021225046,26.30223988048593,False,True,False,True,True,residual
510,-2.09507189581515,4.124376536703661,1.5937375651505399,4.406868357376652,False,False,False,False,False,none
511,-0.2737662808659914,7.676435195504013,0.39108466564199323,8.202218943752499,False,True,False,True,True,residual
512,0.2869865223106225,19.33589827032223,0.0407264624585255,20.660276163107127,False,True,False,True,True,residual
513,-0.3249637328123451,16.441388323545908,0.32956928789734413,17.56751191594279,False,True,False,True,True,residual
514,-1.8171838122686004,7.879741631865519,0.9878509498487844,8.419450492152443,False,True,False,True,True,residual
515,1.3934798668946586,15.10385055328949,0.7678997546318808,16.13836187978967,False,True,False,True,True,residual
516,-0.7890406786841853,7.104858789361039,0.4448882998125051,7.591493430298847,False,True,False,False,False,none
517,-4.969418065287122,7.4904536584885095,2.384706938067171,8.0034989328039,False,True,False,True,True,residual
518,1.4053181144814721,12.705232248559067,1.1859841203469734,13.575454488945782,False,True,False,True,True,residual
519,-0.7124674534843951,8.481522034765153,0.07900400660246207,9.062448771292908,False,True,False,True,True,residual
520,-4.251996429215227,1.4293475662776296,1.7809867016735554,1.5272481805350735,False,False,False,False,False,none
521,1.3902319707323436,0.8913737263289048,1.3134639189018231,0.9524267811627325,False,False,False,False,False,none
522,-2.314490872792372,7.808377792894122,0.7471832828100011,8.343198714210915,False,True,False,True,True,residual
523,-1.0474439725981224,12.156105321799775,0.017169163178019666,12.988716091958125,False,True,False,True,True,residual
524,2.2251546862057356,10.27325276465752,1.6019737670552205,10.976900904417672,False,True,False,True,True,residual
525,-0.08099412305649245,17.895722840229553,0.16237236441599467,19.121458483521746,False,True,False,True,True,residual
526,-3.2113795258036415,9.362126358362538,1.3893224394927146,10.003368518676588,False,True,False,True,True,residual
527,-1.3024772409050018,10.702836465006898,0.18504066169304384,11.435908174745006,False,True,False,True,True,residual
528,1.113755829551506,14.516084299637473,1.024599569527807,15.510337624074387,False,True,False,True,True,residual
529,0.4258550830103923,6.77117651314293,0.4858316895041577,7.234956181239073,False,True,False,False,False,none
530,0.7218109540544007,5.150812863696083,0.532296923607797,5.503608611335144,False,False,False,False,False,none
531,0.20300427601125598,8.082341472884284,0.17405331689770456,8.635927048220895,False,True,False,True,True,residual
532,-1.7965637072795668,7.017002893753975,0.8311759827357658,7.497620001693515,False,True,False,False,False,none
533,-1.752670901155338,15.455912725365668,0.6436389862916511,16.514537922918798,False,True,False,True,True,residual
534,0.3970565069611772,14.400532234462835,0.5283819408500805,15.386871026125348,False,True,False,True,True,residual
535,0.2877070118722186,6.510940280800964,0.36963669541388494,6.956895531939747,False,True,False,False,False,none
536,-2.3328748303066247,10.982059810657603,0.9760960930108628,11.734256425841494,False,True,False,True,True,residual
537,2.0343429855957975,8.373266954726793,1.3385957279466867,8.946778952472823,False,True,False,True,True,residual
538,-1.5168329072111373,6.130231816353624,0.6525593276955881,6.550111119695142,False,False,False,False,False,none
539,-0.124462455159849,18.938090785377725,0.15368962031878872,20.23522156342922,False,True,False,True,True,residual
540,0.09923962581731643,3.652410235879981,0.2315174815461898,3.902575565887177,False,False,False,False,False,none
541,-1.8282853862509634,7.067774497450781,0.750241177671899,7.551869115903525,False,True,False,False,False,none
542,0.27798093485689646,8.888905184299418,0.4220079072445501,9.497734903641495,False,True,False,True,True,residual
543,-1.3852371050201322,18.177977380759053,0.4695769235551035,19.423045545788245,False,True,False,True,True,residual
544,-0.8501215489423937,7.907089844703756,0.11596238757411786,8.448671872090742,False,True,False,True,True,residual
545,-0.8977263495684341,12.302527672161588,0.11587319341284828,13.145167380263121,False,True,False,True,True,residual
546,0.6798504037133436,17.59566694898011,0.6729217664083325,18.800850798742204,False,True,False,True,True,residual
547,0.002004943055619407,3.6405030876633733,0.20936941953046423,3.8898528587736547,False,False,False,False,False,none
548,-3.2219205964399933,4.536445786394662,1.3971211473616554,4.847161555960933,False,False,False,False,False,none
549,2.102913586485216,16.710371388601168,1.466520457690168,17.854918496674046,False,True,False,True,True,residual
550,-0.8456003563262677,12.604070132039102,0.2577391718785333,13.467363453539642,False,True,False,True,True,residual
551,-0.7423166617262856,14.51636926194076,0.15606629904525474,15.510642104362795,False,True,False,True,True,residual
552,0.9409282036200142,11.665208927140098,0.692049511895118,12.464196623591397,False,True,False,True,True,residual
553,2.7484852345901816,17.693521798923214,1.430872613646543,18.905408042241305,False,True,False,True,True,residual
554,-0.667619544919708,2.4777622216442112,0.5131858965912646,2.6474721293012973,False,False,False,False,False,none
555,0.4012285066774489,12.524168512483099,0.108178366407606,13.38198911494787,False,True,False,True,True,residual
556,1.6536618190991634,2.7228933781126585,0.6943663016232723,2.9093931074744797,False,False,False,False,False,none
557,0.9131176022099021,9.000724204162996,0.1960964541134696,9.617212767993694,False,True,False,True,True,residual
558,-0.22835147197435102,9.073324320281163,0.39709393024158707,9.694785499681942,False,True,False,True,True,residual
559,1.17944835084981,13.022847716017452,0.3655500302442469,13.914824461813106,False,True,False,True,True,residual
560,-3.1143795383143686,13.324098203756998,1.7914154082436593,14.236708564840404,False,True,False,True,True,residual
561,-0.3633639510738619,4.909494268391491,0.09802553513208583,5.245761328908225,False,False,False,False,False,none
562,-0.12360524375449675,0.43694599958511104,0.03793786515123217,0.4668738371285839,False,False,False,False,False,none
563,1.1111566023800168,5.921033169159692,0.6295976879770756,6.32658378398254,False,False,False,False,False,none
564,1.3536133316336654,6.6549267871363,0.6213458318603818,7.110744137422683,False,True,False,False,False,none
565,0.48157317584203374,8.637897100265961,0.07386323848130824,9.229534468223234,False,True,False,True,True,residual
566,0.5035462315699792,5.662983336911534,0.06975442564939147,6.050859288354979,False,False,False,False,False,none
567,1.7142358471073502,3.9618297566026133,0.6433683422438327,4.233188225253392,False,False,False,False,False,none
568,-0.2648846175272087,21.60733338446454,0.445800492321813,23.087289177381578,False,True,False,True,True,residual
569,0.7102860717858307,6.224756695075405,0.11662374036845152,6.651110311528585,False,False,False,False,False,none
570,0.7369340467862372,4.957038493818849,0.10623163163231662,5.296562011325855,False,False,False,False,False,none
571,1.713309074202256,1.5032324682841989,0.558833921854561,1.6061936972314845,False,False,False,False,False,none
572,1.6302423626693923,18.011341000283913,0.4067536869796276,19.244995703401504,False,True,False,True,True,residual
573,1.8224261715648589,7.182579359975116,0.41867247144886566,7.674537332888346,False,True,False,False,False,none
574,1.0475921415399891,8.337033780432613,0.04109994154292442,8.908064051477883,False,True,False,True,True,residual
575,4.446420645432186,11.350793329527908,1.616619613256937,12.128245689952772,False,True,False,True,True,residual
576,-0.4358413255795708,13.72059954967262,1.0761351281187395,14.660367563824364,False,True,False,True,True,residual
577,4.375463890921762,13.757182341278329,1.4740863992246183,14.69945602854552,False,True,False,True,True,residual
578,-3.4242981445844762,3.313937079280376,2.6060657633804656,3.540919293632187,True,False,False,False,False,none
579,0.8462148113348376,8.144023476243392,0.012312245276238979,8.701833850474236,False,True,False,True,True,residual
580,-5.819555999904285,8.17697978842029,3.244842691825436,8.737047446520991,True,True,True,True,True,both
581,-2.375174931518428,4.468064734072405,0.9242672828497811,4.77409686532434,False,False,False,False,False,none
582,2.386153470062075,11.955435317086884,1.5713262199848774,12.774301552894084,False,True,False,True,True,residual
583,-2.861446052396074,17.758388119858203,1.2896733259935476,18.974717266227998,False,True,False,True,True,residual
584,1.2770548616492947,0.3491921257215659,0.9767343927364645,0.3731094180642764,False,False,False,False,False,none
585,-2.784754526601338,23.641277665428298,1.1898660566859431,25.260544847100373,False,True,False,True,True,residual
586,-0.5501020493660164,15.333688851807452,0.1326156222709563,16.383942542961034,False,True,False,True,True,residual
587,-2.0250497185753327,30.31008032981999,0.6097204766160436,32.386115265262326,False,True,False,True,True,residual
588,2.131057829269208,10.992017278187,1.5292414207557425,11.744895912363734,False,True,False,True,True,residual
589,2.2323615324516695,7.580627029607058,1.2725572572102894,8.099848568275814,False,True,False,True,True,residual
590,1.3842993810079922,0.8155439820553307,0.6064692435609685,0.8714032136942157,False,False,False,False,False,none
591,-1.6226819526330913,12.241630732838372,0.9741551952672981,13.080099413607718,False,True,False,True,True,residual
592,2.667135194405855,12.38292597859418,1.30258480631969,13.231072425413931,False,True,False,True,True,residual
593,-4.818708500180864,2.8929258321957065,2.590918024899721,3.091071631478633,True,False,False,False,False,none
594,0.6092499699593614,1.408169810460675,0.5615306314577428,1.504619892075122,False,False,False,False,False,none
595,-0.28111398256355025,2.6063029605455865,0.017118280323087303,2.784817037036375,False,False,False,False,False,none
596,0.6959777848978551,4.650647322368597,0.4878910848931025,4.969185122618495,False,False,False,False,False,none
597,-3.033656467522963,3.203505891447833,1.4197314092516382,3.4229243183926803,False,False,False,False,False,none
598,0.005540528084704843,7.8356186998112705,0.339180179319986,8.372305438500296,False,True,False,True,True,residual
599,2.345118598667579,10.098367388464789,1.4067744862283968,10.79003706605251,False,True,False,True,True,residual
600,-1.9993720205768581,14.871260978967182,0.9830231832438433,15.889841497080894,False,True,False,True,True,residual
601,2.722495788214629,1.961855406853818,1.5051707156202319,2.0962291966490216,False,False,False,False,False,none
602,1.069616348530377,5.6432523825009495,0.40197079211058173,6.029776897385327,False,False,False,False,False,none
603,1.3623146140523203,8.206235162608365,0.46362724363783636,8.768306615426962,False,True,False,True,True,residual
604,-0.6208450764249873,17.3712203385085,0.5915536646632951,18.561031117681196,False,True,False,True,True,residual
605,-0.8822362380704513,18.80221830749813,0.6000997611720428,20.090042742320783,False,True,False,True,True,residual
606,-2.118602355857921,16.570968607049604,1.0801057805274084,17.705967570035117,False,True,False,True,True,residual
607,1.0586772570077343,14.929828455886561,0.6778941303289485,15.952420448956536,False,True,False,True,True,residual
608,0.3347041236820911,9.657257567362873,0.1909608984128962,10.318714213872832,False,True,False,True,True,residual
609,2.287123229739204,5.1242900553567186,1.1003053377043237,5.475269170505882,False,False,False,False,False,none
610,-0.879980376458063,5.281724990569039,0.6567959245603667,5.643487331034776,False,False,False,False,False,none
611,1.1828257666078468,5.888825736246126,0.4756722703668479,6.292170360349652,False,False,False,False,False,none
612,3.1844398319881186,10.728103086683598,1.3519494451375567,11.462905388644842,False,True,False,True,True,residual
613,-0.5201434289126619,1.1834025028923907,0.7163271203989193,1.2644575483413283,False,False,False,False,False,none
614,-1.638480571199632,21.708962605574,1.1158065359840321,23.19587931087363,False,True,False,True,True,residual
615,-0.4199533564143111,10.439739374296815,0.3012767292455491,11.154790717682081,False,True,False,True,True,residual
616,-1.1119626905378903,6.144513817938357,0.5768633052049678,6.565371341525922,False,False,False,False,False,none
617,-1.736922347434482,9.042311686191045,0.7647924088587669,9.661648710488619,False,True,False,True,True,residual
618,0.41305205781977694,2.0874897383675686,0.4315790740023537,2.230468627802079,False,False,False,False,False,none
619,-0.7225720172920406,19.49834517505763,0.20587117357366794,20.833849579079562,False,True,False,True,True,residual
620,-2.7240874446060808,8.021626714459842,1.136060697253738,8.571053740620252,False,True,False,True,True,residual
621,0.7602759762623109,9.855446902558509,0.7821623142191569,10.53047817438193,False,True,False,True,True,residual
622,0.8284409118212499,6.561412470855586,0.6588112591385054,7.010824724703748,False,True,False,False,False,none
623,-2.3235414756350368,7.45752293421614,1.0026526459922045,7.9683126772595925,False,True,False,True,True,residual
624,1.4395451995782929,11.47287725522757,1.0241570945066154,12.258691536572817,False,True,False,True,True,residual
625,-2.143868273323548,6.897488845853504,0.9197555882306856,7.369920052072638,False,True,False,False,False,none
626,-0.9568514929103812,13.137738870392567,0.15972843071752119,14.037584881055242,False,True,False,True,True,residual
627,0.22019791146264894,10.018854825915271,0.44345598666198255,10.70507843223353,False,True,False,True,True,residual
628,-7.542028035976359,2.964931079192242,3.412353298754476,3.168008749544903,True,False,True,False,True,score
629,1.5321411081583025,7.107330721074993,1.6739400464829335,7.594134672570225,False,True,False,False,False,none
630,-1.72954325839386,8.095014603321044,0.24378953885906016,8.649468202141652,False,True,False,True,True,residual
631,0.10438677226331738,4.922772314986419,0.6950005629702536,5.259948831641361,False,False,False,False,False,none
632,-0.9236583258371382,6.875177479260356,0.05707561739087574,7.346080508186629,False,True,False,False,False,none
633,-2.246017307700142,11.16560355030375,0.5960990314152224,11.930371666834414,False,True,False,True,True,residual
634,2.4492749818256554,7.822456665718345,1.8018125615388827,8.358241894338738,False,True,False,True,True,residual
635,-1.0874001298492004,9.662437567189855,0.27494842655182966,10.324249008556489,False,True,False,True,True,residual
636,-2.215853381284954,6.6976325309958735,0.7676130718195935,7.156374935100386,False,True,False,False,False,none
637,-0.40074811737065047,16.008488174787068,0.2668058109303461,17.10496104298256,False,True,False,True,True,residual
638,-0.5467744873979399,8.641122782613952,0.14257598509135244,9.23298108793504,False,True,False,True,True,residual
639,-0.9334387023089322,5.77796216523099,0.07359282673654638,6.173713386612027,False,False,False,False,False,none
640,-0.38633858634756224,6.1039987597272996,0.20664116637423166,6.5220812766061265,False,False,False,False,False,none
641,1.7999163055044436,9.890565537615121,1.2263333677049022,10.568002197760487,False,True,False,True,True,residual
642,-0.49504553898782716,25.46904277977081,0.13271076276542348,27.213499475619944,False,True,False,True,True,residual
643,0.5499756248944766,10.874545850040889,0.40099494770889477,11.619378488097063,False,True,False,True,True,residual
644,-0.2733664236650971,5.896484355753,0.07878358832009719,6.300353543350931,False,False,False,False,False,none
645,0.7405710916492916,3.5461732130980126,0.429051352780339,3.7890620275588023,False,False,False,False,False,none
646,-5.908328504606996,3.6796792800889078,2.883563974020671,3.9317123546819914,True,False,True,False,True,score
647,-0.13463908879752504,20.196262734297406,0.49520199220027766,21.579569757754,False,True,False,True,True,residual
648,2.783523796795513,5.398809890068497,1.8123873342541659,5.76859175206399,False,False,False,False,False,none
649,-1.6662841149502023,3.6997854762336244,0.7096448771177865,3.9531956888996227,False,False,False,False,False,none
650,-1.655327417801665,7.204123323524451,0.5623984615303633,7.697556911826674,False,True,False,False,False,none
651,1.9847904907738758,1.9065111743099674,1.3166819596140518,2.037094259528145,False,False,False,False,False,none
652,0.359205768478707,5.577937892561669,0.2644262998758473,5.959988807857096,False,False,False,False,False,none
653,1.5512242475505773,10.4366913758415,0.7900444749009999,11.151533952004524,False,True,False,True,True,residual
654,0.6867278541950618,1.1346699322047915,0.2124832475685747,1.2123871270726523,False,False,False,False,False,none
655,-1.4842445544174803,2.3023834827172722,0.8836170311868271,2.4600811362006882,False,False,False,False,False,none
656,-1.3791428099859937,6.005226378731146,0.6558862611831865,6.416543657399664,False,False,False,False,False,none
657,-2.845095949738856,17.644475319192935,1.2361568109612073,18.853002211289503,False,True,False,True,True,residual
658,-0.6320592300482715,11.327555798896162,0.08509258585049399,12.103416546072893,False,True,False,True,True,residual
659,-0.39557433012531595,5.501592644517695,0.18284353688331945,5.878414428106124,False,False,False,False,False,none
660,0.3488003445368957,13.595046010413235,0.5075303920501395,14.526214458647152,False,True,False,True,True,residual
661,0.1571405942756614,8.897157989802974,0.31300912484559046,9.506552970350377,False,True,False,True,True,residual
662,-0.0478564473201753,11.499740317144092,0.15091933487408993,12.287394536041626,False,True,False,True,True,residual
663,-2.11837435137272,4.278004749680538,0.8841161688443941,4.571019061014691,False,False,False,False,False,none
664,0.4992472857471044,20.804005169857945,0.5630758848642996,22.228938428357317,False,True,False,True,True,residual
665,-0.39990337358425576,24.2522936329384,0.014090169901957677,25.913411264390252,False,True,False,True,True,residual
666,0.5443468180358814,16.404870005931627,0.46953011509088616,17.528492341244206,False,True,False,True,True,residual
667,2.440907461669786,3.1567568785051963,1.2960518088333683,3.372973315121734,False,False,False,False,False,none
668,1.0849417807607433,11.196157967957703,0.3787721151556613,11.963018854873384,False,True,False,True,True,residual
669,-0.584294538541039,6.817106085556679,0.5070863133899299,7.284031617862461,False,True,False,False,False,none
670,0.16666879170126514,11.658090663729702,0.04121592038571455,12.456590807414434,False,True,False,True,True,residual
671,-2.8853606619584937,6.008020395844028,1.5141658165023166,6.419529045735369,False,False,False,False,False,none
672,0.7078648314665987,4.689322636607142,0.5325105230345215,5.010509433581059,False,False,False,False,False,none
673,1.2689257929434552,11.391894140149695,0.6982992420662457,12.172161627350778,False,True,False,True,True,residual
674,-0.9395583072788576,5.197092356189922,0.5131691903187727,5.553057935190902,False,False,False,False,False,none
675,-3.7035255424362337,17.465081779294465,1.7519277617182263,18.661321430579747,False,True,False,True,True,residual
676,-0.7324174667325164,13.872897021643421,0.04037858105652601,14.82309637972268,False,True,False,True,True,residual
677,1.0519368604870654,10.233802602851966,0.8982752685263713,10.934748674084883,False,True,False,True,True,residual
678,5.425540282114832,4.853277091394181,2.841191841991547,5.185693656559257,True,False,False,False,False,none
679,-0.930969976905519,4.69683254992728,0.8119508999708794,5.018533725030357,False,False,False,False,False,none
680,-0.5186532133577773,2.1705076463225113,0.4494575603291235,2.3191726994130195,False,False,False,False,False,none
681,-3.551532008185128,0.7172740100877673,1.8314650427431265,0.7664024151273942,False,False,False,False,False,none
682,-1.6710395024568516,19.460793308043908,0.5525424121242045,20.793725663857348,False,True,False,True,True,residual
683,0.9960980990061887,6.409032464310123,0.8523656883889897,6.848007721172166,False,False,False,False,False,none
684,1.5940420358309213,11.256721777374707,0.9720832041816462,12.027730874483334,False,True,False,True,True,residual
685,1.6505404367367826,2.9929174220808568,0.8050860367594497,3.1979119671141456,False,False,False,False,False,none
686,0.0022801100883651226,8.632175838762983,0.15585523006112864,9.223421339109688,False,True,False,True,True,residual
687,-0.2499127328984525,9.741957276528225,0.2470769392887103,10.409215278670887,False,True,False,True,True,residual
688,-3.1780552899746812,12.61722690399876,1.6187305677084352,13.481421375147495,False,True,False,True,True,residual
689,3.5300306980953655,20.03942092107624,1.960544595515103,21.41198534405002,False,True,False,True,True,residual
690,1.3662822062707842,27.339134533258704,0.5183379162062898,29.211679831001245,False,True,False,True,True,residual
691,0.33851837800664875,4.232837435594734,0.08411799578875033,4.52275809224497,False,False,False,False,False,none
692,-1.5534941980568175,2.8245772999471974,0.9855148718443972,3.018041688320285,False,False,False,False,False,none
693,-0.12932957192645006,9.028836930175304,0.09724465243091082,9.647251025073455,False,True,False,True,True,residual
694,1.8070913998507494,10.889767472574714,0.8619767760890286,11.63564268853931,False,True,False,True,True,residual
695,-1.9611425927558568,5.8920054408309745,1.1391958563948497,6.295567853133367,False,False,False,False,False,none
696,6.060923473430909,6.204906367230419,2.9818654893440164,6.629900370853881,True,False,True,False,True,score
697,-0.6716408605190827,7.710936068716586,0.8819163458316991,8.239082892790448,False,True,False,True,True,residual
698,-0.7364517551147595,21.426783578764404,0.7369867208892608,22.8943729345047,False,True,False,True,True,residual
699,-0.713426226620771,8.264708003621397,0.5784147619211736,8.830784449478504,False,True,False,True,True,residual
700,-2.770973500323512,7.936392076907627,1.4612886158369334,8.479981108468793,False,True,False,True,True,residual
701,-5.086026040219707,14.77050466008523,2.292558648362519,15.782184053698797,False,True,False,True,True,residual
702,0.8434280286118303,34.52414230423127,1.043601042914163,36.888811904570545,False,True,False,True,True,residual
703,2.4839377098143203,1.3212357195185902,1.631043395893183,1.4117314055025139,False,False,False,False,False,none
704,0.9181868303425007,9.463192210976942,0.5449536594724717,10.11135669675251,False,True,False,True,True,residual
705,-0.45357723929913646,1.2254014647998215,0.22977358593278466,1.3093331542966586,False,False,False,False,False,none
706,-1.905835615924132,10.104666328318096,0.8886204084335139,10.796767440565489,False,True,False,True,True,residual
707,2.9611359958179753,6.314452376802301,1.6511138642647532,6.746949539125273,False,False,False,False,False,none
708,-5.3376736299763,11.364787358422959,2.706638648457495,12.143198214917698,True,True,False,True,True,residual
709,2.5882659508441526,11.606663756501257,1.68125971215221,12.401641505825227,False,True,False,True,True,residual
710,-1.690464921631902,7.695056762124944,0.731520866895183,8.222115961392927,False,True,False,True,True,residual
711,-3.122475932437796,3.898447742322439,1.2801919000704274,4.165464972860599,False,False,False,False,False,none
712,0.380377655796003,7.384094332975954,0.6758308918248082,7.889854714837367,False,True,False,True,True,residual
713,0.8803405343389978,11.954108955020242,0.7833037729104784,12.772884344021447,False,True,False,True,True,residual
714,0.2741410332000489,5.790986312915946,0.3324458226796904,6.187629600081833,False,False,False,False,False,none
715,1.5948250714244079,11.94647729409206,0.9069033096233249,12.764729966078663,False,True,False,True,True,residual
716,-0.7902127015712468,26.852498474912352,0.4319699319111862,28.691712503091114,False,True,False,True,True,residual
717,-0.8257740620601304,14.808839649202813,0.36283437696880544,15.823144729577745,False,True,False,True,True,residual
718,-6.083389630613335,4.195144910483348,2.841862732453857,4.482483884799365,True,False,False,False,False,none
719,-3.058750989541112,4.431325385614398,0.8055902546991099,4.734841120668295,False,False,False,False,False,none
720,0.7824884492732506,15.466053915477545,1.2197356495812448,16.525373715774386,False,True,False,True,True,residual
721,-1.1589858710772885,12.91411946509272,0.033563560063522783,13.798649063110041,False,True,False,True,True,residual
722,0.6085014555912392,9.33194180988713,0.8846374576958439,9.971116533346391,False,True,False,True,True,residual
723,-1.9582847664791299,11.752678032338745,0.5379877075365858,12.5576567692686,False,True,False,True,True,residual
724,-0.45887346721188943,10.159614217275347,0.2972953542319449,10.855478887252142,False,True,False,True,True,residual
725,-0.1537648363545473,12.390202229707217,0.38590981923933665,13.23884705037967,False,True,False,True,True,residual
726,-4.114292250627087,4.842701898395594,1.6133721403682992,5.174394134562687,False,False,False,False,False,none
727,-1.7641684132623614,7.89995060514396,0.15014935967999796,8.441043643040409,False,True,False,True,True,residual
728,0.20894755461092107,17.787091730387917,0.8374616111307761,19.005386879407144,False,True,False,True,True,residual
729,2.587540141715456,6.017892843229804,1.8243339286018816,6.430077688810769,False,False,False,False,False,none
730,-0.6865620684808138,21.80335678032877,0.12950098839734614,23.296738846404768,False,True,False,True,True,residual
731,1.0808445102012483,17.401493842921973,0.7541466307867298,18.593378151827903,False,True,False,True,True,residual
732,-0.07244781032442615,13.689721117252962,0.04360822234814473,14.627374168205751,False,True,False,True,True,residual
733,-4.5076139266962105,17.715853302774818,2.117562296165674,18.929269102651404,False,True,False,True,True,residual
734,-1.3898355991271614,12.002266559004347,0.1809478978815534,12.824340417266942,False,True,False,True,True,residual
735,2.043899917576341,12.56950302623497,1.5216821154389173,13.430428735426814,False,True,False,True,True,residual
736,-3.0528680119552654,5.475402522574443,1.256187903310297,5.850430460434783,False,False,False,False,False,none
737,1.132973672802708,23.068606411708355,1.026497876783595,24.64864949643614,False,True,False,True,True,residual
738,-0.13325801102613488,3.626221843041797,0.20667814803832998,3.8745934457528737,False,False,False,False,False,none
739,0.717232084310836,5.218660020154907,0.5780973961648406,5.576102837862614,False,False,False,False,False,none
740,-1.1475227212392385,10.064506545368022,0.44251397655288743,10.75385698485253,False,True,False,True,True,residual
741,1.426530462474938,10.770416245704649,0.895213251764474,11.508116712085146,False,True,False,True,True,residual
742,0.5559573235410228,17.669477765511836,0.2936691384439759,18.879717155611203,False,True,False,True,True,residual
743,3.5872270565668725,3.538092551520533,1.7060534047744544,3.780427895467428,False,False,False,False,False,none
744,0.41040506555701284,5.063819525826066,0.17691394056932774,5.410656819821861,False,False,False,False,False,none
745,-1.399479314040991,2.422611907343893,1.0198936518070716,2.5885443925084544,False,False,False,False,False,none
746,0.05084028610623975,2.604779557335362,0.11205429741679108,2.7831892910381812,False,False,False,False,False,none
747,-0.30072136840850094,12.645064269833462,0.2602612834801977,13.511165411745013,False,True,False,True,True,residual
748,0.5675760875360379,11.23714070628072,0.21318801502769996,12.006808632820936,False,True,False,True,True,residual
749,3.105915028532724,12.485190101950039,1.4024422176802551,13.340340947650258,False,True,False,True,True,residual
750,-1.2694465310639327,11.930320761777622,1.0014711022602671,12.74746682087652,False,True,False,True,True,residual
751,-0.8302914601947506,19.596833974860367,0.5880487118544709,20.939084193704147,False,True,False,True,True,residual
752,-1.1656196778488024,8.372766895109535,0.6331784984181013,8.946244642163256,False,True,False,True,True,residual
753,-0.11885159445046141,9.987996233074487,0.0014685639468628392,10.67210623507039,False,True,False,True,True,residual
754,-0.41942134912722095,15.124226416495793,0.14469590386058334,16.160133351433686,False,True,False,True,True,residual
755,-2.943275134078836,10.841351605300785,1.3406186775523807,11.583910662720214,False,True,False,True,True,residual
756,-1.3486684246951397,19.2057634782061,0.298609742232507,20.521228020323175,False,True,False,True,True,residual
757,-1.8275109655708834,12.869623707141777,0.47127685451314055,13.751105647515834,False,True,False,True,True,residual
758,0.9024044829866857,13.719326414377967,0.947845111981736,14.659007227396607,False,True,False,True,True,residual
759,0.07927074945835783,9.029207647142854,0.35879764133050507,9.64764713363903,False,True,False,True,True,residual
760,1.5411829928000953,10.391463091719833,0.9965248108719056,11.103207837164991,False,True,False,True,True,residual
761,4.0136458800198485,18.695916809123887,1.9971410733090116,19.976460312259345,False,True,False,True,True,residual
762,-3.17003331164942,6.039153433603478,1.8886283024032344,6.45279448543278,False,False,False,False,False,none
763,0.763449718892595,11.915577239258283,0.39807233173370066,12.731713467057212,False,True,False,True,True,residual
764,-1.803578070707192,20.72313445330741,0.9273570444465167,22.142528616199435,False,True,False,True,True,residual
765,0.4801714342087362,5.445614617267218,0.36645031432070196,5.818602285639701,False,False,False,False,False,none
766,0.7123509490113233,4.212735399492146,0.40584025533920814,4.50127920300414,False,False,False,False,False,none
767,0.2475304887176067,0.8838768945480457,0.09908825766366204,0.9444164672494331,False,False,False,False,False,none
768,-3.205812976054177,16.50612229190032,1.5966858422639774,17.63667972209477,False,True,False,True,True,residual
769,0.5319038788051382,8.689148248799452,0.5366182046874723,9.284295972838901,False,True,False,True,True,residual
770,1.6646904024947533,11.959918452191161,0.9790518926688736,12.779091752347762,False,True,False,True,True,residual
771,1.2245023676770836,14.413091496600678,0.5696120321606759,15.400290512540984,False,True,False,True,True,residual
772,-0.6809494484175487,6.5446401795255476,0.4690531028377378,6.992903645169597,False,True,False,False,False,none
773,-1.8308930707222966,13.084131011989307,0.9333263939206068,13.980305247927257,False,True,False,True,True,residual
774,-4.0327623517769435,14.791978024756055,1.8152594337662442,15.80512819821425,False,True,False,True,True,residual
775,2.630181129244791,12.761299378751438,1.781413205230121,13.63536183730131,False,True,False,True,True,residual
776,3.809586484182054,11.067175783555403,1.997512671565708,11.82520226561451,False,True,False,True,True,residual
777,0.477545391366887,28.08192249331438,0.019076553598624747,30.00534372863022,False,True,False,True,True,residual
778,-3.9732556717516614,16.336949240276116,2.1752979778143846,17.455919463789304,False,True,False,True,True,residual
779,-0.0905503566867445,7.18900482082507,0.14409344757714249,7.681402894228159,False,True,False,False,False,none
780,0.652467374294976,1.5719666746618002,0.47587177663625096,1.6796357305810723,False,False,False,False,False,none
781,1.1241446307813465,8.356450731672552,0.6096090681329266,8.928810932189313,False,True,False,True,True,residual
782,-0.6935505564406899,9.019882469784825,0.39446594030843546,9.637683244876616,False,True,False,True,True,residual
783,-0.8773637645736021,3.443502422063018,0.4047799031175257,3.6793589836653933,False,False,False,False,False,none
784,-0.9025374833525147,4.4328061894600745,0.3360410844265035,4.736423349534384,False,False,False,False,False,none
785,-0.4426114962695556,21.585528524658137,0.04562427803966073,23.06399083256201,False,True,False,True,True,residual
786,4.526373474838505,9.702677751176228,2.3750192953730416,10.367245372231444,False,True,False,True,True,residual
787,-2.1756350851814794,16.30107746495558,1.3525641515548847,17.417590715146645,False,True,False,True,True,residual
788,-0.06269903248007568,10.621337822298347,0.056613556742536326,11.348827427745967,False,True,False,True,True,residual
789,1.844099080261058,9.78687563209181,0.8801052599849453,10.457210236948088,False,True,False,True,True,residual
790,-3.274855522337595,15.140855007277793,1.780216894055179,16.177900887906855,False,True,False,True,True,residual
791,-2.4715630110130125,6.122910333262229,1.0343242928787846,6.542288164667296,False,False,False,False,False,none
792,5.52242894464858,12.53774291428839,3.052137977069272,13.396493271213357,True,True,True,True,True,both
793,-0.5430767258233409,10.671154590095307,0.5019653473601685,11.40205630627282,False,True,False,True,True,residual
794,2.455249656218343,1.9015071560995769,1.0535579417488556,2.031747500008285,False,False,False,False,False,none
795,-5.158721532980649,2.310658187536295,2.8523216027006386,2.4689226021796236,True,False,False,False,False,none
796,3.4656120205846905,13.703439761241253,1.903653826032023,14.642032446265503,False,True,False,True,True,residual
797,-1.5630963354002039,16.03098645625196,0.9175802607480431,17.129000304141346,False,True,False,True,True,residual
798,-1.7793910727761395,13.164125978156262,0.8390351052257233,14.065779326739742,False,True,False,True,True,residual
799,1.2003426228011047,7.168634403381008,0.7748788416279999,7.6596372413441625,False,True,False,False,False,none
800,-0.022297793533086946,1.7614015252813977,0.02653837884709822,1.8820455836947962,False,False,False,False,False,none
801,-2.5335480258478267,11.601444301695018,1.1975145689508115,12.396064553763823,False,True,False,True,True,residual
802,1.8709925544270105,6.059391444251407,1.1795742128631936,6.474418662553109,False,False,False,False,False,none
803,0.4324163895609927,0.009988737246851034,0.24549800157371665,0.010672898003264972,False,False,False,False,False,none
804,0.9382958530549839,6.587156597374994,0.44190886310622535,7.038332149289514,False,True,False,False,False,none
805,2.1287244124164113,12.634742189171272,0.9312589149524001,13.50013633856324,False,True,False,True,True,residual
806,-0.8849204012907512,2.7618088251880177,0.7175573393187169,2.950973998744565,False,False,False,False,False,none
807,3.733738047951964,9.106435863916563,1.667454428154957,9.730164959489306,False,True,False,True,True,residual
808,-1.3026279654830732,14.340897310664257,1.1102561485663938,15.323151514498855,False,True,False,True,True,residual
809,2.9880797763016522,9.967657271702791,1.1941362619124893,10.650374192786376,False,True,False,True,True,residual
810,-0.6688726294745668,5.492217142346857,0.8194617390086147,5.868396767622534,False,False,False,False,False,none
811,-1.4538333733571216,0.014455262591915399,1.0365219474374288,0.01544535004187457,False,False,False,False,False,none
812,-0.90409248627415,13.612418789058154,0.5624205265941494,14.544777154804665,False,True,False,True,True,residual
813,1.5425150364769649,10.77727098308568,0.7374368291051483,11.515440952487003,False,True,False,True,True,residual
814,-3.2620722891600638,16.07722934136746,1.7417847509406335,17.178410513261625,False,True,False,True,True,residual
815,-1.8801093679231267,5.731357572415278,0.7227416402484085,6.123916695267222,False,False,False,False,False,none
816,-1.9924805640194874,7.611886047881992,0.6327286437209825,8.133248617299602,False,True,False,True,True,residual
817,1.8033001162559374,9.352510365543393,1.3359631596016408,9.993093895566323,False,True,False,True,True,residual
818,1.5723430277933892,4.28810496729022,0.956683784598866,4.581811075029566,False,False,False,False,False,none
819,-2.738248053027455,9.686639857405174,1.3266438188707426,10.350108991508282,False,True,False,True,True,residual
820,1.6449568844980345,18.74458579501063,1.0659163236008353,20.028462793599545,False,True,False,True,True,residual
821,-1.700118414425085,14.621839069961485,0.7706793166292237,15.623335878922138,False,True,False,True,True,residual
822,-1.6153931214312272,0.2014282907791834,0.5754250697473466,0.21522476258307405,False,False,False,False,False,none
823,-0.019014250398800753,23.5899139822991,0.3144051991358036,25.205663100032417,False,True,False,True,True,residual
824,-1.1431094925519163,8.23995490504366,0.2940151676986258,8.804335931527126,False,True,False,True,True,residual
825,-0.749749178081392,11.547478477571698,0.044308807482968365,12.338402436691727,False,True,False,True,True,residual
826,-2.8897510076956996,12.540900107766756,1.0740202150053495,13.39986671103247,False,True,False,True,True,residual
827,-1.9374668245403621,11.233469595422084,0.39705918306164156,12.002886075766465,False,True,False,True,True,residual
828,-1.2325385906955486,6.906604965123283,0.024464300196851887,7.3796605636856185,False,True,False,False,False,none
829,-2.0963550919632916,16.658094065811888,0.3996509309440488,17.799060531825724,False,True,False,True,True,residual
830,-1.1458846922415442,2.886359567983889,0.14155598942197323,3.0840556227016163,False,False,False,False,False,none
831,-0.8504425549454068,27.604616547234855,0.25662704128485564,29.495345562399084,False,True,False,True,True,residual
832,-4.192307382220724,9.574039761704674,1.4165526551630336,10.229796552921696,False,True,False,True,True,residual
833,-1.4778602384346164,12.61310648859087,0.18411748427913147,13.477018739229388,False,True,False,True,True,residual
834,0.7693902222217271,3.2599147332883804,1.2379164346591818,3.48319678332675,False,False,False,False,False,none
835,-0.36040231842785986,19.047511678046504,0.4420288411427491,20.35213704513821,False,True,False,True,True,residual
836,-1.1578009783428012,12.177107098307633,0.033365779963839014,13.011156347719822,False,True,False,True,True,residual
837,-1.2862815830399632,8.299616634075111,0.08904607943603919,8.868084084363145,False,True,False,True,True,residual
838,2.4263502860112034,5.742253779447481,1.7305559163836266,6.13555921858155,False,False,False,False,False,none
839,3.143830913448592,7.787718350475581,1.732648233980389,8.321124240101895,False,True,False,True,True,residual
840,-2.890173779479018,6.90759458121976,1.542269271688992,7.380717961772991,False,True,False,False,False,none
841,-0.727026314217204,33.98088149980097,0.1840093438408606,36.30834141950657,False,True,False,True,True,residual
842,-1.4889403372202792,2.440263538781964,0.5169751315484384,2.607405040984231,False,False,False,False,False,none
843,0.441876320998132,7.09455252445251,0.5234725401236768,7.580481256142596,False,True,False,False,False,none
844,-1.316855481960308,8.59257201917801,0.4347593979985856,9.181104926481717,False,True,False,True,True,residual
845,-1.486343259947626,8.92624363297686,0.4300623353146084,9.537630782818827,False,True,False,True,True,residual
846,-1.634778505056241,12.406818577430137,0.41608759306725224,13.256601505227245,False,True,False,True,True,residual
847,-1.6627595077126471,25.307318591318126,0.3464496509752058,27.04069827709403,False,True,False,True,True,residual
848,-4.893249111086679,8.629776004148216,1.8449620368481416,9.220857132099818,False,True,False,True,True,residual
849,0.4021158653108581,12.685883064385047,1.0939459231827084,13.55478001688468,False,True,False,True,True,residual
850,1.2588668967966001,17.770838507360317,1.2909501371858263,18.988020420833756,False,True,False,True,True,residual
851,-3.02900673254452,16.752144349683604,1.048205636145263,17.89955262228064,False,True,False,True,True,residual
852,-0.27354073169686116,8.144563417198835,0.4987021312437038,8.702410773723173,False,True,False,True,True,residual
853,-0.27089079219026485,6.73945535134409,0.40024775813425884,7.201062334994313,False,True,False,False,False,none
854,1.652129318591953,7.089210459728423,1.2534670770776077,7.574773296215529,False,True,False,False,False,none
855,-3.8176876500661,13.85932395585117,1.6518059113454786,14.808593650978066,False,True,False,True,True,residual
856,-1.2418390958164103,4.498684893157614,0.07134897734415317,4.80681429763674,False,False,False,False,False,none
857,3.766065442207373,2.6789725110787934,2.373327752466998,2.8624639589261798,False,False,False,False,False,none
858,-0.7610998269529526,5.477937187323256,0.2984351627103765,5.853138732528444,False,False,False,False,False,none
859,-0.22240580636949725,18.885442752189423,0.022687700561696767,20.178967497033753,False,True,False,True,True,residual
860,-0.0062735748308017925,20.44020225150158,0.12304219069436977,21.840217477455173,False,True,False,True,True,residual
861,0.8984960678730995,5.418935457445274,0.5375312626845002,5.790095784311699,False,False,False,False,False,none
862,2.0227066239182765,8.206809551658333,0.9756203006183822,8.768920346231267,False,True,False,True,True,residual
863,0.5511003192065653,11.752263372246611,0.06630487753301936,12.557213707772437,False,True,False,True,True,residual
864,-0.6215722604825411,9.350241190195865,0.5160706942582404,9.99066929709735,False,True,False,True,True,residual
865,-0.8833431836178507,3.651404701658392,0.5398976884726606,3.901501159391081,False,False,False,False,False,none
866,-0.6187269446735385,10.930587935270115,0.3034961456886245,11.67925907607933,False,True,False,True,True,residual
867,-1.0690811313850759,1.011307085163434,0.4613601758908519,1.0805747616728258,False,False,False,False,False,none
868,0.17828018697499465,8.780604471297154,0.23627395729748155,9.382016326308968,False,True,False,True,True,residual
869,-0.9720870740713985,23.185751753458057,0.36927034368825606,24.77381849959981,False,True,False,True,True,residual
870,0.558311541359622,6.664692269288474,0.4473078283165916,7.121178488871434,False,True,False,False,False,none
871,0.19726772186867764,2.2808997389405548,0.18262658827056225,2.4371259016809828,False,False,False,False,False,none
872,0.07542463034596963,13.629720921185303,0.08696909421610782,14.563264365637075,False,True,False,True,True,residual
873,-0.43139875627436886,1.891480788741088,0.17639328572413027,2.0210343944859477,False,False,False,False,False,none
874,-3.1374239246467033,5.408784551749436,1.4543869331492865,5.779249610420541,False,False,False,False,False,none
875,4.90062198041223,7.943592995875888,2.737467869860456,8.487675241548754,True,True,False,True,True,residual
876,-1.1057412923043761,0.7463219203649716,0.7249987906293923,0.7974399102516483,False,False,False,False,False,none
877,-1.1147217420406341,16.837761181083874,0.5843573718342246,17.991033625966654,False,True,False,True,True,residual
878,-2.8613252613214444,14.211901052460696,1.3151372998804784,15.185319887478787,False,True,False,True,True,residual
879,-0.7601572713864165,7.721775353944549,0.03238328278206854,8.250664595542997,False,True,False,True,True,residual
880,-0.5944439775156952,5.519643735283319,0.054516380139207087,5.897701896164203,False,False,False,False,False,none
881,-1.414771752681154,7.329989567834467,0.3545035728456004,7.8320441402296765,False,True,False,True,True,residual
882,-3.8168462336835507,2.9799585638685753,1.4493635933520637,3.1840655150030885,False,False,False,False,False,none
883,-4.0705290173126665,0.5339044946946145,1.2826067191978823,0.5704733315671855,False,False,False,False,False,none
884,3.7478853276167303,8.547815823039777,2.7683017370958,9.133283234450717,True,True,False,True,True,residual
885,-2.7109460374299665,22.624887612293776,0.9199208644895986,24.174538968623832,False,True,False,True,True,residual
886,0.20006153260537318,4.529742246324115,0.6768164730141271,4.839998868859888,False,False,False,False,False,none
887,3.229823004981877,16.73336161510313,2.011839292195502,17.879483397768503,False,True,False,True,True,residual
888,-2.7890983829753226,7.314027013673524,1.3115962837854234,7.814988259368956,False,True,False,True,True,residual
889,2.0262471622263414,14.098498807911017,1.2876783033803467,15.064150358287138,False,True,False,True,True,residual
890,2.5251051137627556,20.31817503462535,1.2722454654438564,21.709832223828357,False,True,False,True,True,residual
891,2.698518259800159,7.065082662610283,1.1019562259296385,7.548992908632849,False,True,False,False,False,none
892,1.0215456941523788,15.117312513402055,0.06770646540935947,16.152745892869074,False,True,False,True,True,residual
893,-0.30414965632534363,4.433293455946079,0.589213539898901,4.736943990469972,False,False,False,False,False,none
894,1.3880907171393295,8.505864962841164,0.34989736658882903,9.088459024845026,False,True,False,True,True,residual
895,1.6647630761148497,1.3195166672338365,0.4141909040062688,1.4098946097951044,False,False,False,False,False,none
896,-0.3165117910443518,19.772947372944117,0.6301880049419507,21.12726016513125,False,True,False,True,True,residual
897,2.052425658747736,0.3700837183318209,0.6455284609854097,0.39543194307866786,False,False,False,False,False,none
898,-3.5679527978662504,10.91632726331557,2.2112264247750235,11.664021644813745,False,True,False,True,True,residual
899,1.2167634546634107,8.719396842796712,0.5531093614492891,9.316616390374833,False,True,False,True,True,residual
900,0.18545424191968357,4.0803381708002915,0.05802146484962175,4.359813662083181,False,False,False,False,False,none
901,1.311641650806614,15.707173757095486,0.5001375132477305,16.783008631235095,False,True,False,True,True,residual
902,0.29715558622183313,7.775617041151606,0.09223443156114677,8.30819407316198,False,True,False,True,True,residual
903,-1.8635033941940367,16.15011480484818,1.1223859218513585,17.256288136671497,False,True,False,True,True,residual
904,3.693207073414886,9.27958051038526,1.7988414801136448,9.915168839950207,False,True,False,True,True,residual
905,2.486189058230374,6.868071225653631,0.8532902619711232,7.338487524403437,False,True,False,False,False,none
906,1.995649847477506,1.6834450504914868,0.4445665894500723,1.7987496190933534,False,False,False,False,False,none
907,1.2344704368371995,13.956491960816795,0.01375786714124771,14.912417005277009,False,True,False,True,True,residual
908,-0.33738561193215044,10.826056938965262,0.7738502760035418,11.567568415471246,False,True,False,True,True,residual
909,-2.9164732191011797,8.266538450526067,1.8707479307495405,8.8327402695818,False,True,False,True,True,residual
910,-0.3845652816931215,12.862847573469882,0.2678275959820433,13.743865394644088,False,True,False,True,True,residual
911,-0.9212767953716352,5.779953296515486,0.47473576886211644,6.175840896885383,False,False,False,False,False,none
912,-1.1697712811473375,3.6354766675761443,0.5003865052430513,3.884482163000326,False,False,False,False,False,none
913,3.536699155528944,16.093608929864786,1.8838074954599562,17.195911992482387,False,True,False,True,True,residual
914,2.2712230483769886,6.106366743804768,0.8928925350321508,6.524611451532907,False,False,False,False,False,none
915,0.2998199155249649,7.04733560910597,0.24243580777655638,7.530030302326457,False,True,False,False,False,none
916,1.4267879161682038,12.77792239471436,0.3529848711309222,13.653123417118103,False,True,False,True,True,residual
917,0.19494476108569808,21.769805837331308,0.31544301688422344,23.26088989135911,False,True,False,True,True,residual
918,0.9457276117098166,17.154295762537984,0.11201112750635174,18.329248679469128,False,True,False,True,True,residual
919,0.8443898619431336,5.251590459504846,0.0404282581103028,5.611288788969237,False,False,False,False,False,none
920,2.464082641632988,11.27212582195587,0.8184024311860657,12.044189991645949,False,True,False,True,True,residual
921,0.31587754548457925,5.332589087567424,0.38783238539565446,5.697835273710221,False,False,False,False,False,none
922,-2.1055980689165645,11.759310178342279,1.485442287957293,12.564743172293246,False,True,False,True,True,residual
923,-4.033473197979566,14.158400583527733,2.1239789100063926,15.128154999271485,False,True,False,True,True,residual
924,-0.18223296271326717,6.82980450985724,0.16987825336519297,7.297599798105144,False,True,False,False,False,none
925,-1.2277272343780508,10.834201042201748,0.37149056113040974,11.576270334544999,False,True,False,True,True,residual
926,-2.0977710421503555,4.558006630095393,0.7194370199691453,4.870199171226545,False,False,False,False,False,none
927,3.6071650670570508,7.148774857580808,2.1931366028856165,7.638417451346831,False,True,False,False,False,none
928,2.839859010074422,5.408445176197624,1.3821247954449802,5.778886989945121,False,False,False,False,False,none
929,-0.6335151280804094,16.99949240808074,0.5799777812665047,18.163842345129293,False,True,False,True,True,residual
930,4.065909024101308,2.194760969637766,1.8167148130707882,2.3450872108859815,False,False,False,False,False,none
931,0.31522419663660295,8.042100620308698,0.36688856864472413,8.5929299701629,False,True,False,True,True,residual
932,-1.3223864542704813,9.226472302246927,1.0882664760538827,9.8584230797416,False,True,False,True,True,residual
933,0.02045582491119949,12.903073798292471,0.21891282148699429,13.786846843047213,False,True,False,True,True,residual
934,-1.3586201476184563,4.071426987978931,0.8444153406356163,4.35029212367543,False,False,False,False,False,none
935,-0.4260281138328934,10.426240229079784,0.222932162299668,11.140366972570751,False,True,False,True,True,residual
936,-1.1191514324425564,20.105509596256343,0.5147282840822822,21.482600645257442,False,True,False,True,True,residual
937,3.6621613273437257,12.148312859419974,1.9086561108155686,12.980389898754863,False,True,False,True,True,residual
938,-1.648955179080701,15.520705032763734,1.0506351044155642,16.583768063943257,False,True,False,True,True,residual
939,0.8802105068820483,10.249486031350543,0.38693181165576723,10.951506311068433,False,True,False,True,True,residual
940,-1.9036645675734898,7.551901960891687,1.0415085162466744,8.069156027170823,False,True,False,True,True,residual
941,0.6051919513414722,16.318271409761945,0.3843767560471029,17.43596232856054,False,True,False,True,True,residual
942,3.091055687399316,15.14856665150004,1.5139262510128149,16.18614072745689,False,True,False,True,True,residual
943,0.648936882081041,10.87171776656194,0.025946188515463202,11.616356700080258,False,True,False,True,True,residual
944,0.2725631552635229,3.313902592827868,0.16190254451469752,3.5408824450915737,False,False,False,False,False,none
945,2.9110555126499973,4.35223852606033,1.1509756401949465,4.650337347612776,False,False,False,False,False,none
946,-1.6786086829147053,8.77065549877313,1.3066484658742437,9.371385916642353,False,True,False,True,True,residual
947,-1.1214329995619772,10.352277655234468,0.7749135295112389,11.06133846404142,False,True,False,True,True,residual
948,-0.08300712941939505,7.512669514186655,0.11596805506330135,8.027236423946368,False,True,False,True,True,residual
949,-0.0008794178732871305,8.422731038159268,0.05291670352707789,8.999630990148178,False,True,False,True,True,residual
950,1.5402710509227568,11.0392037526662,0.7056087670227134,11.795314340319575,False,True,False,True,True,residual
951,-2.9200195147846495,8.871109307790308,1.600155111200509,9.478720130285602,False,True,False,True,True,residual
952,-4.370076769007204,7.035968746483357,1.983857392799823,7.517884886705828,False,True,False,False,False,none
953,2.6072587133869405,18.399546988378994,1.799113724928046,19.659791168814476,False,True,False,True,True,residual
954,1.4853192808811484,1.2335535065584977,0.8947978978618026,1.3180435556275314,False,False,False,False,False,none
955,-1.5493641924329267,16.665535796341146,0.756936512196262,17.807011970425393,False,True,False,True,True,residual
956,4.0220518725317405,13.318969890779158,2.098337842319226,14.231228997204507,False,True,False,True,True,residual
957,0.09644611342515458,19.30270972806242,0.22648174850960368,20.6248144307918,False,True,False,True,True,residual
958,4.819813496063731,11.544961725117194,2.1111316278146433,12.335713303763052,False,True,False,True,True,residual
959,2.7187113231391855,2.6494212981741,0.6692106870559003,2.8308886883579216,False,False,False,False,False,none
960,3.8332189680168627,21.460561370382575,1.0762548800293532,22.930464275763068,False,True,False,True,True,residual
961,2.861613746779179,9.829721531448227,0.38947014190605955,10.502990789823613,False,True,False,True,True,residual
962,0.8424540366124917,0.33233467642112224,0.6683506650056181,0.35509734781630137,False,False,False,False,False,none
963,4.297705859997505,6.1045411019550135,1.1422020698287594,6.522660765598199,False,False,False,False,False,none
964,0.06788284579593715,4.739488870272531,1.1390313050852832,5.064111714018203,False,False,False,False,False,none
965,-2.3281699524678316,2.9136856786049945,2.074063371303714,3.113253386570812,False,False,False,False,False,none
966,-0.9940367456811886,5.4964211114675,1.0117769737538767,5.872888680116042,False,False,False,False,False,none
967,-0.7489819641642694,9.822380772893396,0.6904930259984765,10.495147239093814,False,True,False,True,True,residual
968,0.08166866579475279,6.946410730062071,0.1492679163417115,7.422192753554519,False,True,False,False,False,none
969,-2.786455304836047,7.027263097647945,1.511355480083592,7.508582959968103,False,True,False,False,False,none
970,2.1817083911824273,16.895800241110457,1.2020357573158467,18.053047967976138,False,True,False,True,True,residual
971,-1.7977234318100617,9.576296508552385,0.9696459669569838,10.232207871622906,False,True,False,True,True,residual
972,-1.8973698920993525,3.0970236383790164,0.8240766107451768,3.309148753165994,False,False,False,False,False,none
973,-4.036657630370811,7.825062775670982,1.6974878989820117,8.361026505148132,False,True,False,True,True,residual
974,3.223405834442155,7.455719066475837,2.165421210461836,7.966385256813158,False,True,False,True,True,residual
975,-1.0568835541045172,4.996074194075606,0.3449480381496144,5.338271392304691,False,False,False,False,False,none
976,0.06789786990215588,10.342355297043033,0.26991391025060796,11.050736491608676,False,True,False,True,True,residual
977,1.2372928780134842,9.841787391130751,0.7834550726206841,10.515883079062064,False,True,False,True,True,residual
978,-1.900460726258,9.414357064217922,0.8960321653890542,10.059176673647206,False,True,False,True,True,residual
979,1.747389725958552,6.160301251295901,1.053527709371868,6.582240106995905,False,False,False,False,False,none
980,-1.4060791791447587,0.10865293336454619,0.6876009138538962,0.11609492240081959,False,False,False,False,False,none
981,1.1946318613026001,25.545519561661486,0.7120811370059654,27.295214398394037,False,True,False,True,True,residual
982,-0.8996926514635629,5.190930867459069,0.44674041121203,5.546474426270054,False,False,False,False,False,none
983,-2.8341440998025975,2.5373694631344477,1.2962089894100084,2.7111620625690716,False,False,False,False,False,none
984,1.975905317853451,11.087421474107227,1.2974178532423852,11.846834648660067,False,True,False,True,True,residual
985,-1.7314565144635627,12.700344627812633,0.7613008739402454,13.570232099326736,False,True,False,True,True,residual
986,0.2509160900330483,8.408058309317802,0.3530327764576393,8.983953278893544,False,True,False,True,True,residual
987,0.060190971008451444,10.040912665354263,0.18986462213579802,10.728647084074778,False,True,False,True,True,residual
988,0.33379679549066765,4.701777672812655,0.284676475862664,5.023817555294874,False,False,False,False,False,none
989,0.9865184591110603,7.1120739547696585,0.5445162400814337,7.599202785603709,False,True,False,False,False,none
990,1.6718477108410048,12.894288572270685,0.768212975364625,13.777459888625552,False,True,False,True,True,residual
991,0.7594930573557158,6.684279493067855,0.17179175710229766,7.142107304636446,False,True,False,False,False,none
992,-0.4766980443526437,8.264101010303488,0.46250762812825974,8.830135881235032,False,True,False,True,True,residual
993,-0.2027361321145958,7.039751131892537,0.23704850992202187,7.521926339862876,False,True,False,False,False,none
994,-0.47571337317020146,12.025057659575515,0.32211852566022964,12.848692553654844,False,True,False,True,True,residual
995,-1.004502580577604,7.583819655792809,0.5143237052703606,8.103259867702457,False,True,False,True,True,residual
996,0.12583719382782332,10.678816185330259,0.13711092265339556,11.41024266881937,False,True,False,True,True,residual
997,2.5490571390942947,18.820817654243125,1.2857116662147774,20.109916018174474,False,True,False,True,True,residual
998,-1.1139985566227986,4.691140811500265,0.7491634285368749,5.012452141123248,False,False,False,False,False,none
999,-1.6805890469047242,4.706879205611684,0.8743051250402711,5.029268508491336,False,False,False,False,False,none
