time,pc1_score,residual_q,score_stat,residual_stat,score_only_alarm,residual_only_alarm,score_alarm,residual_alarm,stage_1_alarm,alarm_source
0,-0.18000584616499882,1.5503253076208674,0.45981137446650583,1.6565120766725754,False,False,False,False,False,none
1,3.4241056085290165,0.8602305095770953,1.3812771877037435,0.9191504652810207,False,False,False,False,False,none
2,0.07110483863795936,0.882116252455174,0.5222369685533524,0.9425352331141174,False,False,False,False,False,none
3,2.372662975912264,1.821118472011614,0.6991891563115775,1.9458527362674531,False,False,False,False,False,none
4,-2.382857147432362,0.17943266314736628,1.7485698816002115,0.19172258363586145,False,False,False,False,False,none
5,-5.570999883864421,0.18722721997186725,2.9461066876114317,0.20005101473908002,True,False,True,False,True,score
6,-0.6737327227645409,1.3422404183707652,0.01982769970892013,1.4341747837692946,False,False,False,False,False,none
7,0.24310904883452716,0.02384898577185145,0.4608184448700472,0.02548247955010845,False,False,False,False,False,none
8,0.12575445005590585,1.9399624611794715,0.3117009085367438,2.0728367326769632,False,False,False,False,False,none
9,0.5121356134462691,0.22129399853057152,0.4368769727308724,0.23645113658345904,False,False,False,False,False,none
10,-1.4411252397058683,0.29846352906330564,0.5984435525652776,0.318906256583273,False,False,False,False,False,none
11,-1.3937869080307734,1.2419698720155183,0.45578087985110777,1.3270363850374052,False,False,False,False,False,none
12,-3.1432981579809907,0.0007595837392411113,1.2136872691323475,0.0008116100737773167,False,False,False,False,False,none
13,2.1052558995548,0.3191159378049205,1.5762477360554585,0.34097321525620045,False,False,False,False,False,none
14,-1.5325927414318035,0.5721569995283933,0.5045012323228417,0.6113458735483079,False,False,False,False,False,none
15,-2.460376566225211,1.1009132713574328,0.8538676042068655,1.1763183638995849,False,False,False,False,False,none
16,-2.091159701490388,0.017814417618920865,0.5039079144770267,0.019034584405976652,False,False,False,False,False,none
17,-0.2637628212034965,1.745901024903402,0.483735232156855,1.8654834041674417,False,False,False,False,False,none
18,-0.01606762541033349,3.572502183002074,0.5071981691403322,3.8171943533345822,False,False,False,False,False,none
19,-2.822896827157109,1.5049369896746931,0.9564353930352327,1.6080149667769281,False,False,False,False,False,none
20,2.22556985095736,0.23884164698500326,1.6849440004559664,0.25520067994644435,False,False,False,False,False,none
21,-0.1836156008859155,0.6863731595777955,0.17874341051960402,0.7333850659313247,False,False,False,False,False,none
22,-1.074726862213652,0.8437796884917101,0.28947417596485325,0.9015728745230269,False,False,False,False,False,none
23,-0.31943269105753636,1.9997727064487645,0.134975607931383,2.1367435741058602,False,False,False,False,False,none
24,0.9437606082777392,0.600468155806596,0.7210260687456684,0.6415961520213962,False,False,False,False,False,none
25,-1.062469858525641,1.0050605247395386,0.3968311787804334,1.0739003542249288,False,False,False,False,False,none
26,2.7673097507453823,0.10852040296123058,1.54118129288178,0.11595331456371635,False,False,False,False,False,none
27,-0.5881296921632602,2.7717201787304333,0.39549720693367324,2.9615642127844675,False,False,False,False,False,none
28,1.6715066479424796,3.8555449165213105,0.7802357242463945,4.119623594464982,False,False,False,False,False,none
29,-5.033808979189261,0.8493406835526213,2.6299959749206625,0.9075147600301741,True,False,False,False,False,none
30,2.662852641574035,0.05328569061260497,1.631302012674096,0.05693539902865643,False,False,False,False,False,none
31,-2.94652488170141,0.06569260801126241,1.4172686748112555,0.07019210612369482,False,False,False,False,False,none
32,-1.5810729833096315,0.4456630373400232,0.4711418123632618,0.47618793284955374,False,False,False,False,False,none
33,1.9355901234971513,0.5901393053113299,1.3297729167592218,0.6305598453188946,False,False,False,False,False,none
34,0.8061116940142533,9.273983679214869,0.5156664694166602,9.909188663803125,False,True,False,True,True,residual
35,2.930034472950588,0.22491816989533958,1.4433029537391049,0.24032353910708304,False,False,False,False,False,none
36,-3.2953627726520596,0.17731606015911075,1.866631009907103,0.18946100769800417,False,False,False,False,False,none
37,-1.0517491374689079,4.3413743756994325,0.4044473635531644,4.638729076634325,False,False,False,False,False,none
38,0.2554478118187322,1.4628652402852969,0.3108432855332308,1.5630615878907723,False,False,False,False,False,none
39,1.8453246063757314,0.9212899927935148,1.0202643336421118,0.984392108983918,False,False,False,False,False,none
40,-3.146992051923873,0.4767720993575135,1.606630448829397,0.5094277546292877,False,False,False,False,False,none
41,-1.9310629970369975,0.6784895422551022,0.6951967832846175,0.7249614742898082,False,False,False,False,False,none
42,-1.8476979656357337,0.8472790740258407,0.5156991972703008,0.9053119442329295,False,False,False,False,False,none
43,-0.8606870079823803,1.4219328182070732,0.06645102617546239,1.5193255725095292,False,False,False,False,False,none
44,-4.527048051651753,1.6898868762301231,1.7261760727003672,1.8056326662057347,False,False,False,False,False,none
45,-0.24143408790331508,0.5372169706930673,0.6989282400471478,0.5740126897058626,False,False,False,False,False,none
46,0.791123427720546,3.6063827643349997,1.0602573650980336,3.8533955247060323,False,False,False,False,False,none
47,-0.9941741944148639,2.6851657441671777,0.018224305973033976,2.8690813864777565,False,False,False,False,False,none
48,-0.6499508325099799,0.7293408456926663,0.1524770235276552,0.7792957471322834,False,False,False,False,False,none
49,-2.9062871714368743,0.24245020039462778,0.9730503337039733,0.25905639479092063,False,False,False,False,False,none
50,-0.212244340839809,0.0056610955647488,0.5290168395339311,0.00604884221660223,False,False,False,False,False,none
51,-5.375786133120272,4.006693175192872,2.0827264244789996,4.281124483747183,False,False,False,False,False,none
52,-0.8594723425893094,0.7119695710142346,0.5256498489731103,0.7607346579527628,False,False,False,False,False,none
53,-0.4702567510171575,0.12661960136704942,0.6094117131838539,0.13529218530907086,False,False,False,False,False,none
54,0.7404362559420886,0.59704043196663,1.0750958181764274,0.637933652345689,False,False,False,False,False,none
55,2.5271361466969804,0.16982730181620706,1.7271873933957915,0.1814593201984048,False,False,False,False,False,none
56,-1.3452982032103034,0.0680203349425584,0.4975972703864707,0.0726792665628191,False,False,False,False,False,none
57,-1.480844239580945,0.006693126907426834,0.4638602257414107,0.007151560706874629,False,False,False,False,False,none
58,-0.9483665075396087,0.040160875699535734,0.11266920265333998,0.0429116233083491,False,False,False,False,False,none
59,-0.20911929573602037,2.6166882209062563,0.2686317701417279,2.795913617297481,False,False,False,False,False,none
60,1.5728383275000262,0.24592137027290545,1.0797146654378706,0.26276531626390687,False,False,False,False,False,none
61,-2.3642813687225948,0.8603450649452276,1.046968166619747,0.9192728669149397,False,False,False,False,False,none
62,-1.4459795216719957,1.4454424275270044,0.39190965291613544,1.5444454306224589,False,False,False,False,False,none
63,0.6915030235061411,0.05364650967671434,0.7238228023012223,0.05732093175153257,False,False,False,False,False,none
64,-3.699705318283594,0.09194391331625405,1.552057302194364,0.09824144780210076,False,False,False,False,False,none
65,0.4886250591722404,0.015395325082917655,0.7910101554577095,0.016449800437876853,False,False,False,False,False,none
66,-1.7565196855091583,0.00783513332960424,0.45679238911110726,0.008371786823725932,False,False,False,False,False,none
67,4.0860039120740055,0.024424859558050353,2.4700254625489877,0.026097796785006438,False,False,False,False,False,none
68,0.915569249054007,0.31318766147508253,0.4373635663047121,0.3346388922041573,False,False,False,False,False,none
69,-0.05150705059901953,0.3843158691751605,0.11944495934420699,0.4106388997303638,False,False,False,False,False,none
70,0.9821624896772057,0.17477396598258366,0.4060984868839329,0.1867447973112187,False,False,False,False,False,none
71,0.6576546680577637,0.2975806356506943,0.16739055187723273,0.31796289095980285,False,False,False,False,False,none
72,-0.7222888311553375,0.39843583957067663,0.5357936649192463,0.4257259923343838,False,False,False,False,False,none
73,-0.30646200761397463,2.2554777703552134,0.22682829050543032,2.409962700662847,False,False,False,False,False,none
74,2.1720698922666983,6.867600693045753,1.021403969928247,7.337984763503136,False,True,False,False,False,none
75,-0.2655073001904105,0.5022243031929002,0.3658675273666728,0.5366232618070372,False,False,False,False,False,none
76,0.45694291143582866,0.9318145048663369,0.057921288506803746,0.9956374787550342,False,False,False,False,False,none
77,0.4682625510267926,0.09066392381835923,0.05183061207226784,0.09687378770466568,False,False,False,False,False,none
78,-1.3255513596546886,2.2721190297855625,0.8290987837308612,2.4277437735008554,False,False,False,False,False,none
79,3.2756622420055557,0.1296419787111457,1.5697550412482129,0.13852157500305723,False,False,False,False,False,none
80,-0.6224233984776371,0.1093244274725669,0.6359920863877578,0.11681240930107395,False,False,False,False,False,none
81,0.9299987492609167,0.6137006928211008,0.24461876601965438,0.6557350280765013,False,False,False,False,False,none
82,0.79224518612879,5.194013803463484,0.12884125940955318,5.549768522481874,False,False,False,False,False,none
83,0.03838219336591761,0.4245671619820376,0.26278737005015346,0.4536471331046859,False,False,False,False,False,none
84,-2.839257621687662,0.7478459701764193,1.6067892169982805,0.7990683471388639,False,False,False,False,False,none
85,-2.256317583300608,2.8410774252257167,1.002522324345708,3.0356719602742546,False,False,False,False,False,none
86,0.5483270313743691,0.476169787216821,0.5591158578529984,0.5087841881919218,False,False,False,False,False,none
87,1.0433478489535242,0.13000442551775993,0.6875332936169289,0.13890884695776023,False,False,False,False,False,none
88,1.3983228241583756,0.9775744957265919,0.7223010132698362,1.0445317186386398,False,False,False,False,False,none
89,0.37283216938999797,0.04764293482354322,0.08015568512506932,0.05090615273799292,False,False,False,False,False,none
90,-1.3099328118078888,0.012547404907859383,0.7525451084636625,0.013406817045814989,False,False,False,False,False,none
91,3.2111597430405956,3.1382254550754762,1.59211410372837,3.353172614869751,False,False,False,False,False,none
92,-3.5556342549379263,0.13340807387988568,2.0103295946283075,0.1425456221486784,False,False,False,False,False,none
93,1.1642471649696722,0.044981908146348545,0.6823615638798312,0.0480628637808608,False,False,False,False,False,none
94,0.06834971027397332,3.2723197118070355,0.014034709349443874,3.4964514187416555,False,False,False,False,False,none
95,1.8028447752985803,2.031962404441786,0.8530027657070309,2.1711380480964264,False,False,False,False,False,none
96,-0.2247210957747195,0.21831851065109853,0.30160419480031603,0.23327184796441183,False,False,False,False,False,none
97,-3.285745554247705,1.1946533090811269,1.7268418391495164,1.2764789584494716,False,False,False,False,False,none
98,-0.9365773996412553,1.0767138497660285,0.24138892507051044,1.1504614460529883,False,False,False,False,False,none
99,1.5727110157040725,1.7960218284575993,1.0246820344370415,1.9190371428388906,False,False,False,False,False,none
100,0.7145616821281952,0.017446531306198707,0.4032736131196034,0.018641500375888798,False,False,False,False,False,none
101,1.7499480150687132,0.8240863251470403,0.8251065286276439,0.8805306493523569,False,False,False,False,False,none
102,-1.6586080969449881,0.7609831868762432,0.9941352894565522,0.8131053740842079,False,False,False,False,False,none
103,3.4510936149311178,0.08841258976424873,1.6845023116814861,0.09446825253670706,False,False,False,False,False,none
104,-0.7192023030872907,0.6834057987765878,0.6763017695147433,0.7302144610402849,False,False,False,False,False,none
105,-0.34393383507253394,0.3519324246055001,0.3589183180211607,0.3760374088366747,False,False,False,False,False,none
106,2.0564536328893777,0.599095406367838,0.8778073493588087,0.6401293785562595,False,False,False,False,False,none
107,1.1426597251922423,2.8433359351712446,0.25876876586313374,3.038085162833525,False,False,False,False,False,none
108,1.9884468809031561,0.009970844529142956,0.6174874872773838,0.010653779755744773,False,False,False,False,False,none
109,-1.052574853732124,0.08346258398629339,0.9818608885696162,0.0891792049345845,False,False,False,False,False,none
110,1.7420092150455126,1.0487255999736491,0.5707624811927859,1.120556190970006,False,False,False,False,False,none
111,2.22222379073205,0.014993051297424238,0.6896649135893865,0.0160199736263535,False,False,False,False,False,none
112,5.191713950756949,1.0073868847799632,1.9928675239301172,1.0763860541504275,False,False,False,False,False,none
113,-0.12421081538956077,0.5278949058865469,0.9855994904041099,0.5640521266836264,False,False,False,False,False,none
114,0.12101804440593306,0.0594044334311931,0.6694665566668566,0.06347323423215911,False,False,False,False,False,none
115,-0.4414143274926597,0.24270606301744466,0.8085296338552919,0.2593297822681048,False,False,False,False,False,none
116,-3.3451223562691306,2.206702182235396,2.0560343010283244,2.357846315559596,False,False,False,False,False,none
117,-5.833393147091013,0.13856311249190673,2.8524204647346965,0.14805374594343917,True,False,False,False,False,none
118,2.099114565212429,2.2193961268700715,1.5678218662784535,2.3714097093096616,False,False,False,False,False,none
119,0.21977955275059002,0.0017451197315960275,0.342189618813242,0.0018646485975673513,False,False,False,False,False,none
120,1.0301246630561876,0.6957888763121267,0.6670236434959822,0.7434456954032664,False,False,False,False,False,none
121,-1.1319778401834277,0.6019148542189575,0.5156800238579218,0.6431419394632961,False,False,False,False,False,none
122,0.4239937986633301,0.15216226661591178,0.3425910343037687,0.16258434989359738,False,False,False,False,False,none
123,2.074135768429578,0.2774008739521756,1.0749100749421079,0.2964009524468661,False,False,False,False,False,none
124,0.0003462698768352812,2.3440608885731313,0.14651132789411211,2.504613161695752,False,False,False,False,False,none
125,-2.7584191573499997,3.4764057622748594,1.4560769607840265,3.714515979526749,False,False,False,False,False,none
126,0.40752503802755413,1.4200087133290729,0.37161594762009065,1.517269679496931,False,False,False,False,False,none
127,1.2384593587671557,0.5025028175217006,0.7005569417031926,0.5369208524784378,False,False,False,False,False,none
128,1.1105876456070258,0.2919990035041249,0.4983876015763462,0.3119989548665934,False,False,False,False,False,none
129,-0.4437812827649539,0.5638203002930624,0.35564715405720526,0.6024381669560024,False,False,False,False,False,none
130,6.7982936694352505,0.21823571413996135,3.2301637266925716,0.23318338045379913,True,False,True,False,True,score
131,0.3943220312540112,5.184963589650765,0.5238070710971562,5.540098430402783,False,False,False,False,False,none
132,1.2380426119131513,0.9731808649051755,0.009576120405589361,1.0398371539041673,False,False,False,False,False,none
133,1.650417885622166,1.4502629923525694,0.19247065913229539,1.5495961714448387,False,False,False,False,False,none
134,0.9049579200095428,0.16764946723880747,0.20780574229279056,0.17913231872282817,False,False,False,False,False,none
135,1.5645524809649087,0.00041606466942457004,0.15386597988549092,0.00044456227747211046,False,False,False,False,False,none
136,-0.8865190172774555,2.0138073500201226,1.0664468969434013,2.1517394955769653,False,False,False,False,False,none
137,-0.5349212501485139,0.06499787363044855,0.6825221460452897,0.06944978714957972,False,False,False,False,False,none
138,-4.133229550833173,0.030946457093447836,2.2923276513575903,0.03306607952120359,False,False,False,False,False,none
139,-0.41070959207098384,0.34309926597171214,0.02727051130000994,0.3665992387441738,False,False,False,False,False,none
140,-1.7105123737248782,0.02878370433481665,0.6526290912353606,0.030755192866694037,False,False,False,False,False,none
141,-2.457557109840585,2.7955428894867933,0.8846546541366246,2.987018617658724,False,False,False,False,False,none
142,4.157125878372345,0.16421097243735622,2.502475528885898,0.17545831034782408,False,False,False,False,False,none
143,-1.8460849333025002,0.6406314642436528,0.9114627294580293,0.6845103746932873,False,False,False,False,False,none
144,-2.117829253922451,0.40339911671040884,0.8610515475557412,0.4310292202965567,False,False,False,False,False,none
145,1.149040392242148,1.2683124535250239,0.8966168275686329,1.3551832547212863,False,False,False,False,False,none
146,0.17082706444245188,3.7530133508725876,0.2425526923179798,4.010069311952559,False,False,False,False,False,none
147,-1.886667859404724,3.569358923625484,0.8044892463199522,3.813835802008715,False,False,False,False,False,none
148,-0.2972856847053633,0.05653932082474082,0.1277582621437635,0.06041188084375419,False,False,False,False,False,none
149,-1.297350125893645,0.00763377757951653,0.38313881454348053,0.008156639570379716,False,False,False,False,False,none
150,-0.9215504275085589,0.7569947275336759,0.12413014042849974,0.8088437323269568,False,False,False,False,False,none
151,-2.216152334600708,0.8344139345243626,0.7275927365207651,0.8915656299287529,False,False,False,False,False,none
152,-0.5695184419653427,0.20764955401347318,0.2170605388114392,0.22187214015544635,False,False,False,False,False,none
153,-0.6073184617258265,0.005212926303322414,0.15530354658767362,0.005569976400313955,False,False,False,False,False,none
154,-0.8875927472698012,0.8520585014953719,0.011778239396135304,0.9104187300693866,False,False,False,False,False,none
155,0.5710258513231475,0.05342470931485847,0.698465653888808,0.05708393956917026,False,False,False,False,False,none
156,-0.43079748302771126,0.1765825936829632,0.07257348311235137,0.18867730374271144,False,False,False,False,False,none
157,2.166016327004262,1.0287470813900563,1.3183292735124184,1.099209279360509,False,False,False,False,False,none
158,2.6794325007102797,0.21362396003492565,1.303831552767819,0.22825575247012167,False,False,False,False,False,none
159,-2.0224098864465203,0.4256538347459588,1.2388053995212611,0.45480823558297095,False,False,False,False,False,none
160,-1.7906628047472837,0.15046885366289764,0.8785741816383632,0.16077494963826228,False,False,False,False,False,none
161,1.0165975280451485,0.24968121602034737,0.659543817033786,0.2667826859452555,False,False,False,False,False,none
162,1.177877973810135,0.5470423752644128,0.6059067360812085,0.5845110678530947,False,False,False,False,False,none
163,-0.49520884089171086,1.2193127152723446,0.3272473165517991,1.3028273667212897,False,False,False,False,False,none
164,1.9488629635922574,3.958511998648547,0.9243447771834726,4.229643223380965,False,False,False,False,False,none
165,-1.7752568070543742,0.009929197695251423,1.0678921993842028,0.01060928039618625,False,False,False,False,False,none
166,-2.3033397153312123,0.6528906062094217,1.110599867287317,0.6976091847405178,False,False,False,False,False,none
167,0.3727343147655977,0.4440058621479295,0.4102566995252729,0.4744172523959926,False,False,False,False,False,none
168,-2.6588271406458777,0.012707206754981723,1.1430543114006821,0.013577564235667014,False,False,False,False,False,none
169,0.031059229138173106,0.26211287098938474,0.39099646812992955,0.28006582496647126,False,False,False,False,False,none
170,0.04714848120285525,0.7814768192507837,0.3206055161944616,0.8350026812857597,False,False,False,False,False,none
171,0.8785007627231765,0.44772025704217444,0.6599514388437335,0.47838605814895424,False,False,False,False,False,none
172,-1.2444777291474056,0.19659447014997208,0.5023503512560824,0.21005985802440078,False,False,False,False,False,none
173,1.7402039454556628,1.1772987314014793,1.046627969039036,1.2579357098999104,False,False,False,False,False,none
174,0.33294268428264084,0.042919032308025594,0.15433857238367782,0.04585869493832152,False,False,False,False,False,none
175,-2.5248721581402886,0.17831143821823786,1.2634671233094454,0.19052456240339005,False,False,False,False,False,none
176,0.5541451421295737,4.310445764032807,0.4835169653851261,4.605682064830651,False,False,False,False,False,none
177,0.3680362342338652,0.04926666220888294,0.2964922858581997,0.05264109443688506,False,False,False,False,False,none
178,-0.19847828234510423,0.4148954019412954,0.037743682411135904,0.4433129230963651,False,False,False,False,False,none
179,2.0741339793108793,0.5592626982713038,1.0727359422025404,0.5975684001060396,False,False,False,False,False,none
180,-2.7840505376280156,0.03821004155106757,1.4995569358038077,0.040827170251537453,False,False,False,False,False,none
181,-1.1039215891450542,0.0294082187103168,0.3842551960558446,0.03142248224137321,False,False,False,False,False,none
182,-3.1826273663155575,0.2220748599901095,1.3162294842712026,0.23728548175706513,False,False,False,False,False,none
183,-3.3473294806476703,3.229930353125675,1.1329158540435085,3.451158676481106,False,False,False,False,False,none
184,3.3016808035986642,1.189107517559125,2.3205260914579444,1.2705533178205366,False,False,False,False,False,none
185,-0.38454176910474924,1.1739691193187585,0.06744489844400825,1.2543780419714121,False,False,False,False,False,none
186,0.0831739071447431,5.413392922329029,0.28094495463366476,5.78417362313023,False,False,False,False,False,none
187,-0.02345565678552633,0.20391813780691115,0.1730071275191934,0.2178851472457148,False,False,False,False,False,none
188,0.4433471514684343,0.09597328908632738,0.36495171013846445,0.10254680848464122,False,False,False,False,False,none
189,3.714668019692084,0.2203203861914621,1.8795796747742162,0.23541083840229396,False,False,False,False,False,none
190,-3.699025443281677,0.5041851269837682,2.0943066018058145,0.5387183887290019,False,False,False,False,False,none
191,-1.7020957684800218,0.2678978008292031,0.7063070536326805,0.2862469832661242,False,False,False,False,False,none
192,-1.8170177570162278,0.05308542635499553,0.620818910093267,0.05672141802762059,False,False,False,False,False,none
193,-4.0660666669657815,0.2561128066560585,1.5881503882006107,0.27365479691957706,False,False,False,False,False,none
194,0.9436860055635257,0.8126365486225314,1.1607835496085357,0.8682966407898847,False,False,False,False,False,none
195,-0.20575506380564693,2.3135910145488827,0.37078682408718994,2.4720563079517355,False,False,False,False,False,none
196,0.21632280967772188,0.14402244221888644,0.5014698236891683,0.1538870027307889,False,False,False,False,False,none
197,-0.001922279414280914,0.0016884581744732849,0.29525842903868754,0.0018041061080682056,False,False,False,False,False,none
198,3.029638401484026,5.246904233083388,1.7074660383696505,5.606281587820543,False,False,False,False,False,none
199,0.32100572508558856,0.7481342286103984,0.0514350655843328,0.799376349320562,False,False,False,False,False,none
200,4.162001713990629,2.34599536096298,1.9052377561221796,2.5066801323244463,False,False,False,False,False,none
201,-0.9844775801237126,0.006805481024696731,0.9734690194133853,0.007271610319176376,False,False,False,False,False,none
202,2.8919896531160623,4.567118678385615,1.1025291849191057,4.879935333025477,False,False,False,False,False,none
203,-0.5790845186074058,0.3173582943217227,0.8025380634334514,0.33909518511498443,False,False,False,False,False,none
204,-1.213814125361923,0.21491000053365758,0.9500737103527664,0.22962987802091248,False,False,False,False,False,none
205,0.8948179885222858,0.22427043489834264,0.2632900338102759,0.23963143865582,False,False,False,False,False,none
206,-0.3770585614477711,0.15991760036776967,0.40662765975372694,0.1708708714097131,False,False,False,False,False,none
207,-0.28201440275778406,0.003604374888496566,0.27917585271227624,0.0038512501229903567,False,False,False,False,False,none
208,0.0003484160832182559,0.7763780400463495,0.08630601074167382,0.8295546702864464,False,False,False,False,False,none
209,1.6267263058015073,0.27871061355171894,0.7202593945958445,0.2978004003261433,False,False,False,False,False,none
210,-4.129186178342748,0.11222113521336977,2.2172182592587517,0.11990752187624991,False,False,False,False,False,none
211,-2.860417650513769,1.0368199567673406,1.15802328772875,1.1078350919497817,False,False,False,False,False,none
212,-1.787474426953795,2.2363841434164753,0.40570410160198817,2.3895612897744196,False,False,False,False,False,none
213,-3.7316963564661627,0.13878120177306286,1.268121694488073,0.14828677286124287,False,False,False,False,False,none
214,-3.9563879419056596,2.562687510733774,1.1235433613987125,2.738214224718457,False,False,False,False,False,none
215,-1.2089718936915799,4.461433134111643,0.43452519512073284,4.767011045742693,False,False,False,False,False,none
216,-0.07155559514058053,0.0664325754183283,0.8996243802672018,0.07098275627958359,False,False,False,False,False,none
217,-1.6540283737857289,0.0012679816514765893,0.04829692731263797,0.0013548297949760792,False,False,False,False,False,none
218,0.11568904676684177,0.25923949835710425,0.8202313639127544,0.2769956457964895,False,False,False,False,False,none
219,-1.4666059551802595,1.5408275073735602,0.11172506284908662,1.6463637415237204,False,False,False,False,False,none
220,0.28254385348508443,0.05786564900789483,0.7595071024022352,0.061829053512113354,False,False,False,False,False,none
221,-1.4213318300004287,0.9195668076021077,0.21930929717935388,0.9825508972937795,False,False,False,False,False,none
222,-2.383148539291885,0.029808154374386824,0.6422306965055864,0.03184981078601313,False,False,False,False,False,none
223,-3.3364112425246395,1.4891195913660433,0.9764164357867737,1.5911141839599154,False,False,False,False,False,none
224,-0.7177534082043042,0.9821325201453253,0.48973855247403364,1.0494019368169052,False,False,False,False,False,none
225,3.1589609833773373,2.1099593243130337,2.273215191869649,2.2544772279929735,False,False,False,False,False,none
226,1.6568399957954625,0.535685044071512,1.089571583153221,0.5723758365004686,False,False,False,False,False,none
227,-0.933305605145295,0.3993807048815722,0.38537704427258174,0.4267355745108687,False,False,False,False,False,none
228,-2.323868894469747,0.014684458611459193,0.9831616762505697,0.01569024443431806,False,False,False,False,False,none
229,-3.3353647495216165,0.31053204866713624,1.2774225921618867,0.3318013879295995,False,False,False,False,False,none
230,-0.36988197057480376,1.4004648782313092,0.41725268058730947,1.4963872242439589,False,False,False,False,False,none
231,3.468373409497305,0.40527221299070737,2.19656179187822,0.4330306109684581,False,False,False,False,False,none
232,-0.3554367622662251,0.9854467479022053,0.09849974991339709,1.0529431666975813,False,False,False,False,False,none
233,2.7211614020937303,0.09528577001413369,1.414316823214022,0.10181219901885155,False,False,False,False,False,none
234,0.3373172300129911,0.42133161872208186,0.025459849625121756,0.4501899770753244,False,False,False,False,False,none
235,0.7383673604237374,1.75693867345686,0.17426742346281215,1.8772770567879549,False,False,False,False,False,none
236,-1.9578994910735836,0.3956498462687989,1.169122516539734,0.42274917738631873,False,False,False,False,False,none
237,-1.4151493650027411,1.1005946199734242,0.6718936971147137,1.1759778870569095,False,False,False,False,False,none
238,-0.40871806991509535,1.518580569457575,0.049079609144693816,1.6225930392422951,False,False,False,False,False,none
239,-2.9342129589682946,2.124827839272743,1.2649220928218532,2.2703641353871014,False,False,False,False,False,none
240,-0.42407821630235587,1.089198928751097,0.20626623486022344,1.1638016682730044,False,False,False,False,False,none
241,2.0185041281216574,5.973890904733158,1.3504327622700782,6.383061915954325,False,False,False,False,False,none
242,0.39255044378479154,0.008821726567736752,0.29124787950100584,0.009425955007458941,False,False,False,False,False,none
243,-1.998944482595598,0.20604121633065353,0.9276280239156188,0.2201536422493218,False,False,False,False,False,none
244,-0.3828424408175931,0.35385918163909014,0.0422147696476301,0.3780961356595333,False,False,False,False,False,none
245,2.2878971244731865,1.1571807761715553,1.3299195178199843,1.2364398111794872,False,False,False,False,False,none
246,-0.45009738341393635,4.613920194406463,0.2648518631478897,4.929942435479409,False,False,False,False,False,none
247,2.90734872507222,0.2709974310819533,1.4175346139199472,0.28955891716906734,False,False,False,False,False,none
248,-1.0306693578923092,1.9047740741748198,0.7771482076321404,2.0352381798149928,False,False,False,False,False,none
249,-1.0463494581267483,0.8331144115085816,0.6293283406234994,0.8901770983999353,False,False,False,False,False,none
250,-0.7919770183964505,1.0698672553842687,0.38001212811800456,1.1431459063906266,False,False,False,False,False,none
251,2.154705763235781,0.10063390468095822,1.1260571471049727,0.10752664463856572,False,False,False,False,False,none
252,-0.3724422756463279,4.856009839852688,0.32561498482622286,5.188613579753294,False,False,False,False,False,none
253,0.5570706674185392,1.5267037792248854,0.19061379605184248,1.631272633785936,False,False,False,False,False,none
254,1.1543952011899592,0.00011896620833022154,0.4423810852455792,0.0001271145867555887,False,False,False,False,False,none
255,2.919788760404167,2.06579964714629,1.2106753428690185,2.2072929124373366,False,False,False,False,False,none
256,1.7500460123109423,2.577042833814368,0.4008475667412687,2.753552790070288,False,False,False,False,False,none
257,-0.6495762678383254,1.0076834550826277,0.8438925939098096,1.0767029375074437,False,False,False,False,False,none
258,-2.4858098737958496,0.037095981932743896,1.566264226874286,0.03963680510506478,False,False,False,False,False,none
259,-0.45149008537132185,0.0858111119205881,0.26572720247474996,0.09168859110433764,False,False,False,False,False,none
260,1.1734301873926023,0.13898749729430263,0.5760150390760952,0.14850719822656286,False,False,False,False,False,none
261,-2.9852059942494087,2.176854673091201,1.5574329525498778,2.3259544544689525,False,False,False,False,False,none
262,1.565671860687594,3.7582588519345155,0.9626590560554829,4.015674094261516,False,False,False,False,False,none
263,1.752493288601466,0.3263370387957326,0.8607943273412875,0.34868891269037916,False,False,False,False,False,none
264,0.01839807190325271,0.4641105828260406,0.15294548430377794,0.49589901008756243,False,False,False,False,False,none
265,2.571804169085536,2.4425936482685673,1.1168477223127753,2.6098947471675427,False,False,False,False,False,none
266,1.3808197878544168,1.3731790338786691,0.31547660516453846,1.4672324846095273,False,False,False,False,False,none
267,-1.8323560369787182,0.002948753896062929,1.307018410219825,0.0031507235390871215,False,False,False,False,False,none
268,0.313243293640303,5.389155071656255,0.004325012714445864,5.758275644070821,False,False,False,False,False,none
269,2.5188520375440397,0.8031222058013907,1.0669531226924065,0.8581306300130827,False,False,False,False,False,none
270,-4.027479191282888,0.027375055548785294,2.3234646780312542,0.02925006119247012,False,False,False,False,False,none
271,0.5724029310006713,0.44972789644710187,0.3736161400259093,0.48053120723703147,False,False,False,False,False,none
272,2.616702272361781,0.08052489833710114,1.2910203092965826,0.08604030774221232,False,False,False,False,False,none
273,2.6895500561864205,1.261760026368497,1.068170307726271,1.3481820307440031,False,False,False,False,False,none
274,-2.0115785345965023,1.0999305569085753,1.426987980074011,1.1752683401758859,False,False,False,False,False,none
275,-0.6254459207688755,0.023092468093621234,0.4688806127395405,0.024674145541726828,False,False,False,False,False,none
276,-0.3879050539889824,0.31327013349731075,0.2598225463310652,0.3347270130005715,False,False,False,False,False,none
277,-1.4567774747610065,3.4283711476054357,0.7265969474508577,3.6631913195298593,False,False,False,False,False,none
278,0.5450677807445523,0.20430542323036127,0.39024627072254303,0.21829895909404803,False,False,False,False,False,none
279,2.249054932764647,0.2844630953143313,1.1391660929362928,0.3039468880753689,False,False,False,False,False,none
280,-1.142933916278257,3.0680863314057216,0.7348473108625049,3.2782294369218405,False,False,False,False,False,none
281,-1.1807873103917483,0.07979163983073867,0.6062486364802453,0.08525682600122447,False,False,False,False,False,none
282,0.8278943177817386,0.005195190365772589,0.4898427078897113,0.005551025671329544,False,False,False,False,False,none
283,-0.13681245793260033,0.22179313646551974,0.07631168257990886,0.2369844620817288,False,False,False,False,False,none
284,-0.8237765775691166,0.5009293275067517,0.39444275389190736,0.5352395890690914,False,False,False,False,False,none
285,0.37928167412475744,0.02067217363365663,0.26830698975345635,0.022088077326025895,False,False,False,False,False,none
286,-3.2303063827196468,4.520036845279334,1.5371385679918954,4.829628713666909,False,False,False,False,False,none
287,-0.8951218956769255,1.5063770709858468,0.0964127798825181,1.6095536838910656,False,False,False,False,False,none
288,4.04786451974768,0.06028899362022078,2.321771026945025,0.06441838079492583,False,False,False,False,False,none
289,0.33473301145047607,3.194048949346194,0.05538155962754564,3.4128196398953663,False,False,False,False,False,none
290,1.5863227979649845,1.492900298374864,0.6517194811405332,1.5951538437575632,False,False,False,False,False,none
291,0.6000912999247667,0.5530648000374063,0.04274348370036142,0.5909459878781218,False,False,False,False,False,none
292,0.379654013072648,0.35327922736486705,0.07278654754502371,0.377476458450856,False,False,False,False,False,none
293,4.242576502052659,0.1419249409790851,1.816501706365886,0.1516458368816042,False,False,False,False,False,none
294,-2.9880865315687872,0.5399147658863805,2.0559417192802747,0.5768952655730982,False,False,False,False,False,none
295,1.436590354552332,0.7504632208538113,0.5026049267563163,0.8018648617371017,False,False,False,False,False,none
296,2.2146866176792868,6.151739154049903,0.779705067992234,6.573091564157881,False,False,False,False,False,none
297,-7.022890782917686,0.08967882990499285,3.8593629701869205,0.09582122153927665,True,False,True,False,True,score
298,2.3939598422196777,0.013065865150959494,1.4826404810235578,0.013960788299298494,False,False,False,False,False,none
299,1.130449756088923,0.3921983058939261,0.572913061303893,0.4190612299045906,False,False,False,False,False,none
300,-0.926500546181841,0.7912624483672073,0.539936638573773,0.8454585596291703,False,False,False,False,False,none
301,-4.213190233462201,1.3362462147877605,2.027026322880057,1.4277700178943704,False,False,False,False,False,none
302,-0.9595872514720204,0.3250705024935405,0.04260149253846731,0.347335627241311,False,False,False,False,False,none
303,-2.4024177905918,0.03977662227632887,0.7343072707725199,0.04250105113171234,False,False,False,False,False,none
304,3.132467643810089,0.013102628852544138,2.098712403536294,0.014000070065105185,False,False,False,False,False,none
305,-0.35191017978457595,1.1946345546486565,0.012047939039972016,1.2764589194655722,False,False,False,False,False,none
306,-2.220784665188262,0.11667674549631402,0.9166295836433216,0.12466831124501163,False,False,False,False,False,none
307,-2.2922434974757735,0.729796717332915,0.767983649368977,0.7797828428881047,False,False,False,False,False,none
308,-3.0954967263515716,3.32448687745967,1.0042170775322967,3.5521916814365744,False,False,False,False,False,none
309,-3.6476300957491166,0.6726820473665837,1.071331798902609,0.7187562053886584,False,False,False,False,False,none
310,2.1644908640416602,7.862512020277336,1.9636391043966612,8.401040769024073,False,True,False,True,True,residual
311,-2.90473507398647,0.6613755129940148,0.8892557939472392,0.706675250094046,False,False,False,False,False,none
312,-2.085253755299961,0.3076931549710502,0.313698755507451,0.32876804926910064,False,False,False,False,False,none
313,-2.6891036710214165,1.385023210789472,0.5440159130048206,1.4798879073098767,False,False,False,False,False,none
314,2.1460952710780026,0.8104445468893647,1.9113777344456293,0.8659545018044545,False,False,False,False,False,none
315,-0.24431746736950805,0.2910329894797563,0.36900106115690645,0.31096677543319606,False,False,False,False,False,none
316,4.451304464901213,0.24822723741680722,2.5740526158851544,0.2652291196684565,True,False,False,False,False,none
317,0.22920333869353182,0.5623308699326793,0.010196673268274318,0.6008467207174555,False,False,False,False,False,none
318,0.07655521630609524,0.09444907688577114,0.06592495515673182,0.10091819808576451,False,False,False,False,False,none
319,-3.5549680533558856,0.7611007445619413,1.8151695930845102,0.8132309836740839,False,False,False,False,False,none
320,-1.604480194531974,0.0024903173556284405,0.5055363171030957,0.0026608872048127937,False,False,False,False,False,none
321,-3.809942813120845,0.07486371659864627,1.4747712698634567,0.07999137344958959,False,False,False,False,False,none
322,0.7506298200902359,1.461826270792078e-05,1.0334934152825106,1.5619514560337025e-05,False,False,False,False,False,none
323,0.2573961209478949,0.2126652802907396,0.587421438756658,0.2272314096653573,False,False,False,False,False,none
324,-1.8785298281719895,0.35416041781943797,0.566657935535841,0.3784180044752096,False,False,False,False,False,none
325,2.569250952711931,1.3033663175794148,1.705244600801239,1.3926380707232564,False,False,False,False,False,none
326,1.9847662207820382,2.2617315637874595,1.0805369697542628,2.4166448365311113,False,False,False,False,False,none
327,-2.1271830337150455,3.1213979310108417,1.1311575816421187,3.335192519533281,False,False,False,False,False,none
328,-0.16368708771772275,1.3415672133734704,0.04798630082100144,1.4334554687954544,False,False,False,False,False,none
329,0.6185122827041458,0.4076836347839574,0.4180014632733279,0.43560719879995013,False,False,False,False,False,none
330,2.7362326182559578,0.03458521046916538,1.3621608152851208,0.036954062824629916,False,False,False,False,False,none
331,3.7107142879673045,2.317585640102462,1.5626583954916438,2.4763245382636327,False,False,False,False,False,none
332,4.858468123564457,0.7341469112398109,1.8071478935689702,0.7844309955740072,False,False,False,False,False,none
333,5.8776329374297385,1.614680918415131,1.9403334202448141,1.7252756103376066,False,False,False,False,False,none
334,4.008933596369497,0.19272779378509708,0.64536050381268,0.2059283405528649,False,False,False,False,False,none
335,-0.5511752037072628,0.40169525856453103,1.6967969233397895,0.4292086594234875,False,False,False,False,False,none
336,-3.3224348072931615,4.333111291975966,2.702369037720692,4.629900027717175,True,False,False,False,False,none
337,3.0180519029759,0.6077428386306054,0.9152326884447396,0.6493691012809468,False,False,False,False,False,none
338,-0.7084338825742794,6.611316658370357e-06,1.0763301308870818,7.06414701060619e-06,False,False,False,False,False,none
339,-0.5670924629254475,0.733172887954154,0.7924691137676321,0.7833902582992432,False,False,False,False,False,none
340,-2.218655482171002,3.6416228157096775,1.4355021939334103,3.8910492805969805,False,False,False,False,False,none
341,-0.7351560208059785,0.00024795967977539577,0.42843847497257126,0.00026494323614322126,False,False,False,False,False,none
342,-0.8545426749305037,0.07115058157596048,0.4006908125503784,0.0760239138608443,False,False,False,False,False,none
343,0.4544056289273388,0.11599715226449607,0.31469848349011253,0.12394217048590929,False,False,False,False,False,none
344,-1.8601244448343224,0.14259920481197014,0.8715154086928775,0.15236628321409146,False,False,False,False,False,none
345,-2.1491576828401024,0.9358704117646006,0.8374842471898003,0.9999711877681083,False,False,False,False,False,none
346,-2.8551669963240887,1.3459265923862493,1.012623707644214,1.438113435704698,False,False,False,False,False,none
347,-2.1242636871440617,1.0750833979455954,0.4553812478607244,1.148719319340805,False,False,False,False,False,none
348,-2.7304817473626217,2.799938744353618,0.6585112009212187,2.9917155587706317,False,False,False,False,False,none
349,0.27090671371194336,0.4351365317409396,0.9298073291832074,0.46494043300914745,False,False,False,False,False,none
350,-2.4867897037929474,5.6245348050249175,0.5945032295775833,6.009777292797382,False,False,False,False,False,none
351,-0.3926172523262683,0.6066617734066109,0.5407289396544229,0.6482139904210422,False,False,False,False,False,none
352,-1.6988571371547199,3.0771841670308095,0.2013535477276813,3.287950412584469,False,False,False,False,False,none
353,0.1357597134781065,0.0435469324144352,0.729282679328068,0.04652960194351496,False,False,False,False,False,none
354,-1.0933685327716085,1.0841818702050297,0.013087186653890361,1.1584409752429152,False,False,False,False,False,none
355,0.5315653424196806,2.5131327714607754,0.7781336531832579,2.685265321892343,False,False,False,False,False,none
356,-1.280497918363195,0.4715402982284925,0.2569130186752728,0.5038376106057264,False,False,False,False,False,none
357,0.09869868855709474,0.6928256341672122,0.4638132140825586,0.7402794912685426,False,False,False,False,False,none
358,4.338221097624038,0.04867196844666516,2.42855078578931,0.052005668185250584,False,False,False,False,False,none
359,1.8226952855940532,0.368472940560733,0.7220203572675342,0.3937108379547777,False,False,False,False,False,none
360,0.7415884739358781,2.2813288693834277,0.05293985241387721,2.4375844246487706,False,False,False,False,False,none
361,-0.977239963255092,0.01565106833949026,0.7918198801253313,0.0167230603730386,False,False,False,False,False,none
362,-0.8487122797023197,0.22553883976231687,0.5710796006005018,0.24098672065047952,False,False,False,False,False,none
363,-3.17640309732914,0.1435431266369135,1.5865249711881562,0.15337485728223527,False,False,False,False,False,none
364,0.29299645609930514,3.040868895251977,0.41452871846372397,3.249147790983975,False,False,False,False,False,none
365,3.4776344517772504,0.20282086632844637,1.877172856822055,0.21671272011282186,False,False,False,False,False,none
366,-0.6353200637779718,0.13413237660279653,0.4943367394038815,0.14331953469578756,False,False,False,False,False,none
367,-3.7541090543031688,0.04261661377051419,1.909061819607629,0.045535562782034876,False,False,False,False,False,none
368,-2.837279312073151,0.6758999946931773,1.082299008606208,0.7221945602825606,False,False,False,False,False,none
369,-1.5274775984781541,0.000821243299517431,0.23017390153333012,0.0008774928957489118,False,False,False,False,False,none
370,2.2468418320327226,1.097000549519973,1.6475915051635284,1.172137647152879,False,False,False,False,False,none
371,1.7394631787359607,0.04976576879140246,1.0718351642586934,0.053174386435297406,False,False,False,False,False,none
372,4.934286823552702,4.644609189671987,2.4079612531124104,4.962733418783618,False,False,False,False,False,none
373,1.2354306395530432,0.8319823438884004,0.13126175743943366,0.8889674918256107,False,False,False,False,False,none
374,-0.5418530794132171,1.537279398202514,0.7575315314948914,1.6425726109382237,False,False,False,False,False,none
375,1.1679033272173247,0.2591300888413532,0.2237437520599672,0.27687874247093996,False,False,False,False,False,none
376,1.2144375031807315,3.449794108330561,0.20157869570337197,3.686081607771178,False,False,False,False,False,none
377,-1.517661742434227,0.18280812642386618,1.164663466642313,0.19532924325394355,False,False,False,False,False,none
378,2.1400412501068544,0.6509373725259937,0.8434042456025745,0.6955221677968756,False,False,False,False,False,none
379,-1.3301150957221617,1.200807989622397,1.0093925809928275,1.2830551928659255,False,False,False,False,False,none
380,1.7706326992807144,0.02970221118297136,0.6973227158196776,0.03173661120450706,False,False,False,False,False,none
381,-1.4757271238577998,0.07715956920917616,1.0176461856281502,0.08244447639315135,False,False,False,False,False,none
382,-0.6518592776347807,0.22076929542428422,0.41428222496918016,0.23589049487299998,False,False,False,False,False,none
383,0.23994255146720272,0.08905814518088201,0.10137826671759455,0.09515802412113372,False,False,False,False,False,none
384,-1.996210029556107,1.8589480099638203,1.0041338758404714,1.9862733410042352,False,False,False,False,False,none
385,0.4119154005072505,0.11952749796355133,0.36539024560364936,0.12771432092205778,False,False,False,False,False,none
386,-4.27976787797465,0.8240657449218839,1.9846280860608947,0.8805086595213553,False,False,False,False,False,none
387,-1.2506716157083266,0.5335686402520121,0.11763919094373403,0.570114473373076,False,False,False,False,False,none
388,2.7259434438401025,0.25182137019096723,1.835796204897962,0.26906942616174173,False,False,False,False,False,none
389,0.5944930820141294,0.9493725353473268,0.4342139432206675,1.0143981152429846,False,False,False,False,False,none
390,-1.5917482090122808,0.9271648610563972,0.713642679355869,0.9906693658786401,False,False,False,False,False,none
391,-3.107055698096083,1.5073255845028024,1.3063143095955756,1.6105671641509829,False,False,False,False,False,none
392,3.8730141828889595,0.1038339061450442,2.3424752338194503,0.11094582450008977,False,False,False,False,False,none
393,2.4820360098224237,3.8927140780721894,1.1989187972724022,4.15933859149571,False,False,False,False,False,none
394,-0.9250160362621354,2.924437431596088,0.6943555300627429,3.1247415617219216,False,False,False,False,False,none
395,0.4228630509891199,0.8138136041251118,0.09866036953310754,0.8695543166114389,False,False,False,False,False,none
396,-3.401711645061103,1.2798865599679052,1.7771919222438668,1.3675501089583169,False,False,False,False,False,none
397,1.0418438979081923,0.07345966892694133,0.7347668436875737,0.07849115803481807,False,False,False,False,False,none
398,2.6268585078565634,2.4778299372848966,1.3570434931749218,2.6475444830041126,False,False,False,False,False,none
399,-4.64306158400934,0.817667563370933,2.442560295687946,0.873672245927515,False,False,False,False,False,none
400,-2.3795255849943118,0.2125535202894665,0.8555221871080242,0.22711199486196873,False,False,False,False,False,none
401,2.090928999453377,0.004454367096114431,1.4851571172481703,0.004759461032065518,False,False,False,False,False,none
402,1.2902294590486905,1.1520424889575447,0.7995348769112403,1.2309495861398903,False,False,False,False,False,none
403,2.0035924478808367,0.17885919393493732,0.9858330541226135,0.1911098356717285,False,False,False,False,False,none
404,0.4592472143985309,1.751683216245056e-05,0.03917384894543048,1.871661636400379e-05,False,False,False,False,False,none
405,-1.6719443373948537,2.049557335052889,1.0029583373703708,2.189938112123141,False,False,False,False,False,none
406,-1.5958879429966453,0.009062594309396361,0.7654554254939773,0.009683320555823948,False,False,False,False,False,none
407,2.909202982202622,0.1588642780103498,1.574020032811686,0.16974540361458765,False,False,False,False,False,none
408,1.0867384267683295,0.0006507717950210914,0.37474818955442285,0.0006953452493558569,False,False,False,False,False,none
409,0.5321178508046817,0.053875848816905846,0.03063333822616944,0.05756597906741748,False,False,False,False,False,none
410,-2.4324781675088856,0.5554219018653135,1.4142537262528725,0.5934645351950505,False,False,False,False,False,none
411,-2.045235887338028,1.2894559601713693,0.9434688229424114,1.3777749481747246,False,False,False,False,False,none
412,2.2719213667221085,0.014430904452070736,1.3404024449805352,0.015419323534650817,False,False,False,False,False,none
413,0.7648058855519486,0.5352162588762983,0.34089748723126145,0.5718749426987487,False,False,False,False,False,none
414,2.53944585878898,1.6564455073301256,1.1339758800199502,1.7699007903400692,False,False,False,False,False,none
415,1.3809397257314031,0.08139102374278832,0.3449412847373433,0.08696575686400697,False,False,False,False,False,none
416,-2.001276713654234,0.19279499082580687,1.3654844687350254,0.2060001401351237,False,False,False,False,False,none
417,-0.8524966147712428,0.035290802312543626,0.5348683377180827,0.037707982923858255,False,False,False,False,False,none
418,-2.5294387717999163,0.03568214398907537,1.241738427775682,0.03812612885109913,False,False,False,False,False,none
419,-0.8476942325356183,0.20485073140798937,0.17721632056649025,0.2188816171834883,False,False,False,False,False,none
420,-2.4306987130304787,1.3239468476495682,0.9100275304108584,1.4146282275232183,False,False,False,False,False,none
421,-0.23600819458949646,0.006628850581128366,0.3370923392248969,0.007082881888155637,False,False,False,False,False,none
422,-1.2514560104990975,0.35448597431584306,0.22313732230616654,0.3787658593836494,False,False,False,False,False,none
423,0.25250337964231256,1.5402072569941363,0.5513829152731734,1.6457010081999297,False,False,False,False,False,none
424,-0.028773767097276914,0.33502297728486996,0.3045985528235087,0.3579697790567881,False,False,False,False,False,none
425,-0.9891474259272832,3.739379506912816,0.2224040836951358,3.9955016421481555,False,False,False,False,False,none
426,2.5076932290067004,0.38210479144792087,1.5191429833114065,0.4082763781746428,False,False,False,False,False,none
427,0.5061658750744588,1.0644435154130552,0.24394484009774609,1.1373506770159383,False,False,False,False,False,none
428,2.39823620909121,4.733406645916164,1.1134043780436003,5.05761289854391,False,False,False,False,False,none
429,-3.4830966321897527,1.2334565228226362,1.963570546521807,1.3179399291635203,False,False,False,False,False,none
430,-1.1368968307951053,0.013185024758313738,0.43221247478434127,0.014088109531599592,False,False,False,False,False,none
431,0.647622080245019,0.12783036586174168,0.5202822987106541,0.13658587896007754,False,False,False,False,False,none
432,-0.9223182300197387,0.003500364761814618,0.3456884083179692,0.0037401160080417378,False,False,False,False,False,none
433,-7.164542384084985,0.6066327202952343,3.3059904363310553,0.6481829473685786,True,False,True,False,True,score
434,0.5347944059625489,0.5169860143873106,1.0918047410531702,0.552396050102301,False,False,False,False,False,none
435,-0.8256283264929811,0.8033316498633523,0.21321139074854373,0.85835441957281,False,False,False,False,False,none
436,-0.6033828011287774,1.4770963508920034,0.27842801084070634,1.5782674330566808,False,False,False,False,False,none
437,-0.08158140130942085,0.008683386998560902,0.4759800115145207,0.009278140116032606,False,False,False,False,False,none
438,0.3102938514700712,0.4177311837787101,0.5709666144352116,0.44634293675697867,False,False,False,False,False,none
439,-1.7518359793099827,0.43316625362479794,0.5440074945448017,0.4628352042047484,False,False,False,False,False,none
440,3.0198398443389305,0.48746411553924235,1.8805558009750758,0.5208521014047347,False,False,False,False,False,none
441,-0.094940896994903,0.006862622462260642,0.007202527255016247,0.007332665557672293,False,False,False,False,False,none
442,-1.0079957932258294,0.8810754940431751,0.4488804827063347,0.9414231898094638,False,False,False,False,False,none
443,1.062953491911963,0.8229202939264578,0.6459566059233277,0.8792847529013493,False,False,False,False,False,none
444,-0.3293654110771536,2.142866978702031,0.1589467802473039,2.289638833523361,False,False,False,False,False,none
445,0.3558126386822388,0.0493438281137016,0.20536917864581236,0.05272354568283398,False,False,False,False,False,none
446,-0.5692294525515254,0.0021460289406759533,0.28464067333981335,0.002293017368447634,False,False,False,False,False,none
447,1.049436431811738,1.2088496168944807,0.5578489191933702,1.2916476170667202,False,False,False,False,False,none
448,-3.2387266469638636,1.5365625715587334,1.6348270844455022,1.6418066865309617,False,False,False,False,False,none
449,0.7750192100181628,2.6299697134716946,0.6400659914932657,2.810104802026735,False,False,False,False,False,none
450,2.3853400585606597,0.5840667363079624,1.293564287093442,0.624071346523798,False,False,False,False,False,none
451,-1.3133789528913717,0.5147130482390452,0.7601892435973808,0.5499674011884497,False,False,False,False,False,none
452,1.2141877618246848,0.03279037867013497,0.6185124969387901,0.035036297220163035,False,False,False,False,False,none
453,-0.6672674519322599,2.0922096928811875,0.41828684034793234,2.2355118671884973,False,False,False,False,False,none
454,-0.0027420179946195944,1.8203123955661367,0.01212587612828479,1.9449914490523825,False,False,False,False,False,none
455,0.43454483370112273,0.0011645120996164274,0.20252079585087251,0.001244273280558285,False,False,False,False,False,none
456,-1.2684767644594441,0.007590658407514797,0.6644838427269079,0.008110567027536044,False,False,False,False,False,none
457,3.422457658042786,3.3202007585177515,1.7449897779590133,3.547611992416185,False,False,False,False,False,none
458,-0.1510562403379024,0.05100787487117621,0.33828503787429665,0.0545015683574007,False,False,False,False,False,none
459,1.1861970455979383,2.0573658621905513,0.3783599115500016,2.198281470411224,False,False,False,False,False,none
460,-0.29284267666695946,0.6499753089214757,0.41511097644338724,0.6944942093602963,False,False,False,False,False,none
461,1.2910334969521475,0.11136937890544804,0.43658873781064406,0.11899742603796444,False,False,False,False,False,none
462,-2.594374382103328,1.2083680597844881,1.536372432126136,1.2911330765606799,False,False,False,False,False,none
463,-0.6618967244529302,0.7673623292676761,0.2912391938109333,0.8199214444652294,False,False,False,False,False,none
464,3.0977221562790485,0.2275271363551999,1.5916048865204089,0.24311120207507297,False,False,False,False,False,none
465,-1.5404696754686613,0.37044095366585317,0.9776962173213816,0.39581364661026197,False,False,False,False,False,none
466,-2.6628352172212404,1.0587518106814855,1.3268568527846674,1.1312691291121837,False,False,False,False,False,none
467,0.07684542250372473,1.3120186077819262,0.26812029881587773,1.401882984123613,False,False,False,False,False,none
468,2.1193802312823227,0.09953778674543379,1.205767283698061,0.10635545005848107,False,False,False,False,False,none
469,3.354355299819005,1.078375304482841,1.5639647026634165,1.1522366991496873,False,False,False,False,False,none
470,-3.947976024672398,0.6890852844268305,2.2927529579104777,0.7362829529385132,False,False,False,False,False,none
471,-0.14361353098185903,0.02047459753329841,0.012108583733385166,0.021876968602781533,False,False,False,False,False,none
472,0.22925655441516513,0.00010051065586454857,0.19064599555575132,0.0001073949541141225,False,False,False,False,False,none
473,-0.5981961147463573,0.43563281195150405,0.24905769238617528,0.4654707050482947,False,False,False,False,False,none
474,1.122302834561288,0.2273846133885436,0.6357363313155252,0.24295891725181118,False,False,False,False,False,none
475,-1.8698559992467985,0.08660311209908853,0.9435479561557638,0.09253483792361077,False,False,False,False,False,none
476,0.7795434975164083,0.2930850523014755,0.530952699958058,0.31315939064082965,False,False,False,False,False,none
477,0.44948942875182163,0.1505340627358628,0.26458225011738634,0.16084462509046862,False,False,False,False,False,none
478,-2.202383288952336,0.44769722415186475,1.0753255539075737,0.47836144766187055,False,False,False,False,False,none
479,0.12048644212742127,1.113438553432477,0.26706110606184835,1.189701542848577,False,False,False,False,False,none
480,7.224181430919398,3.0080552529857334,3.661172580464065,3.2140866367691463,True,False,True,False,True,score
481,0.4245096357621768,0.26719518418462374,0.3710388734326528,0.2854962421466342,False,False,False,False,False,none
482,-0.5278801298130749,0.1375620127178269,0.7590393283311399,0.14698407762443177,False,False,False,False,False,none
483,0.3413132958546654,1.916612283941068,0.18539959406837847,2.0478872266618553,False,False,False,False,False,none
484,-0.4409696297881232,0.3516990494372533,0.5279726484022516,0.37578804905218555,False,False,False,False,False,none
485,-0.9054458487932835,0.6808493914161633,0.647795000161142,0.727482957113579,False,False,False,False,False,none
486,-1.595734984103251,0.19657033029641216,0.8532430851123178,0.21003406475459183,False,False,False,False,False,none
487,2.783434454879713,1.2528171664309085,1.44267842606243,1.3386266455524007,False,False,False,False,False,none
488,-0.30104834878578945,0.1497877652980983,0.3428004093177233,0.16004721133970953,False,False,False,False,False,none
489,-1.7205301195424376,0.7437818390319855,0.9631349165233383,0.7947258505745349,False,False,False,False,False,none
490,0.06475376113812661,0.4964684330505018,0.09591559591031146,0.5304731535969907,False,False,False,False,False,none
491,2.576595211773596,0.01002411946020873,1.2957646753735512,0.010710703658270614,False,False,False,False,False,none
492,1.5892401017035491,0.02200989532724678,0.5574343342695468,0.023517423883013717,False,False,False,False,False,none
493,-2.121529718088653,0.767828173464167,1.3549416336633775,0.8204191958297602,False,False,False,False,False,none
494,-2.690109984550019,0.0017142624504485277,1.3598933556767638,0.0018316778019395895,False,False,False,False,False,none
495,-1.2426987657187571,0.20676618568462068,0.38546553911889075,0.22092826708719343,False,False,False,False,False,none
496,-0.7134162910712952,0.007887059311970587,0.05150415698158465,0.00842726938371519,False,False,False,False,False,none
497,-0.0036469515269235975,4.170091089467254,0.30325777815872246,4.455714046962142,False,False,False,False,False,none
498,0.07601660164322638,0.04433536174195772,0.28126807212275423,0.0473720333327362,False,False,False,False,False,none
499,2.360019359506542,2.141551951677416,1.3334733148150246,2.288233736066255,False,False,False,False,False,none
500,1.1099882798154235,12.779551560471992,0.4601208808906748,13.654864169680906,False,True,False,True,True,residual
501,3.2848778458598584,5.695876869428325,1.4236013858838508,6.08600580476069,False,False,False,False,False,none
502,4.307543695731064,5.8368688954698555,1.635195316410186,6.236654828358676,False,False,False,False,False,none
503,2.2126439158121913,5.548793560950497,0.2914717470220844,5.92884828719144,False,False,False,False,False,none
504,2.4522988285032454,5.647000962864903,0.349485317872751,6.0337822300808215,False,False,False,False,False,none
505,2.058081306027556,9.672224002221494,0.0882689124478359,10.33470574801484,False,True,False,True,True,residual
506,0.32210167625196207,0.2621007923264691,0.7718803485495087,0.280052918997065,False,False,False,False,False,none
507,2.232413976402448,5.179766192046769,0.30959731141501123,5.534545046312381,False,False,False,False,False,none
508,5.809925519354882,5.290471191075072,1.983894822851007,5.652832586957533,False,False,False,False,False,none
509,5.253455869267336,16.669187484695065,1.3170532630266398,17.8109137746653,False,True,False,True,True,residual
510,0.02624844774449192,1.3275105785370076,1.4831951164272317,1.4184360498067323,False,False,False,False,False,none
511,1.8475540626936506,3.5795065570855957,0.30265070666334687,3.824678479538193,False,False,False,False,False,none
512,2.408306865870265,12.380409844747348,0.030020704724391827,13.228383953463357,False,True,False,True,True,residual
513,1.796356610747297,10.087728909391963,0.27297155415101043,10.77866992331483,False,True,False,True,True,residual
514,0.30413653129104135,3.7187577723285967,0.9425727628517176,3.9734674586043686,False,False,False,False,False,none
515,3.5148002104543004,9.046184777635242,0.804122304229534,9.665787082428901,False,True,False,True,True,residual
516,1.332279664875457,3.1927058505022057,0.4159102601343823,3.4113845478896465,False,False,False,False,False,none
517,-2.8480977217274805,3.4528688147142725,2.3615245063246735,3.6893669106890905,False,False,False,False,False,none
518,3.5266384580411145,7.213308423332629,1.204530065740972,7.707371128677098,False,True,False,False,False,none
519,1.4088528900752466,4.135633170408508,0.06416725028726351,4.418895994146237,False,False,False,False,False,none
520,-2.130676085655586,0.10040887235848155,1.7691172966213968,0.10728619912819969,False,False,False,False,False,none
521,3.5115523142919853,0.004283211577858864,1.32295944294355,0.004576582521609805,False,False,False,False,False,none
522,-0.19317052923272968,3.6697831786259036,0.7395868635766193,3.9211384373854985,False,False,False,False,False,none
523,1.0738763709615196,6.801043393008838,0.02324629856472503,7.266868739814492,False,True,False,False,False,none
524,4.346475029765378,5.412657512820214,1.6068354753645846,5.78338784305771,False,False,False,False,False,none
525,2.0403262205031494,11.233584532085331,0.16626173106348596,12.003008884811628,False,True,False,True,True,residual
526,-1.0900591822439998,4.7571079727524035,1.3862109461747218,5.08293760552276,False,False,False,False,False,none
527,0.8188431026546398,5.725680049223575,0.18255146703864958,6.117850300242634,False,False,False,False,False,none
528,3.235076173111148,8.592626877094613,1.0265909252513221,9.181163541793554,False,True,False,True,True,residual
529,2.5471754265700337,2.9703446540962983,0.4874247740829699,3.173793117614274,False,False,False,False,False,none
530,2.8431312976140424,1.9344931400513208,0.5335713912708469,2.066992800145225,False,False,False,False,False,none
531,2.3243246195708975,3.858341932629041,0.17507289102814422,4.122612187206343,False,False,False,False,False,none
532,0.3247566362800749,3.1339017253560755,0.8303603234314142,3.3485527389887033,False,False,False,False,False,none
533,0.36864944240430386,9.319106749269277,0.6429864588481696,9.95740235812537,False,True,False,True,True,residual
534,2.518376850520819,8.503777218851642,0.5289039628048654,9.08622828455159,False,True,False,True,True,residual
535,2.40902735543186,2.798844560619036,0.3700543129777126,2.990546430871136,False,False,False,False,False,none
536,-0.21155448674698302,5.930391154312199,0.9757619989598006,6.336582727650845,False,False,False,False,False,none
537,4.1556633291554395,4.06014492085818,1.3388630031875364,4.338237311473445,False,False,False,False,False,none
538,0.6044874363485043,2.55121024146184,0.6523455075029087,2.7259508403418207,False,False,False,False,False,none
539,1.996857888399793,12.062507095680854,0.15386067647293244,12.888707022146152,False,True,False,True,True,residual
540,2.220559969376958,1.0659495840076827,0.23165432646950454,1.1389599010949327,False,False,False,False,False,none
541,0.2930349573086783,3.1678623826877086,0.7501317017332472,3.3848394710216856,False,False,False,False,False,none
542,2.399301278416538,4.421545141066266,0.4220954879954715,4.7243909956995855,False,False,False,False,False,none
543,0.7360832385395095,11.457441541868022,0.4695068589543665,12.24219858153528,False,True,False,True,True,residual
544,1.2711987946172483,3.7375528133357454,0.11590633589352822,3.9935498324499434,False,False,False,False,False,none
545,1.2235939939912075,6.91067498004207,0.11582835206837676,7.384009347022938,False,True,False,False,False,none
546,2.8011707472729857,10.996116501165899,0.6729576394839097,11.749275904315192,False,True,False,True,True,residual
547,2.1233252866152617,1.0595214565731212,0.20939811799092622,1.1320914905275516,False,False,False,False,False,none
548,-1.1006002528803511,1.565535768058353,1.397098188593286,1.6727643504905856,False,False,False,False,False,none
549,4.224233930044858,10.298659492996803,1.4665388247048634,11.004047821336256,False,True,False,True,True,residual
550,1.2757199872333742,7.137133890205044,0.2577244782667771,7.625979156656476,False,True,False,False,False,none
551,1.3790036818333562,8.59284612037288,0.15605454415584996,9.181397801749442,False,True,False,True,True,residual
552,3.0622485471796557,6.435137096809036,0.6920589158066416,6.875900343952033,False,False,False,False,False,none
553,4.8698055781498235,11.07350183836719,1.4308801367757622,11.831961612276729,False,True,False,True,True,residual
554,1.453700798639934,0.4835968242564653,0.5131798780878893,0.5167199268975909,False,False,False,False,False,none
555,2.52254885023709,7.077039360723829,0.10818318121030579,7.561768559475195,False,True,False,False,False,none
556,3.774982162658805,0.5951189711926587,0.6943701534654323,0.6358805845403128,False,False,False,False,False,none
557,3.034437945769544,4.500512093941506,0.1960995355871977,4.808766649282,False,False,False,False,False,none
558,1.8929688715852906,4.551891689241096,0.3970914650626047,4.863665398396101,False,False,False,False,False,none
559,3.3007686944094523,7.45311095543247,0.3655520023874332,7.9635985078518905,False,True,False,True,True,residual
560,-0.9930591947547266,7.681429919695642,1.7914138305291107,8.207555772676345,False,True,False,True,True,residual
561,1.75795639248578,1.787724642212881,0.09802427296044709,1.910171655609072,False,False,False,False,False,none
562,1.9977150998051452,0.0473762004726404,0.037938874888543195,0.05062114889308246,False,False,False,False,False,none
563,3.2324769459396583,2.416898258152473,0.6295984957669241,2.58243939709818,False,False,False,False,False,none
564,3.4749336751933066,2.893519463587075,0.6213464780922605,3.09170592259422,False,False,False,False,False,none
565,2.6028935194016753,4.24504336951448,0.07386375546681131,4.53580004985589,False,False,False,False,False,none
566,2.624866575129621,2.253069165887533,0.06975483923779392,2.4073891231246187,False,False,False,False,False,none
567,3.835556190666992,1.2359989761791175,0.6433686731145545,1.320656523331651,False,False,False,False,False,none
568,1.8564357260324325,14.210556955686245,0.4458002276252359,15.183883729191136,False,True,False,True,True,residual
569,2.8316064153454725,2.6123176397111605,0.11662395212571339,2.791243680932406,False,False,False,False,False,none
570,2.858254390345879,1.8164600140785052,0.10623180103812595,1.9408752055602314,False,False,False,False,False,none
571,3.8346294177618985,0.12067575073721828,0.558834057379209,0.12894122122311205,False,False,False,False,False,none
572,3.7515627062290333,11.325226387997924,0.4067537953993452,12.100927586326513,False,True,False,True,True,residual
573,3.9437465151245004,3.2448755345083544,0.4186725581846398,3.467127501428215,False,False,False,False,False,none
574,3.1689124850996304,4.034926127046677,0.04109987215430521,4.311291201323195,False,False,False,False,False,none
575,6.567740988991827,6.202162825486891,1.6166196687678325,6.626968915108001,False,False,False,False,False,none
576,1.6854790179800707,7.983185275478011,1.0761350837100234,8.529979323783314,False,True,False,True,True,residual
577,6.496784234481404,8.011095819406055,1.4740864347515912,8.559801550677266,False,True,False,True,True,residual
578,-1.3029778010248345,0.8868790664752784,2.606065734958887,0.9476242675925365,True,False,False,False,False,none
579,2.9675351548944793,3.900995889458883,0.012312222538976595,4.168187650794004,False,False,False,False,False,none
580,-3.698235656344643,3.9238151660064893,3.2448426736356257,4.192569893021636,True,False,True,False,True,score
581,-0.253854587958786,1.5254721841773575,0.924267268297933,1.6299566828305,False,False,False,False,False,none
582,4.507473813621718,6.651156500176921,1.571326231626356,7.106715611377194,False,True,False,False,False,none
583,-0.7401257088364325,11.124830449536788,1.2896733166803653,11.886805885193715,False,True,False,True,True,residual
584,3.3983752052089367,0.0828028542560924,0.9767344001870104,0.08847428819224289,False,False,False,False,False,none
585,-0.6634341830416957,15.868670957627257,1.1898660507255066,16.955567294706977,False,True,False,True,True,residual
586,1.5712182941936252,9.224254491402668,0.1326156270393054,9.856053363896008,False,True,False,True,True,residual
587,0.09627062498430905,21.407088379076264,0.6097204728013644,22.873328747213485,False,True,False,True,True,residual
588,4.252378172828851,5.937709015533709,1.5292414238074863,6.344401812735284,False,False,False,False,False,none
589,4.353681876011311,3.5141783782079967,1.272557259651684,3.7548757634722087,False,False,False,False,False,none
590,3.5056197245676337,0.000595119994618967,0.606469245514084,0.0006358816780643823,False,False,False,False,False,none
591,0.49863839092655016,6.865052551049589,0.9741551937048057,7.335262091062085,False,True,False,False,False,none
592,4.788455537965497,6.970965119197858,1.3025848075696838,7.448428951814849,False,True,False,False,False,none
593,-2.697388156621222,0.6759810454867887,2.590918023899726,0.7222811625058367,True,False,False,False,False,none
594,2.730570313519004,0.09485393064206883,0.561530632257739,0.1013507815785945,False,False,False,False,False,none
595,1.8402063609960917,0.541291533478603,0.017118280963083942,0.5783663324079601,False,False,False,False,False,none
596,2.817298128457497,1.6329167180862,0.4878910854050998,1.7447604386084326,False,False,False,False,False,none
597,-0.9123361239633209,0.830202311038904,1.41973140884204,0.8870655387983524,False,False,False,False,False,none
598,2.1268608716443467,3.6884656685817507,0.3391801796476641,3.941100551196094,False,False,False,False,False,none
599,4.466438942227221,5.285921470255051,1.4067744864905394,5.647971241118175,False,False,False,False,False,none
600,0.12194832298278357,8.866386056138223,0.9830231830341295,9.473673367929095,False,True,False,True,True,residual
601,4.843816131774271,0.27246607702567716,1.5051707157880032,0.2911281553993767,False,False,False,False,False,none
602,3.190936692090019,2.240630012513164,0.40197079224479865,2.3940979721081614,False,False,False,False,False,none
603,3.4836349576119625,3.944088978961415,0.4636272437452099,4.2142323246641755,False,False,False,False,False,none
604,1.5004752671346542,10.818836251676245,0.5915536645773968,11.559853160074631,False,True,False,True,True,residual
605,1.2390841054891903,11.954118307862778,0.6000997611033242,12.772894337470264,False,True,False,True,True,residual
606,0.0027179877017205756,10.18928409969606,1.0801057804724337,10.887180955393433,False,True,False,True,True,residual
607,3.1799976005673765,8.91162181183212,0.6778941303729287,9.522007466092882,False,True,False,True,True,residual
608,2.4560244672417335,4.968143139663842,0.1909608984480803,5.3084272500979885,False,False,False,False,False,none
609,4.408443573298846,1.9182522073761263,1.1003053377324707,2.049639473730028,False,False,False,False,False,none
610,1.2413399671015788,2.015039087046976,0.6567959245378494,2.1530555982363477,False,False,False,False,False,none
611,3.304146110167488,2.396336904176984,0.4756722703848616,2.560469729825312,False,False,False,False,False,none
612,5.305760175547761,5.7441644455347785,1.351949445151968,6.137600752337427,False,False,False,False,False,none
613,1.6011769146469799,0.04374932548592976,0.7163271203873905,0.046745857567749134,False,False,False,False,False,none
614,0.48283977236000997,14.292997774769718,1.115806535974809,15.271971185256808,False,True,False,True,True,residual
615,1.7013669871453305,5.5336864739855915,0.301276729238171,5.912706467227788,False,False,False,False,False,none
616,1.0093576530217514,2.5604266713193744,0.5768633051990655,2.735798533137496,False,False,False,False,False,none
617,0.38439799612516,4.529933411660766,0.764792408854045,4.840203127725589,False,False,False,False,False,none
618,2.534372401379419,0.3205089741550802,0.43157907400613116,0.3424616651485812,False,False,False,False,False,none
619,1.3987483262676017,12.51046379687562,0.2058711735706458,13.367345719268553,False,True,False,True,True,residual
620,-0.6027671010464393,3.816427880304669,1.1360606972513208,4.077827306564642,False,False,False,False,False,none
621,2.881596319821953,5.11057890022045,0.7821623142210911,5.460618894233726,False,False,False,False,False,none
622,2.949761255380892,2.8319698596927902,0.6588112591400526,3.02594058827109,False,False,False,False,False,none
623,-0.20222113207539488,3.4305222386093654,1.0026526459909666,3.665489745678562,False,False,False,False,False,none
624,3.5608655431379344,6.2924916966240705,1.0241570945076053,6.7234847012952,False,False,False,False,False,none
625,-0.022547929763906543,3.054201589881571,0.9197555882298938,3.2633936847715197,False,False,False,False,False,none
626,1.1644688506492606,7.540088919879169,0.15972843071688753,8.056533872966623,False,True,False,True,True,residual
627,2.341518255022291,5.228438079059704,0.4434559866624896,5.586550627486244,False,False,False,False,False,none
628,-5.420707692416718,0.7110163702301158,3.4123532987540703,0.7597161693796712,True,False,True,False,True,score
629,3.653461451717944,3.19436298123093,1.673940046483258,3.413155180834399,False,False,False,False,False,none
630,0.3917770851657816,3.8670996666841972,0.24378953885880075,4.131969766648115,False,False,False,False,False,none
631,2.225707115822959,1.7957406622683345,0.6950005629704613,1.9187367186725692,False,False,False,False,False,none
632,1.1976620177225037,3.0393609503669285,0.0570756173910419,3.247536562101391,False,False,False,False,False,none
633,-0.1246969641405005,6.0654702622225445,0.5960990314150897,6.480913838327886,False,False,False,False,False,none
634,4.570595325385297,3.679436958296751,1.801812561538989,3.9314534354905324,False,False,False,False,False,none
635,1.0339202137104417,4.971858687347293,0.2749484265517446,5.312397287598398,False,False,False,False,False,none
636,-0.0945330377253124,2.9217024140981565,0.7676130718195258,3.1218192140746486,False,False,False,False,False,none
637,1.720572226188991,9.74926451251157,0.26680581093040023,10.417023010760406,False,True,False,True,True,residual
638,1.574545856161702,4.247304761965296,0.14257598509139582,4.53821633235251,False,False,False,False,False,none
639,1.1878816412507096,2.325806626384539,0.07359282673651184,2.4851086063501677,False,False,False,False,False,none
640,1.7349817572120794,2.5342969803807653,0.20664116637425914,2.7078791355847645,False,False,False,False,False,none
641,3.9212366490640855,5.135876807657287,1.2263333677049242,5.487649536756086,False,False,False,False,False,none
642,1.6262748045718138,17.372279520467405,0.13271076276540628,18.56216284642077,False,True,False,True,True,residual
643,2.6712959684541184,5.8514544404865365,0.4009949477089089,6.252239384287819,False,False,False,False,False,none
644,1.8479539198945447,2.401223317175063,0.07878358832008597,2.5656908289734317,False,False,False,False,False,none
645,2.861891435208933,1.0089176209900734,0.4290513527803476,1.078021635409266,False,False,False,False,False,none
646,-3.7870081610473543,1.0807044493812419,2.883563974020664,1.1547253746770463,True,False,True,False,True,score
647,1.9866812547621169,13.070723589243602,0.49520199220028327,13.965979507654463,False,True,False,True,True,residual
648,4.904844140355156,2.0876038508100523,1.8123873342541708,2.230590556172946,False,False,False,False,False,none
649,0.4550362286094394,1.0916132798067073,0.7096448771177833,1.1663813860014616,False,False,False,False,False,none
650,0.4659929257579768,3.2593613516542383,0.5623984615303608,3.48260549880378,False,False,False,False,False,none
651,4.106110834333518,0.2520893973457369,1.316681959614054,0.2693558113588159,False,False,False,False,False,none
652,2.4805261120383486,2.199544633875528,0.2644262998758486,2.3501985236805587,False,False,False,False,False,none
653,3.672544591110219,5.531467432883915,0.7900444749010008,5.91033543686049,False,False,False,False,False,none
654,2.8080481977547036,0.03479314671934917,0.21248324756857562,0.037176241297698934,False,False,False,False,False,none
655,0.6370757891421615,0.40791347069355716,0.8836170311868263,0.4358527769105786,False,False,False,False,False,none
656,0.742177533573648,2.470796310381929,0.6558862611831858,2.6400291003613208,False,False,False,False,False,none
657,-0.7237756061792142,11.034707924081548,1.2361568109612069,11.790510577968204,False,True,False,True,True,residual
658,1.4892611135113705,6.1849888856251765,0.08509258585049444,6.6086186768417905,False,False,False,False,False,none
659,1.725746013434326,2.1517010014050157,0.18284353688331978,2.2990779268679384,False,False,False,False,False,none
660,2.4701206880965376,7.887483496232406,0.5075303920501396,8.427722621722067,False,True,False,True,True,residual
661,2.2784609378353036,4.427366261793506,0.3130091248455907,4.730610823716996,False,False,False,False,False,none
662,2.073463896239466,6.312390162762352,0.15091933487408957,6.744746077409808,False,False,False,False,False,none
663,0.0029459921869219585,1.4152770051342922,0.8841161688443941,1.5122138813819062,False,False,False,False,False,none
664,2.6205676293067466,13.56051989009941,0.5630758848642996,14.489323533252746,False,True,False,True,True,residual
665,1.7214169699753858,16.369971332288834,0.014090169901957272,17.491203345144505,False,True,False,True,True,residual
666,2.6656671615955227,10.059128554375096,0.4695301150908856,10.748110637950864,False,True,False,True,True,residual
667,4.562227805229429,0.8064880436125985,1.2960518088333688,0.8617270048867814,False,False,False,False,False,none
668,3.206262124320385,6.087995583411477,0.3787721151556609,6.504981991248422,False,False,False,False,False,none
669,1.5370258050186028,3.0007911839806183,0.5070863133899302,3.2063250283031,False,False,False,False,False,none
670,2.287989135260907,6.4298504080905925,0.04121592038571468,6.870251552911429,False,False,False,False,False,none
671,-0.7640403183988522,2.472588611900176,1.5141658165023169,2.641944162377931,False,False,False,False,False,none
672,2.8291851750262405,1.6558664183143679,0.5325105230345213,1.7692820376541936,False,False,False,False,False,none
673,3.390246136503097,6.232553986984012,0.6982992420662456,6.659441665050621,False,False,False,False,False,none
674,1.1817620362807841,1.9628950405341485,0.513169190318773,2.0973400381855156,False,False,False,False,False,none
675,-1.5822051988765913,10.89293631763779,1.751927761718226,11.639028577997662,False,True,False,True,True,residual
676,1.3889028768271257,8.099455046492555,0.04037858105652601,8.654212785554712,False,True,False,True,True,residual
677,3.173257204046706,5.384032724955293,0.8982752685263705,5.752802451361306,False,False,False,False,False,none
678,7.546860625674474,1.7538653051976998,2.8411918419915465,1.8739931836470503,True,False,False,False,False,none
679,1.1903503666541226,1.660330284191324,0.8119508999708799,1.7740516480691664,False,False,False,False,False,none
680,1.6026671302018647,0.3535308776402252,0.4494575603291237,0.3777453450633492,False,False,False,False,False,none
681,-1.4302116646254863,0.001008656138920741,1.831465042743127,0.0010777422435915916,False,False,False,False,False,none
682,0.45028084110279,12.480387984758842,0.552542412124205,13.335209918000087,False,True,False,True,True,residual
683,3.11741844256583,2.7321677988113033,0.8523656883889892,2.9193027630905797,False,False,False,False,False,none
684,3.7153623793905632,6.1326767370607325,0.9720832041816462,6.552723500888898,False,False,False,False,False,none
685,3.771860780296424,0.7247549006499172,0.8050860367594493,0.7743956959566186,False,False,False,False,False,none
686,2.123600453648007,4.2410328727415845,0.15585523006112886,4.531514861253794,False,False,False,False,False,none
687,1.871407610661189,5.028946230513236,0.24707693928871063,5.373394940295608,False,False,False,False,False,none
688,-1.0567349464150397,7.1470352107138835,1.6187305677084354,7.636558650468047,False,True,False,False,False,none
689,5.651351041655008,12.944607530526959,1.9605445955151033,13.831225354252256,False,True,False,True,True,residual
690,3.4876025498304264,18.922536259366495,0.5183379162062898,20.218601657879166,False,True,False,True,True,residual
691,2.4598387215662907,1.3893488062526655,0.08411799578875033,1.4845097767255133,False,False,False,False,False,none
692,0.5678261455028241,0.6431530332211947,0.9855148718443972,0.6872046540441619,False,False,False,False,False,none
693,1.9919907716331917,4.520397543635825,0.09724465243091093,4.830014117414514,False,False,False,False,False,none
694,3.9284117434103907,5.862621593319236,0.8619767760890282,6.264171411352386,False,False,False,False,False,none
695,0.16017775080378505,2.398365425728366,1.1391958563948497,2.5626371913452504,False,False,False,False,False,none
696,8.18224381699055,2.5994638581858687,2.9818654893440155,2.777509502548753,True,False,True,False,True,score
697,1.4496794830405593,3.6030780959205213,0.8819163458316989,3.8498645089178796,False,False,False,False,False,none
698,1.384868588444882,14.064208015941649,0.7369867208892611,15.027510879632754,False,True,False,True,True,residual
699,1.407894116938871,3.9846581850051215,0.5784147619211736,4.257580246175918,False,False,False,False,False,none
700,-0.6496531567638706,3.7577071511036504,1.4612886158369336,4.015084605665448,False,False,False,False,False,none
701,-2.964705696660065,8.78862648674003,2.292558648362519,9.390587795403263,False,True,False,True,True,residual
702,2.9647483721714716,24.970460489007554,1.0436010429141624,26.68076767939335,False,True,False,True,True,residual
703,4.605258053373962,0.0733166771864721,1.631043395893183,0.07833837232991642,False,False,False,False,False,none
704,3.039507173902142,4.829228368343075,0.544953659472471,5.159997759080911,False,False,False,False,False,none
705,1.6677431042605053,0.0521203754456316,0.22977358593278494,0.05569026767607376,False,False,False,False,False,none
706,0.21548472763550974,5.290478985241325,0.8886204084335142,5.652840914971313,False,False,False,False,False,none
707,5.082456339377617,2.6705369392105043,1.651113864264753,2.8534506075961263,False,False,False,False,False,none
708,-3.216353286416658,6.212508252862749,2.706638648457495,6.638022934094988,True,False,False,False,False,none
709,4.7095862944037945,6.391672620000877,1.6812597121522097,6.8294588452645995,False,False,False,False,False,none
710,0.4308554219277396,3.5922260605418277,0.7315208668951834,3.838269182715748,False,False,False,False,False,none
711,-1.0011555888781538,1.2007098375536205,1.2801919000704276,1.2829503180461186,False,False,False,False,False,none
712,2.5016979993556445,3.3807785365033824,0.6758308918248077,3.6123389373469763,False,False,False,False,False,none
713,3.0016608778986393,6.650167209594322,0.7833037729104779,7.105658561099193,False,True,False,False,False,none
714,2.39546137675969,2.334072515845656,0.3324458226796899,2.4939406531789676,False,False,False,False,False,none
715,3.71614541498405,6.64447536389554,0.9069033096233249,7.099576862572928,False,True,False,False,False,none
716,1.3311076419883952,18.518046521240592,0.43196993191118643,19.786407115996898,False,True,False,True,True,residual
717,1.2955462814995113,8.818202633024349,0.36283437696880577,9.42218970711855,False,True,False,True,True,residual
718,-3.962069287053694,1.3677902078382191,2.841862732453858,1.4614745605330688,True,False,False,False,False,none
719,-0.9374306459814706,1.5040365842980554,0.8055902546991103,1.6070528897386644,False,False,False,False,False,none
720,2.9038087928328924,9.326981725236603,1.2197356495812446,9.965816716537283,False,True,False,True,True,residual
721,0.9623344724823533,7.370912220629611,0.03356356006352257,7.875769717198207,False,True,False,True,True,residual
722,2.7298217991508817,4.735598604056312,0.8846374576958441,5.059954990950495,False,False,False,False,False,none
723,0.1630355770805122,6.500145301822948,0.5379877075365859,6.945361170114775,False,False,False,False,False,none
724,1.6624468763477525,5.330258767123736,0.2972953542319446,5.695345342120695,False,False,False,False,False,none
725,1.9675555072050945,6.976424755596277,0.3859098192393363,7.454262536278551,False,True,False,False,False,none
726,-1.9929719070674448,1.7475103614662866,1.6133721403682992,1.867202969370141,False,False,False,False,False,none
727,0.35715193029728054,3.732644947184474,0.1501493596799983,3.9883058107531357,False,False,False,False,False,none
728,2.330267898170563,11.147551460396635,0.8374616111307759,11.911083131200428,False,True,False,True,True,residual
729,4.708860485275098,2.4789234374925404,1.8243339286018814,2.6487128805597107,False,False,False,False,False,none
730,1.434758275078828,14.36960977362009,0.1295009883973465,15.353830586435274,False,True,False,True,True,residual
731,3.20216485376089,10.8427302212691,0.7541466307867296,11.585383704532395,False,True,False,True,True,residual
732,2.0488725332352153,7.959635827924123,0.04360822234814418,8.50481689878759,False,True,False,True,True,residual
733,-2.3862935831365695,11.091169923301303,2.117562296165675,11.850839841201436,False,True,False,True,True,residual
734,0.7314847444324808,6.686098371245347,0.18094789788155352,7.144050763633213,False,True,False,False,False,none
735,4.165220261135983,7.111128016253975,1.521682115438917,7.598192056715186,False,True,False,False,False,none
736,-0.9315476683956239,2.135333823332537,1.2561879033102974,2.2815897081019565,False,False,False,False,False,none
737,3.2542940163623504,15.40012463296238,1.026497876783595,16.45492872454843,False,True,False,True,True,residual
738,1.988062332533507,1.051823494222857,0.20667814803832968,1.123866269964938,False,False,False,False,False,none
739,2.8385524278704777,1.9761583938436424,0.5780973961648402,2.111511841242816,False,False,False,False,False,none
740,0.9737976223204035,5.261431224413399,0.44251397655288766,5.621803579532599,False,False,False,False,False,none
741,3.54785080603458,5.775137502711257,0.8952132517644737,6.170695253866943,False,False,False,False,False,none
742,2.6772776671006637,11.054482137421454,0.29366913844397524,11.811639190810448,False,True,False,True,True,residual
743,5.708547400126514,1.004609597422627,1.7060534047744542,1.07341854144506,False,False,False,False,False,none
744,2.531725409116655,1.881323737171862,0.17691394056932774,2.010181653770756,False,False,False,False,False,none
745,0.7218410295186508,0.4594054311201996,1.0198936518070718,0.4908715874008599,False,False,False,False,False,none
746,2.172160629665881,0.5405974012438205,0.11205429741679163,0.5776246568227956,False,False,False,False,False,none
747,1.8205989751511407,7.167990216260836,0.26026128348019795,7.6589489317752255,False,True,False,False,False,none
748,2.6888964310956798,6.118226051908692,0.2131880150277,6.537283041810485,False,False,False,False,False,none
749,5.227235372092365,7.047746372228704,1.402442217680255,7.530469199937246,False,True,False,False,False,none
750,0.8518738124957088,6.632427543620798,1.0014711022602671,7.086703848319346,False,True,False,False,False,none
751,1.291028883364891,12.589378976565346,0.5880487118544709,13.45166605355338,False,True,False,True,True,residual
752,0.9557006657108393,4.059796710043367,0.6331784984181014,4.337865250579431,False,False,False,False,False,none
753,2.0024687491091804,5.206152478787335,0.0014685639468627922,5.562738614739236,False,False,False,False,False,none
754,1.701898994432421,9.06195535755078,0.14469590386058334,9.682637840110402,False,True,False,True,True,residual
755,-0.8219547905191937,5.827111751247701,1.3406186775523807,6.226229385931602,False,False,False,False,False,none
756,0.7726519188645022,12.276323053226186,0.29860974223250725,13.117167922653989,False,True,False,True,True,residual
757,0.2938093779887583,7.337305546898603,0.47127685451314083,7.839861214241726,False,True,False,True,True,residual
758,3.023724826546328,7.982214155285321,0.9478451119817359,8.528941688443696,False,True,False,True,True,residual
759,2.2005910930179997,4.520659854764876,0.35879764133050485,4.830294395076875,False,False,False,False,False,none
760,3.6625033363597375,5.498554038909663,0.9965248108719056,5.875167698622185,False,False,False,False,False,none
761,6.13496622357949,11.869388320002216,1.9971410733090116,12.682360920091732,False,True,False,True,True,residual
762,-1.0487129680897787,2.4925755007225376,1.8886283024032349,2.6633000175307844,False,False,False,False,False,none
763,2.8847700624522368,6.621435823931172,0.39807233173370027,7.074959270378342,False,True,False,False,False,none
764,0.31774227285244977,13.495243659282256,0.9273570444465171,14.419576323337028,False,True,False,True,True,residual
765,2.601491777768378,2.116746856030269,0.3664503143207016,2.261729659598862,False,False,False,False,False,none
766,2.8336712925709655,1.377842274604843,0.4058402553392079,1.4722151256987015,False,False,False,False,False,none
767,2.368850832277248,0.0037782678605940874,0.09908825766366156,0.004037053584310409,False,False,False,False,False,none
768,-1.0844926324945348,10.138448729515119,1.5966858422639774,10.832863707127597,False,True,False,True,True,residual
769,2.6532242223647806,4.280994660380635,0.5366182046874723,4.574213760319758,False,False,False,False,False,none
770,3.7860107460543944,6.654500464089821,0.9790518926688728,7.110288614138903,False,True,False,False,False,none
771,3.3458227112367256,8.51342904096605,0.5696120321606757,9.096541191020846,False,True,False,True,True,residual
772,1.4403708951420935,2.8209546462031625,0.46905310283773793,3.0141709073641216,False,False,False,False,False,none
773,0.2904272728373451,7.499490016885687,0.933326393920607,8.013154220465454,False,True,False,True,True,residual
774,-1.9114420082173014,8.805192182615643,1.8152594337662442,9.408288129095519,False,True,False,True,True,residual
775,4.751501472804433,7.255569509331382,1.7814132052301208,7.752526812446244,False,True,False,True,True,residual
776,5.930906827741696,5.992982341032377,1.9975126715657079,6.403460986159284,False,False,False,False,False,none
777,2.5988657349265285,19.541335328615446,0.019076553598625284,20.87978426659093,False,True,False,True,True,residual
778,-1.8519353281920197,10.005957956917467,2.175297977814385,10.69129821517772,False,True,False,True,True,residual
779,2.0307699868728974,3.2491948053872104,0.14409344757714224,3.4717426130683813,False,False,False,False,False,none
780,2.773787717854618,0.14070098165042583,0.47587177663625063,0.15033804463999298,False,False,False,False,False,none
781,3.2454649743409885,4.048437625746937,0.6096090681329263,4.325728146047573,False,False,False,False,False,none
782,1.4277697871189516,4.514062241896703,0.39446594030843607,4.823244890473153,False,False,False,False,False,none
783,1.2439565789860396,0.9545055368253742,0.40477990311752604,1.0198826925095534,False,False,False,False,False,none
784,1.2187828602071271,1.5048993361559193,0.3360410844265038,1.6079747342474897,False,False,False,False,False,none
785,1.6787088472900864,14.192874901805007,0.04562427803966097,15.164990574541164,False,True,False,True,True,residual
786,6.647693818398147,5.000735800399939,2.375019295373041,5.343252287046583,False,False,False,False,False,none
787,-0.05431474162183722,9.977888731572259,1.3525641515548847,10.66130643826573,False,True,False,True,True,residual
788,2.058621311079566,5.666112517192365,0.05661355674253665,6.054202796262515,False,False,False,False,False,none
789,3.9654194238207,5.061233765661133,0.880105259984945,5.407893952622614,False,False,False,False,False,none
790,-1.1535351787779529,9.074827909201463,1.780216894055179,9.696392074245736,False,True,False,True,True,residual
791,-0.35024266745337096,2.546487845966352,1.034324292878785,2.72090499278283,False,False,False,False,False,none
792,7.643749288208222,7.087244311179058,3.0521379770692714,7.572672479825224,True,True,True,False,True,score
793,1.5782436177363008,5.7025137448733805,0.5019653473601687,6.093097261161526,False,False,False,False,False,none
794,4.576569999777985,0.2502718872552038,1.0535579417488554,0.2674138141536857,False,False,False,False,False,none
795,-3.037401189421007,0.4114007220484249,2.852321602700639,0.43957888133223455,True,False,False,False,False,none
796,5.5869323641443325,7.970097337396143,1.9036538260320226,8.515994950707041,False,True,False,True,True,residual
797,0.5582240081594375,9.766823643599944,0.9175802607480437,10.435784823239883,False,True,False,True,True,residual
798,0.34192927078350244,7.560082447051958,0.8390351052257234,8.077896821151885,False,True,False,True,True,residual
799,3.321662966360746,3.2355048128947845,0.7748788416279994,3.457114948937644,False,False,False,False,False,none
800,2.0990225500265547,0.20115079175026454,0.026538378847098004,0.214928256752711,False,False,False,False,False,none
801,-0.4122276822881844,6.387799493091231,1.1975145689508115,6.825320435429724,False,False,False,False,False,none
802,3.9923128979866522,2.5055833669641077,1.1795742128631934,2.677198834388757,False,False,False,False,False,none
803,2.553736733120634,0.9577036157756476,0.2454980015737162,1.0232998181781074,False,False,False,False,False,none
804,3.059616196614625,2.8488916278939467,0.44190886310622485,3.044021382828257,False,False,False,False,False,none
805,4.250044755976052,7.160219226622338,0.9312589149523995,7.650645682050415,False,True,False,False,False,none
806,1.2363999422688905,0.6133856666382101,0.7175573393187171,0.6553984247366337,False,False,False,False,False,none
807,5.855058391511606,4.575353148688374,1.667454428154957,4.888733808696661,False,False,False,False,False,none
808,0.8186923780765685,8.45796497616742,1.1102561485663938,9.037278213948454,False,True,False,True,True,residual
809,5.109400119861294,5.191471237018622,1.1941362619124893,5.5470518074795745,False,False,False,False,False,none
810,1.452447714085075,2.1458392102344224,0.8194617390086147,2.2928146427576364,False,False,False,False,False,none
811,0.6674869702025202,0.5752458202147771,1.0365219474374288,0.6146462575029007,False,False,False,False,False,none
812,1.217227857285492,7.900717509192122,0.5624205265941493,8.44186307481462,False,True,False,True,True,residual
813,3.6638353800366064,5.780157240111206,0.7374368291051483,6.176058809234236,False,False,False,False,False,none
814,-1.140751945600422,9.802925488207514,1.7417847509406335,10.474359399355377,False,True,False,True,True,residual
815,0.24121097563651528,2.2962726950345216,0.7227416402484085,2.453551801005875,False,False,False,False,False,none
816,0.12883977954015424,3.535471730563472,0.6327286437209827,3.777627566049578,False,False,False,False,False,none
817,3.9246204598155794,4.75025414108848,1.3359631596016406,5.075614332873491,False,False,False,False,False,none
818,3.693663371353031,1.4210889286756216,0.9566837845988658,1.5184238822685485,False,False,False,False,False,none
819,-0.616927709467813,4.9892238766890635,1.3266438188707426,5.330951874636968,False,False,False,False,False,none
820,3.7662772280576764,11.908173433649061,1.065916323600835,12.723802550977389,False,True,False,True,True,residual
821,0.42120192913455656,8.674036245288544,0.7706793166292243,9.268148899579192,False,True,False,True,True,residual
822,0.5059272221284148,0.18478995716874588,0.575425069747347,0.1974468159637977,False,False,False,False,False,none
823,2.1023060931608413,15.82659452885715,0.31440519913580334,16.91060891593427,False,True,False,True,True,residual
824,0.9782108510077256,3.9674764122082693,0.2940151676986261,4.239221638471637,False,False,False,False,False,none
825,1.3715711654782499,6.3477716312511125,0.04430880748296874,6.782550936528043,False,False,False,False,False,none
826,-0.7684306641360577,7.089618084484277,1.0740202150053497,7.575208840502592,False,True,False,False,False,none
827,0.1838535190192795,6.115517296779299,0.39705918306164195,6.534388755325879,False,False,False,False,False,none
828,0.8887817528640936,3.060268749756289,0.02446430019685178,3.2698764039493398,False,False,False,False,False,none
829,0.024965251596349936,10.257627984919829,0.39965093094404924,10.960205933237361,False,True,False,True,True,residual
830,0.9754356513180975,0.6728088991605756,0.14155598942197298,0.7188917456702124,False,False,False,False,False,none
831,1.2708777886142353,19.143511840484138,0.2566270412848556,20.45471256761646,False,True,False,True,True,residual
832,-2.070987038661082,4.9085061350748465,1.4165526551630336,5.244705515161047,False,False,False,False,False,none
833,0.6434601051250255,7.143934149416843,0.18411748427913138,7.633245187503986,False,True,False,False,False,none
834,2.8907105657813688,0.859039317450538,1.2379164346591816,0.9178776845726236,False,False,False,False,False,none
835,1.760918025131782,12.149866400653186,0.44202884114274904,12.98204984702622,False,True,False,True,True,residual
836,0.9635193652168408,6.816754606170807,0.03336577996383912,7.2836560645224395,False,True,False,False,False,none
837,0.8350387605196785,4.008908421848638,0.0890460794360394,4.28349145977476,False,False,False,False,False,none
838,4.547670629570845,2.3031715638348005,1.7305559163836266,2.4609231955298925,False,False,False,False,False,none
839,5.265151257008234,3.655624379096302,1.732648233980389,3.9060098561150527,False,False,False,False,False,none
840,-0.7688534359193764,3.0609275018970443,1.542269271688992,3.270580276143989,False,False,False,False,False,none
841,1.3942940293424373,24.50876323930492,0.18400934384086104,26.18744729938059,False,True,False,True,True,residual
842,0.6323800063393625,0.4671102356039485,0.5169751315484388,0.4991041187366976,False,False,False,False,False,none
843,2.5631966645577737,3.1857982769688924,0.5234725401236766,3.4040038524174188,False,False,False,False,False,none
844,0.8044648615993337,4.213286917924355,0.4347593979985858,4.501868496708481,False,False,False,False,False,none
845,0.634977083612016,4.447890814446277,0.43006233531460847,4.752541169026132,False,False,False,False,False,none
846,0.4865418385034007,6.98889460577554,0.4160875930672526,7.4675864866228485,False,True,False,False,False,none
847,0.45856083584699503,17.238758007648677,0.3464496509752059,18.419496015535294,False,True,False,True,True,residual
848,-2.7719287675270374,4.239350802558405,1.8449620368481419,4.5297175806710985,False,False,False,False,False,none
849,2.5234362088705,7.198730875861166,1.0939459231827082,7.69179511807078,False,True,False,False,False,none
850,3.380187240356242,11.1346852501757,1.290950137185826,11.897335672839775,False,True,False,True,True,residual
851,-0.9076863889848782,10.331458959162369,1.0482056361452634,11.039093828483654,False,True,False,True,True,residual
852,1.8477796118627803,3.901369584823539,0.49870213124370333,4.1685869417566845,False,False,False,False,False,none
853,1.8504295513693767,2.9493475001541194,0.4002477581342585,3.1513578010326535,False,False,False,False,False,none
854,3.773449662151595,3.1822188334474495,1.2534670770776077,3.400179241291037,False,False,False,False,False,none
855,-1.6963673065064575,8.089084790956594,1.6518059113454786,8.643132237847043,False,True,False,True,True,residual
856,0.8794812477432317,1.543385545336963,0.07134897734415349,1.6490969877386494,False,False,False,False,False,none
857,5.887385785767016,0.5746808114215165,2.3733277524669982,0.6140425494392694,False,False,False,False,False,none
858,1.3602205166066894,2.136916803970319,0.2984351627103769,2.2832811121774332,False,False,False,False,False,none
859,1.8989145371901446,12.02049673893652,0.022687700561696285,12.843819240884873,False,True,False,True,True,residual
860,2.11504676872884,13.26711078483389,0.12304219069436939,14.175817894217605,False,True,False,True,True,residual
861,3.0198164114327417,2.100125708741713,0.5375312626844999,2.2439700764479564,False,False,False,False,False,none
862,4.144026967477918,3.9444871877925287,0.975620300618382,4.214657808099513,False,False,False,False,False,none
863,2.672420662766207,6.499836923364832,0.06630487753301918,6.945031669823742,False,False,False,False,False,none
864,1.4997480830771006,4.74863698567647,0.5160706942582406,5.073886413283529,False,False,False,False,False,none
865,1.237977159941791,1.065406396255653,0.539897688472661,1.1383795086658635,False,False,False,False,False,none
866,1.5025933988861033,5.892582982520757,0.30349614568862493,6.296184952511932,False,False,False,False,False,none
867,1.052239212174566,0.016118332389503765,0.4613601758908522,0.01722232884142872,False,False,False,False,False,none
868,2.2996005305346365,4.345260398912689,0.23627395729748116,4.642881266082144,False,False,False,False,False,none
869,1.1492332694882432,15.49586599100141,0.3692703436882565,16.55722771628202,False,True,False,True,True,residual
870,2.6796318849192637,2.8999599324368397,0.44730782831659116,3.0985875198800445,False,False,False,False,False,none
871,2.3185880654283197,0.3988997821993482,0.18262658827056197,0.4262217118865964,False,False,False,False,False,none
872,2.196744973905612,7.91390033007331,0.08696909421610752,8.455948829518459,False,True,False,True,True,residual
873,1.689921587285273,0.24664285102142783,0.1763932857241308,0.263536213550521,False,False,False,False,False,none
874,-1.016103581087062,2.0938081833023388,1.4543869331492874,2.2372198433623147,False,False,False,False,False,none
875,7.021942323971872,3.7626625938555485,2.7374678698604558,4.020379462637354,True,False,False,False,False,none
876,1.0155790512552656,0.00021846030822018892,0.7249987906293928,0.00023342335770529422,False,False,False,False,False,none
877,1.0065986015190074,10.39871883393409,0.5843573718342253,11.11096054851148,False,True,False,True,True,residual
878,-0.7400049177618028,8.358967211861996,1.3151372998804791,8.931499774204617,False,True,False,True,True,residual
879,1.3611630721732255,3.6104887156044567,0.03238328278206887,3.8577827057903185,False,False,False,False,False,none
880,1.5268763660439464,2.1629954019735074,0.0545163801392066,2.311145917275187,False,False,False,False,False,none
881,0.7065485908784876,3.3442010788424508,0.3545035728456008,3.5732561719096396,False,False,False,False,False,none
882,-1.695525890123909,0.7183850622620842,1.4493635933520639,0.7675895668403425,False,False,False,False,False,none
883,-1.9492086737530252,0.021901623269738858,1.2826067191978827,0.023401735923882547,False,False,False,False,False,none
884,5.869205671176374,4.181964209597633,2.7683017370958005,4.468400395296312,True,False,False,False,False,none
885,-0.589625693870325,15.03797599723746,0.9199208644895991,16.067975363418412,False,True,False,True,True,residual
886,2.321381876165015,1.5615987711340984,0.6768164730141267,1.6685576959782764,False,False,False,False,False,none
887,5.351143348541519,10.316709668058257,2.0118392921955017,11.02333431097064,False,True,False,True,True,residual
888,-0.6677780394156809,3.3334219627233614,1.3115962837854234,3.5617387594418464,False,False,False,False,False,none
889,4.147567505785983,8.272049669224257,1.2876783033803465,8.83862896938297,False,True,False,True,True,residual
890,4.646425457322397,13.168835247202585,1.2722454654438557,14.070811148776825,False,True,False,True,True,residual
891,4.819838603359802,3.166060320383046,1.1019562259296387,3.382913979670989,False,False,False,False,False,none
892,3.1428660377120208,9.056603763391742,0.06770646540935919,9.676919698046722,False,True,False,True,True,residual
893,1.8171706872342983,1.5051832518784183,0.5892135398989015,1.6082780962714243,False,False,False,False,False,none
894,3.5094110606989712,4.152636788916429,0.34989736658882825,4.4370642452010625,False,False,False,False,False,none
895,3.7860834196744912,0.07291215591823369,0.414190904006268,0.07790614409832278,False,False,False,False,False,none
896,1.8048085525152897,12.730613894574152,0.6301880049419514,13.602574605571071,False,True,False,True,True,residual
897,4.173746002307378,0.07308079123058843,0.6455284609854095,0.07808632978586585,False,False,False,False,False,none
898,-1.4466324543066087,5.882113631254864,2.211226424775024,6.284998521688911,False,False,False,False,False,none
899,3.3380837982230522,4.302234397494665,0.5531093614492886,4.596908275375268,False,False,False,False,False,none
900,2.3067745854793253,1.302577192604463,0.05802146484962213,1.3917948960394748,False,False,False,False,False,none
901,3.432961994366255,9.51443659804199,0.5001375132477296,10.166110976785005,False,True,False,True,True,residual
902,2.418475929781475,3.6473348392314,0.09223443156114704,3.8971525389902086,False,False,False,False,False,none
903,0.25781694936560506,9.859856770921144,1.122385921851359,10.53519008881907,False,True,False,True,True,residual
904,5.814527416974528,4.698319531334231,1.7988414801136445,5.020122554578771,False,False,False,False,False,none
905,4.607509401790017,3.034636695807569,0.8532902619711233,3.2424887281452617,False,False,False,False,False,none
906,4.116970191037149,0.1753907259517007,0.4445665894500723,0.18740380115526897,False,False,False,False,False,none
907,3.355790780396841,8.163358693783039,0.013757867141248572,8.722493399281234,False,True,False,True,True,residual
908,1.7839347316274914,5.815900110647908,0.7738502760035426,6.2142498239896184,False,False,False,False,False,none
909,-0.795152875541538,3.985929196559429,1.8707479307495412,4.2589383134015195,False,False,False,False,False,none
910,1.7367550618665204,7.332189331819297,0.267827595982044,7.834394573128365,False,True,False,True,True,residual
911,1.2000435481880067,2.32706996829539,0.47473576886211705,2.486458478613753,False,False,False,False,False,none
912,0.9515490624123044,1.056810610336894,0.5003865052430518,1.1291949697094763,False,False,False,False,False,none
913,5.658019499088586,9.815716540091973,1.8838074954599555,10.488026551543241,False,True,False,True,True,residual
914,4.3925433919366315,2.5358228715360287,0.8928925350321508,2.709509539935359,False,False,False,False,False,none
915,2.4211402590846065,3.1541837141823885,0.24243580777655718,3.3702239064943695,False,False,False,False,False,none
916,3.5481082597278455,7.268105083468818,0.35298487113092153,7.765920988394099,False,True,False,True,True,residual
917,2.31626510464534,14.342374811278923,0.315443016884224,15.324730213885013,False,True,False,True,True,residual
918,3.067047955269458,10.64778776400854,0.11201112750635098,11.37708901107615,False,True,False,True,True,residual
919,2.9657102055027753,1.9964424861488779,0.04042825811030237,2.133185256301445,False,False,False,False,False,none
920,4.58540298519263,6.1440479427469,0.8184024311860654,6.56487355704348,False,False,False,False,False,none
921,2.4371978890442216,2.0465027168920393,0.38783238539565457,2.1866742733351154,False,False,False,False,False,none
922,0.015722274643077322,6.5050778155319335,1.4854422879572935,6.950631527559836,False,True,False,False,False,none
923,-1.9121528544199244,8.317948374941864,2.123978910006393,8.887671425150872,False,True,False,True,True,residual
924,1.9390873808463749,3.0092181292618445,0.1698782533651927,3.2153291621833837,False,False,False,False,False,none
925,0.893593109181591,5.821869725786742,0.3714905611304101,6.220628317278709,False,False,False,False,False,none
926,0.023549301409286294,1.5782123090350413,0.7194370199691458,1.6863091485501256,False,False,False,False,False,none
927,5.728485410616693,3.2221672966995856,2.1931366028856165,3.4428639033399504,False,False,False,False,False,none
928,4.961179353634065,2.0935970313889247,1.3821247954449805,2.2369942289748934,False,False,False,False,False,none
929,1.4878052154792323,10.525900451842556,0.579977781266505,11.24685324468338,False,True,False,True,True,residual
930,6.18722936766095,0.3633592941863718,1.8167148130707882,0.38824694148522865,False,False,False,False,False,none
931,2.4365445401962447,3.830553986701984,0.36688856864472424,4.092920955444969,False,False,False,False,False,none
932,0.7989338892891603,4.660552220635541,1.0882664760538827,4.979768439240337,False,False,False,False,False,none
933,2.141776168470842,7.362567917187547,0.21891282148699387,7.866853885562579,False,True,False,True,True,residual
934,0.7627001959411855,1.297544432644432,0.8444153406356162,1.386417426155055,False,False,False,False,False,none
935,1.6952922297267483,5.523859580735598,0.22293216229966809,5.9022064984375175,False,False,False,False,False,none
936,1.0021689111170848,12.99773464174687,0.5147282840822826,13.887991312275327,False,True,False,True,True,residual
937,5.783481670903368,6.795215094302809,1.9086561108155686,7.260641242175427,False,True,False,False,False,none
938,0.4723651644789407,9.369432930285903,1.0506351044155646,10.011175541222524,False,True,False,True,True,residual
939,3.00153085044169,5.395410027119602,0.386931811655767,5.7649590215614355,False,False,False,False,False,none
940,0.2176557759861522,3.4946292604549805,1.0415085162466746,3.7339876637379272,False,False,False,False,False,none
941,2.726512294901114,9.991341712895572,0.3843767560471025,10.675680857569713,False,True,False,True,True,residual
942,5.212376030958958,9.080798359802412,1.5139262510128146,9.70277146022043,False,True,False,True,True,residual
943,2.770257225640683,5.849379964956814,0.025946188515462876,6.2500228212536895,False,False,False,False,False,none
944,2.3938834988231648,0.8868612259539461,0.16190254451469807,0.9476052051164899,False,False,False,False,False,none
945,5.032375856209639,1.4581100604313861,1.150975640194946,1.557980710467155,False,False,False,False,False,none
946,0.4427116606449365,4.3382624295094185,1.3066484658742439,4.6354039832359435,False,False,False,False,False,none
947,0.9998873439976648,5.470059813744637,0.774913529511239,5.844721812285124,False,False,False,False,False,none
948,2.0383132141402465,3.467957487628773,0.1159680550633017,3.705489055364771,False,False,False,False,False,none
949,2.1204409256863546,4.0946110129261974,0.052916703527078175,4.3750640970943255,False,False,False,False,False,none
950,3.6615913944823992,5.97240314226859,0.7056087670227134,6.381472251851145,False,False,False,False,False,none
951,-0.7986991712250078,4.408996654630167,1.6001551112005095,4.710983023048181,False,False,False,False,False,none
952,-2.2487564254475627,3.1465807156539127,1.9838573927998235,3.362100154131279,False,False,False,False,False,none
953,4.7285790569465815,11.633486082256614,1.7991137249280453,12.430300978982107,False,True,False,True,True,residual
954,3.60663962444079,0.05381234646380059,0.8947978978618023,0.05749812723380624,False,False,False,False,False,none
955,0.5719561511267153,10.263467786089878,0.7569365121962622,10.966445721181222,False,True,False,True,True,residual
956,6.143372216091382,7.677536211560286,2.098337842319226,8.203395371941383,False,True,False,True,True,residual
957,2.217766456984797,12.35385602938252,0.22648174850960395,13.200011381837681,False,True,False,True,True,residual
958,6.941133839623373,6.345905684210413,2.111131627814643,6.780557184770166,False,False,False,False,False,none
959,4.840031666698827,0.5610379212317425,0.6692106870558997,0.599465213799461,False,False,False,False,False,none
960,5.954539311576504,14.09157648284576,1.0762548800293525,15.056753900903075,False,True,False,True,True,residual
961,4.982934090338821,5.09205859145484,0.3894701419060591,5.4408300699249645,False,False,False,False,False,none
962,2.9637743801721337,0.09132175653077755,0.6683506650056186,0.09757667749637236,False,False,False,False,False,none
963,6.419026203557147,2.5346464426395556,1.1422020698287592,2.7082525336381806,False,False,False,False,False,none
964,2.1892031893555792,1.6857310585576872,1.1390313050852836,1.8011922032080663,False,False,False,False,False,none
965,-0.20684960890818976,0.6860353411604646,2.0740633713037147,0.7330241092435377,False,False,False,False,False,none
966,1.127283597878453,2.148467263023047,1.0117769737538769,2.295622699338465,False,False,False,False,False,none
967,1.3723383793953725,5.086775532668488,0.6904930259984766,5.435185157442182,False,False,False,False,False,none
968,2.202989009354395,3.0867846723642067,0.1492679163417114,3.298208487421251,False,False,False,False,False,none
969,-0.6651349612764053,3.140759790147423,1.5113554800835922,3.3558805347059155,False,False,False,False,False,none
970,4.303028734742068,10.44434037010115,1.202035757315846,11.159706850494425,False,True,False,True,True,residual
971,0.3235969117495798,4.910122055791903,0.9696459669569841,5.246432115487825,False,False,False,False,False,none
972,0.22395045146028936,0.7764369481642481,0.8240766107451769,0.8296176132108981,False,False,False,False,False,none
973,-1.9153372868111689,3.6812243856576305,1.6974878989820121,3.9333632895030526,False,False,False,False,False,none
974,5.344726178001796,3.4292988200856658,2.1654212104618353,3.6641825312833824,False,False,False,False,False,none
975,1.0644367894551245,1.840120225991376,0.34494803814961456,1.9661559815223095,False,False,False,False,False,none
976,2.189218213461798,5.462847844506644,0.26991391025060796,5.8370158720669005,False,False,False,False,False,none
977,3.358613221573126,5.100743919356294,0.7834550726206841,5.450110283882575,False,False,False,False,False,none
978,0.22085961730164194,4.794360301677788,0.8960321653890543,5.122741466329095,False,False,False,False,False,none
979,3.868710069518194,2.5706214288902522,1.0535277093718678,2.7466915624597252,False,False,False,False,False,none
980,0.715241164414883,0.3014605281446179,0.6876009138538965,0.3221085297755935,False,False,False,False,False,none
981,3.315952204862242,17.43545089383283,0.7120811370059653,18.629661030424746,False,True,False,True,True,residual
982,1.2216276920960787,1.9591091051687946,0.4467404112120304,2.093294791924371,False,False,False,False,False,none
983,-0.7128237562429555,0.5101282097798168,1.2962089894100086,0.5450685323897716,False,False,False,False,False,none
984,4.097225661413093,6.007883049184394,1.2974178532423852,6.419382291761054,False,False,False,False,False,none
985,0.3898638290960794,7.209625778984687,0.7613008739402455,7.703436248167525,False,True,False,False,False,none
986,2.3722364335926898,4.084382593223076,0.35303277645763875,4.364135100012095,False,False,False,False,False,none
987,2.181511314568093,5.244375999715546,0.18986462213579752,5.603580187613832,False,False,False,False,False,none
988,2.4551171390503095,1.6632709772660477,0.2846764758626637,1.7771937586753221,False,False,False,False,False,none
989,3.1078388026707024,3.197543141459473,0.5445162400814336,3.416553160470311,False,False,False,False,False,none
990,3.7931680544006463,7.35593205958201,0.7682129753646245,7.859763516716365,False,True,False,True,True,residual
991,2.8808134009153576,2.9128853090637996,0.17179175710229738,3.112398197144262,False,False,False,False,False,none
992,1.644622299206998,3.9842367193608244,0.4625076281282601,4.257129912993425,False,False,False,False,False,none
993,1.9185842114450458,3.1491103175043014,0.23704850992202234,3.3648030165523104,False,False,False,False,False,none
994,1.6456069703894405,6.703111728931291,0.32211852566022986,7.162229420933703,False,True,False,False,False,none
995,1.116817762982038,3.5163522245150505,0.5143237052703608,3.75719850350797,False,False,False,False,False,none
996,2.247157537387465,5.7081148708552645,0.1371109226533952,6.09908202628556,False,False,False,False,False,none
997,4.6703774826539375,11.968949607229884,1.2857116662147776,12.788741480256096,False,True,False,True,True,residual
998,1.0073217869368432,1.6569469113882918,0.7491634285368755,1.770436537175628,False,False,False,False,False,none
999,0.4407312966549174,1.6663057862058648,0.8743051250402717,1.7804364314450234,False,False,False,False,False,none
