seed,scenario,method,false_alarm_rate,detected,delay,window_alarm,total_alarms,delta_1,delta_2,all_routes_seconds
0,none,score_only,0.022,,,0.0,22,0.0,0.0,0.0029361999995671795
0,none,residual_only,0.009,,,0.0,9,0.0,0.0,0.0029361999995671795
0,none,combined,0.016,,,0.0,16,0.0,0.0,0.0029361999995671795
0,pc1,score_only,0.018,1.0,1.0,1.0,24,4.260636755297765,4.224567958904879,0.0030175000001690933
0,pc1,residual_only,0.006,0.0,,0.0,9,4.260636755297765,4.224567958904879,0.0030175000001690933
0,pc1,combined,0.014,1.0,1.0,1.0,17,4.260636755297765,4.224567958904879,0.0030175000001690933
0,pc2,score_only,0.018,0.0,,0.0,22,-4.224567958904879,4.260636755297765,0.002923000000009779
0,pc2,residual_only,0.006,1.0,0.0,1.0,503,-4.224567958904879,4.260636755297765,0.002923000000009779
0,pc2,combined,0.014,1.0,0.0,1.0,507,-4.224567958904879,4.260636755297765,0.002923000000009779
0,both,score_only,0.018,0.0,,0.0,22,0.025504490518646464,5.999945793168749,0.0030084999998507556
0,both,residual_only,0.006,1.0,0.0,1.0,477,0.025504490518646464,5.999945793168749,0.0030084999998507556
0,both,combined,0.014,1.0,0.0,1.0,474,0.025504490518646464,5.999945793168749,0.0030084999998507556
1,none,score_only,0.012,,,0.0,12,0.0,0.0,0.0029197000003478024
1,none,residual_only,0.007,,,0.0,7,0.0,0.0,0.0029197000003478024
1,none,combined,0.008,,,0.0,8,0.0,0.0,0.0029197000003478024
1,pc1,score_only,0.004,1.0,0.0,1.0,14,4.081940236918463,4.3974724447375495,0.0028437999999368913
1,pc1,residual_only,0.006,0.0,,0.0,7,4.081940236918463,4.3974724447375495,0.0028437999999368913
1,pc1,combined,0.008,1.0,1.0,1.0,9,4.081940236918463,4.3974724447375495,0.0028437999999368913
1,pc2,score_only,0.004,0.0,,0.0,12,-4.3974724447375495,4.081940236918463,0.0027757999996538274
1,pc2,residual_only,0.006,1.0,0.0,1.0,503,-4.3974724447375495,4.081940236918463,0.0027757999996538274
1,pc2,combined,0.008,1.0,0.0,1.0,504,-4.3974724447375495,4.081940236918463,0.0027757999996538274
1,both,score_only,0.004,1.0,1.0,1.0,13,-0.22311496383163887,5.995850207678174,0.0028168999997433275
1,both,residual_only,0.006,1.0,1.0,1.0,476,-0.22311496383163887,5.995850207678174,0.0028168999997433275
1,both,combined,0.008,1.0,1.0,1.0,472,-0.22311496383163887,5.995850207678174,0.0028168999997433275
2,none,score_only,0.014,,,0.0,14,0.0,0.0,0.0029168000000936445
2,none,residual_only,0.029,,,1.0,29,0.0,0.0,0.0029168000000936445
2,none,combined,0.02,,,1.0,20,0.0,0.0,0.0029168000000936445
2,pc1,score_only,0.016,1.0,0.0,1.0,15,4.303558359567342,4.180835496141656,0.0028064000007361756
2,pc1,residual_only,0.028,1.0,6.0,1.0,29,4.303558359567342,4.180835496141656,0.0028064000007361756
2,pc1,combined,0.018,1.0,0.0,1.0,21,4.303558359567342,4.180835496141656,0.0028064000007361756
2,pc2,score_only,0.016,0.0,,0.0,14,-4.180835496141656,4.303558359567342,0.0027658999997584033
2,pc2,residual_only,0.028,1.0,0.0,1.0,514,-4.180835496141656,4.303558359567342,0.0027658999997584033
2,pc2,combined,0.018,1.0,0.0,1.0,509,-4.180835496141656,4.303558359567342,0.0027658999997584033
2,both,score_only,0.016,1.0,0.0,1.0,15,0.08677816893493298,5.999372429629309,0.0026631999999153777
2,both,residual_only,0.028,1.0,0.0,1.0,493,0.08677816893493298,5.999372429629309,0.0026631999999153777
2,both,combined,0.018,1.0,0.0,1.0,478,0.08677816893493298,5.999372429629309,0.0026631999999153777
3,none,score_only,0.014,,,0.0,14,0.0,0.0,0.0027841999999509426
3,none,residual_only,0.007,,,0.0,7,0.0,0.0,0.0027841999999509426
3,none,combined,0.008,,,0.0,8,0.0,0.0,0.0027841999999509426
3,pc1,score_only,0.012,1.0,0.0,1.0,15,4.337884862591558,4.145208670127358,0.0027416999992055935
3,pc1,residual_only,0.008,0.0,,0.0,7,4.337884862591558,4.145208670127358,0.0027416999992055935
3,pc1,combined,0.008,1.0,0.0,1.0,9,4.337884862591558,4.145208670127358,0.0027416999992055935
3,pc2,score_only,0.012,0.0,,0.0,14,-4.145208670127358,4.337884862591558,0.002695300000596035
3,pc2,residual_only,0.008,1.0,0.0,1.0,503,-4.145208670127358,4.337884862591558,0.002695300000596035
3,pc2,combined,0.008,1.0,0.0,1.0,503,-4.145208670127358,4.337884862591558,0.002695300000596035
3,both,score_only,0.012,0.0,,0.0,14,0.13624264226464017,5.998452962425291,0.0027086999998573447
3,both,residual_only,0.008,1.0,0.0,1.0,478,0.13624264226464017,5.998452962425291,0.0027086999998573447
3,both,combined,0.008,1.0,1.0,1.0,465,0.13624264226464017,5.998452962425291,0.0027086999998573447
4,none,score_only,0.013,,,0.0,13,0.0,0.0,0.0027253999996901257
4,none,residual_only,0.007,,,0.0,7,0.0,0.0,0.0027253999996901257
4,none,combined,0.005,,,0.0,5,0.0,0.0,0.0027253999996901257
4,pc1,score_only,0.012,1.0,0.0,1.0,15,4.167134552880879,4.3168263363478365,0.002872600000046077
4,pc1,residual_only,0.006,0.0,,0.0,7,4.167134552880879,4.3168263363478365,0.002872600000046077
4,pc1,combined,0.004,1.0,0.0,1.0,6,4.167134552880879,4.3168263363478365,0.002872600000046077
4,pc2,score_only,0.012,0.0,,0.0,13,-4.3168263363478365,4.167134552880879,0.0028824000000895467
4,pc2,residual_only,0.006,1.0,0.0,1.0,503,-4.3168263363478365,4.167134552880879,0.0028824000000895467
4,pc2,combined,0.004,1.0,0.0,1.0,502,-4.3168263363478365,4.167134552880879,0.0028824000000895467
4,both,score_only,0.012,1.0,0.0,1.0,14,-0.10584807517739447,5.999066276095077,0.0028311000005487585
4,both,residual_only,0.006,1.0,0.0,1.0,475,-0.10584807517739447,5.999066276095077,0.0028311000005487585
4,both,combined,0.004,1.0,0.0,1.0,468,-0.10584807517739447,5.999066276095077,0.0028311000005487585
5,none,score_only,0.006,,,0.0,6,0.0,0.0,0.002803899999889836
5,none,residual_only,0.006,,,0.0,6,0.0,0.0,0.002803899999889836
5,none,combined,0.007,,,0.0,7,0.0,0.0,0.002803899999889836
5,pc1,score_only,0.006,1.0,1.0,1.0,7,4.151348621403762,4.332009305572772,0.002723699999478413
5,pc1,residual_only,0.006,0.0,,0.0,6,4.151348621403762,4.332009305572772,0.002723699999478413
5,pc1,combined,0.006,1.0,1.0,1.0,8,4.151348621403762,4.332009305572772,0.002723699999478413
5,pc2,score_only,0.006,0.0,,0.0,6,-4.332009305572772,4.151348621403762,0.002872499999284628
5,pc2,residual_only,0.006,1.0,0.0,1.0,503,-4.332009305572772,4.151348621403762,0.002872499999284628
5,pc2,combined,0.006,1.0,0.0,1.0,503,-4.332009305572772,4.151348621403762,0.002872499999284628
5,both,score_only,0.006,0.0,,0.0,6,-0.12774639486970807,5.9986399173977585,0.00276069999927131
5,both,residual_only,0.006,1.0,0.0,1.0,475,-0.12774639486970807,5.9986399173977585,0.00276069999927131
5,both,combined,0.006,1.0,0.0,1.0,472,-0.12774639486970807,5.9986399173977585,0.00276069999927131
6,none,score_only,0.007,,,0.0,7,0.0,0.0,0.0027588000002651825
6,none,residual_only,0.011,,,0.0,11,0.0,0.0,0.0027588000002651825
6,none,combined,0.013,,,0.0,13,0.0,0.0,0.0027588000002651825
6,pc1,score_only,0.006,0.0,,0.0,7,4.385294350432236,4.095020568943106,0.0028848000001744367
6,pc1,residual_only,0.014,0.0,,0.0,11,4.385294350432236,4.095020568943106,0.0028848000001744367
6,pc1,combined,0.012,0.0,,0.0,13,4.385294350432236,4.095020568943106,0.0028848000001744367
6,pc2,score_only,0.006,0.0,,0.0,7,-4.095020568943106,4.385294350432236,0.0028031000001647044
6,pc2,residual_only,0.014,1.0,0.0,1.0,507,-4.095020568943106,4.385294350432236,0.0028031000001647044
6,pc2,combined,0.012,1.0,0.0,1.0,506,-4.095020568943106,4.385294350432236,0.0028031000001647044
6,both,score_only,0.006,0.0,,0.0,7,0.20525455929162617,5.9964881860877535,0.0027750999997806503
6,both,residual_only,0.014,1.0,0.0,1.0,479,0.20525455929162617,5.9964881860877535,0.0027750999997806503
6,both,combined,0.012,1.0,0.0,1.0,469,0.20525455929162617,5.9964881860877535,0.0027750999997806503
7,none,score_only,0.005,,,0.0,5,0.0,0.0,0.002844800000275427
7,none,residual_only,0.008,,,1.0,8,0.0,0.0,0.002844800000275427
7,none,combined,0.006,,,1.0,6,0.0,0.0,0.002844800000275427
7,pc1,score_only,0.006,1.0,0.0,1.0,6,4.357641879345588,4.12443417348046,0.0030747999999221065
7,pc1,residual_only,0.008,1.0,18.0,1.0,8,4.357641879345588,4.12443417348046,0.0030747999999221065
7,pc1,combined,0.004,1.0,18.0,1.0,6,4.357641879345588,4.12443417348046,0.0030747999999221065
7,pc2,score_only,0.006,0.0,,0.0,5,-4.12443417348046,4.357641879345588,0.0028134000003774418
7,pc2,residual_only,0.008,1.0,0.0,1.0,504,-4.12443417348046,4.357641879345588,0.0028134000003774418
7,pc2,combined,0.004,1.0,0.0,1.0,502,-4.12443417348046,4.357641879345588,0.0028134000003774418
7,both,score_only,0.006,0.0,,0.0,5,0.16490275024219,5.997733495493323,0.0027444999996077968
7,both,residual_only,0.008,1.0,0.0,1.0,486,0.16490275024219,5.997733495493323,0.0027444999996077968
7,both,combined,0.004,1.0,0.0,1.0,480,0.16490275024219,5.997733495493323,0.0027444999996077968
8,none,score_only,0.005,,,0.0,5,0.0,0.0,0.0027781999997387175
8,none,residual_only,0.007,,,0.0,7,0.0,0.0,0.0027781999997387175
8,none,combined,0.006,,,0.0,6,0.0,0.0,0.0027781999997387175
8,pc1,score_only,0.008,1.0,2.0,1.0,7,4.158049567569917,4.325577856614261,0.0029555000000982545
8,pc1,residual_only,0.004,0.0,,0.0,7,4.158049567569917,4.325577856614261,0.0029555000000982545
8,pc1,combined,0.002,0.0,,0.0,6,4.158049567569917,4.325577856614261,0.0029555000000982545
8,pc2,score_only,0.008,0.0,,0.0,5,-4.325577856614261,4.158049567569917,0.002752399999735644
8,pc2,residual_only,0.004,1.0,0.0,1.0,502,-4.325577856614261,4.158049567569917,0.002752399999735644
8,pc2,combined,0.002,1.0,0.0,1.0,501,-4.325577856614261,4.158049567569917,0.002752399999735644
8,both,score_only,0.008,0.0,,0.0,5,-0.11846038922383556,5.9988304807007955,0.002774699999463337
8,both,residual_only,0.004,1.0,0.0,1.0,482,-0.11846038922383556,5.9988304807007955,0.002774699999463337
8,both,combined,0.002,1.0,0.0,1.0,468,-0.11846038922383556,5.9988304807007955,0.002774699999463337
9,none,score_only,0.002,,,0.0,2,0.0,0.0,0.0029455000003508758
9,none,residual_only,0.015,,,0.0,15,0.0,0.0,0.0029455000003508758
9,none,combined,0.007,,,0.0,7,0.0,0.0,0.0029455000003508758
9,pc1,score_only,0.0,1.0,0.0,1.0,3,3.9945854678784882,4.476972966169663,0.002917400000114867
9,pc1,residual_only,0.012,0.0,,0.0,15,3.9945854678784882,4.476972966169663,0.002917400000114867
9,pc1,combined,0.008,1.0,0.0,1.0,8,3.9945854678784882,4.476972966169663,0.002917400000114867
9,pc2,score_only,0.0,0.0,,0.0,2,-4.476972966169663,3.9945854678784882,0.002763999999842781
9,pc2,residual_only,0.012,1.0,0.0,1.0,506,-4.476972966169663,3.9945854678784882,0.002763999999842781
9,pc2,combined,0.008,1.0,0.0,1.0,504,-4.476972966169663,3.9945854678784882,0.002763999999842781
9,both,score_only,0.0,1.0,0.0,1.0,3,-0.3410994712013041,5.990296415933537,0.002771700000266719
9,both,residual_only,0.012,1.0,0.0,1.0,484,-0.3410994712013041,5.990296415933537,0.002771700000266719
9,both,combined,0.008,1.0,0.0,1.0,473,-0.3410994712013041,5.990296415933537,0.002771700000266719
10,none,score_only,0.013,,,0.0,13,0.0,0.0,0.0030600999998569023
10,none,residual_only,0.013,,,0.0,13,0.0,0.0,0.0030600999998569023
10,none,combined,0.006,,,0.0,6,0.0,0.0,0.0030600999998569023
10,pc1,score_only,0.012,1.0,0.0,1.0,14,4.18663914485633,4.29791259459248,0.002814399999806483
10,pc1,residual_only,0.012,0.0,,0.0,13,4.18663914485633,4.29791259459248,0.002814399999806483
10,pc1,combined,0.004,1.0,0.0,1.0,7,4.18663914485633,4.29791259459248,0.002814399999806483
10,pc2,score_only,0.012,0.0,,0.0,13,-4.29791259459248,4.18663914485633,0.0027672000005622976
10,pc2,residual_only,0.012,1.0,0.0,1.0,506,-4.29791259459248,4.18663914485633,0.0027672000005622976
10,pc2,combined,0.004,1.0,0.0,1.0,502,-4.29791259459248,4.18663914485633,0.0027672000005622976
10,both,score_only,0.012,1.0,0.0,1.0,14,-0.07868221087445183,5.99948407029237,0.002701500000512169
10,both,residual_only,0.012,1.0,0.0,1.0,479,-0.07868221087445183,5.99948407029237,0.002701500000512169
10,both,combined,0.004,1.0,0.0,1.0,463,-0.07868221087445183,5.99948407029237,0.002701500000512169
11,none,score_only,0.004,,,0.0,4,0.0,0.0,0.002884999999878346
11,none,residual_only,0.01,,,1.0,10,0.0,0.0,0.002884999999878346
11,none,combined,0.007,,,1.0,7,0.0,0.0,0.002884999999878346
11,pc1,score_only,0.006,1.0,0.0,1.0,6,4.144546576274346,4.338517451514123,0.0027198999996471684
11,pc1,residual_only,0.006,1.0,9.0,1.0,10,4.144546576274346,4.338517451514123,0.0027198999996471684
11,pc1,combined,0.004,1.0,1.0,1.0,8,4.144546576274346,4.338517451514123,0.0027198999996471684
11,pc2,score_only,0.006,0.0,,0.0,4,-4.338517451514123,4.144546576274346,0.002685399999791116
11,pc2,residual_only,0.006,1.0,0.0,1.0,503,-4.338517451514123,4.144546576274346,0.002685399999791116
11,pc2,combined,0.004,1.0,0.0,1.0,502,-4.338517451514123,4.144546576274346,0.002685399999791116
11,both,score_only,0.006,1.0,1.0,1.0,5,-0.13715812123473664,5.998432099288893,0.00274730000001
11,both,residual_only,0.006,1.0,0.0,1.0,463,-0.13715812123473664,5.998432099288893,0.00274730000001
11,both,combined,0.004,1.0,0.0,1.0,445,-0.13715812123473664,5.998432099288893,0.00274730000001
12,none,score_only,0.009,,,1.0,9,0.0,0.0,0.003058400000554684
12,none,residual_only,0.007,,,0.0,7,0.0,0.0,0.003058400000554684
12,none,combined,0.01,,,0.0,10,0.0,0.0,0.003058400000554684
12,pc1,score_only,0.008,1.0,0.0,1.0,11,4.182139919725665,4.302290749337731,0.002815300000293064
12,pc1,residual_only,0.002,0.0,,0.0,7,4.182139919725665,4.302290749337731,0.002815300000293064
12,pc1,combined,0.004,1.0,0.0,1.0,12,4.182139919725665,4.302290749337731,0.002815300000293064
12,pc2,score_only,0.008,1.0,18.0,1.0,9,-4.302290749337731,4.182139919725665,0.002817200000208686
12,pc2,residual_only,0.002,1.0,0.0,1.0,501,-4.302290749337731,4.182139919725665,0.002817200000208686
12,pc2,combined,0.004,1.0,0.0,1.0,502,-4.302290749337731,4.182139919725665,0.002817200000208686
12,both,score_only,0.008,1.0,0.0,1.0,11,-0.0849594663838814,5.999398460601844,0.0027636999993774225
12,both,residual_only,0.002,1.0,0.0,1.0,468,-0.0849594663838814,5.999398460601844,0.0027636999993774225
12,both,combined,0.004,1.0,0.0,1.0,457,-0.0849594663838814,5.999398460601844,0.0027636999993774225
13,none,score_only,0.014,,,0.0,14,0.0,0.0,0.0028739999997924315
13,none,residual_only,0.008,,,1.0,8,0.0,0.0,0.0028739999997924315
13,none,combined,0.01,,,1.0,10,0.0,0.0,0.0028739999997924315
13,pc1,score_only,0.016,1.0,0.0,1.0,17,4.239920932265452,4.245358699584436,0.002846299999873736
13,pc1,residual_only,0.006,1.0,5.0,1.0,8,4.239920932265452,4.245358699584436,0.002846299999873736
13,pc1,combined,0.01,1.0,5.0,1.0,11,4.239920932265452,4.245358699584436,0.002846299999873736
13,pc2,score_only,0.016,0.0,,0.0,14,-4.245358699584436,4.239920932265452,0.0027245000001130393
13,pc2,residual_only,0.006,1.0,0.0,1.0,502,-4.245358699584436,4.239920932265452,0.0027245000001130393
13,pc2,combined,0.01,1.0,0.0,1.0,504,-4.245358699584436,4.239920932265452,0.0027245000001130393
13,both,score_only,0.016,1.0,7.0,1.0,15,-0.003845082145768366,5.999998767945147,0.0027803999992102035
13,both,residual_only,0.006,1.0,0.0,1.0,484,-0.003845082145768366,5.999998767945147,0.0027803999992102035
13,both,combined,0.01,1.0,0.0,1.0,477,-0.003845082145768366,5.999998767945147,0.0027803999992102035
14,none,score_only,0.01,,,0.0,10,0.0,0.0,0.0028756000001521898
14,none,residual_only,0.019,,,1.0,19,0.0,0.0,0.0028756000001521898
14,none,combined,0.017,,,1.0,17,0.0,0.0,0.0028756000001521898
14,pc1,score_only,0.012,1.0,0.0,1.0,13,4.023354622524934,4.451136661731164,0.0027716999993572244
14,pc1,residual_only,0.024,1.0,7.0,1.0,19,4.023354622524934,4.451136661731164,0.0027716999993572244
14,pc1,combined,0.022,1.0,7.0,1.0,17,4.023354622524934,4.451136661731164,0.0027716999993572244
14,pc2,score_only,0.012,0.0,,0.0,10,-4.451136661731164,4.023354622524934,0.0027218999994147453
14,pc2,residual_only,0.024,1.0,0.0,1.0,512,-4.451136661731164,4.023354622524934,0.0027218999994147453
14,pc2,combined,0.022,1.0,0.0,1.0,511,-4.451136661731164,4.023354622524934,0.0027218999994147453
14,both,score_only,0.012,1.0,17.0,1.0,11,-0.30248758079253424,5.99237025420378,0.002909699999690929
14,both,residual_only,0.024,1.0,0.0,1.0,494,-0.30248758079253424,5.99237025420378,0.002909699999690929
14,both,combined,0.022,1.0,0.0,1.0,488,-0.30248758079253424,5.99237025420378,0.002909699999690929
15,none,score_only,0.015,,,0.0,15,0.0,0.0,0.002765199999885226
15,none,residual_only,0.011,,,0.0,11,0.0,0.0,0.002765199999885226
15,none,combined,0.011,,,0.0,11,0.0,0.0,0.002765199999885226
15,pc1,score_only,0.016,0.0,,0.0,15,4.434910303371511,4.041233796880503,0.002713299999413721
15,pc1,residual_only,0.01,0.0,,0.0,11,4.434910303371511,4.041233796880503,0.002713299999413721
15,pc1,combined,0.014,0.0,,0.0,11,4.434910303371511,4.041233796880503,0.002713299999413721
15,pc2,score_only,0.016,0.0,,0.0,15,-4.041233796880503,4.434910303371511,0.0028340999997453764
15,pc2,residual_only,0.01,1.0,0.0,1.0,505,-4.041233796880503,4.434910303371511,0.0028340999997453764
15,pc2,combined,0.014,1.0,0.0,1.0,507,-4.041233796880503,4.434910303371511,0.0028340999997453764
15,both,score_only,0.016,0.0,,0.0,15,0.2783713273336219,5.993538971602547,0.0031028999992486206
15,both,residual_only,0.01,1.0,0.0,1.0,469,0.2783713273336219,5.993538971602547,0.0031028999992486206
15,both,combined,0.014,1.0,0.0,1.0,468,0.2783713273336219,5.993538971602547,0.0031028999992486206
16,none,score_only,0.016,,,0.0,16,0.0,0.0,0.002862700000150653
16,none,residual_only,0.012,,,0.0,12,0.0,0.0,0.002862700000150653
16,none,combined,0.018,,,0.0,18,0.0,0.0,0.002862700000150653
16,pc1,score_only,0.012,1.0,0.0,1.0,18,4.368483478502776,4.112949318682189,0.002791099999740254
16,pc1,residual_only,0.012,0.0,,0.0,12,4.368483478502776,4.112949318682189,0.002791099999740254
16,pc1,combined,0.014,1.0,0.0,1.0,19,4.368483478502776,4.112949318682189,0.002791099999740254
16,pc2,score_only,0.012,0.0,,0.0,16,-4.112949318682189,4.368483478502776,0.003019200000380806
16,pc2,residual_only,0.012,1.0,0.0,1.0,506,-4.112949318682189,4.368483478502776,0.003019200000380806
16,pc2,combined,0.014,1.0,0.0,1.0,507,-4.112949318682189,4.368483478502776,0.003019200000380806
16,both,score_only,0.012,1.0,0.0,1.0,17,0.18068993723394527,5.997278645067476,0.0029202000005170703
16,both,residual_only,0.012,1.0,0.0,1.0,478,0.18068993723394527,5.997278645067476,0.0029202000005170703
16,both,combined,0.014,1.0,0.0,1.0,475,0.18068993723394527,5.997278645067476,0.0029202000005170703
17,none,score_only,0.013,,,0.0,13,0.0,0.0,0.00277029999961087
17,none,residual_only,0.015,,,0.0,15,0.0,0.0,0.00277029999961087
17,none,combined,0.018,,,0.0,18,0.0,0.0,0.00277029999961087
17,pc1,score_only,0.012,0.0,,0.0,13,4.199000936601726,4.285836106807847,0.002785000000585569
17,pc1,residual_only,0.02,0.0,,0.0,15,4.199000936601726,4.285836106807847,0.002785000000585569
17,pc1,combined,0.02,0.0,,0.0,18,4.199000936601726,4.285836106807847,0.002785000000585569
17,pc2,score_only,0.012,0.0,,0.0,13,-4.285836106807847,4.199000936601726,0.0028383999997458886
17,pc2,residual_only,0.02,1.0,0.0,1.0,510,-4.285836106807847,4.199000936601726,0.0028383999997458886
17,pc2,combined,0.02,1.0,0.0,1.0,510,-4.285836106807847,4.199000936601726,0.0028383999997458886
17,both,score_only,0.012,0.0,,0.0,13,-0.06140173769823635,5.999685810657725,0.002720899999985704
17,both,residual_only,0.02,1.0,0.0,1.0,478,-0.06140173769823635,5.999685810657725,0.002720899999985704
17,both,combined,0.02,1.0,0.0,1.0,465,-0.06140173769823635,5.999685810657725,0.002720899999985704
18,none,score_only,0.008,,,0.0,8,0.0,0.0,0.00275099999998929
18,none,residual_only,0.01,,,1.0,10,0.0,0.0,0.00275099999998929
18,none,combined,0.008,,,1.0,8,0.0,0.0,0.00275099999998929
18,pc1,score_only,0.008,1.0,0.0,1.0,9,4.2859789302603515,4.198855154606352,0.0027448000000731554
18,pc1,residual_only,0.008,1.0,3.0,1.0,10,4.2859789302603515,4.198855154606352,0.0027448000000731554
18,pc1,combined,0.008,1.0,0.0,1.0,9,4.2859789302603515,4.198855154606352,0.0027448000000731554
18,pc2,score_only,0.008,0.0,,0.0,8,-4.198855154606352,4.2859789302603515,0.002749999999650754
18,pc2,residual_only,0.008,1.0,0.0,1.0,504,-4.198855154606352,4.2859789302603515,0.002749999999650754
18,pc2,combined,0.008,1.0,0.0,1.0,503,-4.198855154606352,4.2859789302603515,0.002749999999650754
18,both,score_only,0.008,1.0,0.0,1.0,9,0.06160581256751835,5.999683718651999,0.0027970999999524793
18,both,residual_only,0.008,1.0,0.0,1.0,485,0.06160581256751835,5.999683718651999,0.0027970999999524793
18,both,combined,0.008,1.0,0.0,1.0,477,0.06160581256751835,5.999683718651999,0.0027970999999524793
19,none,score_only,0.013,,,0.0,13,0.0,0.0,0.0027399000000514206
19,none,residual_only,0.007,,,0.0,7,0.0,0.0,0.0027399000000514206
19,none,combined,0.012,,,0.0,12,0.0,0.0,0.0027399000000514206
19,pc1,score_only,0.004,1.0,1.0,1.0,16,4.247876791269557,4.23739811278023,0.00280410000050324
19,pc1,residual_only,0.008,0.0,,0.0,7,4.247876791269557,4.23739811278023,0.00280410000050324
19,pc1,combined,0.01,1.0,2.0,1.0,14,4.247876791269557,4.23739811278023,0.00280410000050324
19,pc2,score_only,0.004,0.0,,0.0,13,-4.23739811278023,4.247876791269557,0.0027137999995829887
19,pc2,residual_only,0.008,1.0,0.0,1.0,504,-4.23739811278023,4.247876791269557,0.0027137999995829887
19,pc2,combined,0.01,1.0,0.0,1.0,505,-4.23739811278023,4.247876791269557,0.0027137999995829887
19,both,score_only,0.004,1.0,3.0,1.0,14,0.007409544617676837,5.999995424885636,0.002811899999869638
19,both,residual_only,0.008,1.0,0.0,1.0,480,0.007409544617676837,5.999995424885636,0.002811899999869638
19,both,combined,0.01,1.0,0.0,1.0,470,0.007409544617676837,5.999995424885636,0.002811899999869638
20,none,score_only,0.005,,,0.0,5,0.0,0.0,0.0026870000001508743
20,none,residual_only,0.009,,,0.0,9,0.0,0.0,0.0026870000001508743
20,none,combined,0.008,,,0.0,8,0.0,0.0,0.0026870000001508743
20,pc1,score_only,0.006,0.0,,0.0,5,4.190117497399562,4.294521551696535,0.002756099999714934
20,pc1,residual_only,0.004,0.0,,0.0,9,4.190117497399562,4.294521551696535,0.002756099999714934
20,pc1,combined,0.004,0.0,,0.0,8,4.190117497399562,4.294521551696535,0.002756099999714934
20,pc2,score_only,0.006,0.0,,0.0,5,-4.294521551696535,4.190117497399562,0.002724899999520858
20,pc2,residual_only,0.004,1.0,0.0,1.0,502,-4.294521551696535,4.190117497399562,0.002724899999520858
20,pc2,combined,0.004,1.0,0.0,1.0,502,-4.294521551696535,4.190117497399562,0.002724899999520858
20,both,score_only,0.006,0.0,,0.0,5,-0.07382481477675784,5.99954580753603,0.002687799999876006
20,both,residual_only,0.004,1.0,0.0,1.0,481,-0.07382481477675784,5.99954580753603,0.002687799999876006
20,both,combined,0.004,1.0,0.0,1.0,472,-0.07382481477675784,5.99954580753603,0.002687799999876006
21,none,score_only,0.014,,,0.0,14,0.0,0.0,0.002802500000143482
21,none,residual_only,0.011,,,0.0,11,0.0,0.0,0.002802500000143482
21,none,combined,0.012,,,0.0,12,0.0,0.0,0.002802500000143482
21,pc1,score_only,0.016,1.0,0.0,1.0,16,4.406189543876924,4.07252915317124,0.0029272000001583365
21,pc1,residual_only,0.008,0.0,,0.0,11,4.406189543876924,4.07252915317124,0.0029272000001583365
21,pc1,combined,0.012,1.0,0.0,1.0,13,4.406189543876924,4.07252915317124,0.0029272000001583365
21,pc2,score_only,0.016,0.0,,0.0,14,-4.07252915317124,4.406189543876924,0.002779499999633117
21,pc2,residual_only,0.008,1.0,0.0,1.0,504,-4.07252915317124,4.406189543876924,0.002779499999633117
21,pc2,combined,0.012,1.0,0.0,1.0,506,-4.07252915317124,4.406189543876924,0.002779499999633117
21,both,score_only,0.016,1.0,0.0,1.0,15,0.2359335248813421,5.995359486455925,0.002686899999389425
21,both,residual_only,0.008,1.0,0.0,1.0,481,0.2359335248813421,5.995359486455925,0.002686899999389425
21,both,combined,0.012,1.0,0.0,1.0,473,0.2359335248813421,5.995359486455925,0.002686899999389425
22,none,score_only,0.01,,,0.0,10,0.0,0.0,0.00286469999991823
22,none,residual_only,0.011,,,0.0,11,0.0,0.0,0.00286469999991823
22,none,combined,0.009,,,0.0,9,0.0,0.0,0.00286469999991823
22,pc1,score_only,0.012,1.0,0.0,1.0,11,4.216873315640553,4.268252504226835,0.002767699999822071
22,pc1,residual_only,0.012,0.0,,0.0,11,4.216873315640553,4.268252504226835,0.002767699999822071
22,pc1,combined,0.012,1.0,0.0,1.0,10,4.216873315640553,4.268252504226835,0.002767699999822071
22,pc2,score_only,0.012,0.0,,0.0,10,-4.268252504226835,4.216873315640553,0.0027066000002378132
22,pc2,residual_only,0.012,1.0,0.0,1.0,506,-4.268252504226835,4.216873315640553,0.0027066000002378132
22,pc2,combined,0.012,1.0,0.0,1.0,505,-4.268252504226835,4.216873315640553,0.0027066000002378132
22,both,score_only,0.012,1.0,0.0,1.0,11,-0.03633057266122246,5.999890006449293,0.0028319000002738903
22,both,residual_only,0.012,1.0,0.0,1.0,488,-0.03633057266122246,5.999890006449293,0.0028319000002738903
22,both,combined,0.012,1.0,0.0,1.0,477,-0.03633057266122246,5.999890006449293,0.0028319000002738903
23,none,score_only,0.01,,,0.0,10,0.0,0.0,0.0028384000006553833
23,none,residual_only,0.022,,,1.0,22,0.0,0.0,0.0028384000006553833
23,none,combined,0.022,,,1.0,22,0.0,0.0,0.0028384000006553833
23,pc1,score_only,0.008,1.0,0.0,1.0,14,4.346615468951851,4.136052945148125,0.002780900000288966
23,pc1,residual_only,0.022,1.0,14.0,1.0,22,4.346615468951851,4.136052945148125,0.002780900000288966
23,pc1,combined,0.022,1.0,0.0,1.0,25,4.346615468951851,4.136052945148125,0.002780900000288966
23,pc2,score_only,0.008,0.0,,0.0,10,-4.136052945148125,4.346615468951851,0.002717299999858369
23,pc2,residual_only,0.022,1.0,0.0,1.0,511,-4.136052945148125,4.346615468951851,0.002717299999858369
23,pc2,combined,0.022,1.0,0.0,1.0,511,-4.136052945148125,4.346615468951851,0.002717299999858369
23,both,score_only,0.008,1.0,1.0,1.0,12,0.14889018844536792,5.998152358167029,0.0027524999995875987
23,both,residual_only,0.022,1.0,0.0,1.0,492,0.14889018844536792,5.998152358167029,0.0027524999995875987
23,both,combined,0.022,1.0,0.0,1.0,488,0.14889018844536792,5.998152358167029,0.0027524999995875987
24,none,score_only,0.006,,,1.0,6,0.0,0.0,0.0027350999998816405
24,none,residual_only,0.008,,,0.0,8,0.0,0.0,0.0027350999998816405
24,none,combined,0.01,,,1.0,10,0.0,0.0,0.0027350999998816405
24,pc1,score_only,0.004,1.0,5.0,1.0,8,4.223842604196942,4.261355847024607,0.002687100000002829
24,pc1,residual_only,0.008,0.0,,0.0,8,4.223842604196942,4.261355847024607,0.002687100000002829
24,pc1,combined,0.012,0.0,,0.0,9,4.223842604196942,4.261355847024607,0.002687100000002829
24,pc2,score_only,0.004,1.0,13.0,1.0,6,-4.261355847024607,4.223842604196942,0.0026993000001311884
24,pc2,residual_only,0.008,1.0,0.0,1.0,504,-4.261355847024607,4.223842604196942,0.0026993000001311884
24,pc2,combined,0.012,1.0,0.0,1.0,506,-4.261355847024607,4.223842604196942,0.0026993000001311884
24,both,score_only,0.004,1.0,9.0,1.0,7,-0.026525868387740008,5.999941364572347,0.0026893000003838097
24,both,residual_only,0.008,1.0,0.0,1.0,471,-0.026525868387740008,5.999941364572347,0.0026893000003838097
24,both,combined,0.012,1.0,0.0,1.0,469,-0.026525868387740008,5.999941364572347,0.0026893000003838097
25,none,score_only,0.009,,,0.0,9,0.0,0.0,0.002694800000426767
25,none,residual_only,0.012,,,0.0,12,0.0,0.0,0.002694800000426767
25,none,combined,0.011,,,0.0,11,0.0,0.0,0.002694800000426767
25,pc1,score_only,0.006,0.0,,0.0,9,4.172751505871689,4.3113970902997965,0.0026914999998552958
25,pc1,residual_only,0.012,0.0,,0.0,12,4.172751505871689,4.3113970902997965,0.0026914999998552958
25,pc1,combined,0.004,0.0,,0.0,11,4.172751505871689,4.3113970902997965,0.0026914999998552958
25,pc2,score_only,0.006,0.0,,0.0,9,-4.3113970902997965,4.172751505871689,0.002664599999661732
25,pc2,residual_only,0.012,1.0,0.0,1.0,505,-4.3113970902997965,4.172751505871689,0.002664599999661732
25,pc2,combined,0.004,1.0,0.0,1.0,501,-4.3113970902997965,4.172751505871689,0.002664599999661732
25,both,score_only,0.006,0.0,,0.0,9,-0.09803723293068686,5.999199004947185,0.0027324000002408866
25,both,residual_only,0.012,1.0,0.0,1.0,474,-0.09803723293068686,5.999199004947185,0.0027324000002408866
25,both,combined,0.004,1.0,0.0,1.0,461,-0.09803723293068686,5.999199004947185,0.0027324000002408866
26,none,score_only,0.005,,,0.0,5,0.0,0.0,0.0026993000001311884
26,none,residual_only,0.011,,,0.0,11,0.0,0.0,0.0026993000001311884
26,none,combined,0.007,,,0.0,7,0.0,0.0,0.0026993000001311884
26,pc1,score_only,0.004,1.0,0.0,1.0,7,4.2297549932463,4.255487363053495,0.0027239999999437714
26,pc1,residual_only,0.012,0.0,,0.0,11,4.2297549932463,4.255487363053495,0.0027239999999437714
26,pc1,combined,0.008,0.0,,0.0,7,4.2297549932463,4.255487363053495,0.0027239999999437714
26,pc2,score_only,0.004,0.0,,0.0,5,-4.255487363053495,4.2297549932463,0.002736200000072131
26,pc2,residual_only,0.012,1.0,0.0,1.0,506,-4.255487363053495,4.2297549932463,0.002736200000072131
26,pc2,combined,0.008,1.0,0.0,1.0,503,-4.255487363053495,4.2297549932463,0.002736200000072131
26,both,score_only,0.004,0.0,,0.0,5,-0.018195533186668153,5.999972410150905,0.0026879999995799153
26,both,residual_only,0.012,1.0,0.0,1.0,477,-0.018195533186668153,5.999972410150905,0.0026879999995799153
26,both,combined,0.008,1.0,0.0,1.0,465,-0.018195533186668153,5.999972410150905,0.0026879999995799153
27,none,score_only,0.012,,,1.0,12,0.0,0.0,0.0027098999998997897
27,none,residual_only,0.002,,,0.0,2,0.0,0.0,0.0027098999998997897
27,none,combined,0.003,,,0.0,3,0.0,0.0,0.0027098999998997897
27,pc1,score_only,0.006,1.0,4.0,1.0,13,4.230221516660413,4.255023609803272,0.0026571999997031526
27,pc1,residual_only,0.002,0.0,,0.0,2,4.230221516660413,4.255023609803272,0.0026571999997031526
27,pc1,combined,0.002,1.0,4.0,1.0,4,4.230221516660413,4.255023609803272,0.0026571999997031526
27,pc2,score_only,0.006,1.0,13.0,1.0,12,-4.255023609803272,4.230221516660413,0.0027109000002383254
27,pc2,residual_only,0.002,1.0,0.0,1.0,501,-4.255023609803272,4.230221516660413,0.0027109000002383254
27,pc2,combined,0.002,1.0,0.0,1.0,501,-4.255023609803272,4.230221516660413,0.0027109000002383254
27,both,score_only,0.006,1.0,4.0,1.0,13,-0.01753772824893642,5.999974368952576,0.0027268000003459747
27,both,residual_only,0.002,1.0,0.0,1.0,486,-0.01753772824893642,5.999974368952576,0.0027268000003459747
27,both,combined,0.002,1.0,0.0,1.0,473,-0.01753772824893642,5.999974368952576,0.0027268000003459747
28,none,score_only,0.011,,,0.0,11,0.0,0.0,0.002751400000306603
28,none,residual_only,0.012,,,0.0,12,0.0,0.0,0.002751400000306603
28,none,combined,0.008,,,0.0,8,0.0,0.0,0.002751400000306603
28,pc1,score_only,0.01,1.0,0.0,1.0,13,4.2038224709892305,4.2811069400805675,0.002725800000007439
28,pc1,residual_only,0.014,0.0,,0.0,12,4.2038224709892305,4.2811069400805675,0.002725800000007439
28,pc1,combined,0.008,1.0,0.0,1.0,9,4.2038224709892305,4.2811069400805675,0.002725800000007439
28,pc2,score_only,0.01,0.0,,0.0,11,-4.2811069400805675,4.2038224709892305,0.002698700000109966
28,pc2,residual_only,0.014,1.0,0.0,1.0,507,-4.2811069400805675,4.2038224709892305,0.002698700000109966
28,pc2,combined,0.008,1.0,0.0,1.0,504,-4.2811069400805675,4.2038224709892305,0.002698700000109966
28,both,score_only,0.01,1.0,0.0,1.0,12,-0.054648372174886536,5.999751124456632,0.0027246999998169485
28,both,residual_only,0.014,1.0,0.0,1.0,485,-0.054648372174886536,5.999751124456632,0.0027246999998169485
28,both,combined,0.008,1.0,0.0,1.0,470,-0.054648372174886536,5.999751124456632,0.0027246999998169485
29,none,score_only,0.007,,,0.0,7,0.0,0.0,0.0026630000002114684
29,none,residual_only,0.004,,,0.0,4,0.0,0.0,0.0026630000002114684
29,none,combined,0.005,,,0.0,5,0.0,0.0,0.0026630000002114684
29,pc1,score_only,0.01,0.0,,0.0,7,4.226554028344875,4.258666580689514,0.002705900000364636
29,pc1,residual_only,0.006,0.0,,0.0,4,4.226554028344875,4.258666580689514,0.002705900000364636
29,pc1,combined,0.006,0.0,,0.0,5,4.226554028344875,4.258666580689514,0.002705900000364636
29,pc2,score_only,0.01,0.0,,0.0,7,-4.258666580689514,4.226554028344875,0.0027009999994334066
29,pc2,residual_only,0.006,1.0,0.0,1.0,503,-4.258666580689514,4.226554028344875,0.0027009999994334066
29,pc2,combined,0.006,1.0,0.0,1.0,503,-4.258666580689514,4.226554028344875,0.0027009999994334066
29,both,score_only,0.01,0.0,,0.0,7,-0.022707003524102556,5.999957032512063,0.0026961999992636265
29,both,residual_only,0.006,1.0,0.0,1.0,483,-0.022707003524102556,5.999957032512063,0.0026961999992636265
29,both,combined,0.006,1.0,0.0,1.0,473,-0.022707003524102556,5.999957032512063,0.0026961999992636265
30,none,score_only,0.009,,,1.0,9,0.0,0.0,0.002687100000002829
30,none,residual_only,0.011,,,0.0,11,0.0,0.0,0.002687100000002829
30,none,combined,0.013,,,0.0,13,0.0,0.0,0.002687100000002829
30,pc1,score_only,0.008,1.0,0.0,1.0,9,4.271534263985472,4.213548982935657,0.002683699999579403
30,pc1,residual_only,0.006,0.0,,0.0,11,4.271534263985472,4.213548982935657,0.002683699999579403
30,pc1,combined,0.008,0.0,,0.0,13,4.271534263985472,4.213548982935657,0.002683699999579403
30,pc2,score_only,0.008,1.0,12.0,1.0,9,-4.213548982935657,4.271534263985472,0.002680999999938649
30,pc2,residual_only,0.006,1.0,0.0,1.0,502,-4.213548982935657,4.271534263985472,0.002680999999938649
30,pc2,combined,0.008,1.0,0.0,1.0,503,-4.213548982935657,4.271534263985472,0.002680999999938649
30,both,score_only,0.008,1.0,18.0,1.0,8,0.041001785439331945,5.9998599028302975,0.002696300000025076
30,both,residual_only,0.006,1.0,0.0,1.0,476,0.041001785439331945,5.9998599028302975,0.002696300000025076
30,both,combined,0.008,1.0,0.0,1.0,468,0.041001785439331945,5.9998599028302975,0.002696300000025076
31,none,score_only,0.007,,,0.0,7,0.0,0.0,0.0026910000005955226
31,none,residual_only,0.012,,,0.0,12,0.0,0.0,0.0026910000005955226
31,none,combined,0.012,,,0.0,12,0.0,0.0,0.0026910000005955226
31,pc1,score_only,0.008,1.0,0.0,1.0,8,4.356951362515729,4.12516361186709,0.002672800000254938
31,pc1,residual_only,0.01,0.0,,0.0,12,4.356951362515729,4.12516361186709,0.002672800000254938
31,pc1,combined,0.014,1.0,0.0,1.0,13,4.356951362515729,4.12516361186709,0.002672800000254938
31,pc2,score_only,0.008,0.0,,0.0,7,-4.12516361186709,4.356951362515729,0.0027079999999841675
31,pc2,residual_only,0.01,1.0,0.0,1.0,505,-4.12516361186709,4.356951362515729,0.0027079999999841675
31,pc2,combined,0.014,1.0,0.0,1.0,507,-4.12516361186709,4.356951362515729,0.0027079999999841675
31,both,score_only,0.008,0.0,,0.0,7,0.16389869027962936,5.997761017190049,0.0026412999995955033
31,both,residual_only,0.01,1.0,0.0,1.0,479,0.16389869027962936,5.997761017190049,0.0026412999995955033
31,both,combined,0.014,1.0,0.0,1.0,476,0.16389869027962936,5.997761017190049,0.0026412999995955033
32,none,score_only,0.012,,,1.0,12,0.0,0.0,0.002677399999811314
32,none,residual_only,0.007,,,0.0,7,0.0,0.0,0.002677399999811314
32,none,combined,0.009,,,0.0,9,0.0,0.0,0.002677399999811314
32,pc1,score_only,0.012,1.0,0.0,1.0,15,4.244911362081326,4.240368796233749,0.0027328000005582
32,pc1,residual_only,0.006,0.0,,0.0,7,4.244911362081326,4.240368796233749,0.0027328000005582
32,pc1,combined,0.008,1.0,0.0,1.0,12,4.244911362081326,4.240368796233749,0.0027328000005582
32,pc2,score_only,0.012,1.0,14.0,1.0,12,-4.240368796233749,4.244911362081326,0.0027206000004298403
32,pc2,residual_only,0.006,1.0,0.0,1.0,503,-4.240368796233749,4.244911362081326,0.0027206000004298403
32,pc2,combined,0.008,1.0,0.0,1.0,504,-4.240368796233749,4.244911362081326,0.0027206000004298403
32,both,score_only,0.012,1.0,0.0,1.0,15,0.0032120791148080004,5.999999140212251,0.002682299999833049
32,both,residual_only,0.006,1.0,0.0,1.0,468,0.0032120791148080004,5.999999140212251,0.002682299999833049
32,both,combined,0.008,1.0,0.0,1.0,452,0.0032120791148080004,5.999999140212251,0.002682299999833049
33,none,score_only,0.007,,,0.0,7,0.0,0.0,0.002680500000678876
33,none,residual_only,0.013,,,0.0,13,0.0,0.0,0.002680500000678876
33,none,combined,0.008,,,0.0,8,0.0,0.0,0.002680500000678876
33,pc1,score_only,0.006,1.0,0.0,1.0,8,4.3039991051498605,4.180381765206283,0.0026780000007420313
33,pc1,residual_only,0.012,0.0,,0.0,13,4.3039991051498605,4.180381765206283,0.0026780000007420313
33,pc1,combined,0.01,1.0,0.0,1.0,9,4.3039991051498605,4.180381765206283,0.0026780000007420313
33,pc2,score_only,0.006,0.0,,0.0,7,-4.180381765206283,4.3039991051498605,0.002748799999608309
33,pc2,residual_only,0.012,1.0,0.0,1.0,505,-4.180381765206283,4.3039991051498605,0.002748799999608309
33,pc2,combined,0.01,1.0,0.0,1.0,504,-4.180381765206283,4.3039991051498605,0.002748799999608309
33,both,score_only,0.006,1.0,0.0,1.0,8,0.08741065934634623,5.99936324759825,0.0027348999992682366
33,both,residual_only,0.012,1.0,0.0,1.0,477,0.08741065934634623,5.99936324759825,0.0027348999992682366
33,both,combined,0.01,1.0,0.0,1.0,467,0.08741065934634623,5.99936324759825,0.0027348999992682366
34,none,score_only,0.01,,,0.0,10,0.0,0.0,0.002755000000433938
34,none,residual_only,0.006,,,0.0,6,0.0,0.0,0.002755000000433938
34,none,combined,0.006,,,0.0,6,0.0,0.0,0.002755000000433938
34,pc1,score_only,0.016,1.0,0.0,1.0,12,3.987154627774715,4.4835920838335275,0.002777800000330899
34,pc1,residual_only,0.008,0.0,,0.0,6,3.987154627774715,4.4835920838335275,0.002777800000330899
34,pc1,combined,0.01,1.0,1.0,1.0,7,3.987154627774715,4.4835920838335275,0.002777800000330899
34,pc2,score_only,0.016,0.0,,0.0,10,-4.4835920838335275,3.987154627774715,0.0026998000003004563
34,pc2,residual_only,0.008,1.0,0.0,1.0,504,-4.4835920838335275,3.987154627774715,0.0026998000003004563
34,pc2,combined,0.01,1.0,0.0,1.0,505,-4.4835920838335275,3.987154627774715,0.0026998000003004563
34,both,score_only,0.016,1.0,1.0,1.0,11,-0.35103429161418503,5.9897224414918355,0.002744600000369246
34,both,residual_only,0.008,1.0,0.0,1.0,479,-0.35103429161418503,5.9897224414918355,0.002744600000369246
34,both,combined,0.01,1.0,0.0,1.0,468,-0.35103429161418503,5.9897224414918355,0.002744600000369246
35,none,score_only,0.008,,,0.0,8,0.0,0.0,0.0027675000001181616
35,none,residual_only,0.013,,,0.0,13,0.0,0.0,0.0027675000001181616
35,none,combined,0.011,,,0.0,11,0.0,0.0,0.0027675000001181616
35,pc1,score_only,0.01,1.0,1.0,1.0,9,4.292873348980921,4.191806103532144,0.002748500000052445
35,pc1,residual_only,0.014,0.0,,0.0,13,4.292873348980921,4.191806103532144,0.002748500000052445
35,pc1,combined,0.01,1.0,1.0,1.0,12,4.292873348980921,4.191806103532144,0.002748500000052445
35,pc2,score_only,0.01,0.0,,0.0,8,-4.191806103532144,4.292873348980921,0.002677899999980582
35,pc2,residual_only,0.014,1.0,0.0,1.0,507,-4.191806103532144,4.292873348980921,0.002677899999980582
35,pc2,combined,0.01,1.0,0.0,1.0,505,-4.191806103532144,4.292873348980921,0.002677899999980582
35,both,score_only,0.01,0.0,,0.0,8,0.07146533461267489,5.999574377066151,0.002858400000150141
35,both,residual_only,0.014,1.0,0.0,1.0,478,0.07146533461267489,5.999574377066151,0.002858400000150141
35,both,combined,0.01,1.0,0.0,1.0,466,0.07146533461267489,5.999574377066151,0.002858400000150141
36,none,score_only,0.015,,,1.0,15,0.0,0.0,0.0028500999997049803
36,none,residual_only,0.01,,,1.0,10,0.0,0.0,0.0028500999997049803
36,none,combined,0.013,,,1.0,13,0.0,0.0,0.0028500999997049803
36,pc1,score_only,0.012,1.0,0.0,1.0,17,4.116566185392976,4.3650753534479945,0.0027989999998681014
36,pc1,residual_only,0.012,1.0,6.0,1.0,10,4.116566185392976,4.3650753534479945,0.0027989999998681014
36,pc1,combined,0.018,1.0,0.0,1.0,14,4.116566185392976,4.3650753534479945,0.0027989999998681014
36,pc2,score_only,0.012,1.0,17.0,1.0,15,-4.3650753534479945,4.116566185392976,0.0027239999999437714
36,pc2,residual_only,0.012,1.0,0.0,1.0,505,-4.3650753534479945,4.116566185392976,0.0027239999999437714
36,pc2,combined,0.018,1.0,0.0,1.0,508,-4.3650753534479945,4.116566185392976,0.0027239999999437714
36,both,score_only,0.012,1.0,17.0,1.0,15,-0.1757225179187309,5.9974262477079545,0.002967200000057346
36,both,residual_only,0.012,1.0,0.0,1.0,480,-0.1757225179187309,5.9974262477079545,0.002967200000057346
36,both,combined,0.018,1.0,0.0,1.0,478,-0.1757225179187309,5.9974262477079545,0.002967200000057346
37,none,score_only,0.012,,,0.0,12,0.0,0.0,0.0028020999998261686
37,none,residual_only,0.005,,,0.0,5,0.0,0.0,0.0028020999998261686
37,none,combined,0.005,,,0.0,5,0.0,0.0,0.0028020999998261686
37,pc1,score_only,0.01,0.0,,0.0,12,4.298974293641981,4.185548951165836,0.002735000000029686
37,pc1,residual_only,0.004,0.0,,0.0,5,4.298974293641981,4.185548951165836,0.002735000000029686
37,pc1,combined,0.004,0.0,,0.0,5,4.298974293641981,4.185548951165836,0.002735000000029686
37,pc2,score_only,0.01,0.0,,0.0,12,-4.185548951165836,4.298974293641981,0.0027798000000984757
37,pc2,residual_only,0.004,1.0,0.0,1.0,502,-4.185548951165836,4.298974293641981,0.0027798000000984757
37,pc2,combined,0.004,1.0,0.0,1.0,502,-4.185548951165836,4.298974293641981,0.0027798000000984757
37,both,score_only,0.01,0.0,,0.0,12,0.08020382882328922,5.999463921538497,0.003013999999893713
37,both,residual_only,0.004,1.0,1.0,1.0,480,0.08020382882328922,5.999463921538497,0.003013999999893713
37,both,combined,0.004,1.0,1.0,1.0,470,0.08020382882328922,5.999463921538497,0.003013999999893713
38,none,score_only,0.012,,,0.0,12,0.0,0.0,0.0028222000000823755
38,none,residual_only,0.003,,,0.0,3,0.0,0.0,0.0028222000000823755
38,none,combined,0.006,,,0.0,6,0.0,0.0,0.0028222000000823755
38,pc1,score_only,0.014,1.0,0.0,1.0,13,4.255811582359133,4.229428776496639,0.002844300000106159
38,pc1,residual_only,0.002,0.0,,0.0,3,4.255811582359133,4.229428776496639,0.002844300000106159
38,pc1,combined,0.004,1.0,0.0,1.0,7,4.255811582359133,4.229428776496639,0.002844300000106159
38,pc2,score_only,0.014,0.0,,0.0,12,-4.229428776496639,4.255811582359133,0.0031480999996347236
38,pc2,residual_only,0.002,1.0,0.0,1.0,501,-4.229428776496639,4.255811582359133,0.0031480999996347236
38,pc2,combined,0.004,1.0,0.0,1.0,502,-4.229428776496639,4.255811582359133,0.0031480999996347236
38,both,score_only,0.014,1.0,0.0,1.0,13,0.01865546093209769,5.99997099774469,0.0028280000005906913
38,both,residual_only,0.002,1.0,0.0,1.0,472,0.01865546093209769,5.99997099774469,0.0028280000005906913
38,both,combined,0.004,1.0,0.0,1.0,468,0.01865546093209769,5.99997099774469,0.0028280000005906913
39,none,score_only,0.009,,,0.0,9,0.0,0.0,0.0027559000000110245
39,none,residual_only,0.017,,,0.0,17,0.0,0.0,0.0027559000000110245
39,none,combined,0.017,,,0.0,17,0.0,0.0,0.0027559000000110245
39,pc1,score_only,0.008,1.0,0.0,1.0,10,4.168013952239316,4.315977258274005,0.0028110000002925517
39,pc1,residual_only,0.016,0.0,,0.0,17,4.168013952239316,4.315977258274005,0.0028110000002925517
39,pc1,combined,0.016,1.0,0.0,1.0,18,4.168013952239316,4.315977258274005,0.0028110000002925517
39,pc2,score_only,0.008,0.0,,0.0,9,-4.315977258274005,4.168013952239316,0.003229299999475188
39,pc2,residual_only,0.016,1.0,0.0,1.0,508,-4.315977258274005,4.168013952239316,0.003229299999475188
39,pc2,combined,0.016,1.0,0.0,1.0,508,-4.315977258274005,4.168013952239316,0.003229299999475188
39,both,score_only,0.008,0.0,,0.0,9,-0.10462585706390884,5.999087716481035,0.0028708999998343643
39,both,residual_only,0.016,1.0,0.0,1.0,493,-0.10462585706390884,5.999087716481035,0.0028708999998343643
39,both,combined,0.016,1.0,0.0,1.0,491,-0.10462585706390884,5.999087716481035,0.0028708999998343643
40,none,score_only,0.013,,,0.0,13,0.0,0.0,0.002748099999735132
40,none,residual_only,0.007,,,0.0,7,0.0,0.0,0.002748099999735132
40,none,combined,0.009,,,0.0,9,0.0,0.0,0.002748099999735132
40,pc1,score_only,0.008,1.0,0.0,1.0,15,4.121723817969672,4.360205587857241,0.0031853999998929794
40,pc1,residual_only,0.002,0.0,,0.0,7,4.121723817969672,4.360205587857241,0.0031853999998929794
40,pc1,combined,0.002,1.0,1.0,1.0,10,4.121723817969672,4.360205587857241,0.0031853999998929794
40,pc2,score_only,0.008,0.0,,0.0,13,-4.360205587857241,4.121723817969672,0.00290099999983795
40,pc2,residual_only,0.002,1.0,0.0,1.0,501,-4.360205587857241,4.121723817969672,0.00290099999983795
40,pc2,combined,0.002,1.0,0.0,1.0,501,-4.360205587857241,4.121723817969672,0.00290099999983795
40,both,score_only,0.008,0.0,,0.0,13,-0.16863207667686964,5.997629800405793,0.0028318999993643956
40,both,residual_only,0.002,1.0,0.0,1.0,475,-0.16863207667686964,5.997629800405793,0.0028318999993643956
40,both,combined,0.002,1.0,0.0,1.0,467,-0.16863207667686964,5.997629800405793,0.0028318999993643956
41,none,score_only,0.01,,,0.0,10,0.0,0.0,0.0029012999993938138
41,none,residual_only,0.015,,,0.0,15,0.0,0.0,0.0029012999993938138
41,none,combined,0.011,,,0.0,11,0.0,0.0,0.0029012999993938138
41,pc1,score_only,0.008,1.0,0.0,1.0,13,4.2659411201736575,4.219211580285055,0.003051499999855878
41,pc1,residual_only,0.018,0.0,,0.0,15,4.2659411201736575,4.219211580285055,0.003051499999855878
41,pc1,combined,0.014,1.0,0.0,1.0,12,4.2659411201736575,4.219211580285055,0.003051499999855878
41,pc2,score_only,0.008,0.0,,0.0,10,-4.219211580285055,4.2659411201736575,0.002820400000018708
41,pc2,residual_only,0.018,1.0,0.0,1.0,509,-4.219211580285055,4.2659411201736575,0.002820400000018708
41,pc2,combined,0.014,1.0,0.0,1.0,507,-4.219211580285055,4.2659411201736575,0.002820400000018708
41,both,score_only,0.008,1.0,10.0,1.0,11,0.03304277453695825,5.999909013897701,0.0028311000005487585
41,both,residual_only,0.018,1.0,0.0,1.0,480,0.03304277453695825,5.999909013897701,0.0028311000005487585
41,both,combined,0.014,1.0,0.0,1.0,468,0.03304277453695825,5.999909013897701,0.0028311000005487585
42,none,score_only,0.012,,,1.0,12,0.0,0.0,0.003305500000351458
42,none,residual_only,0.013,,,0.0,13,0.0,0.0,0.003305500000351458
42,none,combined,0.011,,,0.0,11,0.0,0.0,0.003305500000351458
42,pc1,score_only,0.014,1.0,3.0,1.0,12,4.633171462579603,3.8123119230118077,0.002858600000763545
42,pc1,residual_only,0.012,0.0,,0.0,13,4.633171462579603,3.8123119230118077,0.002858600000763545
42,pc1,combined,0.01,1.0,3.0,1.0,12,4.633171462579603,3.8123119230118077,0.002858600000763545
42,pc2,score_only,0.014,1.0,9.0,1.0,12,-3.8123119230118077,4.633171462579603,0.0027760000002672314
42,pc2,residual_only,0.012,1.0,0.0,1.0,505,-3.8123119230118077,4.633171462579603,0.0027760000002672314
42,pc2,combined,0.01,1.0,0.0,1.0,503,-3.8123119230118077,4.633171462579603,0.0027760000002672314
42,both,score_only,0.014,0.0,,0.0,11,0.5804353468300554,5.971858572350008,0.002727000000049884
42,both,residual_only,0.012,1.0,0.0,1.0,469,0.5804353468300554,5.971858572350008,0.002727000000049884
42,both,combined,0.01,1.0,0.0,1.0,462,0.5804353468300554,5.971858572350008,0.002727000000049884
43,none,score_only,0.002,,,0.0,2,0.0,0.0,0.003091599999606842
43,none,residual_only,0.012,,,0.0,12,0.0,0.0,0.003091599999606842
43,none,combined,0.009,,,0.0,9,0.0,0.0,0.003091599999606842
43,pc1,score_only,0.004,1.0,0.0,1.0,3,3.8399484812233773,4.610292361830243,0.002857200000107696
43,pc1,residual_only,0.012,0.0,,0.0,12,3.8399484812233773,4.610292361830243,0.002857200000107696
43,pc1,combined,0.01,1.0,0.0,1.0,10,3.8399484812233773,4.610292361830243,0.002857200000107696
43,pc2,score_only,0.004,0.0,,0.0,2,-4.610292361830243,3.8399484812233773,0.0027884000000995
43,pc2,residual_only,0.012,1.0,0.0,1.0,506,-4.610292361830243,3.8399484812233773,0.0027884000000995
43,pc2,combined,0.01,1.0,0.0,1.0,505,-4.610292361830243,3.8399484812233773,0.0027884000000995
43,both,score_only,0.004,1.0,0.0,1.0,3,-0.544715381822675,5.975222602782742,0.00271589999920252
43,both,residual_only,0.012,1.0,0.0,1.0,484,-0.544715381822675,5.975222602782742,0.00271589999920252
43,both,combined,0.01,1.0,0.0,1.0,479,-0.544715381822675,5.975222602782742,0.00271589999920252
44,none,score_only,0.007,,,0.0,7,0.0,0.0,0.0030392999997275183
44,none,residual_only,0.008,,,0.0,8,0.0,0.0,0.0030392999997275183
44,none,combined,0.009,,,0.0,9,0.0,0.0,0.0030392999997275183
44,pc1,score_only,0.01,1.0,1.0,1.0,9,4.097791261281347,4.382705417771793,0.0029581999997390085
44,pc1,residual_only,0.008,0.0,,0.0,8,4.097791261281347,4.382705417771793,0.0029581999997390085
44,pc1,combined,0.012,1.0,1.0,1.0,11,4.097791261281347,4.382705417771793,0.0029581999997390085
44,pc2,score_only,0.01,0.0,,0.0,7,-4.382705417771793,4.097791261281347,0.0027895999992324505
44,pc2,residual_only,0.008,1.0,0.0,1.0,503,-4.382705417771793,4.097791261281347,0.0027895999992324505
44,pc2,combined,0.012,1.0,0.0,1.0,505,-4.382705417771793,4.097791261281347,0.0027895999992324505
44,both,score_only,0.01,1.0,1.0,1.0,9,-0.20146473211043942,5.996616709588471,0.0026726999994934886
44,both,residual_only,0.008,1.0,0.0,1.0,471,-0.20146473211043942,5.996616709588471,0.0026726999994934886
44,both,combined,0.012,1.0,0.0,1.0,460,-0.20146473211043942,5.996616709588471,0.0026726999994934886
45,none,score_only,0.011,,,1.0,11,0.0,0.0,0.0030133999998724903
45,none,residual_only,0.01,,,0.0,10,0.0,0.0,0.0030133999998724903
45,none,combined,0.01,,,0.0,10,0.0,0.0,0.0030133999998724903
45,pc1,score_only,0.01,1.0,0.0,1.0,13,4.209940689340909,4.27509057123142,0.0028244000004633563
45,pc1,residual_only,0.012,0.0,,0.0,10,4.209940689340909,4.27509057123142,0.0028244000004633563
45,pc1,combined,0.008,1.0,0.0,1.0,12,4.209940689340909,4.27509057123142,0.0028244000004633563
45,pc2,score_only,0.01,1.0,17.0,1.0,11,-4.27509057123142,4.209940689340909,0.0026877000000240514
45,pc2,residual_only,0.012,1.0,0.0,1.0,506,-4.27509057123142,4.209940689340909,0.0026877000000240514
45,pc2,combined,0.008,1.0,0.0,1.0,504,-4.27509057123142,4.209940689340909,0.0026877000000240514
45,both,score_only,0.01,1.0,0.0,1.0,13,-0.04606792327828248,5.999823142930532,0.003008800000316114
45,both,residual_only,0.012,1.0,0.0,1.0,474,-0.04606792327828248,5.999823142930532,0.003008800000316114
45,both,combined,0.008,1.0,0.0,1.0,458,-0.04606792327828248,5.999823142930532,0.003008800000316114
46,none,score_only,0.008,,,0.0,8,0.0,0.0,0.0027888000004168134
46,none,residual_only,0.011,,,0.0,11,0.0,0.0,0.0027888000004168134
46,none,combined,0.012,,,0.0,12,0.0,0.0,0.0027888000004168134
46,pc1,score_only,0.006,1.0,1.0,1.0,10,4.365670835212604,4.115934664031256,0.002766699999483535
46,pc1,residual_only,0.01,0.0,,0.0,11,4.365670835212604,4.115934664031256,0.002766699999483535
46,pc1,combined,0.01,1.0,1.0,1.0,14,4.365670835212604,4.115934664031256,0.002766699999483535
46,pc2,score_only,0.006,0.0,,0.0,8,-4.115934664031256,4.365670835212604,0.0029190000004746253
46,pc2,residual_only,0.01,1.0,0.0,1.0,505,-4.115934664031256,4.365670835212604,0.0029190000004746253
46,pc2,combined,0.01,1.0,0.0,1.0,505,-4.115934664031256,4.365670835212604,0.0029190000004746253
46,both,score_only,0.006,1.0,1.0,1.0,9,0.17659014014989555,5.997400763864445,0.002813099999912083
46,both,residual_only,0.01,1.0,0.0,1.0,480,0.17659014014989555,5.997400763864445,0.002813099999912083
46,both,combined,0.01,1.0,0.0,1.0,476,0.17659014014989555,5.997400763864445,0.002813099999912083
47,none,score_only,0.007,,,0.0,7,0.0,0.0,0.0028036000003339723
47,none,residual_only,0.012,,,0.0,12,0.0,0.0,0.0028036000003339723
47,none,combined,0.006,,,0.0,6,0.0,0.0,0.0028036000003339723
47,pc1,score_only,0.004,1.0,0.0,1.0,8,4.2115682151818525,4.2734872374759645,0.0027995000000373693
47,pc1,residual_only,0.008,0.0,,0.0,12,4.2115682151818525,4.2734872374759645,0.0027995000000373693
47,pc1,combined,0.002,0.0,,0.0,6,4.2115682151818525,4.2734872374759645,0.0027995000000373693
47,pc2,score_only,0.004,0.0,,0.0,7,-4.2734872374759645,4.2115682151818525,0.0028202000003147987
47,pc2,residual_only,0.008,1.0,0.0,1.0,504,-4.2734872374759645,4.2115682151818525,0.0028202000003147987
47,pc2,combined,0.002,1.0,0.0,1.0,501,-4.2734872374759645,4.2115682151818525,0.0028202000003147987
47,both,score_only,0.004,0.0,,0.0,7,-0.04378336054860788,5.999840249318233,0.0027796999993370264
47,both,residual_only,0.008,1.0,0.0,1.0,483,-0.04378336054860788,5.999840249318233,0.0027796999993370264
47,both,combined,0.002,1.0,0.0,1.0,467,-0.04378336054860788,5.999840249318233,0.0027796999993370264
48,none,score_only,0.017,,,0.0,17,0.0,0.0,0.00284899999951449
48,none,residual_only,0.007,,,1.0,7,0.0,0.0,0.00284899999951449
48,none,combined,0.009,,,1.0,9,0.0,0.0,0.00284899999951449
48,pc1,score_only,0.012,1.0,2.0,1.0,18,4.470457101001601,4.001876223486225,0.0027866999998877873
48,pc1,residual_only,0.0,1.0,16.0,1.0,7,4.470457101001601,4.001876223486225,0.0027866999998877873
48,pc1,combined,0.004,1.0,2.0,1.0,10,4.470457101001601,4.001876223486225,0.0027866999998877873
48,pc2,score_only,0.012,0.0,,0.0,17,-4.001876223486225,4.470457101001601,0.0027941999996983213
48,pc2,residual_only,0.0,1.0,0.0,1.0,500,-4.001876223486225,4.470457101001601,0.0027941999996983213
48,pc2,combined,0.004,1.0,0.0,1.0,502,-4.001876223486225,4.470457101001601,0.0027941999996983213
48,both,score_only,0.012,1.0,2.0,1.0,18,0.3313367160254653,5.990844346218108,0.0027632000001176493
48,both,residual_only,0.0,1.0,0.0,1.0,463,0.3313367160254653,5.990844346218108,0.0027632000001176493
48,both,combined,0.004,1.0,0.0,1.0,448,0.3313367160254653,5.990844346218108,0.0027632000001176493
49,none,score_only,0.004,,,0.0,4,0.0,0.0,0.0027602999998634914
49,none,residual_only,0.015,,,0.0,15,0.0,0.0,0.0027602999998634914
49,none,combined,0.012,,,0.0,12,0.0,0.0,0.0027602999998634914
49,pc1,score_only,0.0,1.0,0.0,1.0,5,4.141124317096496,4.341784125259117,0.0029235000001790468
49,pc1,residual_only,0.018,0.0,,0.0,15,4.141124317096496,4.341784125259117,0.0029235000001790468
49,pc1,combined,0.012,1.0,0.0,1.0,13,4.141124317096496,4.341784125259117,0.0029235000001790468
49,pc2,score_only,0.0,0.0,,0.0,4,-4.341784125259117,4.141124317096496,0.0028778000005331705
49,pc2,residual_only,0.018,1.0,0.0,1.0,509,-4.341784125259117,4.141124317096496,0.0028778000005331705
49,pc2,combined,0.012,1.0,0.0,1.0,506,-4.341784125259117,4.141124317096496,0.0028778000005331705
49,both,score_only,0.0,1.0,0.0,1.0,5,-0.1418879110633815,5.9983220837742675,0.002845500000148604
49,both,residual_only,0.018,1.0,0.0,1.0,492,-0.1418879110633815,5.9983220837742675,0.002845500000148604
49,both,combined,0.012,1.0,0.0,1.0,482,-0.1418879110633815,5.9983220837742675,0.002845500000148604
50,none,score_only,0.021,,,1.0,21,0.0,0.0,0.0029549999999289867
50,none,residual_only,0.009,,,0.0,9,0.0,0.0,0.0029549999999289867
50,none,combined,0.012,,,1.0,12,0.0,0.0,0.0029549999999289867
50,pc1,score_only,0.012,1.0,0.0,1.0,24,4.429690346162664,4.046954835072081,0.0028458000006139628
50,pc1,residual_only,0.01,0.0,,0.0,9,4.429690346162664,4.046954835072081,0.0028458000006139628
50,pc1,combined,0.01,1.0,5.0,1.0,12,4.429690346162664,4.046954835072081,0.0028458000006139628
50,pc2,score_only,0.012,1.0,5.0,1.0,21,-4.046954835072081,4.429690346162664,0.0028408999996827333
50,pc2,residual_only,0.01,1.0,0.0,1.0,505,-4.046954835072081,4.429690346162664,0.0028408999996827333
50,pc2,combined,0.01,1.0,0.0,1.0,505,-4.046954835072081,4.429690346162664,0.0028408999996827333
50,both,score_only,0.012,1.0,5.0,1.0,21,0.27063487529305047,5.99389328936336,0.0027868000006492366
50,both,residual_only,0.01,1.0,0.0,1.0,485,0.27063487529305047,5.99389328936336,0.0027868000006492366
50,both,combined,0.01,1.0,0.0,1.0,477,0.27063487529305047,5.99389328936336,0.0027868000006492366
51,none,score_only,0.01,,,0.0,10,0.0,0.0,0.0028512999997474253
51,none,residual_only,0.018,,,1.0,18,0.0,0.0,0.0028512999997474253
51,none,combined,0.022,,,1.0,22,0.0,0.0,0.0028512999997474253
51,pc1,score_only,0.012,0.0,,0.0,10,4.235427015462429,4.249842114325074,0.0028074000001652166
51,pc1,residual_only,0.016,1.0,3.0,1.0,18,4.235427015462429,4.249842114325074,0.0028074000001652166
51,pc1,combined,0.02,1.0,3.0,1.0,22,4.235427015462429,4.249842114325074,0.0028074000001652166
51,pc2,score_only,0.012,0.0,,0.0,10,-4.249842114325074,4.235427015462429,0.0028154000001450186
51,pc2,residual_only,0.016,1.0,0.0,1.0,506,-4.249842114325074,4.235427015462429,0.0028154000001450186
51,pc2,combined,0.02,1.0,0.0,1.0,508,-4.249842114325074,4.235427015462429,0.0028154000001450186
51,both,score_only,0.012,0.0,,0.0,10,-0.010193014157250472,5.999991341865618,0.002788600000712904
51,both,residual_only,0.016,1.0,0.0,1.0,488,-0.010193014157250472,5.999991341865618,0.002788600000712904
51,both,combined,0.02,1.0,0.0,1.0,489,-0.010193014157250472,5.999991341865618,0.002788600000712904
52,none,score_only,0.018,,,0.0,18,0.0,0.0,0.0027956999992966303
52,none,residual_only,0.009,,,0.0,9,0.0,0.0,0.0027956999992966303
52,none,combined,0.011,,,0.0,11,0.0,0.0,0.0027956999992966303
52,pc1,score_only,0.024,1.0,2.0,1.0,20,4.159771182528877,4.323922259824096,0.0027708999996320927
52,pc1,residual_only,0.01,0.0,,0.0,9,4.159771182528877,4.323922259824096,0.0027708999996320927
52,pc1,combined,0.012,1.0,2.0,1.0,12,4.159771182528877,4.323922259824096,0.0027708999996320927
52,pc2,score_only,0.024,0.0,,0.0,18,-4.323922259824096,4.159771182528877,0.002783099999760452
52,pc2,residual_only,0.01,1.0,0.0,1.0,505,-4.323922259824096,4.159771182528877,0.002783099999760452
52,pc2,combined,0.012,1.0,0.0,1.0,506,-4.323922259824096,4.159771182528877,0.002783099999760452
52,both,score_only,0.024,1.0,2.0,1.0,19,-0.11607233989452712,5.9988771625956305,0.0028967999996893923
52,both,residual_only,0.01,1.0,0.0,1.0,484,-0.11607233989452712,5.9988771625956305,0.0028967999996893923
52,both,combined,0.012,1.0,0.0,1.0,476,-0.11607233989452712,5.9988771625956305,0.0028967999996893923
53,none,score_only,0.01,,,0.0,10,0.0,0.0,0.0027999000003546826
53,none,residual_only,0.011,,,0.0,11,0.0,0.0,0.0027999000003546826
53,none,combined,0.011,,,0.0,11,0.0,0.0,0.0027999000003546826
53,pc1,score_only,0.008,1.0,1.0,1.0,12,4.346066050498293,4.1366302571907685,0.00277029999961087
53,pc1,residual_only,0.008,0.0,,0.0,11,4.346066050498293,4.1366302571907685,0.00277029999961087
53,pc1,combined,0.008,1.0,1.0,1.0,12,4.346066050498293,4.1366302571907685,0.00277029999961087
53,pc2,score_only,0.008,0.0,,0.0,10,-4.1366302571907685,4.346066050498293,0.002804999999170832
53,pc2,residual_only,0.008,1.0,0.0,1.0,504,-4.1366302571907685,4.346066050498293,0.002804999999170832
53,pc2,combined,0.008,1.0,0.0,1.0,503,-4.1366302571907685,4.346066050498293,0.002804999999170832
53,both,score_only,0.008,1.0,1.0,1.0,11,0.14809346967093445,5.998172081913024,0.0027636000004349626
53,both,residual_only,0.008,1.0,0.0,1.0,474,0.14809346967093445,5.998172081913024,0.0027636000004349626
53,both,combined,0.008,1.0,0.0,1.0,462,0.14809346967093445,5.998172081913024,0.0027636000004349626
54,none,score_only,0.006,,,0.0,6,0.0,0.0,0.0027892999996765866
54,none,residual_only,0.01,,,1.0,10,0.0,0.0,0.0027892999996765866
54,none,combined,0.008,,,1.0,8,0.0,0.0,0.0027892999996765866
54,pc1,score_only,0.006,1.0,6.0,1.0,7,4.1576728497572795,4.325939952702902,0.002829099999871687
54,pc1,residual_only,0.014,1.0,8.0,1.0,10,4.1576728497572795,4.325939952702902,0.002829099999871687
54,pc1,combined,0.01,1.0,8.0,1.0,8,4.1576728497572795,4.325939952702902,0.002829099999871687
54,pc2,score_only,0.006,0.0,,0.0,6,-4.325939952702902,4.1576728497572795,0.0027725999998438056
54,pc2,residual_only,0.014,1.0,0.0,1.0,507,-4.325939952702902,4.1576728497572795,0.0027725999998438056
54,pc2,combined,0.01,1.0,0.0,1.0,505,-4.325939952702902,4.1576728497572795,0.0027725999998438056
54,both,score_only,0.006,0.0,,0.0,6,-0.11898280954346527,5.998820141580604,0.002771999999822583
54,both,residual_only,0.014,1.0,0.0,1.0,481,-0.11898280954346527,5.998820141580604,0.002771999999822583
54,both,combined,0.01,1.0,0.0,1.0,463,-0.11898280954346527,5.998820141580604,0.002771999999822583
55,none,score_only,0.009,,,0.0,9,0.0,0.0,0.002810400000271329
55,none,residual_only,0.003,,,0.0,3,0.0,0.0,0.002810400000271329
55,none,combined,0.003,,,0.0,3,0.0,0.0,0.002810400000271329
55,pc1,score_only,0.008,1.0,3.0,1.0,10,4.2909866289808125,4.193737444083484,0.0027869000005011912
55,pc1,residual_only,0.002,0.0,,0.0,3,4.2909866289808125,4.193737444083484,0.0027869000005011912
55,pc1,combined,0.002,1.0,3.0,1.0,4,4.2909866289808125,4.193737444083484,0.0027869000005011912
55,pc2,score_only,0.008,0.0,,0.0,9,-4.193737444083484,4.2909866289808125,0.002778099999886763
55,pc2,residual_only,0.002,1.0,0.0,1.0,501,-4.193737444083484,4.2909866289808125,0.002778099999886763
55,pc2,combined,0.002,1.0,0.0,1.0,501,-4.193737444083484,4.2909866289808125,0.002778099999886763
55,both,score_only,0.008,0.0,,0.0,9,0.06876555810576518,5.9996059285605075,0.002731399999902351
55,both,residual_only,0.002,1.0,0.0,1.0,477,0.06876555810576518,5.9996059285605075,0.002731399999902351
55,both,combined,0.002,1.0,0.0,1.0,460,0.06876555810576518,5.9996059285605075,0.002731399999902351
56,none,score_only,0.009,,,0.0,9,0.0,0.0,0.0027310999994369922
56,none,residual_only,0.012,,,1.0,12,0.0,0.0,0.0027310999994369922
56,none,combined,0.012,,,1.0,12,0.0,0.0,0.0027310999994369922
56,pc1,score_only,0.008,0.0,,0.0,9,4.212289855181673,4.272775933270262,0.002759999999398133
56,pc1,residual_only,0.014,1.0,13.0,1.0,12,4.212289855181673,4.272775933270262,0.002759999999398133
56,pc1,combined,0.016,1.0,13.0,1.0,12,4.212289855181673,4.272775933270262,0.002759999999398133
56,pc2,score_only,0.008,0.0,,0.0,9,-4.272775933270262,4.212289855181673,0.0027409000003899564
56,pc2,residual_only,0.014,1.0,0.0,1.0,507,-4.272775933270262,4.212289855181673,0.0027409000003899564
56,pc2,combined,0.016,1.0,0.0,1.0,508,-4.272775933270262,4.212289855181673,0.0027409000003899564
56,both,score_only,0.008,0.0,,0.0,9,-0.04277011598381983,5.9998475578283434,0.0027590999998210464
56,both,residual_only,0.014,1.0,0.0,1.0,481,-0.04277011598381983,5.9998475578283434,0.0027590999998210464
56,both,combined,0.016,1.0,0.0,1.0,474,-0.04277011598381983,5.9998475578283434,0.0027590999998210464
57,none,score_only,0.013,,,0.0,13,0.0,0.0,0.002819700000145531
57,none,residual_only,0.012,,,0.0,12,0.0,0.0,0.002819700000145531
57,none,combined,0.017,,,0.0,17,0.0,0.0,0.002819700000145531
57,pc1,score_only,0.018,1.0,0.0,1.0,16,4.407195632363319,4.071440366513757,0.0027491999999256223
57,pc1,residual_only,0.01,0.0,,0.0,12,4.407195632363319,4.071440366513757,0.0027491999999256223
57,pc1,combined,0.02,1.0,0.0,1.0,19,4.407195632363319,4.071440366513757,0.0027491999999256223
57,pc2,score_only,0.018,0.0,,0.0,13,-4.071440366513757,4.407195632363319,0.0027334999995218823
57,pc2,residual_only,0.01,1.0,0.0,1.0,505,-4.071440366513757,4.407195632363319,0.0027334999995218823
57,pc2,combined,0.02,1.0,0.0,1.0,510,-4.071440366513757,4.407195632363319,0.0027334999995218823
57,both,score_only,0.018,0.0,,0.0,13,0.23741482530131713,5.995301010018357,0.0026661000001695356
57,both,residual_only,0.01,1.0,0.0,1.0,475,0.23741482530131713,5.995301010018357,0.0026661000001695356
57,both,combined,0.02,1.0,0.0,1.0,471,0.23741482530131713,5.995301010018357,0.0026661000001695356
58,none,score_only,0.007,,,0.0,7,0.0,0.0,0.0028420999997251783
58,none,residual_only,0.011,,,1.0,11,0.0,0.0,0.0028420999997251783
58,none,combined,0.01,,,1.0,10,0.0,0.0,0.0028420999997251783
58,pc1,score_only,0.002,1.0,3.0,1.0,8,4.3319979358111205,4.1513604859284605,0.002788199999486096
58,pc1,residual_only,0.008,1.0,12.0,1.0,11,4.3319979358111205,4.1513604859284605,0.002788199999486096
58,pc1,combined,0.006,1.0,3.0,1.0,11,4.3319979358111205,4.1513604859284605,0.002788199999486096
58,pc2,score_only,0.002,0.0,,0.0,7,-4.1513604859284605,4.3319979358111205,0.002704700000322191
58,pc2,residual_only,0.008,1.0,0.0,1.0,504,-4.1513604859284605,4.3319979358111205,0.002704700000322191
58,pc2,combined,0.006,1.0,0.0,1.0,503,-4.1513604859284605,4.3319979358111205,0.002704700000322191
58,both,score_only,0.002,1.0,3.0,1.0,8,0.12772996574827333,5.9986402672480645,0.0027808000004370115
58,both,residual_only,0.008,1.0,1.0,1.0,483,0.12772996574827333,5.9986402672480645,0.0027808000004370115
58,both,combined,0.006,1.0,1.0,1.0,477,0.12772996574827333,5.9986402672480645,0.0027808000004370115
59,none,score_only,0.008,,,0.0,8,0.0,0.0,0.002795200000036857
59,none,residual_only,0.011,,,0.0,11,0.0,0.0,0.002795200000036857
59,none,combined,0.011,,,0.0,11,0.0,0.0,0.002795200000036857
59,pc1,score_only,0.008,1.0,1.0,1.0,11,4.264861037921734,4.220303345402691,0.0027387000000089756
59,pc1,residual_only,0.018,0.0,,0.0,11,4.264861037921734,4.220303345402691,0.0027387000000089756
59,pc1,combined,0.018,1.0,1.0,1.0,12,4.264861037921734,4.220303345402691,0.0027387000000089756
59,pc2,score_only,0.008,0.0,,0.0,8,-4.220303345402691,4.264861037921734,0.002704700000322191
59,pc2,residual_only,0.018,1.0,0.0,1.0,509,-4.220303345402691,4.264861037921734,0.002704700000322191
59,pc2,combined,0.018,1.0,0.0,1.0,509,-4.220303345402691,4.264861037921734,0.002704700000322191
59,both,score_only,0.008,1.0,1.0,1.0,9,0.03150704653424053,5.999917274931271,0.0027772000003096764
59,both,residual_only,0.018,1.0,0.0,1.0,481,0.03150704653424053,5.999917274931271,0.0027772000003096764
59,both,combined,0.018,1.0,0.0,1.0,478,0.03150704653424053,5.999917274931271,0.0027772000003096764
60,none,score_only,0.013,,,1.0,13,0.0,0.0,0.0027491000000736676
60,none,residual_only,0.01,,,0.0,10,0.0,0.0,0.0027491000000736676
60,none,combined,0.014,,,0.0,14,0.0,0.0,0.0027491000000736676
60,pc1,score_only,0.014,1.0,1.0,1.0,14,4.229103368720655,4.256134948127891,0.002745599999798287
60,pc1,residual_only,0.008,0.0,,0.0,10,4.229103368720655,4.256134948127891,0.002745599999798287
60,pc1,combined,0.014,1.0,1.0,1.0,16,4.229103368720655,4.256134948127891,0.002745599999798287
60,pc2,score_only,0.014,1.0,4.0,1.0,13,-4.256134948127891,4.229103368720655,0.002748799999608309
60,pc2,residual_only,0.008,1.0,0.0,1.0,503,-4.256134948127891,4.229103368720655,0.002748799999608309
60,pc2,combined,0.014,1.0,0.0,1.0,506,-4.256134948127891,4.229103368720655,0.002748799999608309
60,both,score_only,0.014,0.0,,0.0,12,-0.01911421310503936,5.999969553827533,0.002751499999249063
60,both,residual_only,0.008,1.0,0.0,1.0,482,-0.01911421310503936,5.999969553827533,0.002751499999249063
60,both,combined,0.014,1.0,0.0,1.0,475,-0.01911421310503936,5.999969553827533,0.002751499999249063
61,none,score_only,0.004,,,0.0,4,0.0,0.0,0.002748299999439041
61,none,residual_only,0.008,,,0.0,8,0.0,0.0,0.002748299999439041
61,none,combined,0.008,,,0.0,8,0.0,0.0,0.002748299999439041
61,pc1,score_only,0.002,1.0,1.0,1.0,5,4.091179900852751,4.388877649110133,0.002832500000295113
61,pc1,residual_only,0.012,0.0,,0.0,8,4.091179900852751,4.388877649110133,0.002832500000295113
61,pc1,combined,0.012,1.0,1.0,1.0,9,4.091179900852751,4.388877649110133,0.002832500000295113
61,pc2,score_only,0.002,0.0,,0.0,4,-4.388877649110133,4.091179900852751,0.0027270999999018386
61,pc2,residual_only,0.012,1.0,0.0,1.0,506,-4.388877649110133,4.091179900852751,0.0027270999999018386
61,pc2,combined,0.012,1.0,0.0,1.0,506,-4.388877649110133,4.091179900852751,0.0027270999999018386
61,both,score_only,0.002,0.0,,0.0,4,-0.2105040965367606,5.9963061984309345,0.002728899999965506
61,both,residual_only,0.012,1.0,0.0,1.0,481,-0.2105040965367606,5.9963061984309345,0.002728899999965506
61,both,combined,0.012,1.0,0.0,1.0,478,-0.2105040965367606,5.9963061984309345,0.002728899999965506
62,none,score_only,0.009,,,1.0,9,0.0,0.0,0.002896099999816215
62,none,residual_only,0.009,,,0.0,9,0.0,0.0,0.002896099999816215
62,none,combined,0.016,,,1.0,16,0.0,0.0,0.002896099999816215
62,pc1,score_only,0.004,1.0,0.0,1.0,10,4.371455203990926,4.109790675873974,0.0028217999997650622
62,pc1,residual_only,0.008,0.0,,0.0,9,4.371455203990926,4.109790675873974,0.0028217999997650622
62,pc1,combined,0.01,1.0,0.0,1.0,18,4.371455203990926,4.109790675873974,0.0028217999997650622
62,pc2,score_only,0.004,1.0,16.0,1.0,9,-4.109790675873974,4.371455203990926,0.0027202999999644817
62,pc2,residual_only,0.008,1.0,0.0,1.0,503,-4.109790675873974,4.371455203990926,0.0027202999999644817
62,pc2,combined,0.01,1.0,0.0,1.0,503,-4.109790675873974,4.371455203990926,0.0027202999999644817
62,both,score_only,0.004,1.0,2.0,1.0,10,0.18502476222747452,5.997146474562936,0.002691200000299432
62,both,residual_only,0.008,1.0,0.0,1.0,468,0.18502476222747452,5.997146474562936,0.002691200000299432
62,both,combined,0.01,1.0,0.0,1.0,462,0.18502476222747452,5.997146474562936,0.002691200000299432
63,none,score_only,0.014,,,0.0,14,0.0,0.0,0.0029448999994201586
63,none,residual_only,0.008,,,0.0,8,0.0,0.0,0.0029448999994201586
63,none,combined,0.005,,,0.0,5,0.0,0.0,0.0029448999994201586
63,pc1,score_only,0.016,1.0,0.0,1.0,17,4.421460155117284,4.055945031273259,0.002735699999902863
63,pc1,residual_only,0.01,0.0,,0.0,8,4.421460155117284,4.055945031273259,0.002735699999902863
63,pc1,combined,0.006,1.0,1.0,1.0,6,4.421460155117284,4.055945031273259,0.002735699999902863
63,pc2,score_only,0.016,0.0,,0.0,14,-4.055945031273259,4.421460155117284,0.002699399999983143
63,pc2,residual_only,0.01,1.0,0.0,1.0,505,-4.055945031273259,4.421460155117284,0.002699399999983143
63,pc2,combined,0.006,1.0,0.0,1.0,503,-4.055945031273259,4.421460155117284,0.002699399999983143
63,both,score_only,0.016,1.0,1.0,1.0,15,0.25845822269635066,5.994430694162761,0.0026518999993641046
63,both,residual_only,0.01,1.0,0.0,1.0,482,0.25845822269635066,5.994430694162761,0.0026518999993641046
63,both,combined,0.006,1.0,0.0,1.0,467,0.25845822269635066,5.994430694162761,0.0026518999993641046
64,none,score_only,0.01,,,1.0,10,0.0,0.0,0.0030131000003166264
64,none,residual_only,0.009,,,0.0,9,0.0,0.0,0.0030131000003166264
64,none,combined,0.012,,,0.0,12,0.0,0.0,0.0030131000003166264
64,pc1,score_only,0.004,1.0,0.0,1.0,11,4.304193287777185,4.18018183114728,0.0028299999994487735
64,pc1,residual_only,0.006,0.0,,0.0,9,4.304193287777185,4.18018183114728,0.0028299999994487735
64,pc1,combined,0.006,1.0,0.0,1.0,13,4.304193287777185,4.18018183114728,0.0028299999994487735
64,pc2,score_only,0.004,1.0,18.0,1.0,10,-4.18018183114728,4.304193287777185,0.0027992999994239653
64,pc2,residual_only,0.006,1.0,0.0,1.0,503,-4.18018183114728,4.304193287777185,0.0027992999994239653
64,pc2,combined,0.006,1.0,0.0,1.0,503,-4.18018183114728,4.304193287777185,0.0027992999994239653
64,both,score_only,0.004,1.0,0.0,1.0,11,0.08768934192782685,5.999359180721909,0.002824500000315311
64,both,residual_only,0.006,1.0,0.0,1.0,474,0.08768934192782685,5.999359180721909,0.002824500000315311
64,both,combined,0.006,1.0,0.0,1.0,466,0.08768934192782685,5.999359180721909,0.002824500000315311
65,none,score_only,0.003,,,0.0,3,0.0,0.0,0.0030540000007022172
65,none,residual_only,0.017,,,0.0,17,0.0,0.0,0.0030540000007022172
65,none,combined,0.011,,,0.0,11,0.0,0.0,0.0030540000007022172
65,pc1,score_only,0.002,0.0,,0.0,3,4.215536943886348,4.269572376096857,0.0028251000003365334
65,pc1,residual_only,0.014,0.0,,0.0,17,4.215536943886348,4.269572376096857,0.0028251000003365334
65,pc1,combined,0.006,0.0,,0.0,11,4.215536943886348,4.269572376096857,0.0028251000003365334
65,pc2,score_only,0.002,0.0,,0.0,3,-4.269572376096857,4.215536943886348,0.0027426999995441292
65,pc2,residual_only,0.014,1.0,0.0,1.0,507,-4.269572376096857,4.215536943886348,0.0027426999995441292
65,pc2,combined,0.006,1.0,0.0,1.0,503,-4.269572376096857,4.215536943886348,0.0027426999995441292
65,both,score_only,0.002,0.0,,0.0,3,-0.03820882054039643,5.999878339269298,0.002840000000105647
65,both,residual_only,0.014,1.0,0.0,1.0,476,-0.03820882054039643,5.999878339269298,0.002840000000105647
65,both,combined,0.006,1.0,0.0,1.0,464,-0.03820882054039643,5.999878339269298,0.002840000000105647
66,none,score_only,0.007,,,1.0,7,0.0,0.0,0.002793599999677099
66,none,residual_only,0.008,,,0.0,8,0.0,0.0,0.002793599999677099
66,none,combined,0.009,,,1.0,9,0.0,0.0,0.002793599999677099
66,pc1,score_only,0.01,1.0,0.0,1.0,10,4.273833298258592,4.211217037709655,0.002725800000007439
66,pc1,residual_only,0.01,0.0,,0.0,8,4.273833298258592,4.211217037709655,0.002725800000007439
66,pc1,combined,0.012,1.0,0.0,1.0,10,4.273833298258592,4.211217037709655,0.002725800000007439
66,pc2,score_only,0.01,1.0,17.0,1.0,7,-4.211217037709655,4.273833298258592,0.002704999999878055
66,pc2,residual_only,0.01,1.0,0.0,1.0,505,-4.211217037709655,4.273833298258592,0.002704999999878055
66,pc2,combined,0.012,1.0,0.0,1.0,506,-4.211217037709655,4.273833298258592,0.002704999999878055
66,both,score_only,0.01,1.0,0.0,1.0,8,0.044276382446697106,5.99983663127234,0.002698700000109966
66,both,residual_only,0.01,1.0,0.0,1.0,486,0.044276382446697106,5.99983663127234,0.002698700000109966
66,both,combined,0.012,1.0,0.0,1.0,482,0.044276382446697106,5.99983663127234,0.002698700000109966
67,none,score_only,0.016,,,1.0,16,0.0,0.0,0.0027577999999266467
67,none,residual_only,0.01,,,0.0,10,0.0,0.0,0.0027577999999266467
67,none,combined,0.008,,,0.0,8,0.0,0.0,0.0027577999999266467
67,pc1,score_only,0.018,1.0,0.0,1.0,17,4.4413993715783615,4.034101092206705,0.002681500000107917
67,pc1,residual_only,0.012,0.0,,0.0,10,4.4413993715783615,4.034101092206705,0.002681500000107917
67,pc1,combined,0.012,1.0,0.0,1.0,10,4.4413993715783615,4.034101092206705,0.002681500000107917
67,pc2,score_only,0.018,1.0,5.0,1.0,16,-4.034101092206705,4.4413993715783615,0.0026944000001094537
67,pc2,residual_only,0.012,1.0,0.0,1.0,506,-4.034101092206705,4.4413993715783615,0.0026944000001094537
67,pc2,combined,0.012,1.0,0.0,1.0,506,-4.034101092206705,4.4413993715783615,0.0026944000001094537
67,both,score_only,0.018,1.0,0.0,1.0,17,0.2880033753093113,5.993083851892149,0.0026850000003832974
67,both,residual_only,0.012,1.0,0.0,1.0,478,0.2880033753093113,5.993083851892149,0.0026850000003832974
67,both,combined,0.012,1.0,0.0,1.0,466,0.2880033753093113,5.993083851892149,0.0026850000003832974
68,none,score_only,0.016,,,1.0,16,0.0,0.0,0.0027030999999624328
68,none,residual_only,0.012,,,1.0,12,0.0,0.0,0.0027030999999624328
68,none,combined,0.019,,,1.0,19,0.0,0.0,0.0027030999999624328
68,pc1,score_only,0.018,1.0,0.0,1.0,17,4.179873231813142,4.304492974320199,0.0026930000003630994
68,pc1,residual_only,0.016,1.0,1.0,1.0,12,4.179873231813142,4.304492974320199,0.0026930000003630994
68,pc1,combined,0.022,1.0,0.0,1.0,19,4.179873231813142,4.304492974320199,0.0026930000003630994
68,pc2,score_only,0.018,1.0,3.0,1.0,16,-4.304492974320199,4.179873231813142,0.0027102000003651483
68,pc2,residual_only,0.016,1.0,0.0,1.0,508,-4.304492974320199,4.179873231813142,0.0027102000003651483
68,pc2,combined,0.022,1.0,0.0,1.0,511,-4.304492974320199,4.179873231813142,0.0027102000003651483
68,both,score_only,0.018,1.0,0.0,1.0,17,-0.08811946499646223,5.999352878426866,0.002816799999891373
68,both,residual_only,0.016,1.0,0.0,1.0,476,-0.08811946499646223,5.999352878426866,0.002816799999891373
68,both,combined,0.022,1.0,0.0,1.0,470,-0.08811946499646223,5.999352878426866,0.002816799999891373
69,none,score_only,0.012,,,0.0,12,0.0,0.0,0.0027053000003434136
69,none,residual_only,0.014,,,1.0,14,0.0,0.0,0.0027053000003434136
69,none,combined,0.012,,,0.0,12,0.0,0.0,0.0027053000003434136
69,pc1,score_only,0.01,1.0,4.0,1.0,14,4.125642778274545,4.356497637560601,0.0027203999998164363
69,pc1,residual_only,0.01,1.0,14.0,1.0,14,4.125642778274545,4.356497637560601,0.0027203999998164363
69,pc1,combined,0.008,1.0,4.0,1.0,13,4.125642778274545,4.356497637560601,0.0027203999998164363
69,pc2,score_only,0.01,0.0,,0.0,12,-4.356497637560601,4.125642778274545,0.0028345000000626897
69,pc2,residual_only,0.01,1.0,0.0,1.0,505,-4.356497637560601,4.125642778274545,0.0028345000000626897
69,pc2,combined,0.008,1.0,0.0,1.0,504,-4.356497637560601,4.125642778274545,0.0028345000000626897
69,both,score_only,0.01,1.0,4.0,1.0,13,-0.16323903647103577,5.997779007013513,0.0028395999997883337
69,both,residual_only,0.01,1.0,0.0,1.0,484,-0.16323903647103577,5.997779007013513,0.0028395999997883337
69,both,combined,0.008,1.0,0.0,1.0,474,-0.16323903647103577,5.997779007013513,0.0028395999997883337
70,none,score_only,0.007,,,0.0,7,0.0,0.0,0.002866599999833852
70,none,residual_only,0.01,,,0.0,10,0.0,0.0,0.002866599999833852
70,none,combined,0.01,,,0.0,10,0.0,0.0,0.002866599999833852
70,pc1,score_only,0.004,1.0,0.0,1.0,8,4.128450734708746,4.353836759811145,0.0028150000007372
70,pc1,residual_only,0.008,0.0,,0.0,10,4.128450734708746,4.353836759811145,0.0028150000007372
70,pc1,combined,0.004,1.0,0.0,1.0,11,4.128450734708746,4.353836759811145,0.0028150000007372
70,pc2,score_only,0.004,0.0,,0.0,7,-4.353836759811145,4.128450734708746,0.00281749999976455
70,pc2,residual_only,0.008,1.0,0.0,1.0,504,-4.353836759811145,4.128450734708746,0.00281749999976455
70,pc2,combined,0.004,1.0,0.0,1.0,501,-4.353836759811145,4.128450734708746,0.00281749999976455
70,both,score_only,0.004,1.0,0.0,1.0,8,-0.159371986734588,5.9978830073488645,0.002882300000237592
70,both,residual_only,0.008,1.0,0.0,1.0,475,-0.159371986734588,5.9978830073488645,0.002882300000237592
70,both,combined,0.004,1.0,0.0,1.0,458,-0.159371986734588,5.9978830073488645,0.002882300000237592
71,none,score_only,0.007,,,0.0,7,0.0,0.0,0.002842100000634673
71,none,residual_only,0.015,,,1.0,15,0.0,0.0,0.002842100000634673
71,none,combined,0.01,,,0.0,10,0.0,0.0,0.002842100000634673
71,pc1,score_only,0.008,1.0,0.0,1.0,9,3.9959393324571586,4.4757646108035924,0.0027657999999064486
71,pc1,residual_only,0.01,1.0,5.0,1.0,15,3.9959393324571586,4.4757646108035924,0.0027657999999064486
71,pc1,combined,0.01,1.0,0.0,1.0,11,3.9959393324571586,4.4757646108035924,0.0027657999999064486
71,pc2,score_only,0.008,0.0,,0.0,7,-4.4757646108035924,3.9959393324571586,0.002721200000451063
71,pc2,residual_only,0.01,1.0,0.0,1.0,505,-4.4757646108035924,3.9959393324571586,0.002721200000451063
71,pc2,combined,0.01,1.0,0.0,1.0,505,-4.4757646108035924,3.9959393324571586,0.002721200000451063
71,both,score_only,0.008,0.0,,0.0,7,-0.3392877081034855,5.990399306484491,0.002774399999907473
71,both,residual_only,0.01,1.0,0.0,1.0,495,-0.3392877081034855,5.990399306484491,0.002774399999907473
71,both,combined,0.01,1.0,0.0,1.0,490,-0.3392877081034855,5.990399306484491,0.002774399999907473
72,none,score_only,0.01,,,0.0,10,0.0,0.0,0.0027816000001621433
72,none,residual_only,0.007,,,1.0,7,0.0,0.0,0.0027816000001621433
72,none,combined,0.005,,,1.0,5,0.0,0.0,0.0027816000001621433
72,pc1,score_only,0.008,1.0,1.0,1.0,11,4.566391392451112,3.8920521130823005,0.00275340000007418
72,pc1,residual_only,0.006,1.0,9.0,1.0,7,4.566391392451112,3.8920521130823005,0.00275340000007418
72,pc1,combined,0.004,1.0,9.0,1.0,5,4.566391392451112,3.8920521130823005,0.00275340000007418
72,pc2,score_only,0.008,0.0,,0.0,10,-3.8920521130823005,4.566391392451112,0.002748200000496581
72,pc2,residual_only,0.006,1.0,0.0,1.0,503,-3.8920521130823005,4.566391392451112,0.002748200000496581
72,pc2,combined,0.004,1.0,0.0,1.0,502,-3.8920521130823005,4.566391392451112,0.002748200000496581
72,both,score_only,0.008,0.0,,0.0,10,0.4768298772621361,5.981022761045987,0.00274970000009489
72,both,residual_only,0.006,1.0,0.0,1.0,485,0.4768298772621361,5.981022761045987,0.00274970000009489
72,both,combined,0.004,1.0,0.0,1.0,472,0.4768298772621361,5.981022761045987,0.00274970000009489
73,none,score_only,0.005,,,0.0,5,0.0,0.0,0.0027520999992702855
73,none,residual_only,0.013,,,0.0,13,0.0,0.0,0.0027520999992702855
73,none,combined,0.009,,,0.0,9,0.0,0.0,0.0027520999992702855
73,pc1,score_only,0.002,1.0,2.0,1.0,6,4.2525243873835965,4.2327339078552715,0.0027325000000928412
73,pc1,residual_only,0.018,0.0,,0.0,13,4.2525243873835965,4.2327339078552715,0.0027325000000928412
73,pc1,combined,0.012,0.0,,0.0,9,4.2525243873835965,4.2327339078552715,0.0027325000000928412
73,pc2,score_only,0.002,0.0,,0.0,5,-4.2327339078552715,4.2525243873835965,0.00273639999977604
73,pc2,residual_only,0.018,1.0,0.0,1.0,509,-4.2327339078552715,4.2525243873835965,0.00273639999977604
73,pc2,combined,0.012,1.0,0.0,1.0,506,-4.2327339078552715,4.2525243873835965,0.00273639999977604
73,both,score_only,0.002,0.0,,0.0,5,0.013993982277412012,5.999983680682808,0.0027271999997537932
73,both,residual_only,0.018,1.0,1.0,1.0,477,0.013993982277412012,5.999983680682808,0.0027271999997537932
73,both,combined,0.012,1.0,1.0,1.0,467,0.013993982277412012,5.999983680682808,0.0027271999997537932
74,none,score_only,0.005,,,0.0,5,0.0,0.0,0.0026879999995799153
74,none,residual_only,0.012,,,0.0,12,0.0,0.0,0.0026879999995799153
74,none,combined,0.008,,,0.0,8,0.0,0.0,0.0026879999995799153
74,pc1,score_only,0.008,1.0,0.0,1.0,7,3.992250254029676,4.479055470654499,0.002723800000239862
74,pc1,residual_only,0.012,0.0,,0.0,12,3.992250254029676,4.479055470654499,0.002723800000239862
74,pc1,combined,0.008,1.0,0.0,1.0,9,3.992250254029676,4.479055470654499,0.002723800000239862
74,pc2,score_only,0.008,0.0,,0.0,5,-4.479055470654499,3.992250254029676,0.00272430000040913
74,pc2,residual_only,0.012,1.0,0.0,1.0,506,-4.479055470654499,3.992250254029676,0.00272430000040913
74,pc2,combined,0.008,1.0,0.0,1.0,504,-4.479055470654499,3.992250254029676,0.00272430000040913
74,both,score_only,0.008,1.0,10.0,1.0,6,-0.34422326979239914,5.9901177234286,0.002673300000424206
74,both,residual_only,0.012,1.0,0.0,1.0,482,-0.34422326979239914,5.9901177234286,0.002673300000424206
74,both,combined,0.008,1.0,0.0,1.0,470,-0.34422326979239914,5.9901177234286,0.002673300000424206
75,none,score_only,0.009,,,0.0,9,0.0,0.0,0.0026855999994950253
75,none,residual_only,0.01,,,0.0,10,0.0,0.0,0.0026855999994950253
75,none,combined,0.011,,,0.0,11,0.0,0.0,0.0026855999994950253
75,pc1,score_only,0.012,1.0,2.0,1.0,11,4.062083026070784,4.415821722998747,0.002700899999581452
75,pc1,residual_only,0.012,0.0,,0.0,10,4.062083026070784,4.415821722998747,0.002700899999581452
75,pc1,combined,0.016,1.0,2.0,1.0,12,4.062083026070784,4.415821722998747,0.002700899999581452
75,pc2,score_only,0.012,0.0,,0.0,9,-4.415821722998747,4.062083026070784,0.0027426999995441292
75,pc2,residual_only,0.012,1.0,0.0,1.0,506,-4.415821722998747,4.062083026070784,0.0027426999995441292
75,pc2,combined,0.016,1.0,0.0,1.0,508,-4.415821722998747,4.062083026070784,0.0027426999995441292
75,both,score_only,0.012,1.0,2.0,1.0,10,-0.25013103136585557,5.9947839383207,0.0027230000005147303
75,both,residual_only,0.012,1.0,0.0,1.0,483,-0.25013103136585557,5.9947839383207,0.0027230000005147303
75,both,combined,0.016,1.0,0.0,1.0,478,-0.25013103136585557,5.9947839383207,0.0027230000005147303
76,none,score_only,0.014,,,1.0,14,0.0,0.0,0.002942300000540854
76,none,residual_only,0.013,,,0.0,13,0.0,0.0,0.002942300000540854
76,none,combined,0.018,,,0.0,18,0.0,0.0,0.002942300000540854
76,pc1,score_only,0.018,1.0,1.0,1.0,15,4.125727921060438,4.356417004991868,0.0028303999997660867
76,pc1,residual_only,0.004,0.0,,0.0,13,4.125727921060438,4.356417004991868,0.0028303999997660867
76,pc1,combined,0.014,1.0,1.0,1.0,20,4.125727921060438,4.356417004991868,0.0028303999997660867
76,pc2,score_only,0.018,1.0,2.0,1.0,14,-4.356417004991868,4.125727921060438,0.002757700000074692
76,pc2,residual_only,0.004,1.0,0.0,1.0,502,-4.356417004991868,4.125727921060438,0.002757700000074692
76,pc2,combined,0.014,1.0,0.0,1.0,507,-4.356417004991868,4.125727921060438,0.002757700000074692
76,both,score_only,0.018,1.0,2.0,1.0,14,-0.1631218155936264,5.997782196218653,0.002774200000203564
76,both,residual_only,0.004,1.0,0.0,1.0,480,-0.1631218155936264,5.997782196218653,0.002774200000203564
76,both,combined,0.014,1.0,0.0,1.0,479,-0.1631218155936264,5.997782196218653,0.002774200000203564
77,none,score_only,0.01,,,1.0,10,0.0,0.0,0.0027791000002252986
77,none,residual_only,0.006,,,1.0,6,0.0,0.0,0.0027791000002252986
77,none,combined,0.011,,,1.0,11,0.0,0.0,0.0027791000002252986
77,pc1,score_only,0.01,1.0,0.0,1.0,11,4.153353423673282,4.330087220606696,0.0027670999998008483
77,pc1,residual_only,0.008,1.0,10.0,1.0,6,4.153353423673282,4.330087220606696,0.0027670999998008483
77,pc1,combined,0.014,1.0,0.0,1.0,12,4.153353423673282,4.330087220606696,0.0027670999998008483
77,pc2,score_only,0.01,1.0,10.0,1.0,10,-4.330087220606696,4.153353423673282,0.0026981000000887434
77,pc2,residual_only,0.008,1.0,0.0,1.0,504,-4.330087220606696,4.153353423673282,0.0026981000000887434
77,pc2,combined,0.014,1.0,0.0,1.0,507,-4.330087220606696,4.153353423673282,0.0026981000000887434
77,both,score_only,0.01,1.0,0.0,1.0,11,-0.1249696662764631,5.998698407363946,0.0027298000004520873
77,both,residual_only,0.008,1.0,0.0,1.0,467,-0.1249696662764631,5.998698407363946,0.0027298000004520873
77,both,combined,0.014,1.0,0.0,1.0,463,-0.1249696662764631,5.998698407363946,0.0027298000004520873
78,none,score_only,0.011,,,0.0,11,0.0,0.0,0.0028929000000061933
78,none,residual_only,0.013,,,0.0,13,0.0,0.0,0.0028929000000061933
78,none,combined,0.012,,,0.0,12,0.0,0.0,0.0028929000000061933
78,pc1,score_only,0.004,0.0,,0.0,11,4.297983804635144,4.186566040933071,0.002736600000389444
78,pc1,residual_only,0.016,0.0,,0.0,13,4.297983804635144,4.186566040933071,0.002736600000389444
78,pc1,combined,0.01,0.0,,0.0,12,4.297983804635144,4.186566040933071,0.002736600000389444
78,pc2,score_only,0.004,0.0,,0.0,11,-4.186566040933071,4.297983804635144,0.002770799999780138
78,pc2,residual_only,0.016,1.0,0.0,1.0,508,-4.186566040933071,4.297983804635144,0.002770799999780138
78,pc2,combined,0.01,1.0,0.0,1.0,505,-4.186566040933071,4.297983804635144,0.002770799999780138
78,both,score_only,0.004,0.0,,0.0,11,0.07878425625837572,5.99948273111656,0.002789899999697809
78,both,residual_only,0.016,1.0,0.0,1.0,481,0.07878425625837572,5.99948273111656,0.002789899999697809
78,both,combined,0.01,1.0,0.0,1.0,472,0.07878425625837572,5.99948273111656,0.002789899999697809
79,none,score_only,0.004,,,0.0,4,0.0,0.0,0.0029276000004756497
79,none,residual_only,0.011,,,0.0,11,0.0,0.0,0.0029276000004756497
79,none,combined,0.008,,,0.0,8,0.0,0.0,0.0029276000004756497
79,pc1,score_only,0.004,1.0,1.0,1.0,5,3.9820602610831592,4.488117208485349,0.0027513000004546484
79,pc1,residual_only,0.01,0.0,,0.0,11,3.9820602610831592,4.488117208485349,0.0027513000004546484
79,pc1,combined,0.006,0.0,,0.0,8,3.9820602610831592,4.488117208485349,0.0027513000004546484
79,pc2,score_only,0.004,0.0,,0.0,4,-4.488117208485349,3.9820602610831592,0.0028089000006730203
79,pc2,residual_only,0.01,1.0,0.0,1.0,504,-4.488117208485349,3.9820602610831592,0.0028089000006730203
79,pc2,combined,0.006,1.0,0.0,1.0,502,-4.488117208485349,3.9820602610831592,0.0028089000006730203
79,both,score_only,0.004,0.0,,0.0,4,-0.3578362991746521,5.989319926585403,0.0028057999998054584
79,both,residual_only,0.01,1.0,0.0,1.0,474,-0.3578362991746521,5.989319926585403,0.0028057999998054584
79,both,combined,0.006,1.0,0.0,1.0,463,-0.3578362991746521,5.989319926585403,0.0028057999998054584
80,none,score_only,0.006,,,0.0,6,0.0,0.0,0.0027489000003697583
80,none,residual_only,0.008,,,0.0,8,0.0,0.0,0.0027489000003697583
80,none,combined,0.009,,,0.0,9,0.0,0.0,0.0027489000003697583
80,pc1,score_only,0.006,1.0,0.0,1.0,9,4.273589427988995,4.211464519734282,0.002763700000286917
80,pc1,residual_only,0.004,0.0,,0.0,8,4.273589427988995,4.211464519734282,0.002763700000286917
80,pc1,combined,0.002,1.0,0.0,1.0,12,4.273589427988995,4.211464519734282,0.002763700000286917
80,pc2,score_only,0.006,0.0,,0.0,6,-4.211464519734282,4.273589427988995,0.0027595000001383596
80,pc2,residual_only,0.004,1.0,0.0,1.0,502,-4.211464519734282,4.273589427988995,0.0027595000001383596
80,pc2,combined,0.002,1.0,0.0,1.0,501,-4.211464519734282,4.273589427988995,0.0027595000001383596
80,both,score_only,0.006,1.0,4.0,1.0,7,0.043928943907499414,5.999839185168813,0.0028384999995978433
80,both,residual_only,0.004,1.0,0.0,1.0,477,0.043928943907499414,5.999839185168813,0.0028384999995978433
80,both,combined,0.002,1.0,0.0,1.0,474,0.043928943907499414,5.999839185168813,0.0028384999995978433
81,none,score_only,0.01,,,1.0,10,0.0,0.0,0.002768600000308652
81,none,residual_only,0.015,,,0.0,15,0.0,0.0,0.002768600000308652
81,none,combined,0.013,,,1.0,13,0.0,0.0,0.002768600000308652
81,pc1,score_only,0.008,1.0,0.0,1.0,12,4.492116269595314,3.9775484183648953,0.002696999999898253
81,pc1,residual_only,0.02,0.0,,0.0,15,4.492116269595314,3.9775484183648953,0.002696999999898253
81,pc1,combined,0.02,1.0,3.0,1.0,14,4.492116269595314,3.9775484183648953,0.002696999999898253
81,pc2,score_only,0.008,1.0,18.0,1.0,10,-3.9775484183648953,4.492116269595314,0.0027848999998241197
81,pc2,residual_only,0.02,1.0,0.0,1.0,510,-3.9775484183648953,4.492116269595314,0.0027848999998241197
81,pc2,combined,0.02,1.0,0.0,1.0,510,-3.9775484183648953,4.492116269595314,0.0027848999998241197
81,both,score_only,0.008,1.0,3.0,1.0,11,0.36385441698562015,5.988957335232908,0.0028062000001227716
81,both,residual_only,0.02,1.0,0.0,1.0,483,0.36385441698562015,5.988957335232908,0.0028062000001227716
81,both,combined,0.02,1.0,0.0,1.0,472,0.36385441698562015,5.988957335232908,0.0028062000001227716
82,none,score_only,0.009,,,1.0,9,0.0,0.0,0.0027529999997568666
82,none,residual_only,0.012,,,0.0,12,0.0,0.0,0.0027529999997568666
82,none,combined,0.014,,,1.0,14,0.0,0.0,0.0027529999997568666
82,pc1,score_only,0.008,1.0,0.0,1.0,10,4.023072230232896,4.451391898084116,0.0028463999997256906
82,pc1,residual_only,0.01,0.0,,0.0,12,4.023072230232896,4.451391898084116,0.0028463999997256906
82,pc1,combined,0.01,1.0,0.0,1.0,15,4.023072230232896,4.451391898084116,0.0028463999997256906
82,pc2,score_only,0.008,1.0,14.0,1.0,9,-4.451391898084116,4.023072230232896,0.002802299999530078
82,pc2,residual_only,0.01,1.0,0.0,1.0,504,-4.451391898084116,4.023072230232896,0.002802299999530078
82,pc2,combined,0.01,1.0,0.0,1.0,503,-4.451391898084116,4.023072230232896,0.002802299999530078
82,both,score_only,0.008,1.0,0.0,1.0,10,-0.30286774165316716,5.992351052055103,0.002738600000157021
82,both,residual_only,0.01,1.0,0.0,1.0,479,-0.30286774165316716,5.992351052055103,0.002738600000157021
82,both,combined,0.01,1.0,0.0,1.0,471,-0.30286774165316716,5.992351052055103,0.002738600000157021
83,none,score_only,0.006,,,0.0,6,0.0,0.0,0.00278359999992972
83,none,residual_only,0.015,,,0.0,15,0.0,0.0,0.00278359999992972
83,none,combined,0.015,,,0.0,15,0.0,0.0,0.00278359999992972
83,pc1,score_only,0.006,1.0,0.0,1.0,9,4.124753424260695,4.357339691721276,0.002788699999655364
83,pc1,residual_only,0.02,0.0,,0.0,15,4.124753424260695,4.357339691721276,0.002788699999655364
83,pc1,combined,0.018,1.0,0.0,1.0,18,4.124753424260695,4.357339691721276,0.002788699999655364
83,pc2,score_only,0.006,0.0,,0.0,6,-4.357339691721276,4.124753424260695,0.0027529999997568666
83,pc2,residual_only,0.02,1.0,0.0,1.0,510,-4.357339691721276,4.124753424260695,0.0027529999997568666
83,pc2,combined,0.018,1.0,0.0,1.0,509,-4.357339691721276,4.124753424260695,0.0027529999997568666
83,both,score_only,0.006,1.0,0.0,1.0,8,-0.1644633269322447,5.997745560966584,0.0028342000005068257
83,both,residual_only,0.02,1.0,0.0,1.0,490,-0.1644633269322447,5.997745560966584,0.0028342000005068257
83,both,combined,0.018,1.0,0.0,1.0,481,-0.1644633269322447,5.997745560966584,0.0028342000005068257
84,none,score_only,0.01,,,0.0,10,0.0,0.0,0.0028510000001915614
84,none,residual_only,0.005,,,0.0,5,0.0,0.0,0.0028510000001915614
84,none,combined,0.006,,,0.0,6,0.0,0.0,0.0028510000001915614
84,pc1,score_only,0.006,1.0,4.0,1.0,12,4.27267245907969,4.212394812624041,0.002803200000016659
84,pc1,residual_only,0.006,0.0,,0.0,5,4.27267245907969,4.212394812624041,0.002803200000016659
84,pc1,combined,0.004,1.0,4.0,1.0,7,4.27267245907969,4.212394812624041,0.002803200000016659
84,pc2,score_only,0.006,0.0,,0.0,10,-4.212394812624041,4.27267245907969,0.0028715000007650815
84,pc2,residual_only,0.006,1.0,0.0,1.0,503,-4.212394812624041,4.27267245907969,0.0028715000007650815
84,pc2,combined,0.004,1.0,0.0,1.0,502,-4.212394812624041,4.27267245907969,0.0028715000007650815
84,both,score_only,0.006,1.0,4.0,1.0,12,0.04262273256275477,5.999848606645744,0.0027316999994582147
84,both,residual_only,0.006,1.0,0.0,1.0,473,0.04262273256275477,5.999848606645744,0.0027316999994582147
84,both,combined,0.004,1.0,0.0,1.0,457,0.04262273256275477,5.999848606645744,0.0027316999994582147
85,none,score_only,0.007,,,0.0,7,0.0,0.0,0.0028234000001248205
85,none,residual_only,0.008,,,1.0,8,0.0,0.0,0.0028234000001248205
85,none,combined,0.009,,,0.0,9,0.0,0.0,0.0028234000001248205
85,pc1,score_only,0.006,1.0,0.0,1.0,8,4.179552542248802,4.304804356365289,0.0027536999996300437
85,pc1,residual_only,0.008,1.0,3.0,1.0,8,4.179552542248802,4.304804356365289,0.0027536999996300437
85,pc1,combined,0.008,1.0,0.0,1.0,10,4.179552542248802,4.304804356365289,0.0027536999996300437
85,pc2,score_only,0.006,0.0,,0.0,7,-4.304804356365289,4.179552542248802,0.002714199999900302
85,pc2,residual_only,0.008,1.0,0.0,1.0,504,-4.304804356365289,4.179552542248802,0.002714199999900302
85,pc2,combined,0.008,1.0,0.0,1.0,504,-4.304804356365289,4.179552542248802,0.002714199999900302
85,both,score_only,0.006,1.0,0.0,1.0,8,-0.08856640711768528,5.9993462970168885,0.0027362999999240856
85,both,residual_only,0.008,1.0,0.0,1.0,484,-0.08856640711768528,5.9993462970168885,0.0027362999999240856
85,both,combined,0.008,1.0,0.0,1.0,478,-0.08856640711768528,5.9993462970168885,0.0027362999999240856
86,none,score_only,0.016,,,1.0,16,0.0,0.0,0.0027709999994840473
86,none,residual_only,0.004,,,0.0,4,0.0,0.0,0.0027709999994840473
86,none,combined,0.012,,,1.0,12,0.0,0.0,0.0027709999994840473
86,pc1,score_only,0.014,1.0,1.0,1.0,19,4.401584446506972,4.077505899476778,0.0027258999998593936
86,pc1,residual_only,0.006,0.0,,0.0,4,4.401584446506972,4.077505899476778,0.0027258999998593936
86,pc1,combined,0.012,1.0,2.0,1.0,14,4.401584446506972,4.077505899476778,0.0027258999998593936
86,pc2,score_only,0.014,1.0,16.0,1.0,16,-4.077505899476778,4.401584446506972,0.0027215000000069267
86,pc2,residual_only,0.006,1.0,0.0,1.0,502,-4.077505899476778,4.401584446506972,0.0027215000000069267
86,pc2,combined,0.012,1.0,0.0,1.0,505,-4.077505899476778,4.401584446506972,0.0027215000000069267
86,both,score_only,0.014,1.0,3.0,1.0,17,0.22915813824213338,5.995622281938498,0.0027031999998143874
86,both,residual_only,0.006,1.0,1.0,1.0,479,0.22915813824213338,5.995622281938498,0.0027031999998143874
86,both,combined,0.012,1.0,1.0,1.0,477,0.22915813824213338,5.995622281938498,0.0027031999998143874
87,none,score_only,0.015,,,0.0,15,0.0,0.0,0.0027791000002252986
87,none,residual_only,0.011,,,0.0,11,0.0,0.0,0.0027791000002252986
87,none,combined,0.02,,,0.0,20,0.0,0.0,0.0027791000002252986
87,pc1,score_only,0.018,1.0,0.0,1.0,17,4.263603789306421,4.221573489566648,0.0027842999998028972
87,pc1,residual_only,0.01,0.0,,0.0,11,4.263603789306421,4.221573489566648,0.0027842999998028972
87,pc1,combined,0.018,1.0,0.0,1.0,21,4.263603789306421,4.221573489566648,0.0027842999998028972
87,pc2,score_only,0.018,0.0,,0.0,15,-4.221573489566648,4.263603789306421,0.002715100000386883
87,pc2,residual_only,0.01,1.0,0.0,1.0,505,-4.221573489566648,4.263603789306421,0.002715100000386883
87,pc2,combined,0.018,1.0,0.0,1.0,509,-4.221573489566648,4.263603789306421,0.002715100000386883
87,both,score_only,0.018,1.0,0.0,1.0,16,0.029719909961296365,5.9999263934611635,0.0027116000001115026
87,both,residual_only,0.01,1.0,0.0,1.0,484,0.029719909961296365,5.9999263934611635,0.0027116000001115026
87,both,combined,0.018,1.0,0.0,1.0,482,0.029719909961296365,5.9999263934611635,0.0027116000001115026
88,none,score_only,0.017,,,1.0,17,0.0,0.0,0.0027548999996724888
88,none,residual_only,0.01,,,0.0,10,0.0,0.0,0.0027548999996724888
88,none,combined,0.011,,,1.0,11,0.0,0.0,0.0027548999996724888
88,pc1,score_only,0.022,1.0,0.0,1.0,19,4.380600579106208,4.100041288369468,0.0027706000000762288
88,pc1,residual_only,0.004,0.0,,0.0,10,4.380600579106208,4.100041288369468,0.0027706000000762288
88,pc1,combined,0.012,1.0,0.0,1.0,12,4.380600579106208,4.100041288369468,0.0027706000000762288
88,pc2,score_only,0.022,1.0,1.0,1.0,17,-4.100041288369468,4.380600579106208,0.0027036999999836553
88,pc2,residual_only,0.004,1.0,0.0,1.0,502,-4.100041288369468,4.380600579106208,0.0027036999999836553
88,pc2,combined,0.012,1.0,0.0,1.0,506,-4.100041288369468,4.380600579106208,0.0027036999999836553
88,both,score_only,0.022,1.0,0.0,1.0,18,0.19838537700483697,5.996719373306596,0.002810699999827193
88,both,residual_only,0.004,1.0,0.0,1.0,480,0.19838537700483697,5.996719373306596,0.002810699999827193
88,both,combined,0.012,1.0,0.0,1.0,478,0.19838537700483697,5.996719373306596,0.002810699999827193
89,none,score_only,0.016,,,0.0,16,0.0,0.0,0.0027253999996901257
89,none,residual_only,0.012,,,0.0,12,0.0,0.0,0.0027253999996901257
89,none,combined,0.015,,,0.0,15,0.0,0.0,0.0027253999996901257
89,pc1,score_only,0.018,1.0,0.0,1.0,18,4.215472364205329,4.269636137497098,0.0027708000006896327
89,pc1,residual_only,0.018,0.0,,0.0,12,4.215472364205329,4.269636137497098,0.0027708000006896327
89,pc1,combined,0.016,1.0,0.0,1.0,17,4.215472364205329,4.269636137497098,0.0027708000006896327
89,pc2,score_only,0.018,0.0,,0.0,16,-4.269636137497098,4.215472364205329,0.0027034000004277914
89,pc2,residual_only,0.018,1.0,0.0,1.0,509,-4.269636137497098,4.215472364205329,0.0027034000004277914
89,pc2,combined,0.016,1.0,0.0,1.0,508,-4.269636137497098,4.215472364205329,0.0027034000004277914
89,both,score_only,0.018,1.0,0.0,1.0,18,-0.03829957138926147,5.999877760657412,0.0027033000005758367
89,both,residual_only,0.018,1.0,0.0,1.0,487,-0.03829957138926147,5.999877760657412,0.0027033000005758367
89,both,combined,0.016,1.0,0.0,1.0,486,-0.03829957138926147,5.999877760657412,0.0027033000005758367
90,none,score_only,0.007,,,0.0,7,0.0,0.0,0.002769000000625965
90,none,residual_only,0.008,,,0.0,8,0.0,0.0,0.002769000000625965
90,none,combined,0.008,,,0.0,8,0.0,0.0,0.002769000000625965
90,pc1,score_only,0.002,1.0,0.0,1.0,8,4.259373953026939,4.2258411622155965,0.0027605000004768954
90,pc1,residual_only,0.012,0.0,,0.0,8,4.259373953026939,4.2258411622155965,0.0027605000004768954
90,pc1,combined,0.006,1.0,0.0,1.0,9,4.259373953026939,4.2258411622155965,0.0027605000004768954
90,pc2,score_only,0.002,0.0,,0.0,7,-4.2258411622155965,4.259373953026939,0.002799000000777596
90,pc2,residual_only,0.012,1.0,0.0,1.0,506,-4.2258411622155965,4.259373953026939,0.002799000000777596
90,pc2,combined,0.006,1.0,0.0,1.0,503,-4.2258411622155965,4.259373953026939,0.002799000000777596
90,both,score_only,0.002,0.0,,0.0,7,0.023711263774809782,5.999953147814589,0.0027221000000281492
90,both,residual_only,0.012,1.0,0.0,1.0,487,0.023711263774809782,5.999953147814589,0.0027221000000281492
90,both,combined,0.006,1.0,0.0,1.0,471,0.023711263774809782,5.999953147814589,0.0027221000000281492
91,none,score_only,0.011,,,0.0,11,0.0,0.0,0.002727699999923061
91,none,residual_only,0.012,,,0.0,12,0.0,0.0,0.002727699999923061
91,none,combined,0.01,,,0.0,10,0.0,0.0,0.002727699999923061
91,pc1,score_only,0.006,1.0,0.0,1.0,14,4.4323763374693055,4.044012858911577,0.0028490000004239846
91,pc1,residual_only,0.01,0.0,,0.0,12,4.4323763374693055,4.044012858911577,0.0028490000004239846
91,pc1,combined,0.006,1.0,0.0,1.0,12,4.4323763374693055,4.044012858911577,0.0028490000004239846
91,pc2,score_only,0.006,0.0,,0.0,11,-4.044012858911577,4.4323763374693055,0.0026944000001094537
91,pc2,residual_only,0.01,1.0,0.0,1.0,505,-4.044012858911577,4.4323763374693055,0.0026944000001094537
91,pc2,combined,0.006,1.0,0.0,1.0,503,-4.044012858911577,4.4323763374693055,0.0026944000001094537
91,both,score_only,0.006,1.0,0.0,1.0,13,0.27461444925336587,5.993712280737312,0.0026942000004055444
91,both,residual_only,0.01,1.0,0.0,1.0,476,0.27461444925336587,5.993712280737312,0.0026942000004055444
91,both,combined,0.006,1.0,0.0,1.0,469,0.27461444925336587,5.993712280737312,0.0026942000004055444
92,none,score_only,0.007,,,0.0,7,0.0,0.0,0.0027914000002056127
92,none,residual_only,0.01,,,0.0,10,0.0,0.0,0.0027914000002056127
92,none,combined,0.009,,,0.0,9,0.0,0.0,0.0027914000002056127
92,pc1,score_only,0.008,1.0,1.0,1.0,8,4.35176735943607,4.130632015726748,0.002816000000166241
92,pc1,residual_only,0.014,0.0,,0.0,10,4.35176735943607,4.130632015726748,0.002816000000166241
92,pc1,combined,0.01,0.0,,0.0,9,4.35176735943607,4.130632015726748,0.002816000000166241
92,pc2,score_only,0.008,0.0,,0.0,7,-4.130632015726748,4.35176735943607,0.002723100000366685
92,pc2,residual_only,0.014,1.0,0.0,1.0,507,-4.130632015726748,4.35176735943607,0.002723100000366685
92,pc2,combined,0.01,1.0,0.0,1.0,505,-4.130632015726748,4.35176735943607,0.002723100000366685
92,both,score_only,0.008,0.0,,0.0,7,0.15636630109687966,5.997962118910161,0.002765000000181317
92,both,residual_only,0.014,1.0,0.0,1.0,493,0.15636630109687966,5.997962118910161,0.002765000000181317
92,both,combined,0.01,1.0,0.0,1.0,481,0.15636630109687966,5.997962118910161,0.002765000000181317
93,none,score_only,0.009,,,0.0,9,0.0,0.0,0.0027849999996760744
93,none,residual_only,0.014,,,0.0,14,0.0,0.0,0.0027849999996760744
93,none,combined,0.01,,,0.0,10,0.0,0.0,0.0027849999996760744
93,pc1,score_only,0.014,1.0,1.0,1.0,10,4.203034984772992,4.28188006800451,0.002886400000534195
93,pc1,residual_only,0.016,0.0,,0.0,14,4.203034984772992,4.28188006800451,0.002886400000534195
93,pc1,combined,0.01,1.0,1.0,1.0,11,4.203034984772992,4.28188006800451,0.002886400000534195
93,pc2,score_only,0.014,0.0,,0.0,9,-4.28188006800451,4.203034984772992,0.002775800000563322
93,pc2,residual_only,0.016,1.0,0.0,1.0,507,-4.28188006800451,4.203034984772992,0.002775800000563322
93,pc2,combined,0.01,1.0,0.0,1.0,504,-4.28188006800451,4.203034984772992,0.002775800000563322
93,both,score_only,0.014,1.0,1.0,1.0,10,-0.055751893016223616,5.999740971610783,0.0027581000003920053
93,both,residual_only,0.016,1.0,0.0,1.0,489,-0.055751893016223616,5.999740971610783,0.0027581000003920053
93,both,combined,0.01,1.0,0.0,1.0,476,-0.055751893016223616,5.999740971610783,0.0027581000003920053
94,none,score_only,0.01,,,0.0,10,0.0,0.0,0.002793999999994412
94,none,residual_only,0.012,,,1.0,12,0.0,0.0,0.002793999999994412
94,none,combined,0.013,,,1.0,13,0.0,0.0,0.002793999999994412
94,pc1,score_only,0.01,1.0,0.0,1.0,13,4.124379491457993,4.357693634302521,0.002779700000246521
94,pc1,residual_only,0.01,1.0,15.0,1.0,12,4.124379491457993,4.357693634302521,0.002779700000246521
94,pc1,combined,0.014,1.0,0.0,1.0,15,4.124379491457993,4.357693634302521,0.002779700000246521
94,pc2,score_only,0.01,0.0,,0.0,10,-4.357693634302521,4.124379491457993,0.0027494000005390262
94,pc2,residual_only,0.01,1.0,0.0,1.0,505,-4.357693634302521,4.124379491457993,0.0027494000005390262
94,pc2,combined,0.014,1.0,0.0,1.0,507,-4.357693634302521,4.124379491457993,0.0027494000005390262
94,both,score_only,0.01,1.0,0.0,1.0,11,-0.16497801255209238,5.997731425745434,0.0028517000000647386
94,both,residual_only,0.01,1.0,0.0,1.0,482,-0.16497801255209238,5.997731425745434,0.0028517000000647386
94,both,combined,0.014,1.0,0.0,1.0,471,-0.16497801255209238,5.997731425745434,0.0028517000000647386
95,none,score_only,0.011,,,0.0,11,0.0,0.0,0.0028268999994907063
95,none,residual_only,0.004,,,0.0,4,0.0,0.0,0.0028268999994907063
95,none,combined,0.007,,,0.0,7,0.0,0.0,0.0028268999994907063
95,pc1,score_only,0.012,1.0,1.0,1.0,13,4.2819761430206835,4.2029371052398234,0.0027486999997563544
95,pc1,residual_only,0.004,0.0,,0.0,4,4.2819761430206835,4.2029371052398234,0.0027486999997563544
95,pc1,combined,0.006,1.0,1.0,1.0,9,4.2819761430206835,4.2029371052398234,0.0027486999997563544
95,pc2,score_only,0.012,0.0,,0.0,11,-4.2029371052398234,4.2819761430206835,0.00278600000001461
95,pc2,residual_only,0.004,1.0,0.0,1.0,502,-4.2029371052398234,4.2819761430206835,0.00278600000001461
95,pc2,combined,0.006,1.0,0.0,1.0,503,-4.2029371052398234,4.2819761430206835,0.00278600000001461
95,both,score_only,0.012,1.0,1.0,1.0,12,0.055889039593306204,5.99973969562458,0.0028007000000798143
95,both,residual_only,0.004,1.0,0.0,1.0,469,0.055889039593306204,5.99973969562458,0.0028007000000798143
95,both,combined,0.006,1.0,0.0,1.0,458,0.055889039593306204,5.99973969562458,0.0028007000000798143
96,none,score_only,0.012,,,0.0,12,0.0,0.0,0.002757299999757379
96,none,residual_only,0.014,,,0.0,14,0.0,0.0,0.002757299999757379
96,none,combined,0.015,,,0.0,15,0.0,0.0,0.002757299999757379
96,pc1,score_only,0.014,0.0,,0.0,12,4.014306142212786,4.459298845849277,0.0027529999997568666
96,pc1,residual_only,0.014,0.0,,0.0,14,4.014306142212786,4.459298845849277,0.0027529999997568666
96,pc1,combined,0.016,0.0,,0.0,15,4.014306142212786,4.459298845849277,0.0027529999997568666
96,pc2,score_only,0.014,0.0,,0.0,12,-4.459298845849277,4.014306142212786,0.0027477000003273133
96,pc2,residual_only,0.014,1.0,0.0,1.0,507,-4.459298845849277,4.014306142212786,0.0027477000003273133
96,pc2,combined,0.016,1.0,0.0,1.0,508,-4.459298845849277,4.014306142212786,0.0027477000003273133
96,both,score_only,0.014,0.0,,0.0,12,-0.31465735831989883,5.991743548154839,0.0027500999995027087
96,both,residual_only,0.014,1.0,0.0,1.0,489,-0.31465735831989883,5.991743548154839,0.0027500999995027087
96,both,combined,0.016,1.0,0.0,1.0,483,-0.31465735831989883,5.991743548154839,0.0027500999995027087
97,none,score_only,0.004,,,0.0,4,0.0,0.0,0.0027631999992081546
97,none,residual_only,0.009,,,0.0,9,0.0,0.0,0.0027631999992081546
97,none,combined,0.007,,,0.0,7,0.0,0.0,0.0027631999992081546
97,pc1,score_only,0.002,1.0,0.0,1.0,7,4.1676047560332155,4.316372388648751,0.002799599999889324
97,pc1,residual_only,0.004,0.0,,0.0,9,4.1676047560332155,4.316372388648751,0.002799599999889324
97,pc1,combined,0.006,1.0,1.0,1.0,8,4.1676047560332155,4.316372388648751,0.002799599999889324
97,pc2,score_only,0.002,0.0,,0.0,4,-4.316372388648751,4.1676047560332155,0.002867599999262893
97,pc2,residual_only,0.004,1.0,0.0,1.0,502,-4.316372388648751,4.1676047560332155,0.002867599999262893
97,pc2,combined,0.006,1.0,0.0,1.0,503,-4.316372388648751,4.1676047560332155,0.002867599999262893
97,both,score_only,0.002,1.0,1.0,1.0,5,-0.10519460184351422,5.9990777704363,0.0028103999993618345
97,both,residual_only,0.004,1.0,0.0,1.0,477,-0.10519460184351422,5.9990777704363,0.0028103999993618345
97,both,combined,0.006,1.0,0.0,1.0,471,-0.10519460184351422,5.9990777704363,0.0028103999993618345
98,none,score_only,0.008,,,0.0,8,0.0,0.0,0.0027540000000954024
98,none,residual_only,0.009,,,1.0,9,0.0,0.0,0.0027540000000954024
98,none,combined,0.007,,,1.0,7,0.0,0.0,0.0027540000000954024
98,pc1,score_only,0.006,1.0,1.0,1.0,9,4.3683377860799455,4.113104057364239,0.0027500999995027087
98,pc1,residual_only,0.01,1.0,4.0,1.0,9,4.3683377860799455,4.113104057364239,0.0027500999995027087
98,pc1,combined,0.006,1.0,1.0,1.0,8,4.3683377860799455,4.113104057364239,0.0027500999995027087
98,pc2,score_only,0.006,0.0,,0.0,8,-4.113104057364239,4.3683377860799455,0.002743000000009488
98,pc2,residual_only,0.01,1.0,0.0,1.0,505,-4.113104057364239,4.3683377860799455,0.002743000000009488
98,pc2,combined,0.006,1.0,0.0,1.0,503,-4.113104057364239,4.3683377860799455,0.002743000000009488
98,both,score_only,0.006,1.0,1.0,1.0,9,0.180477500362404,5.9972850417387145,0.002787499999612919
98,both,residual_only,0.01,1.0,0.0,1.0,474,0.180477500362404,5.9972850417387145,0.002787499999612919
98,both,combined,0.006,1.0,0.0,1.0,459,0.180477500362404,5.9972850417387145,0.002787499999612919
99,none,score_only,0.007,,,0.0,7,0.0,0.0,0.0027718999999706284
99,none,residual_only,0.012,,,0.0,12,0.0,0.0,0.0027718999999706284
99,none,combined,0.011,,,0.0,11,0.0,0.0,0.0027718999999706284
99,pc1,score_only,0.006,1.0,0.0,1.0,9,4.3544600706450005,4.127793295837176,0.002757500000370783
99,pc1,residual_only,0.012,0.0,,0.0,12,4.3544600706450005,4.127793295837176,0.002757500000370783
99,pc1,combined,0.01,1.0,0.0,1.0,12,4.3544600706450005,4.127793295837176,0.002757500000370783
99,pc2,score_only,0.006,0.0,,0.0,7,-4.127793295837176,4.3544600706450005,0.0027573000006668735
99,pc2,residual_only,0.012,1.0,0.0,1.0,506,-4.127793295837176,4.3544600706450005,0.0027573000006668735
99,pc2,combined,0.01,1.0,0.0,1.0,505,-4.127793295837176,4.3544600706450005,0.0027573000006668735
99,both,score_only,0.006,1.0,10.0,1.0,8,0.1602776135362975,5.997858875181969,0.0027423000001363107
99,both,residual_only,0.012,1.0,0.0,1.0,485,0.1602776135362975,5.997858875181969,0.0027423000001363107
99,both,combined,0.01,1.0,0.0,1.0,480,0.1602776135362975,5.997858875181969,0.0027423000001363107
