time,pc1_score,residual_q,score_stat,residual_stat,score_only_alarm,residual_only_alarm,score_alarm,residual_alarm,stage_1_alarm,alarm_source
0,-0.18000584616499882,1.5503253076208674,0.45981137446650583,1.6565120766725754,False,False,False,False,False,none
1,3.4241056085290165,0.8602305095770953,1.3812771877037435,0.9191504652810207,False,False,False,False,False,none
2,0.07110483863795936,0.882116252455174,0.5222369685533524,0.9425352331141174,False,False,False,False,False,none
3,2.372662975912264,1.821118472011614,0.6991891563115775,1.9458527362674531,False,False,False,False,False,none
4,-2.382857147432362,0.17943266314736628,1.7485698816002115,0.19172258363586145,False,False,False,False,False,none
5,-5.570999883864421,0.18722721997186725,2.9461066876114317,0.20005101473908002,True,False,True,False,True,score
6,-0.6737327227645409,1.3422404183707652,0.01982769970892013,1.4341747837692946,False,False,False,False,False,none
7,0.24310904883452716,0.02384898577185145,0.4608184448700472,0.02548247955010845,False,False,False,False,False,none
8,0.12575445005590585,1.9399624611794715,0.3117009085367438,2.0728367326769632,False,False,False,False,False,none
9,0.5121356134462691,0.22129399853057152,0.4368769727308724,0.23645113658345904,False,False,False,False,False,none
10,-1.4411252397058683,0.29846352906330564,0.5984435525652776,0.318906256583273,False,False,False,False,False,none
11,-1.3937869080307734,1.2419698720155183,0.45578087985110777,1.3270363850374052,False,False,False,False,False,none
12,-3.1432981579809907,0.0007595837392411113,1.2136872691323475,0.0008116100737773167,False,False,False,False,False,none
13,2.1052558995548,0.3191159378049205,1.5762477360554585,0.34097321525620045,False,False,False,False,False,none
14,-1.5325927414318035,0.5721569995283933,0.5045012323228417,0.6113458735483079,False,False,False,False,False,none
15,-2.460376566225211,1.1009132713574328,0.8538676042068655,1.1763183638995849,False,False,False,False,False,none
16,-2.091159701490388,0.017814417618920865,0.5039079144770267,0.019034584405976652,False,False,False,False,False,none
17,-0.2637628212034965,1.745901024903402,0.483735232156855,1.8654834041674417,False,False,False,False,False,none
18,-0.01606762541033349,3.572502183002074,0.5071981691403322,3.8171943533345822,False,False,False,False,False,none
19,-2.822896827157109,1.5049369896746931,0.9564353930352327,1.6080149667769281,False,False,False,False,False,none
20,2.22556985095736,0.23884164698500326,1.6849440004559664,0.25520067994644435,False,False,False,False,False,none
21,-0.1836156008859155,0.6863731595777955,0.17874341051960402,0.7333850659313247,False,False,False,False,False,none
22,-1.074726862213652,0.8437796884917101,0.28947417596485325,0.9015728745230269,False,False,False,False,False,none
23,-0.31943269105753636,1.9997727064487645,0.134975607931383,2.1367435741058602,False,False,False,False,False,none
24,0.9437606082777392,0.600468155806596,0.7210260687456684,0.6415961520213962,False,False,False,False,False,none
25,-1.062469858525641,1.0050605247395386,0.3968311787804334,1.0739003542249288,False,False,False,False,False,none
26,2.7673097507453823,0.10852040296123058,1.54118129288178,0.11595331456371635,False,False,False,False,False,none
27,-0.5881296921632602,2.7717201787304333,0.39549720693367324,2.9615642127844675,False,False,False,False,False,none
28,1.6715066479424796,3.8555449165213105,0.7802357242463945,4.119623594464982,False,False,False,False,False,none
29,-5.033808979189261,0.8493406835526213,2.6299959749206625,0.9075147600301741,True,False,False,False,False,none
30,2.662852641574035,0.05328569061260497,1.631302012674096,0.05693539902865643,False,False,False,False,False,none
31,-2.94652488170141,0.06569260801126241,1.4172686748112555,0.07019210612369482,False,False,False,False,False,none
32,-1.5810729833096315,0.4456630373400232,0.4711418123632618,0.47618793284955374,False,False,False,False,False,none
33,1.9355901234971513,0.5901393053113299,1.3297729167592218,0.6305598453188946,False,False,False,False,False,none
34,0.8061116940142533,9.273983679214869,0.5156664694166602,9.909188663803125,False,True,False,True,True,residual
35,2.930034472950588,0.22491816989533958,1.4433029537391049,0.24032353910708304,False,False,False,False,False,none
36,-3.2953627726520596,0.17731606015911075,1.866631009907103,0.18946100769800417,False,False,False,False,False,none
37,-1.0517491374689079,4.3413743756994325,0.4044473635531644,4.638729076634325,False,False,False,False,False,none
38,0.2554478118187322,1.4628652402852969,0.3108432855332308,1.5630615878907723,False,False,False,False,False,none
39,1.8453246063757314,0.9212899927935148,1.0202643336421118,0.984392108983918,False,False,False,False,False,none
40,-3.146992051923873,0.4767720993575135,1.606630448829397,0.5094277546292877,False,False,False,False,False,none
41,-1.9310629970369975,0.6784895422551022,0.6951967832846175,0.7249614742898082,False,False,False,False,False,none
42,-1.8476979656357337,0.8472790740258407,0.5156991972703008,0.9053119442329295,False,False,False,False,False,none
43,-0.8606870079823803,1.4219328182070732,0.06645102617546239,1.5193255725095292,False,False,False,False,False,none
44,-4.527048051651753,1.6898868762301231,1.7261760727003672,1.8056326662057347,False,False,False,False,False,none
45,-0.24143408790331508,0.5372169706930673,0.6989282400471478,0.5740126897058626,False,False,False,False,False,none
46,0.791123427720546,3.6063827643349997,1.0602573650980336,3.8533955247060323,False,False,False,False,False,none
47,-0.9941741944148639,2.6851657441671777,0.018224305973033976,2.8690813864777565,False,False,False,False,False,none
48,-0.6499508325099799,0.7293408456926663,0.1524770235276552,0.7792957471322834,False,False,False,False,False,none
49,-2.9062871714368743,0.24245020039462778,0.9730503337039733,0.25905639479092063,False,False,False,False,False,none
50,-0.212244340839809,0.0056610955647488,0.5290168395339311,0.00604884221660223,False,False,False,False,False,none
51,-5.375786133120272,4.006693175192872,2.0827264244789996,4.281124483747183,False,False,False,False,False,none
52,-0.8594723425893094,0.7119695710142346,0.5256498489731103,0.7607346579527628,False,False,False,False,False,none
53,-0.4702567510171575,0.12661960136704942,0.6094117131838539,0.13529218530907086,False,False,False,False,False,none
54,0.7404362559420886,0.59704043196663,1.0750958181764274,0.637933652345689,False,False,False,False,False,none
55,2.5271361466969804,0.16982730181620706,1.7271873933957915,0.1814593201984048,False,False,False,False,False,none
56,-1.3452982032103034,0.0680203349425584,0.4975972703864707,0.0726792665628191,False,False,False,False,False,none
57,-1.480844239580945,0.006693126907426834,0.4638602257414107,0.007151560706874629,False,False,False,False,False,none
58,-0.9483665075396087,0.040160875699535734,0.11266920265333998,0.0429116233083491,False,False,False,False,False,none
59,-0.20911929573602037,2.6166882209062563,0.2686317701417279,2.795913617297481,False,False,False,False,False,none
60,1.5728383275000262,0.24592137027290545,1.0797146654378706,0.26276531626390687,False,False,False,False,False,none
61,-2.3642813687225948,0.8603450649452276,1.046968166619747,0.9192728669149397,False,False,False,False,False,none
62,-1.4459795216719957,1.4454424275270044,0.39190965291613544,1.5444454306224589,False,False,False,False,False,none
63,0.6915030235061411,0.05364650967671434,0.7238228023012223,0.05732093175153257,False,False,False,False,False,none
64,-3.699705318283594,0.09194391331625405,1.552057302194364,0.09824144780210076,False,False,False,False,False,none
65,0.4886250591722404,0.015395325082917655,0.7910101554577095,0.016449800437876853,False,False,False,False,False,none
66,-1.7565196855091583,0.00783513332960424,0.45679238911110726,0.008371786823725932,False,False,False,False,False,none
67,4.0860039120740055,0.024424859558050353,2.4700254625489877,0.026097796785006438,False,False,False,False,False,none
68,0.915569249054007,0.31318766147508253,0.4373635663047121,0.3346388922041573,False,False,False,False,False,none
69,-0.05150705059901953,0.3843158691751605,0.11944495934420699,0.4106388997303638,False,False,False,False,False,none
70,0.9821624896772057,0.17477396598258366,0.4060984868839329,0.1867447973112187,False,False,False,False,False,none
71,0.6576546680577637,0.2975806356506943,0.16739055187723273,0.31796289095980285,False,False,False,False,False,none
72,-0.7222888311553375,0.39843583957067663,0.5357936649192463,0.4257259923343838,False,False,False,False,False,none
73,-0.30646200761397463,2.2554777703552134,0.22682829050543032,2.409962700662847,False,False,False,False,False,none
74,2.1720698922666983,6.867600693045753,1.021403969928247,7.337984763503136,False,True,False,False,False,none
75,-0.2655073001904105,0.5022243031929002,0.3658675273666728,0.5366232618070372,False,False,False,False,False,none
76,0.45694291143582866,0.9318145048663369,0.057921288506803746,0.9956374787550342,False,False,False,False,False,none
77,0.4682625510267926,0.09066392381835923,0.05183061207226784,0.09687378770466568,False,False,False,False,False,none
78,-1.3255513596546886,2.2721190297855625,0.8290987837308612,2.4277437735008554,False,False,False,False,False,none
79,3.2756622420055557,0.1296419787111457,1.5697550412482129,0.13852157500305723,False,False,False,False,False,none
80,-0.6224233984776371,0.1093244274725669,0.6359920863877578,0.11681240930107395,False,False,False,False,False,none
81,0.9299987492609167,0.6137006928211008,0.24461876601965438,0.6557350280765013,False,False,False,False,False,none
82,0.79224518612879,5.194013803463484,0.12884125940955318,5.549768522481874,False,False,False,False,False,none
83,0.03838219336591761,0.4245671619820376,0.26278737005015346,0.4536471331046859,False,False,False,False,False,none
84,-2.839257621687662,0.7478459701764193,1.6067892169982805,0.7990683471388639,False,False,False,False,False,none
85,-2.256317583300608,2.8410774252257167,1.002522324345708,3.0356719602742546,False,False,False,False,False,none
86,0.5483270313743691,0.476169787216821,0.5591158578529984,0.5087841881919218,False,False,False,False,False,none
87,1.0433478489535242,0.13000442551775993,0.6875332936169289,0.13890884695776023,False,False,False,False,False,none
88,1.3983228241583756,0.9775744957265919,0.7223010132698362,1.0445317186386398,False,False,False,False,False,none
89,0.37283216938999797,0.04764293482354322,0.08015568512506932,0.05090615273799292,False,False,False,False,False,none
90,-1.3099328118078888,0.012547404907859383,0.7525451084636625,0.013406817045814989,False,False,False,False,False,none
91,3.2111597430405956,3.1382254550754762,1.59211410372837,3.353172614869751,False,False,False,False,False,none
92,-3.5556342549379263,0.13340807387988568,2.0103295946283075,0.1425456221486784,False,False,False,False,False,none
93,1.1642471649696722,0.044981908146348545,0.6823615638798312,0.0480628637808608,False,False,False,False,False,none
94,0.06834971027397332,3.2723197118070355,0.014034709349443874,3.4964514187416555,False,False,False,False,False,none
95,1.8028447752985803,2.031962404441786,0.8530027657070309,2.1711380480964264,False,False,False,False,False,none
96,-0.2247210957747195,0.21831851065109853,0.30160419480031603,0.23327184796441183,False,False,False,False,False,none
97,-3.285745554247705,1.1946533090811269,1.7268418391495164,1.2764789584494716,False,False,False,False,False,none
98,-0.9365773996412553,1.0767138497660285,0.24138892507051044,1.1504614460529883,False,False,False,False,False,none
99,1.5727110157040725,1.7960218284575993,1.0246820344370415,1.9190371428388906,False,False,False,False,False,none
100,0.7145616821281952,0.017446531306198707,0.4032736131196034,0.018641500375888798,False,False,False,False,False,none
101,1.7499480150687132,0.8240863251470403,0.8251065286276439,0.8805306493523569,False,False,False,False,False,none
102,-1.6586080969449881,0.7609831868762432,0.9941352894565522,0.8131053740842079,False,False,False,False,False,none
103,3.4510936149311178,0.08841258976424873,1.6845023116814861,0.09446825253670706,False,False,False,False,False,none
104,-0.7192023030872907,0.6834057987765878,0.6763017695147433,0.7302144610402849,False,False,False,False,False,none
105,-0.34393383507253394,0.3519324246055001,0.3589183180211607,0.3760374088366747,False,False,False,False,False,none
106,2.0564536328893777,0.599095406367838,0.8778073493588087,0.6401293785562595,False,False,False,False,False,none
107,1.1426597251922423,2.8433359351712446,0.25876876586313374,3.038085162833525,False,False,False,False,False,none
108,1.9884468809031561,0.009970844529142956,0.6174874872773838,0.010653779755744773,False,False,False,False,False,none
109,-1.052574853732124,0.08346258398629339,0.9818608885696162,0.0891792049345845,False,False,False,False,False,none
110,1.7420092150455126,1.0487255999736491,0.5707624811927859,1.120556190970006,False,False,False,False,False,none
111,2.22222379073205,0.014993051297424238,0.6896649135893865,0.0160199736263535,False,False,False,False,False,none
112,5.191713950756949,1.0073868847799632,1.9928675239301172,1.0763860541504275,False,False,False,False,False,none
113,-0.12421081538956077,0.5278949058865469,0.9855994904041099,0.5640521266836264,False,False,False,False,False,none
114,0.12101804440593306,0.0594044334311931,0.6694665566668566,0.06347323423215911,False,False,False,False,False,none
115,-0.4414143274926597,0.24270606301744466,0.8085296338552919,0.2593297822681048,False,False,False,False,False,none
116,-3.3451223562691306,2.206702182235396,2.0560343010283244,2.357846315559596,False,False,False,False,False,none
117,-5.833393147091013,0.13856311249190673,2.8524204647346965,0.14805374594343917,True,False,False,False,False,none
118,2.099114565212429,2.2193961268700715,1.5678218662784535,2.3714097093096616,False,False,False,False,False,none
119,0.21977955275059002,0.0017451197315960275,0.342189618813242,0.0018646485975673513,False,False,False,False,False,none
120,1.0301246630561876,0.6957888763121267,0.6670236434959822,0.7434456954032664,False,False,False,False,False,none
121,-1.1319778401834277,0.6019148542189575,0.5156800238579218,0.6431419394632961,False,False,False,False,False,none
122,0.4239937986633301,0.15216226661591178,0.3425910343037687,0.16258434989359738,False,False,False,False,False,none
123,2.074135768429578,0.2774008739521756,1.0749100749421079,0.2964009524468661,False,False,False,False,False,none
124,0.0003462698768352812,2.3440608885731313,0.14651132789411211,2.504613161695752,False,False,False,False,False,none
125,-2.7584191573499997,3.4764057622748594,1.4560769607840265,3.714515979526749,False,False,False,False,False,none
126,0.40752503802755413,1.4200087133290729,0.37161594762009065,1.517269679496931,False,False,False,False,False,none
127,1.2384593587671557,0.5025028175217006,0.7005569417031926,0.5369208524784378,False,False,False,False,False,none
128,1.1105876456070258,0.2919990035041249,0.4983876015763462,0.3119989548665934,False,False,False,False,False,none
129,-0.4437812827649539,0.5638203002930624,0.35564715405720526,0.6024381669560024,False,False,False,False,False,none
130,6.7982936694352505,0.21823571413996135,3.2301637266925716,0.23318338045379913,True,False,True,False,True,score
131,0.3943220312540112,5.184963589650765,0.5238070710971562,5.540098430402783,False,False,False,False,False,none
132,1.2380426119131513,0.9731808649051755,0.009576120405589361,1.0398371539041673,False,False,False,False,False,none
133,1.650417885622166,1.4502629923525694,0.19247065913229539,1.5495961714448387,False,False,False,False,False,none
134,0.9049579200095428,0.16764946723880747,0.20780574229279056,0.17913231872282817,False,False,False,False,False,none
135,1.5645524809649087,0.00041606466942457004,0.15386597988549092,0.00044456227747211046,False,False,False,False,False,none
136,-0.8865190172774555,2.0138073500201226,1.0664468969434013,2.1517394955769653,False,False,False,False,False,none
137,-0.5349212501485139,0.06499787363044855,0.6825221460452897,0.06944978714957972,False,False,False,False,False,none
138,-4.133229550833173,0.030946457093447836,2.2923276513575903,0.03306607952120359,False,False,False,False,False,none
139,-0.41070959207098384,0.34309926597171214,0.02727051130000994,0.3665992387441738,False,False,False,False,False,none
140,-1.7105123737248782,0.02878370433481665,0.6526290912353606,0.030755192866694037,False,False,False,False,False,none
141,-2.457557109840585,2.7955428894867933,0.8846546541366246,2.987018617658724,False,False,False,False,False,none
142,4.157125878372345,0.16421097243735622,2.502475528885898,0.17545831034782408,False,False,False,False,False,none
143,-1.8460849333025002,0.6406314642436528,0.9114627294580293,0.6845103746932873,False,False,False,False,False,none
144,-2.117829253922451,0.40339911671040884,0.8610515475557412,0.4310292202965567,False,False,False,False,False,none
145,1.149040392242148,1.2683124535250239,0.8966168275686329,1.3551832547212863,False,False,False,False,False,none
146,0.17082706444245188,3.7530133508725876,0.2425526923179798,4.010069311952559,False,False,False,False,False,none
147,-1.886667859404724,3.569358923625484,0.8044892463199522,3.813835802008715,False,False,False,False,False,none
148,-0.2972856847053633,0.05653932082474082,0.1277582621437635,0.06041188084375419,False,False,False,False,False,none
149,-1.297350125893645,0.00763377757951653,0.38313881454348053,0.008156639570379716,False,False,False,False,False,none
150,-0.9215504275085589,0.7569947275336759,0.12413014042849974,0.8088437323269568,False,False,False,False,False,none
151,-2.216152334600708,0.8344139345243626,0.7275927365207651,0.8915656299287529,False,False,False,False,False,none
152,-0.5695184419653427,0.20764955401347318,0.2170605388114392,0.22187214015544635,False,False,False,False,False,none
153,-0.6073184617258265,0.005212926303322414,0.15530354658767362,0.005569976400313955,False,False,False,False,False,none
154,-0.8875927472698012,0.8520585014953719,0.011778239396135304,0.9104187300693866,False,False,False,False,False,none
155,0.5710258513231475,0.05342470931485847,0.698465653888808,0.05708393956917026,False,False,False,False,False,none
156,-0.43079748302771126,0.1765825936829632,0.07257348311235137,0.18867730374271144,False,False,False,False,False,none
157,2.166016327004262,1.0287470813900563,1.3183292735124184,1.099209279360509,False,False,False,False,False,none
158,2.6794325007102797,0.21362396003492565,1.303831552767819,0.22825575247012167,False,False,False,False,False,none
159,-2.0224098864465203,0.4256538347459588,1.2388053995212611,0.45480823558297095,False,False,False,False,False,none
160,-1.7906628047472837,0.15046885366289764,0.8785741816383632,0.16077494963826228,False,False,False,False,False,none
161,1.0165975280451485,0.24968121602034737,0.659543817033786,0.2667826859452555,False,False,False,False,False,none
162,1.177877973810135,0.5470423752644128,0.6059067360812085,0.5845110678530947,False,False,False,False,False,none
163,-0.49520884089171086,1.2193127152723446,0.3272473165517991,1.3028273667212897,False,False,False,False,False,none
164,1.9488629635922574,3.958511998648547,0.9243447771834726,4.229643223380965,False,False,False,False,False,none
165,-1.7752568070543742,0.009929197695251423,1.0678921993842028,0.01060928039618625,False,False,False,False,False,none
166,-2.3033397153312123,0.6528906062094217,1.110599867287317,0.6976091847405178,False,False,False,False,False,none
167,0.3727343147655977,0.4440058621479295,0.4102566995252729,0.4744172523959926,False,False,False,False,False,none
168,-2.6588271406458777,0.012707206754981723,1.1430543114006821,0.013577564235667014,False,False,False,False,False,none
169,0.031059229138173106,0.26211287098938474,0.39099646812992955,0.28006582496647126,False,False,False,False,False,none
170,0.04714848120285525,0.7814768192507837,0.3206055161944616,0.8350026812857597,False,False,False,False,False,none
171,0.8785007627231765,0.44772025704217444,0.6599514388437335,0.47838605814895424,False,False,False,False,False,none
172,-1.2444777291474056,0.19659447014997208,0.5023503512560824,0.21005985802440078,False,False,False,False,False,none
173,1.7402039454556628,1.1772987314014793,1.046627969039036,1.2579357098999104,False,False,False,False,False,none
174,0.33294268428264084,0.042919032308025594,0.15433857238367782,0.04585869493832152,False,False,False,False,False,none
175,-2.5248721581402886,0.17831143821823786,1.2634671233094454,0.19052456240339005,False,False,False,False,False,none
176,0.5541451421295737,4.310445764032807,0.4835169653851261,4.605682064830651,False,False,False,False,False,none
177,0.3680362342338652,0.04926666220888294,0.2964922858581997,0.05264109443688506,False,False,False,False,False,none
178,-0.19847828234510423,0.4148954019412954,0.037743682411135904,0.4433129230963651,False,False,False,False,False,none
179,2.0741339793108793,0.5592626982713038,1.0727359422025404,0.5975684001060396,False,False,False,False,False,none
180,-2.7840505376280156,0.03821004155106757,1.4995569358038077,0.040827170251537453,False,False,False,False,False,none
181,-1.1039215891450542,0.0294082187103168,0.3842551960558446,0.03142248224137321,False,False,False,False,False,none
182,-3.1826273663155575,0.2220748599901095,1.3162294842712026,0.23728548175706513,False,False,False,False,False,none
183,-3.3473294806476703,3.229930353125675,1.1329158540435085,3.451158676481106,False,False,False,False,False,none
184,3.3016808035986642,1.189107517559125,2.3205260914579444,1.2705533178205366,False,False,False,False,False,none
185,-0.38454176910474924,1.1739691193187585,0.06744489844400825,1.2543780419714121,False,False,False,False,False,none
186,0.0831739071447431,5.413392922329029,0.28094495463366476,5.78417362313023,False,False,False,False,False,none
187,-0.02345565678552633,0.20391813780691115,0.1730071275191934,0.2178851472457148,False,False,False,False,False,none
188,0.4433471514684343,0.09597328908632738,0.36495171013846445,0.10254680848464122,False,False,False,False,False,none
189,3.714668019692084,0.2203203861914621,1.8795796747742162,0.23541083840229396,False,False,False,False,False,none
190,-3.699025443281677,0.5041851269837682,2.0943066018058145,0.5387183887290019,False,False,False,False,False,none
191,-1.7020957684800218,0.2678978008292031,0.7063070536326805,0.2862469832661242,False,False,False,False,False,none
192,-1.8170177570162278,0.05308542635499553,0.620818910093267,0.05672141802762059,False,False,False,False,False,none
193,-4.0660666669657815,0.2561128066560585,1.5881503882006107,0.27365479691957706,False,False,False,False,False,none
194,0.9436860055635257,0.8126365486225314,1.1607835496085357,0.8682966407898847,False,False,False,False,False,none
195,-0.20575506380564693,2.3135910145488827,0.37078682408718994,2.4720563079517355,False,False,False,False,False,none
196,0.21632280967772188,0.14402244221888644,0.5014698236891683,0.1538870027307889,False,False,False,False,False,none
197,-0.001922279414280914,0.0016884581744732849,0.29525842903868754,0.0018041061080682056,False,False,False,False,False,none
198,3.029638401484026,5.246904233083388,1.7074660383696505,5.606281587820543,False,False,False,False,False,none
199,0.32100572508558856,0.7481342286103984,0.0514350655843328,0.799376349320562,False,False,False,False,False,none
200,4.162001713990629,2.34599536096298,1.9052377561221796,2.5066801323244463,False,False,False,False,False,none
201,-0.9844775801237126,0.006805481024696731,0.9734690194133853,0.007271610319176376,False,False,False,False,False,none
202,2.8919896531160623,4.567118678385615,1.1025291849191057,4.879935333025477,False,False,False,False,False,none
203,-0.5790845186074058,0.3173582943217227,0.8025380634334514,0.33909518511498443,False,False,False,False,False,none
204,-1.213814125361923,0.21491000053365758,0.9500737103527664,0.22962987802091248,False,False,False,False,False,none
205,0.8948179885222858,0.22427043489834264,0.2632900338102759,0.23963143865582,False,False,False,False,False,none
206,-0.3770585614477711,0.15991760036776967,0.40662765975372694,0.1708708714097131,False,False,False,False,False,none
207,-0.28201440275778406,0.003604374888496566,0.27917585271227624,0.0038512501229903567,False,False,False,False,False,none
208,0.0003484160832182559,0.7763780400463495,0.08630601074167382,0.8295546702864464,False,False,False,False,False,none
209,1.6267263058015073,0.27871061355171894,0.7202593945958445,0.2978004003261433,False,False,False,False,False,none
210,-4.129186178342748,0.11222113521336977,2.2172182592587517,0.11990752187624991,False,False,False,False,False,none
211,-2.860417650513769,1.0368199567673406,1.15802328772875,1.1078350919497817,False,False,False,False,False,none
212,-1.787474426953795,2.2363841434164753,0.40570410160198817,2.3895612897744196,False,False,False,False,False,none
213,-3.7316963564661627,0.13878120177306286,1.268121694488073,0.14828677286124287,False,False,False,False,False,none
214,-3.9563879419056596,2.562687510733774,1.1235433613987125,2.738214224718457,False,False,False,False,False,none
215,-1.2089718936915799,4.461433134111643,0.43452519512073284,4.767011045742693,False,False,False,False,False,none
216,-0.07155559514058053,0.0664325754183283,0.8996243802672018,0.07098275627958359,False,False,False,False,False,none
217,-1.6540283737857289,0.0012679816514765893,0.04829692731263797,0.0013548297949760792,False,False,False,False,False,none
218,0.11568904676684177,0.25923949835710425,0.8202313639127544,0.2769956457964895,False,False,False,False,False,none
219,-1.4666059551802595,1.5408275073735602,0.11172506284908662,1.6463637415237204,False,False,False,False,False,none
220,0.28254385348508443,0.05786564900789483,0.7595071024022352,0.061829053512113354,False,False,False,False,False,none
221,-1.4213318300004287,0.9195668076021077,0.21930929717935388,0.9825508972937795,False,False,False,False,False,none
222,-2.383148539291885,0.029808154374386824,0.6422306965055864,0.03184981078601313,False,False,False,False,False,none
223,-3.3364112425246395,1.4891195913660433,0.9764164357867737,1.5911141839599154,False,False,False,False,False,none
224,-0.7177534082043042,0.9821325201453253,0.48973855247403364,1.0494019368169052,False,False,False,False,False,none
225,3.1589609833773373,2.1099593243130337,2.273215191869649,2.2544772279929735,False,False,False,False,False,none
226,1.6568399957954625,0.535685044071512,1.089571583153221,0.5723758365004686,False,False,False,False,False,none
227,-0.933305605145295,0.3993807048815722,0.38537704427258174,0.4267355745108687,False,False,False,False,False,none
228,-2.323868894469747,0.014684458611459193,0.9831616762505697,0.01569024443431806,False,False,False,False,False,none
229,-3.3353647495216165,0.31053204866713624,1.2774225921618867,0.3318013879295995,False,False,False,False,False,none
230,-0.36988197057480376,1.4004648782313092,0.41725268058730947,1.4963872242439589,False,False,False,False,False,none
231,3.468373409497305,0.40527221299070737,2.19656179187822,0.4330306109684581,False,False,False,False,False,none
232,-0.3554367622662251,0.9854467479022053,0.09849974991339709,1.0529431666975813,False,False,False,False,False,none
233,2.7211614020937303,0.09528577001413369,1.414316823214022,0.10181219901885155,False,False,False,False,False,none
234,0.3373172300129911,0.42133161872208186,0.025459849625121756,0.4501899770753244,False,False,False,False,False,none
235,0.7383673604237374,1.75693867345686,0.17426742346281215,1.8772770567879549,False,False,False,False,False,none
236,-1.9578994910735836,0.3956498462687989,1.169122516539734,0.42274917738631873,False,False,False,False,False,none
237,-1.4151493650027411,1.1005946199734242,0.6718936971147137,1.1759778870569095,False,False,False,False,False,none
238,-0.40871806991509535,1.518580569457575,0.049079609144693816,1.6225930392422951,False,False,False,False,False,none
239,-2.9342129589682946,2.124827839272743,1.2649220928218532,2.2703641353871014,False,False,False,False,False,none
240,-0.42407821630235587,1.089198928751097,0.20626623486022344,1.1638016682730044,False,False,False,False,False,none
241,2.0185041281216574,5.973890904733158,1.3504327622700782,6.383061915954325,False,False,False,False,False,none
242,0.39255044378479154,0.008821726567736752,0.29124787950100584,0.009425955007458941,False,False,False,False,False,none
243,-1.998944482595598,0.20604121633065353,0.9276280239156188,0.2201536422493218,False,False,False,False,False,none
244,-0.3828424408175931,0.35385918163909014,0.0422147696476301,0.3780961356595333,False,False,False,False,False,none
245,2.2878971244731865,1.1571807761715553,1.3299195178199843,1.2364398111794872,False,False,False,False,False,none
246,-0.45009738341393635,4.613920194406463,0.2648518631478897,4.929942435479409,False,False,False,False,False,none
247,2.90734872507222,0.2709974310819533,1.4175346139199472,0.28955891716906734,False,False,False,False,False,none
248,-1.0306693578923092,1.9047740741748198,0.7771482076321404,2.0352381798149928,False,False,False,False,False,none
249,-1.0463494581267483,0.8331144115085816,0.6293283406234994,0.8901770983999353,False,False,False,False,False,none
250,-0.7919770183964505,1.0698672553842687,0.38001212811800456,1.1431459063906266,False,False,False,False,False,none
251,2.154705763235781,0.10063390468095822,1.1260571471049727,0.10752664463856572,False,False,False,False,False,none
252,-0.3724422756463279,4.856009839852688,0.32561498482622286,5.188613579753294,False,False,False,False,False,none
253,0.5570706674185392,1.5267037792248854,0.19061379605184248,1.631272633785936,False,False,False,False,False,none
254,1.1543952011899592,0.00011896620833022154,0.4423810852455792,0.0001271145867555887,False,False,False,False,False,none
255,2.919788760404167,2.06579964714629,1.2106753428690185,2.2072929124373366,False,False,False,False,False,none
256,1.7500460123109423,2.577042833814368,0.4008475667412687,2.753552790070288,False,False,False,False,False,none
257,-0.6495762678383254,1.0076834550826277,0.8438925939098096,1.0767029375074437,False,False,False,False,False,none
258,-2.4858098737958496,0.037095981932743896,1.566264226874286,0.03963680510506478,False,False,False,False,False,none
259,-0.45149008537132185,0.0858111119205881,0.26572720247474996,0.09168859110433764,False,False,False,False,False,none
260,1.1734301873926023,0.13898749729430263,0.5760150390760952,0.14850719822656286,False,False,False,False,False,none
261,-2.9852059942494087,2.176854673091201,1.5574329525498778,2.3259544544689525,False,False,False,False,False,none
262,1.565671860687594,3.7582588519345155,0.9626590560554829,4.015674094261516,False,False,False,False,False,none
263,1.752493288601466,0.3263370387957326,0.8607943273412875,0.34868891269037916,False,False,False,False,False,none
264,0.01839807190325271,0.4641105828260406,0.15294548430377794,0.49589901008756243,False,False,False,False,False,none
265,2.571804169085536,2.4425936482685673,1.1168477223127753,2.6098947471675427,False,False,False,False,False,none
266,1.3808197878544168,1.3731790338786691,0.31547660516453846,1.4672324846095273,False,False,False,False,False,none
267,-1.8323560369787182,0.002948753896062929,1.307018410219825,0.0031507235390871215,False,False,False,False,False,none
268,0.313243293640303,5.389155071656255,0.004325012714445864,5.758275644070821,False,False,False,False,False,none
269,2.5188520375440397,0.8031222058013907,1.0669531226924065,0.8581306300130827,False,False,False,False,False,none
270,-4.027479191282888,0.027375055548785294,2.3234646780312542,0.02925006119247012,False,False,False,False,False,none
271,0.5724029310006713,0.44972789644710187,0.3736161400259093,0.48053120723703147,False,False,False,False,False,none
272,2.616702272361781,0.08052489833710114,1.2910203092965826,0.08604030774221232,False,False,False,False,False,none
273,2.6895500561864205,1.261760026368497,1.068170307726271,1.3481820307440031,False,False,False,False,False,none
274,-2.0115785345965023,1.0999305569085753,1.426987980074011,1.1752683401758859,False,False,False,False,False,none
275,-0.6254459207688755,0.023092468093621234,0.4688806127395405,0.024674145541726828,False,False,False,False,False,none
276,-0.3879050539889824,0.31327013349731075,0.2598225463310652,0.3347270130005715,False,False,False,False,False,none
277,-1.4567774747610065,3.4283711476054357,0.7265969474508577,3.6631913195298593,False,False,False,False,False,none
278,0.5450677807445523,0.20430542323036127,0.39024627072254303,0.21829895909404803,False,False,False,False,False,none
279,2.249054932764647,0.2844630953143313,1.1391660929362928,0.3039468880753689,False,False,False,False,False,none
280,-1.142933916278257,3.0680863314057216,0.7348473108625049,3.2782294369218405,False,False,False,False,False,none
281,-1.1807873103917483,0.07979163983073867,0.6062486364802453,0.08525682600122447,False,False,False,False,False,none
282,0.8278943177817386,0.005195190365772589,0.4898427078897113,0.005551025671329544,False,False,False,False,False,none
283,-0.13681245793260033,0.22179313646551974,0.07631168257990886,0.2369844620817288,False,False,False,False,False,none
284,-0.8237765775691166,0.5009293275067517,0.39444275389190736,0.5352395890690914,False,False,False,False,False,none
285,0.37928167412475744,0.02067217363365663,0.26830698975345635,0.022088077326025895,False,False,False,False,False,none
286,-3.2303063827196468,4.520036845279334,1.5371385679918954,4.829628713666909,False,False,False,False,False,none
287,-0.8951218956769255,1.5063770709858468,0.0964127798825181,1.6095536838910656,False,False,False,False,False,none
288,4.04786451974768,0.06028899362022078,2.321771026945025,0.06441838079492583,False,False,False,False,False,none
289,0.33473301145047607,3.194048949346194,0.05538155962754564,3.4128196398953663,False,False,False,False,False,none
290,1.5863227979649845,1.492900298374864,0.6517194811405332,1.5951538437575632,False,False,False,False,False,none
291,0.6000912999247667,0.5530648000374063,0.04274348370036142,0.5909459878781218,False,False,False,False,False,none
292,0.379654013072648,0.35327922736486705,0.07278654754502371,0.377476458450856,False,False,False,False,False,none
293,4.242576502052659,0.1419249409790851,1.816501706365886,0.1516458368816042,False,False,False,False,False,none
294,-2.9880865315687872,0.5399147658863805,2.0559417192802747,0.5768952655730982,False,False,False,False,False,none
295,1.436590354552332,0.7504632208538113,0.5026049267563163,0.8018648617371017,False,False,False,False,False,none
296,2.2146866176792868,6.151739154049903,0.779705067992234,6.573091564157881,False,False,False,False,False,none
297,-7.022890782917686,0.08967882990499285,3.8593629701869205,0.09582122153927665,True,False,True,False,True,score
298,2.3939598422196777,0.013065865150959494,1.4826404810235578,0.013960788299298494,False,False,False,False,False,none
299,1.130449756088923,0.3921983058939261,0.572913061303893,0.4190612299045906,False,False,False,False,False,none
300,-0.926500546181841,0.7912624483672073,0.539936638573773,0.8454585596291703,False,False,False,False,False,none
301,-4.213190233462201,1.3362462147877605,2.027026322880057,1.4277700178943704,False,False,False,False,False,none
302,-0.9595872514720204,0.3250705024935405,0.04260149253846731,0.347335627241311,False,False,False,False,False,none
303,-2.4024177905918,0.03977662227632887,0.7343072707725199,0.04250105113171234,False,False,False,False,False,none
304,3.132467643810089,0.013102628852544138,2.098712403536294,0.014000070065105185,False,False,False,False,False,none
305,-0.35191017978457595,1.1946345546486565,0.012047939039972016,1.2764589194655722,False,False,False,False,False,none
306,-2.220784665188262,0.11667674549631402,0.9166295836433216,0.12466831124501163,False,False,False,False,False,none
307,-2.2922434974757735,0.729796717332915,0.767983649368977,0.7797828428881047,False,False,False,False,False,none
308,-3.0954967263515716,3.32448687745967,1.0042170775322967,3.5521916814365744,False,False,False,False,False,none
309,-3.6476300957491166,0.6726820473665837,1.071331798902609,0.7187562053886584,False,False,False,False,False,none
310,2.1644908640416602,7.862512020277336,1.9636391043966612,8.401040769024073,False,True,False,True,True,residual
311,-2.90473507398647,0.6613755129940148,0.8892557939472392,0.706675250094046,False,False,False,False,False,none
312,-2.085253755299961,0.3076931549710502,0.313698755507451,0.32876804926910064,False,False,False,False,False,none
313,-2.6891036710214165,1.385023210789472,0.5440159130048206,1.4798879073098767,False,False,False,False,False,none
314,2.1460952710780026,0.8104445468893647,1.9113777344456293,0.8659545018044545,False,False,False,False,False,none
315,-0.24431746736950805,0.2910329894797563,0.36900106115690645,0.31096677543319606,False,False,False,False,False,none
316,4.451304464901213,0.24822723741680722,2.5740526158851544,0.2652291196684565,True,False,False,False,False,none
317,0.22920333869353182,0.5623308699326793,0.010196673268274318,0.6008467207174555,False,False,False,False,False,none
318,0.07655521630609524,0.09444907688577114,0.06592495515673182,0.10091819808576451,False,False,False,False,False,none
319,-3.5549680533558856,0.7611007445619413,1.8151695930845102,0.8132309836740839,False,False,False,False,False,none
320,-1.604480194531974,0.0024903173556284405,0.5055363171030957,0.0026608872048127937,False,False,False,False,False,none
321,-3.809942813120845,0.07486371659864627,1.4747712698634567,0.07999137344958959,False,False,False,False,False,none
322,0.7506298200902359,1.461826270792078e-05,1.0334934152825106,1.5619514560337025e-05,False,False,False,False,False,none
323,0.2573961209478949,0.2126652802907396,0.587421438756658,0.2272314096653573,False,False,False,False,False,none
324,-1.8785298281719895,0.35416041781943797,0.566657935535841,0.3784180044752096,False,False,False,False,False,none
325,2.569250952711931,1.3033663175794148,1.705244600801239,1.3926380707232564,False,False,False,False,False,none
326,1.9847662207820382,2.2617315637874595,1.0805369697542628,2.4166448365311113,False,False,False,False,False,none
327,-2.1271830337150455,3.1213979310108417,1.1311575816421187,3.335192519533281,False,False,False,False,False,none
328,-0.16368708771772275,1.3415672133734704,0.04798630082100144,1.4334554687954544,False,False,False,False,False,none
329,0.6185122827041458,0.4076836347839574,0.4180014632733279,0.43560719879995013,False,False,False,False,False,none
330,2.7362326182559578,0.03458521046916538,1.3621608152851208,0.036954062824629916,False,False,False,False,False,none
331,3.7107142879673045,2.317585640102462,1.5626583954916438,2.4763245382636327,False,False,False,False,False,none
332,4.858468123564457,0.7341469112398109,1.8071478935689702,0.7844309955740072,False,False,False,False,False,none
333,5.8776329374297385,1.614680918415131,1.9403334202448141,1.7252756103376066,False,False,False,False,False,none
334,4.008933596369497,0.19272779378509708,0.64536050381268,0.2059283405528649,False,False,False,False,False,none
335,-0.5511752037072628,0.40169525856453103,1.6967969233397895,0.4292086594234875,False,False,False,False,False,none
336,-3.3224348072931615,4.333111291975966,2.702369037720692,4.629900027717175,True,False,False,False,False,none
337,3.0180519029759,0.6077428386306054,0.9152326884447396,0.6493691012809468,False,False,False,False,False,none
338,-0.7084338825742794,6.611316658370357e-06,1.0763301308870818,7.06414701060619e-06,False,False,False,False,False,none
339,-0.5670924629254475,0.733172887954154,0.7924691137676321,0.7833902582992432,False,False,False,False,False,none
340,-2.218655482171002,3.6416228157096775,1.4355021939334103,3.8910492805969805,False,False,False,False,False,none
341,-0.7351560208059785,0.00024795967977539577,0.42843847497257126,0.00026494323614322126,False,False,False,False,False,none
342,-0.8545426749305037,0.07115058157596048,0.4006908125503784,0.0760239138608443,False,False,False,False,False,none
343,0.4544056289273388,0.11599715226449607,0.31469848349011253,0.12394217048590929,False,False,False,False,False,none
344,-1.8601244448343224,0.14259920481197014,0.8715154086928775,0.15236628321409146,False,False,False,False,False,none
345,-2.1491576828401024,0.9358704117646006,0.8374842471898003,0.9999711877681083,False,False,False,False,False,none
346,-2.8551669963240887,1.3459265923862493,1.012623707644214,1.438113435704698,False,False,False,False,False,none
347,-2.1242636871440617,1.0750833979455954,0.4553812478607244,1.148719319340805,False,False,False,False,False,none
348,-2.7304817473626217,2.799938744353618,0.6585112009212187,2.9917155587706317,False,False,False,False,False,none
349,0.27090671371194336,0.4351365317409396,0.9298073291832074,0.46494043300914745,False,False,False,False,False,none
350,-2.4867897037929474,5.6245348050249175,0.5945032295775833,6.009777292797382,False,False,False,False,False,none
351,-0.3926172523262683,0.6066617734066109,0.5407289396544229,0.6482139904210422,False,False,False,False,False,none
352,-1.6988571371547199,3.0771841670308095,0.2013535477276813,3.287950412584469,False,False,False,False,False,none
353,0.1357597134781065,0.0435469324144352,0.729282679328068,0.04652960194351496,False,False,False,False,False,none
354,-1.0933685327716085,1.0841818702050297,0.013087186653890361,1.1584409752429152,False,False,False,False,False,none
355,0.5315653424196806,2.5131327714607754,0.7781336531832579,2.685265321892343,False,False,False,False,False,none
356,-1.280497918363195,0.4715402982284925,0.2569130186752728,0.5038376106057264,False,False,False,False,False,none
357,0.09869868855709474,0.6928256341672122,0.4638132140825586,0.7402794912685426,False,False,False,False,False,none
358,4.338221097624038,0.04867196844666516,2.42855078578931,0.052005668185250584,False,False,False,False,False,none
359,1.8226952855940532,0.368472940560733,0.7220203572675342,0.3937108379547777,False,False,False,False,False,none
360,0.7415884739358781,2.2813288693834277,0.05293985241387721,2.4375844246487706,False,False,False,False,False,none
361,-0.977239963255092,0.01565106833949026,0.7918198801253313,0.0167230603730386,False,False,False,False,False,none
362,-0.8487122797023197,0.22553883976231687,0.5710796006005018,0.24098672065047952,False,False,False,False,False,none
363,-3.17640309732914,0.1435431266369135,1.5865249711881562,0.15337485728223527,False,False,False,False,False,none
364,0.29299645609930514,3.040868895251977,0.41452871846372397,3.249147790983975,False,False,False,False,False,none
365,3.4776344517772504,0.20282086632844637,1.877172856822055,0.21671272011282186,False,False,False,False,False,none
366,-0.6353200637779718,0.13413237660279653,0.4943367394038815,0.14331953469578756,False,False,False,False,False,none
367,-3.7541090543031688,0.04261661377051419,1.909061819607629,0.045535562782034876,False,False,False,False,False,none
368,-2.837279312073151,0.6758999946931773,1.082299008606208,0.7221945602825606,False,False,False,False,False,none
369,-1.5274775984781541,0.000821243299517431,0.23017390153333012,0.0008774928957489118,False,False,False,False,False,none
370,2.2468418320327226,1.097000549519973,1.6475915051635284,1.172137647152879,False,False,False,False,False,none
371,1.7394631787359607,0.04976576879140246,1.0718351642586934,0.053174386435297406,False,False,False,False,False,none
372,4.934286823552702,4.644609189671987,2.4079612531124104,4.962733418783618,False,False,False,False,False,none
373,1.2354306395530432,0.8319823438884004,0.13126175743943366,0.8889674918256107,False,False,False,False,False,none
374,-0.5418530794132171,1.537279398202514,0.7575315314948914,1.6425726109382237,False,False,False,False,False,none
375,1.1679033272173247,0.2591300888413532,0.2237437520599672,0.27687874247093996,False,False,False,False,False,none
376,1.2144375031807315,3.449794108330561,0.20157869570337197,3.686081607771178,False,False,False,False,False,none
377,-1.517661742434227,0.18280812642386618,1.164663466642313,0.19532924325394355,False,False,False,False,False,none
378,2.1400412501068544,0.6509373725259937,0.8434042456025745,0.6955221677968756,False,False,False,False,False,none
379,-1.3301150957221617,1.200807989622397,1.0093925809928275,1.2830551928659255,False,False,False,False,False,none
380,1.7706326992807144,0.02970221118297136,0.6973227158196776,0.03173661120450706,False,False,False,False,False,none
381,-1.4757271238577998,0.07715956920917616,1.0176461856281502,0.08244447639315135,False,False,False,False,False,none
382,-0.6518592776347807,0.22076929542428422,0.41428222496918016,0.23589049487299998,False,False,False,False,False,none
383,0.23994255146720272,0.08905814518088201,0.10137826671759455,0.09515802412113372,False,False,False,False,False,none
384,-1.996210029556107,1.8589480099638203,1.0041338758404714,1.9862733410042352,False,False,False,False,False,none
385,0.4119154005072505,0.11952749796355133,0.36539024560364936,0.12771432092205778,False,False,False,False,False,none
386,-4.27976787797465,0.8240657449218839,1.9846280860608947,0.8805086595213553,False,False,False,False,False,none
387,-1.2506716157083266,0.5335686402520121,0.11763919094373403,0.570114473373076,False,False,False,False,False,none
388,2.7259434438401025,0.25182137019096723,1.835796204897962,0.26906942616174173,False,False,False,False,False,none
389,0.5944930820141294,0.9493725353473268,0.4342139432206675,1.0143981152429846,False,False,False,False,False,none
390,-1.5917482090122808,0.9271648610563972,0.713642679355869,0.9906693658786401,False,False,False,False,False,none
391,-3.107055698096083,1.5073255845028024,1.3063143095955756,1.6105671641509829,False,False,False,False,False,none
392,3.8730141828889595,0.1038339061450442,2.3424752338194503,0.11094582450008977,False,False,False,False,False,none
393,2.4820360098224237,3.8927140780721894,1.1989187972724022,4.15933859149571,False,False,False,False,False,none
394,-0.9250160362621354,2.924437431596088,0.6943555300627429,3.1247415617219216,False,False,False,False,False,none
395,0.4228630509891199,0.8138136041251118,0.09866036953310754,0.8695543166114389,False,False,False,False,False,none
396,-3.401711645061103,1.2798865599679052,1.7771919222438668,1.3675501089583169,False,False,False,False,False,none
397,1.0418438979081923,0.07345966892694133,0.7347668436875737,0.07849115803481807,False,False,False,False,False,none
398,2.6268585078565634,2.4778299372848966,1.3570434931749218,2.6475444830041126,False,False,False,False,False,none
399,-4.64306158400934,0.817667563370933,2.442560295687946,0.873672245927515,False,False,False,False,False,none
400,-2.3795255849943118,0.2125535202894665,0.8555221871080242,0.22711199486196873,False,False,False,False,False,none
401,2.090928999453377,0.004454367096114431,1.4851571172481703,0.004759461032065518,False,False,False,False,False,none
402,1.2902294590486905,1.1520424889575447,0.7995348769112403,1.2309495861398903,False,False,False,False,False,none
403,2.0035924478808367,0.17885919393493732,0.9858330541226135,0.1911098356717285,False,False,False,False,False,none
404,0.4592472143985309,1.751683216245056e-05,0.03917384894543048,1.871661636400379e-05,False,False,False,False,False,none
405,-1.6719443373948537,2.049557335052889,1.0029583373703708,2.189938112123141,False,False,False,False,False,none
406,-1.5958879429966453,0.009062594309396361,0.7654554254939773,0.009683320555823948,False,False,False,False,False,none
407,2.909202982202622,0.1588642780103498,1.574020032811686,0.16974540361458765,False,False,False,False,False,none
408,1.0867384267683295,0.0006507717950210914,0.37474818955442285,0.0006953452493558569,False,False,False,False,False,none
409,0.5321178508046817,0.053875848816905846,0.03063333822616944,0.05756597906741748,False,False,False,False,False,none
410,-2.4324781675088856,0.5554219018653135,1.4142537262528725,0.5934645351950505,False,False,False,False,False,none
411,-2.045235887338028,1.2894559601713693,0.9434688229424114,1.3777749481747246,False,False,False,False,False,none
412,2.2719213667221085,0.014430904452070736,1.3404024449805352,0.015419323534650817,False,False,False,False,False,none
413,0.7648058855519486,0.5352162588762983,0.34089748723126145,0.5718749426987487,False,False,False,False,False,none
414,2.53944585878898,1.6564455073301256,1.1339758800199502,1.7699007903400692,False,False,False,False,False,none
415,1.3809397257314031,0.08139102374278832,0.3449412847373433,0.08696575686400697,False,False,False,False,False,none
416,-2.001276713654234,0.19279499082580687,1.3654844687350254,0.2060001401351237,False,False,False,False,False,none
417,-0.8524966147712428,0.035290802312543626,0.5348683377180827,0.037707982923858255,False,False,False,False,False,none
418,-2.5294387717999163,0.03568214398907537,1.241738427775682,0.03812612885109913,False,False,False,False,False,none
419,-0.8476942325356183,0.20485073140798937,0.17721632056649025,0.2188816171834883,False,False,False,False,False,none
420,-2.4306987130304787,1.3239468476495682,0.9100275304108584,1.4146282275232183,False,False,False,False,False,none
421,-0.23600819458949646,0.006628850581128366,0.3370923392248969,0.007082881888155637,False,False,False,False,False,none
422,-1.2514560104990975,0.35448597431584306,0.22313732230616654,0.3787658593836494,False,False,False,False,False,none
423,0.25250337964231256,1.5402072569941363,0.5513829152731734,1.6457010081999297,False,False,False,False,False,none
424,-0.028773767097276914,0.33502297728486996,0.3045985528235087,0.3579697790567881,False,False,False,False,False,none
425,-0.9891474259272832,3.739379506912816,0.2224040836951358,3.9955016421481555,False,False,False,False,False,none
426,2.5076932290067004,0.38210479144792087,1.5191429833114065,0.4082763781746428,False,False,False,False,False,none
427,0.5061658750744588,1.0644435154130552,0.24394484009774609,1.1373506770159383,False,False,False,False,False,none
428,2.39823620909121,4.733406645916164,1.1134043780436003,5.05761289854391,False,False,False,False,False,none
429,-3.4830966321897527,1.2334565228226362,1.963570546521807,1.3179399291635203,False,False,False,False,False,none
430,-1.1368968307951053,0.013185024758313738,0.43221247478434127,0.014088109531599592,False,False,False,False,False,none
431,0.647622080245019,0.12783036586174168,0.5202822987106541,0.13658587896007754,False,False,False,False,False,none
432,-0.9223182300197387,0.003500364761814618,0.3456884083179692,0.0037401160080417378,False,False,False,False,False,none
433,-7.164542384084985,0.6066327202952343,3.3059904363310553,0.6481829473685786,True,False,True,False,True,score
434,0.5347944059625489,0.5169860143873106,1.0918047410531702,0.552396050102301,False,False,False,False,False,none
435,-0.8256283264929811,0.8033316498633523,0.21321139074854373,0.85835441957281,False,False,False,False,False,none
436,-0.6033828011287774,1.4770963508920034,0.27842801084070634,1.5782674330566808,False,False,False,False,False,none
437,-0.08158140130942085,0.008683386998560902,0.4759800115145207,0.009278140116032606,False,False,False,False,False,none
438,0.3102938514700712,0.4177311837787101,0.5709666144352116,0.44634293675697867,False,False,False,False,False,none
439,-1.7518359793099827,0.43316625362479794,0.5440074945448017,0.4628352042047484,False,False,False,False,False,none
440,3.0198398443389305,0.48746411553924235,1.8805558009750758,0.5208521014047347,False,False,False,False,False,none
441,-0.094940896994903,0.006862622462260642,0.007202527255016247,0.007332665557672293,False,False,False,False,False,none
442,-1.0079957932258294,0.8810754940431751,0.4488804827063347,0.9414231898094638,False,False,False,False,False,none
443,1.062953491911963,0.8229202939264578,0.6459566059233277,0.8792847529013493,False,False,False,False,False,none
444,-0.3293654110771536,2.142866978702031,0.1589467802473039,2.289638833523361,False,False,False,False,False,none
445,0.3558126386822388,0.0493438281137016,0.20536917864581236,0.05272354568283398,False,False,False,False,False,none
446,-0.5692294525515254,0.0021460289406759533,0.28464067333981335,0.002293017368447634,False,False,False,False,False,none
447,1.049436431811738,1.2088496168944807,0.5578489191933702,1.2916476170667202,False,False,False,False,False,none
448,-3.2387266469638636,1.5365625715587334,1.6348270844455022,1.6418066865309617,False,False,False,False,False,none
449,0.7750192100181628,2.6299697134716946,0.6400659914932657,2.810104802026735,False,False,False,False,False,none
450,2.3853400585606597,0.5840667363079624,1.293564287093442,0.624071346523798,False,False,False,False,False,none
451,-1.3133789528913717,0.5147130482390452,0.7601892435973808,0.5499674011884497,False,False,False,False,False,none
452,1.2141877618246848,0.03279037867013497,0.6185124969387901,0.035036297220163035,False,False,False,False,False,none
453,-0.6672674519322599,2.0922096928811875,0.41828684034793234,2.2355118671884973,False,False,False,False,False,none
454,-0.0027420179946195944,1.8203123955661367,0.01212587612828479,1.9449914490523825,False,False,False,False,False,none
455,0.43454483370112273,0.0011645120996164274,0.20252079585087251,0.001244273280558285,False,False,False,False,False,none
456,-1.2684767644594441,0.007590658407514797,0.6644838427269079,0.008110567027536044,False,False,False,False,False,none
457,3.422457658042786,3.3202007585177515,1.7449897779590133,3.547611992416185,False,False,False,False,False,none
458,-0.1510562403379024,0.05100787487117621,0.33828503787429665,0.0545015683574007,False,False,False,False,False,none
459,1.1861970455979383,2.0573658621905513,0.3783599115500016,2.198281470411224,False,False,False,False,False,none
460,-0.29284267666695946,0.6499753089214757,0.41511097644338724,0.6944942093602963,False,False,False,False,False,none
461,1.2910334969521475,0.11136937890544804,0.43658873781064406,0.11899742603796444,False,False,False,False,False,none
462,-2.594374382103328,1.2083680597844881,1.536372432126136,1.2911330765606799,False,False,False,False,False,none
463,-0.6618967244529302,0.7673623292676761,0.2912391938109333,0.8199214444652294,False,False,False,False,False,none
464,3.0977221562790485,0.2275271363551999,1.5916048865204089,0.24311120207507297,False,False,False,False,False,none
465,-1.5404696754686613,0.37044095366585317,0.9776962173213816,0.39581364661026197,False,False,False,False,False,none
466,-2.6628352172212404,1.0587518106814855,1.3268568527846674,1.1312691291121837,False,False,False,False,False,none
467,0.07684542250372473,1.3120186077819262,0.26812029881587773,1.401882984123613,False,False,False,False,False,none
468,2.1193802312823227,0.09953778674543379,1.205767283698061,0.10635545005848107,False,False,False,False,False,none
469,3.354355299819005,1.078375304482841,1.5639647026634165,1.1522366991496873,False,False,False,False,False,none
470,-3.947976024672398,0.6890852844268305,2.2927529579104777,0.7362829529385132,False,False,False,False,False,none
471,-0.14361353098185903,0.02047459753329841,0.012108583733385166,0.021876968602781533,False,False,False,False,False,none
472,0.22925655441516513,0.00010051065586454857,0.19064599555575132,0.0001073949541141225,False,False,False,False,False,none
473,-0.5981961147463573,0.43563281195150405,0.24905769238617528,0.4654707050482947,False,False,False,False,False,none
474,1.122302834561288,0.2273846133885436,0.6357363313155252,0.24295891725181118,False,False,False,False,False,none
475,-1.8698559992467985,0.08660311209908853,0.9435479561557638,0.09253483792361077,False,False,False,False,False,none
476,0.7795434975164083,0.2930850523014755,0.530952699958058,0.31315939064082965,False,False,False,False,False,none
477,0.44948942875182163,0.1505340627358628,0.26458225011738634,0.16084462509046862,False,False,False,False,False,none
478,-2.202383288952336,0.44769722415186475,1.0753255539075737,0.47836144766187055,False,False,False,False,False,none
479,0.12048644212742127,1.113438553432477,0.26706110606184835,1.189701542848577,False,False,False,False,False,none
480,7.224181430919398,3.0080552529857334,3.661172580464065,3.2140866367691463,True,False,True,False,True,score
481,0.4245096357621768,0.26719518418462374,0.3710388734326528,0.2854962421466342,False,False,False,False,False,none
482,-0.5278801298130749,0.1375620127178269,0.7590393283311399,0.14698407762443177,False,False,False,False,False,none
483,0.3413132958546654,1.916612283941068,0.18539959406837847,2.0478872266618553,False,False,False,False,False,none
484,-0.4409696297881232,0.3516990494372533,0.5279726484022516,0.37578804905218555,False,False,False,False,False,none
485,-0.9054458487932835,0.6808493914161633,0.647795000161142,0.727482957113579,False,False,False,False,False,none
486,-1.595734984103251,0.19657033029641216,0.8532430851123178,0.21003406475459183,False,False,False,False,False,none
487,2.783434454879713,1.2528171664309085,1.44267842606243,1.3386266455524007,False,False,False,False,False,none
488,-0.30104834878578945,0.1497877652980983,0.3428004093177233,0.16004721133970953,False,False,False,False,False,none
489,-1.7205301195424376,0.7437818390319855,0.9631349165233383,0.7947258505745349,False,False,False,False,False,none
490,0.06475376113812661,0.4964684330505018,0.09591559591031146,0.5304731535969907,False,False,False,False,False,none
491,2.576595211773596,0.01002411946020873,1.2957646753735512,0.010710703658270614,False,False,False,False,False,none
492,1.5892401017035491,0.02200989532724678,0.5574343342695468,0.023517423883013717,False,False,False,False,False,none
493,-2.121529718088653,0.767828173464167,1.3549416336633775,0.8204191958297602,False,False,False,False,False,none
494,-2.690109984550019,0.0017142624504485277,1.3598933556767638,0.0018316778019395895,False,False,False,False,False,none
495,-1.2426987657187571,0.20676618568462068,0.38546553911889075,0.22092826708719343,False,False,False,False,False,none
496,-0.7134162910712952,0.007887059311970587,0.05150415698158465,0.00842726938371519,False,False,False,False,False,none
497,-0.0036469515269235975,4.170091089467254,0.30325777815872246,4.455714046962142,False,False,False,False,False,none
498,0.07601660164322638,0.04433536174195772,0.28126807212275423,0.0473720333327362,False,False,False,False,False,none
499,2.360019359506542,2.141551951677416,1.3334733148150246,2.288233736066255,False,False,False,False,False,none
500,-1.0113320637442178,55.55510233361626,0.5693858986022334,59.36025006109332,False,True,False,True,True,residual
501,1.1635575023002167,39.253774613930894,0.599995962289524,41.94239195046516,False,True,False,True,True,residual
502,2.186223352171422,39.622504490078576,0.9763109775347243,42.336377322352014,False,True,False,True,True,residual
503,0.09132357225254978,38.86608986475268,0.23563572407828456,41.52815342529974,False,True,False,True,True,residual
504,0.33097848494360316,39.12529503259139,0.0722006590075445,41.805112389170155,False,True,False,True,True,residual
505,-0.06323903753208579,48.841921993160405,0.24907986905640012,52.18726239703233,False,True,False,True,True,residual
506,-1.79921866730768,19.277697302589743,1.0417593737528976,20.598088823811967,False,True,False,True,True,residual
507,0.11109363284280621,37.87897347124308,0.09369409125230026,40.47342625359442,False,True,False,True,True,residual
508,3.6886051757952405,38.17734807865544,1.8111722467208382,40.79223749799674,False,True,False,True,True,residual
509,3.132135525707694,63.385025026673375,1.1788752021225049,67.72646935500791,False,True,False,True,True,residual
510,-2.0950718958151495,25.309513192536933,1.5937375651505397,27.043043193612238,False,True,False,True,True,residual
511,-0.2737662808659914,33.30026348618797,0.39108466564199323,35.58110568800644,False,True,False,True,True,residual
512,0.28698652231062266,54.71946015517017,0.04072646245852542,58.467372060864314,False,True,False,True,True,residual
513,-0.32496373281234453,49.77017743537086,0.32956928789734385,53.17909704147761,False,True,False,True,True,residual
514,-1.8171838122686002,33.72226812723309,0.9878509498487844,36.032014784869396,False,True,False,True,True,residual
515,1.3934798668946586,47.42205417017263,0.7678997546318806,50.67014325790954,False,True,False,True,True,residual
516,-0.7890406786841853,32.0978233806117,0.44488829981250516,34.29630659031303,False,True,False,True,True,residual
517,-4.969418065287122,32.91166956065563,2.384706938067171,35.165895714072796,False,True,False,True,True,residual
518,1.4053181144814721,43.09187202548818,1.1859841203469734,46.04337300420747,False,True,False,True,True,residual
519,-0.7124674534843948,34.95535370533887,0.07900400660246192,37.349558362118756,False,True,False,True,True,residual
520,-4.251996429215227,17.602667047939846,1.7809867016735554,18.808330357005044,False,True,False,True,True,residual
521,1.3902319707323436,15.55612916216553,1.3134639189018231,16.621618505957738,False,True,False,True,True,residual
522,-2.314490872792371,33.574462623413986,0.7471832828100007,35.874085606476015,False,True,False,True,True,residual
523,-1.0474439725981226,42.0754693557467,0.01716916317801945,44.95735364497195,False,True,False,True,True,residual
524,2.2251546862057348,38.5044019640078,1.6019737670552199,41.14169235637112,False,True,False,True,True,residual
525,-0.08099412305649276,52.277724775621955,0.16237236441599456,55.85839436800357,False,True,False,True,True,residual
526,-3.2113795258036415,36.72068155481118,1.3893224394927146,39.23579919658266,False,True,False,True,True,residual
527,-1.3024772409050016,39.331950371147656,0.18504066169304362,42.025922216852486,False,True,False,True,True,residual
528,1.113755829551506,46.37607193714395,1.024599569527807,49.552518335914336,False,True,False,True,True,residual
529,0.4258550830103923,31.384067163920747,0.48583168950415784,33.53366291357197,False,True,False,True,True,residual
530,0.7218109540544007,27.76805425441318,0.532296923607797,29.669977644062023,False,True,False,True,True,residual
531,0.2030042760112562,34.14001696000251,0.17405331689770473,36.47837657945325,False,True,False,True,True,residual
532,-1.796563707279567,31.91077853628596,0.8311759827357659,34.09645044271494,False,True,False,True,True,residual
533,-1.7526709011553376,48.04431788792729,0.6436389862916507,51.335027820051934,False,True,False,True,True,residual
534,0.3970565069611772,46.16935215207522,0.5283819408500805,49.331639647570526,False,True,False,True,True,residual
535,0.28770701187221903,30.820866802794292,0.36963669541388516,32.931887147410976,False,True,False,True,True,residual
536,-2.3328748303066247,39.865574419088226,0.9760960930108628,42.596095892965,False,True,False,True,True,residual
537,2.0343429855957984,34.73522566825231,1.338595727946687,37.114353047430505,False,True,False,True,True,residual
538,-1.5168329072111375,29.98581478669613,0.6525593276955884,32.03963973164818,False,True,False,True,True,residual
539,-0.12446245515984822,54.048840837293085,0.153689620318789,57.750819867945474,False,True,False,True,True,residual
540,0.09923962581731693,24.119178241367813,0.23151748154618992,25.771178371304046,False,True,False,True,True,residual
541,-1.8282853862509634,32.01894630105907,0.7502411776718991,34.212026965766285,False,True,False,True,True,residual
542,0.2779809348568966,35.777465401230764,0.42200790724455006,38.22797913350419,False,True,False,True,True,residual
543,-1.385237105020132,52.75936095763632,0.46957692355510355,56.373019361962825,False,True,False,True,True,residual
544,-0.8501215489423931,33.77881869533833,0.11596238757411771,36.09243868335608,False,True,False,True,True,residual
545,-0.897726349568434,42.34750322923499,0.11587319341284832,45.24801999382289,False,True,False,True,True,residual
546,0.679850403713344,51.76398056279388,0.6729217664083325,55.309462160880976,False,True,False,True,True,residual
547,0.0020049430556195735,24.088564546088612,0.20936941953046417,25.73846784552453,False,True,False,True,True,residual
548,-3.2219205964399924,26.315806032909656,1.3971211473616552,28.11826026873349,False,True,False,True,True,residual
549,2.102913586485216,50.23736406992356,1.4665204576901678,53.6782827919729,False,True,False,True,True,residual
550,-0.8456003563262675,42.905396962859,0.2577391718785333,45.84412566448781,False,True,False,True,True,residual
551,-0.7423166617262856,46.37658127823377,0.15606629904525482,49.55306256341439,False,True,False,True,True,residual
552,0.9409282036200135,41.157830071762945,0.6920495118951177,43.97686229359165,False,True,False,True,True,residual
553,2.7484852345901816,51.93172270075525,1.4308726136465433,55.48869349764235,False,True,False,True,True,residual
554,-0.6676195449197078,20.92230773634165,0.5131858965912645,22.355343918300814,False,True,False,True,True,residual
555,0.401228506677449,42.75786970773852,0.10817836640760607,45.686493792941796,False,True,False,True,True,residual
556,1.6536618190991639,21.623608585210363,0.6943663016232725,23.104679118997833,False,True,False,True,True,residual
557,0.9131176022099028,36.00144839375791,0.1960964541134699,38.46730344193586,False,True,False,True,True,residual
558,-0.2283514719743518,36.146499899855485,0.39709393024158757,38.62228999244178,False,True,False,True,True,residual
559,1.1794483508498104,43.67515747217577,0.36555003024424715,46.66660954807071,False,True,False,True,True,residual
560,-3.1143795383143686,44.225411756492875,1.7914154082436593,47.254552518962996,False,True,False,True,True,residual
561,-0.3633639510738618,27.203921434015946,0.09802553513208588,29.06720555149427,False,True,False,True,True,residual
562,-0.12360524375449662,13.403059460526945,0.037937865151232146,14.321078132172945,False,True,False,True,True,residual
563,1.1111566023800168,29.52093707602664,0.6295976879770755,31.542921050662656,False,True,False,True,True,residual
564,1.3536133316336656,31.133213654128618,0.6213458318603818,33.26562763968222,False,True,False,True,True,residual
565,0.48157317584203396,35.27207685463998,0.07386323848130827,37.687974899086846,False,True,False,True,True,residual
566,0.5035462315699794,28.941197515470954,0.06975442564939144,30.92347326208266,False,True,False,True,True,residual
567,1.7142358471073502,24.904437145179614,0.6433683422438325,26.61022218429263,False,True,False,True,True,residual
568,-0.26488461752720943,58.49754675476207,0.4458004923218135,62.50423196902322,False,True,False,True,True,residual
569,0.7102860717858309,30.19443408046734,0.1166237403684516,32.26254803215785,False,True,False,True,True,residual
570,0.7369340467862372,27.31568310236647,0.10623163163231658,29.186622136143736,False,True,False,True,True,residual
571,1.713309074202256,17.8596153334042,0.558833921854561,19.082877857364952,False,True,False,True,True,residual
572,1.6302423626693916,52.4752031584527,0.40675368697962716,56.06939868073256,False,True,False,True,True,residual
573,1.8224261715648589,32.26278013481323,0.4186724714488656,34.47256176341787,False,True,False,True,True,residual
574,1.0475921415399891,34.661387046733026,0.04109994154292442,37.03545698112088,False,True,False,True,True,residual
575,4.446420645432187,40.565356393393635,1.6166196132569375,43.343808186492346,False,True,False,True,True,residual
576,-0.43584132557957134,44.9453961469019,1.07613512811874,48.02385095708148,False,True,False,True,True,residual
577,4.375463890921762,45.01158784414494,1.4740863992246183,48.09457633666444,False,True,False,True,True,residual
578,-3.4242981445844762,23.236470432586906,2.6060657633804656,24.828011064267898,True,True,False,True,True,residual
579,0.8462148113348376,34.2666647778873,0.012312245276239087,36.61369891392015,False,True,False,True,True,residual
580,-5.819555999904284,34.33423109459198,3.2448426918254354,36.685893065075014,True,True,True,True,True,both
581,-2.375174931518428,26.150743095783177,0.9242672828497812,27.94189163989348,False,True,False,True,True,residual
582,2.3861534700620757,41.70141496171027,1.5713262199848779,44.55767906183259,False,True,False,True,True,residual
583,-2.861446052396074,52.04280965397473,1.2896733259935478,55.607389153750304,False,True,False,True,True,residual
584,1.277054861649295,12.894740958550745,0.9767343927364645,13.777943260297649,False,True,False,True,True,residual
585,-2.784754526601337,61.81465587151575,1.189866056685943,66.04854056318244,False,True,False,True,True,residual
586,-0.5501020493660167,47.828641472850734,0.13261562227095602,51.10457903328986,False,True,False,True,True,residual
587,-2.025049718575333,72.34283516306874,0.6097204766160439,77.29782873264102,False,True,False,True,True,residual
588,2.131057829269208,39.88454406627332,1.5292414207557428,42.61636483232751,False,True,False,True,True,residual
589,2.2323615324516695,33.10039013522858,1.2725572572102894,35.36754236807499,False,True,False,True,True,residual
590,1.3842993810079922,15.233992408864605,0.6064692435609687,16.277417569831645,False,True,False,True,True,residual
591,-1.6226819526330916,42.23445584958199,0.9741551952672981,45.12722963536661,False,True,False,True,True,residual
592,2.667135194405855,42.49655511309853,1.30258480631969,45.407280920840634,False,True,False,True,True,residual
593,-4.818708500180863,22.09808775933069,2.5909180248997203,23.61165689856212,True,True,False,True,True,residual
594,0.6092499699593619,17.528149668338383,0.561530631457743,18.728709042288042,False,True,False,True,True,residual
595,-0.28111398256355047,21.29273195061417,0.017118280323087064,22.751139678982828,False,True,False,True,True,residual
596,0.695977784897855,26.589863048418977,0.4878910848931024,28.411088331112676,False,True,False,True,True,residual
597,-3.0336564675229623,22.94251013262969,1.4197314092516378,24.51391647744296,False,True,False,True,True,residual
598,0.005540528084705454,33.630923793592856,0.33918017931998623,35.93441398388469,False,True,False,True,True,residual
599,2.345118598667578,38.165124479924586,1.4067744862283966,40.77917666565496,False,True,False,True,True,residual
600,-1.9993720205768584,47.00922535016498,0.9830231832438433,50.22903846359343,False,True,False,True,True,residual
601,2.722495788214629,19.36583033820252,1.5051707156202319,20.692258374633802,False,True,False,True,True,residual
602,1.069616348530377,28.896570795068392,0.40197079211058173,30.875789913997103,False,True,False,True,True,residual
603,1.3623146140523203,34.39415143695358,0.46362724363783636,36.74991754450035,False,True,False,True,True,residual
604,-0.6208450764249873,51.37849792296991,0.5915536646632951,54.89757657462555,False,True,False,True,True,residual
605,-0.8822362380704512,53.81913317206139,0.6000997611720428,57.50537878555451,False,True,False,True,True,residual
606,-2.118602355857921,49.995441372163405,1.0801057805274084,53.41979003016932,False,True,False,True,True,residual
607,1.0586772570077343,47.11331017050217,0.6778941303289485,50.34025238820609,False,True,False,True,True,residual
608,0.3347041236820911,37.30293461125332,0.1909608984128962,39.85793263847046,False,True,False,True,True,residual
609,2.287123229739204,27.706426926734572,1.1003053377043237,29.60412926240248,False,True,False,True,True,residual
610,-0.8799803764580629,28.070927275708137,0.6567959245603667,29.99359541318903,False,True,False,True,True,residual
611,1.1828257666078466,29.44896744245422,0.4756722703668477,31.466021985298514,False,True,False,True,True,residual
612,3.1844398319881195,39.38037295865028,1.351949445137557,42.07766142319036,False,True,False,True,True,residual
613,-0.5201434289126619,16.71046080691619,0.7163271203989194,17.8550140395372,False,True,False,True,True,residual
614,-1.638480571199631,58.66468927830894,1.1158065359840317,62.68282262184938,False,True,False,True,True,residual
615,-0.41995335641431153,38.82609069358031,0.3012767292455495,41.48541458218197,False,True,False,True,True,residual
616,-1.11196269053789,30.017391731973042,0.5768633052049678,32.07337948351735,False,True,False,True,True,residual
617,-1.7369223474344817,36.084573758971096,0.7647924088587669,38.55612233089845,False,True,False,True,True,residual
618,0.41305205781977683,19.756378397315288,0.4315790740023535,21.109556327044928,False,True,False,True,True,residual
619,-0.7225720172920398,54.992503518022104,0.20587117357366763,58.75911704225382,False,True,False,True,True,residual
620,-2.7240874446060808,34.015112575829015,1.1360606972537381,36.344917092082646,False,True,False,True,True,residual
621,0.7602759762623109,37.691478557132314,0.7821623142191569,40.273089209483466,False,True,False,True,True,residual
622,0.8284409118212495,30.930564983300798,0.658811259138505,33.04909890929397,False,True,False,True,True,residual
623,-2.3235414756350368,32.84260229416375,1.0026526459922045,35.09209780824995,False,True,False,True,True,residual
624,1.4395451995782926,40.795858857054405,1.0241570945066154,43.59009850561434,False,True,False,True,True,residual
625,-2.143868273323548,31.655331288609624,0.9197555882306857,33.82350679105128,False,True,False,True,True,residual
626,-0.9568514929103812,43.885350218173556,0.15972843071752119,46.891199071613116,False,True,False,True,True,residual
627,0.22019791146264928,38.010399621769814,0.44345598666198266,40.61385420408194,False,True,False,True,True,residual
628,-7.54202803597636,22.296316216284012,3.4123532987544762,23.82346266040398,True,True,True,True,True,both
629,1.5321411081583018,32.103077216900054,1.6739400464829333,34.30192027875489,False,True,False,True,True,residual
630,-1.7295432583938601,34.166058089867434,0.24378953885906016,36.50620135009938,False,True,False,True,True,residual
631,0.1043867722633176,27.23516516298753,0.6950005629702538,29.100589264001123,False,True,False,True,True,residual
632,-0.9236583258371384,31.607513264304256,0.057075617390875785,33.77241355638944,False,True,False,True,True,residual
633,-2.246017307700142,40.214586761702144,0.5960990314152224,42.96901321399807,False,True,False,True,True,residual
634,2.4492749818256545,33.60364970929722,1.8018125615388823,35.90527180979141,False,True,False,True,True,residual
635,-1.0874001298492,37.3131145634502,0.27494842655182933,39.868809848350985,False,True,False,True,True,residual
636,-2.215853381284954,31.225503316002147,0.7676130718195935,33.364238517472856,False,True,False,True,True,residual
637,-0.40074811737065075,49.01485346177573,0.26680581093034594,52.3720384984027,False,True,False,True,True,residual
638,-0.5467744873979394,35.27859482863297,0.14257598509135266,37.69493931009256,False,True,False,True,True,residual
639,-0.9334387023089319,29.200397394703007,0.07359282673654627,31.200426575112733,False,True,False,True,True,residual
640,-0.38633858634756224,29.927761957720673,0.2066411663742316,31.9776106776102,False,True,False,True,True,residual
641,1.7999163055044436,37.76012725362072,1.2263333677049022,40.34643987609639,False,True,False,True,True,residual
642,-0.4950455389878279,64.74916068032974,0.13271076276542382,69.18403904918334,False,True,False,True,True,residual
643,0.549975624894477,39.66049163490223,0.40099494770889504,42.37696632896203,False,True,False,True,True,residual
644,-0.2733664236650971,29.46609096702113,0.07878358832009717,31.484318355164152,False,True,False,True,True,residual
645,0.7405710916492916,23.84494463620099,0.429051352780339,25.478161624073472,False,True,False,True,True,residual
646,-5.908328504606996,24.189173364678403,2.883563974020671,25.84596768584482,True,True,True,True,True,both
647,-0.1346390887975247,56.16041409188153,0.4952019922002779,60.00702156949182,False,True,False,True,True,residual
648,2.783523796795513,28.34001342643743,1.8123873342541659,30.28111214026385,False,True,False,True,True,residual
649,-1.6662841149502021,24.240681331599898,0.7096448771177865,25.90100359916629,False,True,False,True,True,residual
650,-1.655327417801665,32.30842211753843,0.5623984615303633,34.52132991240952,False,True,False,True,True,residual
651,1.9847904907738758,19.191099412427707,1.3166819596140518,20.505559565492682,False,True,False,True,True,residual
652,0.3592057684787068,28.74853294471879,0.2644262998758472,30.717612474911697,False,True,False,True,True,residual
653,1.5512242475505773,38.82021245768558,0.7900444749009999,41.47913372699545,False,True,False,True,True,residual
654,0.6867278541950617,16.525923139469583,0.21248324756857467,17.657836793430445,False,True,False,True,True,residual
655,-1.4842445544174807,20.406547660598832,0.8836170311868272,21.804257775325667,False,True,False,True,True,residual
656,-1.379142809985994,29.70856442266937,0.6558862611831865,31.743399598035836,False,True,False,True,True,residual
657,-2.845095949738856,51.84767177303476,1.2361568109612073,55.398885651418006,False,True,False,True,True,residual
658,-0.6320592300482716,40.521416468918176,0.08509258585049399,43.29685867519696,False,True,False,True,True,residual
659,-0.39557433012531534,28.574877094234367,0.1828435368833198,30.53206237642705,False,True,False,True,True,residual
660,0.3488003445368957,44.717922323742755,0.5075303920501394,47.780796719794814,False,True,False,True,True,residual
661,0.15714059427566163,35.794020497877035,0.31300912484559057,38.24566814199178,False,True,False,True,True,residual
662,-0.047856447320174966,40.846500536333465,0.15091933487409004,43.64420879646516,False,True,False,True,True,residual
663,-2.1183743513727196,25.688007609813134,0.8841161688443939,27.447461911470455,False,True,False,True,True,residual
664,0.49924728574710475,57.17084982018044,0.5630758848642998,61.08666529226457,False,True,False,True,True,residual
665,-0.39990337358425576,62.8002643041331,0.014090169901957595,67.10165648890158,False,True,False,True,True,residual
666,0.5443468180358817,49.706625502470104,0.46953011509088627,53.11119223219114,False,True,False,True,True,residual
667,2.440907461669786,22.817115579139383,1.2960518088333683,24.379933247481745,False,True,False,True,True,residual
668,1.0849417807607435,40.27255422940057,0.37877211515566134,43.030951060090466,False,True,False,True,True,residual
669,-0.584294538541039,31.48285915012528,0.5070863133899299,33.63922148081062,False,True,False,True,True,residual
670,0.16666879170126525,41.144458421198784,0.04121592038571452,43.96257477565223,False,True,False,True,True,residual
671,-2.8853606619584937,29.714778510751096,1.5141658165023166,31.750039309006358,False,True,False,True,True,residual
672,0.7078648314665986,26.682228967288395,0.5325105230345214,28.509780688986233,False,True,False,True,True,residual
673,1.2689257929434556,40.643022233305125,0.698299242066246,43.42679360969733,False,True,False,True,True,residual
674,-0.9395583072788575,27.875371664013592,0.5131691903187727,29.784645568378572,False,True,False,True,True,residual
675,-3.7035255424362328,51.53982891769249,1.7519277617182258,55.06995764831754,False,True,False,True,True,residual
676,-0.7324174667325158,45.220699884098664,0.04037858105652612,48.31801113312826,False,True,False,True,True,residual
677,1.051936860487065,38.42799166367635,0.8982752685263709,41.06004846869218,False,True,False,True,True,residual
678,5.425540282114832,27.07136981652629,2.8411918419915465,28.925575047189945,True,True,False,True,True,residual
679,-0.930969976905519,26.70013873710068,0.8119508999708797,28.528917156564127,False,True,False,True,True,residual
680,-0.5186532133577769,20.010093341795482,0.4494575603291234,21.380649024492225,False,True,False,True,True,residual
681,-3.551532008185128,14.798795865118953,1.8314650427431265,15.81241301440247,False,True,False,True,True,residual
682,-1.6710395024568512,54.92942680298619,0.5525424121242044,58.69172000003294,False,True,False,True,True,residual
683,0.9960980990061894,30.598672641587676,0.85236568838899,32.69447419311319,False,True,False,True,True,residual
684,1.594042035830921,40.38734481754634,0.972083204181646,43.15360402499861,False,True,False,True,True,residual
685,1.6505404367367829,22.372947633737798,0.8050860367594498,23.905342810228493,False,True,False,True,True,residual
686,0.002280110088364845,35.26051467699352,0.15585523006112886,37.6756207906879,False,True,False,True,True,residual
687,-0.2499127328984527,37.469222478767875,0.24707693928871047,40.03561009712248,False,True,False,True,True,residual
688,-3.1780552899746812,42.92966854131369,1.6187305677084352,45.87005968145345,False,True,False,True,True,residual
689,3.5300306980953655,55.898667990916906,1.960544595515103,59.72734763580932,False,True,False,True,True,residual
690,1.3662822062707851,67.71123747834852,0.5183379162062902,72.34899801865254,False,True,False,True,True,residual
691,0.33851837800664897,25.577153847669173,0.08411799578875033,27.329015418445156,False,True,False,True,True,residual
692,-1.5534941980568178,21.908464586013974,0.9855148718443972,23.40904582392376,False,True,False,True,True,residual
693,-0.12932957192644973,36.05765079815649,0.09724465243091074,38.527355329863276,False,True,False,True,True,residual
694,1.8070913998507494,39.68955608287785,0.8619767760890285,42.40802149450488,False,True,False,True,True,residual
695,-1.9611425927558563,29.456077531764713,1.1391958563948494,31.47361906750517,False,True,False,True,True,residual
696,6.06092347343091,30.15069604928788,2.981865489344017,32.21581424247997,True,True,True,True,True,both
697,-0.6716408605190827,33.372079441060436,0.8819163458316992,35.657840548721936,False,True,False,True,True,residual
698,-0.7364517551147598,58.20022788867165,0.7369867208892611,62.186548777063216,False,True,False,True,True,residual
699,-0.7134262266207708,34.51375111129465,0.5784147619211735,36.87770898539228,False,True,False,True,True,residual
700,-2.770973500323512,33.839353792792636,1.4612886158369334,36.157120024428615,False,True,False,True,True,residual
701,-5.086026040219706,46.82995321730506,2.2925586483625184,50.03748740548097,False,True,False,True,True,residual
702,0.8434280286118303,78.77849129768632,1.043601042914163,84.17428366497128,False,True,False,True,True,residual
703,2.4839377098143203,17.217936807913624,1.631043395893183,18.39724870483064,False,True,False,True,True,residual
704,0.9181868303425007,36.92057337936511,0.5449536594724715,39.44938225542458,False,True,False,True,True,residual
705,-0.45357723929913635,16.867272641869842,0.22977358593278469,18.02256642166566,False,True,False,True,True,residual
706,-1.9058356159241316,38.17736901617676,0.8886204084335138,40.79225986959627,False,True,False,True,True,residual
707,2.9611359958179753,30.39159685328998,1.6511138642647532,32.473215117733695,False,True,False,True,True,residual
708,-5.3376736299763,40.5918075270792,2.706638648457495,43.37207104344013,True,True,False,True,True,residual
709,2.5882659508441517,41.04779619171738,1.6812597121522095,43.85929183902794,False,True,False,True,True,residual
710,-1.6904649216319019,33.33903595691181,0.7315208668951829,35.6225338100146,False,True,False,True,True,residual
711,-3.122475932437795,24.745140053833175,1.280191900070427,26.440014322563833,False,True,False,True,True,residual
712,0.3803776557960029,32.68830838907612,0.675830891824808,34.92723581710639,False,True,False,True,True,residual
713,0.8803405343389974,41.69893776561129,0.7833037729104781,44.55503219460151,False,True,False,True,True,residual
714,0.2741410332000489,29.229667252149074,0.3324458226796904,31.231701219281643,False,True,False,True,True,residual
715,1.5948250714244083,41.684683161218416,0.9069033096233251,44.539801246484416,False,True,False,True,True,residual
716,-0.7902127015712465,66.94413633940647,0.43196993191118604,71.5293556542788,False,True,False,True,True,residual
717,-0.8257740620601305,46.89819276641467,0.36283437696880555,50.11040090089453,False,True,False,True,True,residual
718,-6.083389630613336,25.48437665121476,2.8418627324538575,27.22988361326137,True,True,False,True,True,residual
719,-3.058750989541113,26.061753481372612,0.8055902546991103,27.846806840435644,False,True,False,True,True,residual
720,0.7824884492732513,48.062196417106726,1.2197356495812453,51.3541309072255,False,True,False,True,True,residual
721,-1.1589858710772885,43.47585178750451,0.033563560063522783,46.45365277571814,False,True,False,True,True,residual
722,0.6085014555912397,36.660878089877215,0.8846374576958441,39.17189959989608,False,True,False,True,True,residual
723,-1.9582847664791292,41.321985486995416,0.5379877075365855,44.15226124144286,False,True,False,True,True,residual
724,-0.4588734672118896,38.28410406202447,0.29729535423194475,40.906305542192726,False,True,False,True,True,residual
725,-0.15376483635454727,42.51003367480781,0.3859098192393366,45.42168267261353,False,True,False,True,True,residual
726,-4.114292250627087,27.04638579124312,1.6133721403682992,28.89887978561999,False,True,False,True,True,residual
727,-1.7641684132623612,33.76406107042443,0.15014935967999796,36.07667026122383,False,True,False,True,True,residual
728,0.2089475546109208,52.091939137435546,0.8374616111307759,55.659883673625245,False,True,False,True,True,residual
729,2.587540141715456,29.736729154442486,1.8243339286018814,31.77349342291831,False,True,False,True,True,residual
730,-0.6865620684808135,58.81979559920501,0.12950098839734608,62.84855267377434,False,True,False,True,True,residual
731,1.0808445102012478,51.430552521689556,0.7541466307867296,54.953196560316016,False,True,False,True,True,residual
732,-0.07244781032442646,44.889494994955115,0.04360822234814454,47.96412095535567,False,True,False,True,True,residual
733,-4.5076139266962105,51.96997611272197,2.117562296165674,55.52956700888887,False,True,False,True,True,residual
734,-1.3898355991271607,41.78883905482857,0.1809478978815531,44.651091112407215,False,True,False,True,True,residual
735,2.0438999175763417,42.841599983151525,1.5216821154389177,45.7759590243503,False,True,False,True,True,residual
736,-3.0528680119552654,28.51514934410509,1.256187903310297,30.468243680495767,False,True,False,True,True,residual
737,1.1329736728027082,60.88647987283488,1.026497876783595,65.05679080360973,False,True,False,True,True,residual
738,-0.13325801102613488,24.05180656985139,0.20667814803832985,25.699192197212728,False,True,False,True,True,residual
739,0.7172320843108358,27.925292018044708,0.5780973961648405,29.837985128094086,False,True,False,True,True,residual
740,-1.1475227212392378,38.09927041659187,0.44251397655288727,40.7088120456153,False,True,False,True,True,residual
741,1.426530462474938,39.46140364718777,0.8952132517644739,42.164242164331355,False,True,False,True,True,residual
742,0.5559573235410223,51.8905245232978,0.2936691384439756,55.444673524440795,False,True,False,True,True,residual
743,3.5872270565668734,23.82398338276373,1.7060534047744547,25.455764666937878,False,True,False,True,True,residual
744,0.4104050655570133,27.56557877896558,0.17691394056932758,29.453633971762898,False,True,False,True,True,residual
745,-1.3994793140409911,20.761457053526595,1.0198936518070718,22.18347605462447,False,True,False,True,True,residual
746,0.050840286106239946,21.288377239192712,0.11205429741679107,22.746486699363253,False,True,False,True,True,residual
747,-0.30072136840850094,42.98100375498397,0.26026128348019784,45.92491100909764,False,True,False,True,True,residual
748,0.5675760875360379,40.350247513189146,0.2131880150276999,43.11396580689198,False,True,False,True,True,residual
749,3.1059150285327233,42.685823197926226,1.4024422176802547,45.60951258583674,False,True,False,True,True,residual
750,-1.2694465310639331,41.654498608534155,1.0014711022602674,44.50754925665709,False,True,False,True,True,residual
751,-0.8302914601947503,55.15782083707941,0.5880487118544707,58.93575747646167,False,True,False,True,True,residual
752,-1.1656196778488028,34.73420716439432,0.6331784984181015,37.11326478296588,False,True,False,True,True,residual
753,-0.11885159445046065,37.95027100143183,0.0014685639468632636,40.54960718105141,False,True,False,True,True,residual
754,-0.41942134912722073,47.458153454048826,0.14469590386058326,50.70871509790093,False,True,False,True,True,residual
755,-2.943275134078836,39.59707628932158,1.340618677552381,42.30920746230073,False,True,False,True,True,residual
756,-1.3486684246951395,54.50039192614998,0.2986097422325069,58.233299143907225,False,True,False,True,True,residual
757,-1.8275109655708834,43.39417837052805,0.4712768545131406,46.36638528359919,False,True,False,True,True,residual
758,0.9024044829866862,44.943091867550095,0.9478451119817363,48.02138885022202,False,True,False,True,True,residual
759,0.07927074945835777,36.05839163580808,0.35879764133050496,38.528146909869534,False,True,False,True,True,residual
760,1.5411829928000953,38.73293850860347,0.9965248108719056,41.38588210430519,False,True,False,True,True,residual
761,4.013645880019849,53.6391819299305,1.997141073309012,57.31310210379183,False,True,False,True,True,residual
762,-3.17003331164942,29.78396688137979,1.8886283024032346,31.823966613778033,False,True,False,True,True,residual
763,0.763449718892595,41.62694562991027,0.39807233173370055,44.478109085865576,False,True,False,True,True,residual
764,-1.8035780707071918,57.03673619894077,0.9273570444465166,60.94336579754708,False,True,False,True,True,residual
765,0.48017143420873654,28.44711904435004,0.366450314320702,30.395553766598383,False,True,False,True,True,residual
766,0.7123509490113233,25.527704923681696,0.40584025533920803,27.276179578533966,False,True,False,True,True,residual
767,0.24753048871760658,15.524760531331346,0.0990882576636619,16.588101336657797,False,True,False,True,True,residual
768,-3.205812976054176,49.88275869868154,1.596685842263977,53.2993893577834,False,True,False,True,True,residual
769,0.5319038788051386,35.37556498472367,0.5366182046874725,37.79855126421048,False,True,False,True,True,residual
770,1.6646904024947533,41.709787470546004,0.9790518926688734,44.566625030740056,False,True,False,True,True,residual
771,1.224502367677084,46.191838035372825,0.569612032160676,49.35566566137165,False,True,False,True,True,residual
772,-0.6809494484175483,30.894136798728393,0.46905310283773777,33.010175641139334,False,True,False,True,True,residual
773,-1.8308930707222968,43.78732700777793,0.933326393920607,46.78646193611234,False,True,False,True,True,residual
774,-4.032762351776943,46.86818241133613,1.8152594337662438,50.07833504002749,False,True,False,True,True,residual
775,2.6301811292447903,43.19507593900912,1.7814132052301204,46.1536456858614,False,True,False,True,True,residual
776,3.809586484182053,40.02759482244319,1.9975126715657079,42.769213595105036,False,True,False,True,True,residual
777,0.47754539136688723,68.87734999098011,0.019076553598624583,73.5949813296633,False,True,False,True,True,residual
778,-3.9732556717516614,49.58834451250611,2.1752979778143846,52.984809796612616,False,True,False,True,True,residual
779,-0.09055035668674448,32.27639657802743,0.1440934475771425,34.48711084064365,False,True,False,True,True,residual
780,0.6524673742949759,18.094652384421636,0.47587177663625096,19.334013352323346,False,True,False,True,True,residual
781,1.124144630781346,34.70096647412589,0.6096090681329265,37.077747330857015,False,True,False,True,True,residual
782,-0.6935505564406902,36.03975397077655,0.3944659403084355,38.50823269118657,False,True,False,True,True,residual
783,-0.8773637645736022,23.57750831366684,0.40477990311752565,25.192407727235807,False,True,False,True,True,residual
784,-0.9025374833525146,26.06534444669732,0.3360410844265034,27.850643762530673,False,True,False,True,True,residual
785,-0.44261149626955515,58.461665755050966,0.04562427803966046,62.4658933641818,False,True,False,True,True,residual
786,4.526373474838505,37.392150698328706,2.3750192953730416,39.953259422434684,False,True,False,True,True,residual
787,-2.1756350851814794,49.52583316523874,1.3525641515548847,52.91801684601802,False,True,False,True,True,residual
788,-0.06269903248007522,39.17557423292663,0.056613556742536104,41.85883537372788,False,True,False,True,True,residual
789,1.8440990802610575,37.55726515269859,0.8801052599849449,40.12968309709988,False,True,False,True,True,residual
790,-3.274855522337595,47.48760596457377,1.780216894055179,50.74018490564583,False,True,False,True,True,residual
791,-2.4715630110130125,29.969619463485,1.0343242928787846,32.022335138636,False,True,False,True,True,residual
792,5.522428944648581,42.782948136040964,3.052137977069272,45.71328992349759,True,True,True,True,True,both
793,-0.5430767258233409,39.271194519733996,0.5019653473601685,41.961005001671566,False,True,False,True,True,residual
794,2.455249656218343,19.17521597497789,1.0535579417488556,20.488588220301217,False,True,False,True,True,residual
795,-5.158721532980648,20.431167753964395,2.8523216027006386,21.8305641781099,True,True,False,True,True,residual
796,3.4656120205846914,44.91433419178334,1.9036538260320233,47.99066146870376,False,True,False,True,True,residual
797,-1.5630963354002043,49.05421505744273,0.9175802607480437,52.41409609641712,False,True,False,True,True,residual
798,-1.779391072776139,43.93356637550284,0.8390351052257232,46.942717708710816,False,True,False,True,True,residual
799,1.200342622801105,32.233217763111085,0.7748788416279998,34.440974569750225,False,True,False,True,True,residual
800,-0.02229779353308703,18.724469709727032,0.026538378847098004,20.00696889290409,False,True,False,True,True,residual
801,-2.5335480258478267,41.03798008594722,1.1975145689508118,43.8488033965867,False,True,False,True,True,residual
802,1.8709925544270105,29.828890149117818,1.1795742128631934,31.87196682068031,False,True,False,True,True,residual
803,0.43241638956099304,8.410326715032141,0.2454980015737167,8.986377055014676,False,True,False,True,True,residual
804,0.9382958530549839,30.98643052524249,0.4419088631062253,33.108790861970846,False,True,False,True,True,residual
805,2.1287244124164113,42.96197170474985,0.9312589149524,45.90457539250047,False,True,False,True,True,residual
806,-0.8849204012907512,21.73302328014628,0.717557339318717,23.22158797847129,False,True,False,True,True,residual
807,3.733738047951964,36.212558891804015,1.667454428154957,38.69287357731758,False,True,False,True,True,residual
808,-1.3026279654830728,46.06252364294764,1.1102561485663938,49.217494110093405,False,True,False,True,True,residual
809,2.9880797763016522,37.91061537705953,1.1941362619124893,40.507235415359524,False,True,False,True,True,residual
810,-0.6688726294745666,28.55350503231223,0.8194617390086147,30.50922647321152,False,True,False,True,True,residual
811,-1.4538333733571214,9.735835504426243,1.0365219474374288,10.402674206698624,False,True,False,True,True,residual
812,-0.9040924862741494,44.74942573232158,0.5624205265941493,47.81445789820082,False,True,False,True,True,residual
813,1.5425150364769644,39.474523466391176,0.737436829105148,42.178260602169765,False,True,False,True,True,residual
814,-3.2620722891600638,49.13508162059696,1.7417847509406335,52.500501470699206,False,True,False,True,True,residual
815,-1.8801093679231264,29.095509917992437,0.7227416402484085,31.08835501760884,False,True,False,True,True,residual
816,-1.9924805640194876,33.165674065243806,0.6327286437209827,35.43729780453163,False,True,False,True,True,residual
817,1.8033001162559377,36.70163495391442,1.3359631596016408,39.215448032701154,False,True,False,True,True,residual
818,1.5723430277933894,25.712748979190444,0.956683784598866,27.473897896850726,False,True,False,True,True,residual
819,-2.738248053027454,37.36066017619528,1.3266438188707421,39.91961201310819,False,True,False,True,True,residual
820,1.644956884498035,53.721596566467426,1.0659163236008353,57.40116158398409,False,True,False,True,True,residual
821,-1.7001184144250854,46.56494710960192,0.7706793166292242,49.75433017670817,False,True,False,True,True,residual
822,-1.6153931214312272,11.894274084368298,0.5754250697473469,12.708951190538201,False,True,False,True,True,residual
823,-0.019014250398800003,61.73158351859657,0.3144051991358039,65.95977831749647,False,True,False,True,True,residual
824,-1.1431094925519156,34.463147889550676,0.29401516769862557,36.823639786156875,False,True,False,True,True,residual
825,-0.7497491780813924,40.93642708196474,0.04430880748296869,43.74029470057792,False,True,False,True,True,residual
826,-2.8897510076956996,42.7887800932995,1.0740202150053495,45.7195213302752,False,True,False,True,True,residual
827,-1.9374668245403623,40.34329071434791,0.3970591830616417,43.10653251451209,False,True,False,True,True,residual
828,-1.2325385906955484,31.67485720639715,0.024464300196851994,33.84437010177978,False,True,False,True,True,residual
829,-2.096355091963292,50.14669113402363,0.399650930944049,53.581399374920196,False,True,False,True,True,residual
830,-1.1458846922415442,22.07993325180155,0.14155598942197334,23.592258930393612,False,True,False,True,True,residual
831,-0.8504425549454064,68.128673959003,0.2566270412848559,72.79502606711999,False,True,False,True,True,residual
832,-4.192307382220723,37.13920691477303,1.416552655163033,39.682990705205114,False,True,False,True,True,residual
833,-1.477860238434616,42.92206783327567,0.1841174842791317,45.861938376463875,False,True,False,True,True,residual
834,0.7693902222217269,23.093055108931154,1.2379164346591818,24.674772763604256,False,True,False,True,True,residual
835,-0.36040231842785997,54.233584701882535,0.44202884114274915,57.9482174343009,False,True,False,True,True,residual
836,-1.157800978342801,42.11453424538266,0.0333657799638389,44.9990942146045,False,True,False,True,True,residual
837,-1.286281583039963,34.58504977376543,0.08904607943603908,36.95389112268492,False,True,False,True,True,residual
838,2.4263502860112034,29.120053891429468,1.7305559163836266,31.11458008676569,False,True,False,True,True,residual
839,3.143830913448592,33.53160859787988,1.732648233980389,35.82829637083474,False,True,False,True,True,residual
840,-2.890173779479018,31.67697646269854,1.542269271688992,33.84663451276473,False,True,False,True,True,residual
841,-0.7270263142172043,77.95675509850949,0.18400934384086076,83.29626410927922,False,True,False,True,True,residual
842,-1.4889403372202796,20.813069276454684,0.5169751315484387,22.23862336478191,False,True,False,True,True,residual
843,0.4418763209981318,32.07591325751557,0.5234725401236768,34.2728957723823,False,True,False,True,True,residual
844,-1.3168554819603082,35.180425574697765,0.43475939799858565,37.59004612806023,False,True,False,True,True,residual
845,-1.4863432599476256,35.85233553241681,0.43006233531460814,38.30797736089691,False,True,False,True,True,residual
846,-1.634778505056241,42.54080705068063,0.41608759306725224,45.45456381602435,False,True,False,True,True,residual
847,-1.6627595077126471,64.4911465342324,0.3464496509752058,68.9083526839659,False,True,False,True,True,residual
848,-4.893249111086679,35.25566424132185,1.8449620368481416,37.67043813306904,False,True,False,True,True,residual
849,0.4021158653108585,43.056231454569556,1.0939459231827087,46.005291295900186,False,True,False,True,True,residual
850,1.2588668967966001,52.0641219293475,1.2909501371858263,55.63016117544332,False,True,False,True,True,residual
851,-3.02900673254452,50.30977445905306,1.048205636145263,53.75565280166051,False,True,False,True,True,residual
852,-0.2735407316968614,34.2677723167935,0.49870213124370366,36.61488231172994,False,True,False,True,True,residual
853,-0.2708907921902647,31.3157319490547,0.400247758134259,33.460647199946465,False,True,False,True,True,residual
854,1.6521293185919534,32.06455322757609,1.253467077077608,34.26075765743725,False,True,False,True,True,residual
855,-3.817687650066099,45.196191740091685,1.6518059113454782,48.29182434747442,False,True,False,True,True,residual
856,-1.2418390958164103,26.224746976680308,0.07134897734415327,28.020964284727526,False,True,False,True,True,residual
857,3.766065442207374,21.499512740558863,2.3733277524669982,22.97208355062286,False,True,False,True,True,residual
858,-0.7610998269529526,28.52093326165288,0.2984351627103767,30.47442375716825,False,True,False,True,True,residual
859,-0.22240580636949692,53.95987350491764,0.022687700561696795,57.65575887669104,False,True,False,True,True,residual
860,-0.006273574830801348,56.5667073904622,0.12304219069436988,60.44114320348801,False,True,False,True,True,residual
861,0.8984960678731,28.386099681726094,0.5375312626845002,30.33035499147644,False,True,False,True,True,residual
862,2.0227066239182765,34.39532734289618,0.975620300618382,36.75117399202486,False,True,False,True,True,residual
863,0.5511003192065657,41.321207958706985,0.06630487753301939,44.15143045773997,False,True,False,True,True,residual
864,-0.6215722604825413,36.6971396432601,0.5160706942582406,39.21064482375483,False,True,False,True,True,residual
865,-0.8833431836178508,24.116594157559334,0.5398976884726607,25.768417295280297,False,True,False,True,True,residual
866,-0.6187269446735382,39.76745174157084,0.3034961456886244,42.49125247751922,False,True,False,True,True,residual
867,-1.0690811313850759,16.045132991326422,0.461360175890852,17.144115780924654,False,True,False,True,True,residual
868,0.17828018697499465,35.55985532634438,0.2362739572974815,37.99546424434967,False,True,False,True,True,residual
869,-0.9720870740713988,61.07670298605838,0.36927034368825623,65.26004290996961,False,True,False,True,True,residual
870,0.5583115413596221,31.154331441792948,0.44730782831659166,33.28819185257781,False,True,False,True,True,residual
871,0.19726772186867808,20.34248848495303,0.18262658827056247,21.735810980606303,False,True,False,True,True,residual
872,0.07542463034596986,44.78079207277232,0.08696909421610789,47.847972620241585,False,True,False,True,True,residual
873,-0.4313987562743685,19.14334775293041,0.17639328572413018,20.45453724117817,False,True,False,True,True,residual
874,-3.137423924646704,28.3628607971689,1.454386933149287,30.305524400936402,False,True,False,True,True,residual
875,4.90062198041223,33.8542212471128,2.737467869860456,36.17300579853658,True,True,False,True,True,residual
876,-1.105741292304376,14.929717441945296,0.7249987906293921,15.952301831313205,False,True,False,True,True,residual
877,-1.1147217420406341,50.45806586073842,0.5843573718342246,53.914101158628554,False,True,False,True,True,residual
878,-2.8613252613214444,45.83110612002629,1.3151372998804784,48.970226056357546,False,True,False,True,True,residual
879,-0.7601572713864161,33.39462492268965,0.03238328278206838,35.68193024293618,False,True,False,True,True,residual
880,-0.5944439775156951,28.61599696830779,0.05451638013920714,30.575998682993838,False,True,False,True,True,residual
881,-1.414771752681154,32.574361653022635,0.3545035728456004,34.805484502435746,False,True,False,True,True,residual
882,-3.8168462336835507,22.337492454678138,1.4493635933520637,23.867459191865166,False,True,False,True,True,residual
883,-4.070529017312667,13.918030611608465,1.2826067191978827,14.87132131449809,False,True,False,True,True,residual
884,3.747885327616731,35.08980458228346,2.7683017370958005,37.49321821226963,True,True,False,True,True,residual
885,-2.7109460374299665,60.16426311426605,0.9199208644895985,64.28510709525271,False,True,False,True,True,residual
886,0.20006153260537302,26.29965692370815,0.6768164730141271,28.101005055077167,False,True,False,True,True,residual
887,3.229823004981877,50.277220687052534,2.011839292195502,53.720869317062125,False,True,False,True,True,residual
888,-2.7890983829753218,32.54070173439948,1.3115962837854227,34.76951910767312,False,True,False,True,True,residual
889,2.0262471622263414,45.62727944701345,1.2876783033803465,48.752438638623964,False,True,False,True,True,residual
890,2.5251051137627556,56.36358686817879,1.2722454654438564,60.22411030301962,False,True,False,True,True,residual
891,2.69851825980016,32.01321659275929,1.101956225929639,34.20590481130765,False,True,False,True,True,residual
892,1.021545694152379,47.44590549460163,0.06770646540935953,50.69562823629895,False,True,False,True,True,residual
893,-0.3041496563253433,26.066525996118003,0.5892135398989009,27.85190624007324,False,True,False,True,True,residual
894,1.3880907171393293,35.00475460368072,0.34989736658882875,37.402342886953306,False,True,False,True,True,residual
895,1.6647630761148497,17.211729666004118,0.4141909040062687,18.39061641579803,False,True,False,True,True,residual
896,-0.3165117910443521,55.453016814870026,0.630188004941951,59.25117237667105,False,True,False,True,True,residual
897,2.052425658747736,13.020154109426429,0.6455284609854097,13.911946361439009,False,True,False,True,True,residual
898,-3.5679527978662504,39.74024669110179,2.2112264247750235,42.46218406560145,False,True,False,True,True,residual
899,1.2167634546634103,35.43657174007312,0.5531093614492889,37.863736568545136,False,True,False,True,True,residual
900,0.1854542419196838,25.200246344908315,0.05802146484962162,26.92629230798391,False,True,False,True,True,residual
901,1.311641650806614,48.48653992306882,0.5001375132477304,51.80753906538974,False,True,False,True,True,residual
902,0.2971555862218333,33.506493093572104,0.09223443156114672,35.8014606248187,False,True,False,True,True,residual
903,-1.863503394194036,49.26243806442925,1.1223859218513583,52.636580967185026,False,True,False,True,True,residual
904,3.693207073414885,36.55702284715299,1.798841480113644,39.060930977405846,False,True,False,True,True,residual
905,2.486189058230374,31.592274357244452,0.8532902619711232,33.756130887548416,False,True,False,True,True,residual
906,1.9956498474775064,18.468303547451693,0.44456658945007255,19.733257085867177,False,True,False,True,True,residual
907,1.2344704368371995,45.37152509907925,0.01375786714124771,48.47916685241758,False,True,False,True,True,residual
908,-0.33738561193215066,39.5678413011436,0.773850276003542,42.27797007570829,False,True,False,True,True,residual
909,-2.9164732191011797,34.51749158995979,1.8707479307495405,36.88170566147753,False,True,False,True,True,residual
910,-0.384565281693121,43.38173492028491,0.26782759598204303,46.35308954140759,False,True,False,True,True,residual
911,-0.9212767953716352,29.204873354337558,0.4747357688621165,31.205209107625677,False,True,False,True,True,residual
912,-1.1697712811473369,24.075632262354613,0.500386505243051,25.724649788063285,False,True,False,True,True,residual
913,3.536699155528944,49.16371323946702,1.883807495459956,52.53109416127828,False,True,False,True,True,residual
914,2.2712230483769895,29.933005026873914,0.8928925350321512,31.98321286144122,False,True,False,True,True,residual
915,0.29981991552496473,31.975426578453643,0.24243580777655663,34.16552643731916,False,True,False,True,True,residual
916,1.4267879161682033,43.225654354288004,0.3529848711309218,46.18631851519985,False,True,False,True,True,residual
917,0.19494476108569886,58.76468054939114,0.3154430168842232,62.7896626168461,False,True,False,True,True,residual
918,0.9457276117098166,51.00494258412731,0.11201112750635152,54.49843522857613,False,True,False,True,True,residual
919,0.844389861943134,28.001399786989154,0.04042825811030286,29.91930576303783,False,True,False,True,True,residual
920,2.464082641632988,40.41651783537765,0.8184024311860656,43.18477519669592,False,True,False,True,True,residual
921,0.3158775454845792,28.188028710777765,0.38783238539565457,30.118717502362827,False,True,False,True,True,residual
922,-2.105598068916565,41.33442054063005,1.4854422879572933,44.16554801191521,False,True,False,True,True,residual
923,-4.033473197979566,45.73499069379457,2.1239789100063926,48.867527375297044,False,True,False,True,True,residual
924,-0.18223296271326714,31.51014131602504,0.16987825336519297,33.6683722900431,False,True,False,True,True,residual
925,-1.227727234378051,39.58340957113431,0.37149056113040985,42.294604666607206,False,True,False,True,True,residual
926,-2.097771042150356,26.36769978346305,0.7194370199691456,28.173708389249207,False,True,False,True,True,residual
927,3.6071650670570516,32.191090615379274,2.1931366028856174,34.39596199811092,False,True,False,True,True,residual
928,2.839859010074422,28.362083638731846,1.3821247954449802,30.304694012417205,False,True,False,True,True,residual
929,-0.6335151280804096,50.73775683165959,0.5799777812665047,54.21294906415503,False,True,False,True,True,residual
930,4.065909024101308,20.0835963774378,1.8167148130707882,21.459186519568302,False,True,False,True,True,residual
931,0.31522419663660295,34.05725922465656,0.36688856864472413,36.389950500510494,False,True,False,True,True,residual
932,-1.3223864542704813,36.451537538917265,1.0882664760538827,38.9482206409719,False,True,False,True,True,residual
933,0.020455824911199266,43.45558308928986,0.2189128214869944,46.4319958091409,False,True,False,True,True,residual
934,-1.3586201476184558,25.17809339815318,0.8444153406356161,26.902622034620393,False,True,False,True,True,residual
935,-0.4260281138328931,38.80005369589298,0.2229321622996679,41.45759422673956,False,True,False,True,True,residual
936,-1.1191514324425569,56.009010213559435,0.5147282840822824,59.84524755234668,False,True,False,True,True,residual
937,3.6621613273437257,42.060970819113166,1.9086561108155686,44.941862056910104,False,True,False,True,True,residual
938,-1.6489551790807007,48.158500640211855,1.0506351044155642,51.45703131646479,False,True,False,True,True,residual
939,0.8802105068820483,38.45837712710667,0.38693181165576723,41.092515130289065,False,True,False,True,True,residual
940,-1.9036645675734896,33.04033641028987,1.0415085162466744,35.30337537027063,False,True,False,True,True,residual
941,0.6051919513414726,49.55579955830527,0.38437675604710314,52.95003573377339,False,True,False,True,True,residual
942,3.091055687399317,47.50126241567257,1.5139262510128153,50.75477673102497,False,True,False,True,True,residual
943,0.6489368820810412,39.655090572942285,0.02594618851546309,42.371195330888575,False,True,False,True,True,residual
944,0.27256315526352315,23.23637911337041,0.16190254451469757,24.827913490304415,False,True,False,True,True,residual
945,2.9110555126499973,25.869450153981777,1.1509756401949465,27.64133203934626,False,True,False,True,True,residual
946,-1.6786086829147053,35.539830998942875,1.3066484658742437,37.974068386328916,False,True,False,True,True,residual
947,-1.1214329995619772,38.65725099343001,0.7749135295112389,41.30501050766553,False,True,False,True,True,residual
948,-0.08300712941939503,32.95821914047521,0.11596805506330139,35.21563362440433,False,True,False,True,True,residual
949,-0.0008794178732867419,34.83589609720967,0.052916703527077745,37.22191871801069,False,True,False,True,True,residual
950,1.5402710509227577,39.974382083847075,0.7056087670227138,42.712356144811224,False,True,False,True,True,residual
951,-2.9200195147846495,35.741753814367314,1.600155111200509,38.18982154514151,False,True,False,True,True,residual
952,-4.370076769007205,31.95120907999391,1.9838573927998235,34.139650204461354,False,True,False,True,True,residual
953,2.6072587133869414,53.13636286722546,1.7991137249280464,56.77584334547981,False,True,False,True,True,residual
954,1.4853192808811486,16.89748074476465,0.8947978978618026,18.054843574733237,False,True,False,True,True,residual
955,-1.549364192432926,50.15960219349704,0.7569365121962617,53.59519475440294,False,True,False,True,True,residual
956,4.0220518725317405,44.21606823891764,2.098337842319226,47.24456903380288,False,True,False,True,True,residual
957,0.09644611342515458,54.663619238362834,0.22648174850960376,58.407706419976485,False,True,False,True,True,residual
958,4.819813496063731,40.931688340839955,2.1111316278146433,43.73523138782489,False,True,False,True,True,residual
959,2.7187113231391846,21.415647116486284,0.6692106870558998,22.88247370008955,False,True,False,True,True,residual
960,3.8332189680168627,58.2558884836542,1.0762548800293532,62.24602174530423,False,True,False,True,True,residual
961,2.861613746779179,37.6411535644471,0.38947014190605955,40.21931729611037,False,True,False,True,True,residual
962,0.842454036612492,12.791243225538947,0.668350665005618,13.66735663451046,False,True,False,True,True,residual
963,4.297705859997504,29.928962833354195,1.142202069828759,31.978893805080116,False,True,False,True,True,residual
964,0.0678828457959372,26.801709176553203,1.1390313050852832,28.637444482254402,False,True,False,True,True,residual
965,-2.3281699524678316,22.15539864225418,2.074063371303714,23.67289318827555,False,True,False,True,True,residual
966,-0.9940367456811886,28.56308951634682,1.0117769737538767,30.519467429399185,False,True,False,True,True,residual
967,-0.7489819641642692,37.62678737943544,0.6904930259984764,40.20396712485886,False,True,False,True,True,residual
968,0.08166866579475274,31.76003733126378,0.14926791634171155,33.93538448749641,False,True,False,True,True,residual
969,-2.7864553048360463,31.93265436964518,1.5113554800835916,34.119824622294345,False,True,False,True,True,residual
970,2.1817083911824273,50.55850099913727,1.2020357573158464,54.02141542284275,False,True,False,True,True,residual
971,-1.797723431810062,37.143651578887145,0.969645966956984,39.68773979866672,False,True,False,True,True,residual
972,-1.897369892099352,22.656041158093835,0.8240766107451767,24.207826321023543,False,True,False,True,True,residual
973,-4.036657630370811,33.60905097645792,1.697487898982012,35.91104302712048,False,True,False,True,True,residual
974,3.223405834442155,32.838816648835845,2.165421210461836,35.08805287189186,False,True,False,True,True,residual
975,-1.0568835541045174,27.407214003455046,0.3449480381496145,29.28442228318167,False,True,False,True,True,residual
976,0.06789786990215602,38.63807478851443,0.26991391025060807,41.2845208627689,False,True,False,True,True,residual
977,1.2372928780134846,37.66476128158459,0.7834550726206844,40.244541981760975,False,True,False,True,True,residual
978,-1.9004607262579996,36.8240516383233,0.8960321653890541,39.34624942974518,False,True,False,True,True,residual
979,1.7473897259585525,30.052273754851377,1.0535277093718682,32.110650688388155,False,True,False,True,True,residual
980,-1.4060791791447589,11.086405597658963,0.6876009138538963,11.845749191564911,False,True,False,True,True,residual
981,1.1946318613025997,64.87106496846025,0.7120811370059651,69.31429295427908,False,True,False,True,True,residual
982,-0.8996926514635631,27.861099528764115,0.44674041121203006,29.7693958886601,False,True,False,True,True,residual
983,-2.8341440998025975,21.09484301386113,1.2962089894100084,22.5396966921723,False,True,False,True,True,residual
984,1.9759053178534514,40.0660894243951,1.2974178532423857,42.81034481621494,False,True,False,True,True,residual
985,-1.731456514463562,43.08287035797965,0.7613008739402449,46.033754783525154,False,True,False,True,True,residual
986,0.25091609003304877,34.80604954783269,0.3530327764576395,37.190027882424815,False,True,False,True,True,residual
987,0.060190971008451666,38.05335217091887,0.18986462213579802,40.65974871153758,False,True,False,True,True,residual
988,0.33379679549066765,26.71192741143041,0.28467647586266387,28.541513275133024,False,True,False,True,True,residual
989,0.9865184591110607,32.11315711722175,0.5445162400814338,34.31269058388535,False,True,False,True,True,residual
990,1.671847710841006,43.43945946047077,0.7682129753646255,46.414767821100384,False,True,False,True,True,residual
991,0.7594930573557155,31.19666363447058,0.1717917571022973,33.33342351335108,False,True,False,True,True,residual
992,-0.47669804435264396,34.51251068687732,0.4625076281282601,36.87638360031509,False,True,False,True,True,residual
993,-0.20273613211459557,31.959268736020228,0.23704850992202187,34.148261892263776,False,True,False,True,True,residual
994,-0.47571337317020196,41.83135660351839,0.32211852566022997,44.6965208248224,False,True,False,True,True,residual
995,-1.0045025805776033,33.10706109349326,0.5143237052703603,35.37467024173744,False,True,False,True,True,residual
996,0.1258371938278231,39.28589099703762,0.13711092265339533,41.97670808799695,False,True,False,True,True,residual
997,2.5490571390942947,53.85059743726766,1.2857116662147774,57.53899813953242,False,True,False,True,True,residual
998,-1.1139985566227986,26.686565745453343,0.7491634285368749,28.51441450704285,False,True,False,True,True,residual
999,-1.680589046904724,26.724085180859234,0.874305125040271,28.554503769312053,False,True,False,True,True,residual
