time,pc1_score,residual_q,score_stat,residual_stat,score_only_alarm,residual_only_alarm,score_alarm,residual_alarm,stage_1_alarm,alarm_source
0,-0.18000584616499882,1.5503253076208674,0.45981137446650583,1.6565120766725754,False,False,False,False,False,none
1,3.4241056085290165,0.8602305095770953,1.3812771877037435,0.9191504652810207,False,False,False,False,False,none
2,0.07110483863795936,0.882116252455174,0.5222369685533524,0.9425352331141174,False,False,False,False,False,none
3,2.372662975912264,1.821118472011614,0.6991891563115775,1.9458527362674531,False,False,False,False,False,none
4,-2.382857147432362,0.17943266314736628,1.7485698816002115,0.19172258363586145,False,False,False,False,False,none
5,-5.570999883864421,0.18722721997186725,2.9461066876114317,0.20005101473908002,True,False,True,False,True,score
6,-0.6737327227645409,1.3422404183707652,0.01982769970892013,1.4341747837692946,False,False,False,False,False,none
7,0.24310904883452716,0.02384898577185145,0.4608184448700472,0.02548247955010845,False,False,False,False,False,none
8,0.12575445005590585,1.9399624611794715,0.3117009085367438,2.0728367326769632,False,False,False,False,False,none
9,0.5121356134462691,0.22129399853057152,0.4368769727308724,0.23645113658345904,False,False,False,False,False,none
10,-1.4411252397058683,0.29846352906330564,0.5984435525652776,0.318906256583273,False,False,False,False,False,none
11,-1.3937869080307734,1.2419698720155183,0.45578087985110777,1.3270363850374052,False,False,False,False,False,none
12,-3.1432981579809907,0.0007595837392411113,1.2136872691323475,0.0008116100737773167,False,False,False,False,False,none
13,2.1052558995548,0.3191159378049205,1.5762477360554585,0.34097321525620045,False,False,False,False,False,none
14,-1.5325927414318035,0.5721569995283933,0.5045012323228417,0.6113458735483079,False,False,False,False,False,none
15,-2.460376566225211,1.1009132713574328,0.8538676042068655,1.1763183638995849,False,False,False,False,False,none
16,-2.091159701490388,0.017814417618920865,0.5039079144770267,0.019034584405976652,False,False,False,False,False,none
17,-0.2637628212034965,1.745901024903402,0.483735232156855,1.8654834041674417,False,False,False,False,False,none
18,-0.01606762541033349,3.572502183002074,0.5071981691403322,3.8171943533345822,False,False,False,False,False,none
19,-2.822896827157109,1.5049369896746931,0.9564353930352327,1.6080149667769281,False,False,False,False,False,none
20,2.22556985095736,0.23884164698500326,1.6849440004559664,0.25520067994644435,False,False,False,False,False,none
21,-0.1836156008859155,0.6863731595777955,0.17874341051960402,0.7333850659313247,False,False,False,False,False,none
22,-1.074726862213652,0.8437796884917101,0.28947417596485325,0.9015728745230269,False,False,False,False,False,none
23,-0.31943269105753636,1.9997727064487645,0.134975607931383,2.1367435741058602,False,False,False,False,False,none
24,0.9437606082777392,0.600468155806596,0.7210260687456684,0.6415961520213962,False,False,False,False,False,none
25,-1.062469858525641,1.0050605247395386,0.3968311787804334,1.0739003542249288,False,False,False,False,False,none
26,2.7673097507453823,0.10852040296123058,1.54118129288178,0.11595331456371635,False,False,False,False,False,none
27,-0.5881296921632602,2.7717201787304333,0.39549720693367324,2.9615642127844675,False,False,False,False,False,none
28,1.6715066479424796,3.8555449165213105,0.7802357242463945,4.119623594464982,False,False,False,False,False,none
29,-5.033808979189261,0.8493406835526213,2.6299959749206625,0.9075147600301741,True,False,False,False,False,none
30,2.662852641574035,0.05328569061260497,1.631302012674096,0.05693539902865643,False,False,False,False,False,none
31,-2.94652488170141,0.06569260801126241,1.4172686748112555,0.07019210612369482,False,False,False,False,False,none
32,-1.5810729833096315,0.4456630373400232,0.4711418123632618,0.47618793284955374,False,False,False,False,False,none
33,1.9355901234971513,0.5901393053113299,1.3297729167592218,0.6305598453188946,False,False,False,False,False,none
34,0.8061116940142533,9.273983679214869,0.5156664694166602,9.909188663803125,False,True,False,True,True,residual
35,2.930034472950588,0.22491816989533958,1.4433029537391049,0.24032353910708304,False,False,False,False,False,none
36,-3.2953627726520596,0.17731606015911075,1.866631009907103,0.18946100769800417,False,False,False,False,False,none
37,-1.0517491374689079,4.3413743756994325,0.4044473635531644,4.638729076634325,False,False,False,False,False,none
38,0.2554478118187322,1.4628652402852969,0.3108432855332308,1.5630615878907723,False,False,False,False,False,none
39,1.8453246063757314,0.9212899927935148,1.0202643336421118,0.984392108983918,False,False,False,False,False,none
40,-3.146992051923873,0.4767720993575135,1.606630448829397,0.5094277546292877,False,False,False,False,False,none
41,-1.9310629970369975,0.6784895422551022,0.6951967832846175,0.7249614742898082,False,False,False,False,False,none
42,-1.8476979656357337,0.8472790740258407,0.5156991972703008,0.9053119442329295,False,False,False,False,False,none
43,-0.8606870079823803,1.4219328182070732,0.06645102617546239,1.5193255725095292,False,False,False,False,False,none
44,-4.527048051651753,1.6898868762301231,1.7261760727003672,1.8056326662057347,False,False,False,False,False,none
45,-0.24143408790331508,0.5372169706930673,0.6989282400471478,0.5740126897058626,False,False,False,False,False,none
46,0.791123427720546,3.6063827643349997,1.0602573650980336,3.8533955247060323,False,False,False,False,False,none
47,-0.9941741944148639,2.6851657441671777,0.018224305973033976,2.8690813864777565,False,False,False,False,False,none
48,-0.6499508325099799,0.7293408456926663,0.1524770235276552,0.7792957471322834,False,False,False,False,False,none
49,-2.9062871714368743,0.24245020039462778,0.9730503337039733,0.25905639479092063,False,False,False,False,False,none
50,-0.212244340839809,0.0056610955647488,0.5290168395339311,0.00604884221660223,False,False,False,False,False,none
51,-5.375786133120272,4.006693175192872,2.0827264244789996,4.281124483747183,False,False,False,False,False,none
52,-0.8594723425893094,0.7119695710142346,0.5256498489731103,0.7607346579527628,False,False,False,False,False,none
53,-0.4702567510171575,0.12661960136704942,0.6094117131838539,0.13529218530907086,False,False,False,False,False,none
54,0.7404362559420886,0.59704043196663,1.0750958181764274,0.637933652345689,False,False,False,False,False,none
55,2.5271361466969804,0.16982730181620706,1.7271873933957915,0.1814593201984048,False,False,False,False,False,none
56,-1.3452982032103034,0.0680203349425584,0.4975972703864707,0.0726792665628191,False,False,False,False,False,none
57,-1.480844239580945,0.006693126907426834,0.4638602257414107,0.007151560706874629,False,False,False,False,False,none
58,-0.9483665075396087,0.040160875699535734,0.11266920265333998,0.0429116233083491,False,False,False,False,False,none
59,-0.20911929573602037,2.6166882209062563,0.2686317701417279,2.795913617297481,False,False,False,False,False,none
60,1.5728383275000262,0.24592137027290545,1.0797146654378706,0.26276531626390687,False,False,False,False,False,none
61,-2.3642813687225948,0.8603450649452276,1.046968166619747,0.9192728669149397,False,False,False,False,False,none
62,-1.4459795216719957,1.4454424275270044,0.39190965291613544,1.5444454306224589,False,False,False,False,False,none
63,0.6915030235061411,0.05364650967671434,0.7238228023012223,0.05732093175153257,False,False,False,False,False,none
64,-3.699705318283594,0.09194391331625405,1.552057302194364,0.09824144780210076,False,False,False,False,False,none
65,0.4886250591722404,0.015395325082917655,0.7910101554577095,0.016449800437876853,False,False,False,False,False,none
66,-1.7565196855091583,0.00783513332960424,0.45679238911110726,0.008371786823725932,False,False,False,False,False,none
67,4.0860039120740055,0.024424859558050353,2.4700254625489877,0.026097796785006438,False,False,False,False,False,none
68,0.915569249054007,0.31318766147508253,0.4373635663047121,0.3346388922041573,False,False,False,False,False,none
69,-0.05150705059901953,0.3843158691751605,0.11944495934420699,0.4106388997303638,False,False,False,False,False,none
70,0.9821624896772057,0.17477396598258366,0.4060984868839329,0.1867447973112187,False,False,False,False,False,none
71,0.6576546680577637,0.2975806356506943,0.16739055187723273,0.31796289095980285,False,False,False,False,False,none
72,-0.7222888311553375,0.39843583957067663,0.5357936649192463,0.4257259923343838,False,False,False,False,False,none
73,-0.30646200761397463,2.2554777703552134,0.22682829050543032,2.409962700662847,False,False,False,False,False,none
74,2.1720698922666983,6.867600693045753,1.021403969928247,7.337984763503136,False,True,False,False,False,none
75,-0.2655073001904105,0.5022243031929002,0.3658675273666728,0.5366232618070372,False,False,False,False,False,none
76,0.45694291143582866,0.9318145048663369,0.057921288506803746,0.9956374787550342,False,False,False,False,False,none
77,0.4682625510267926,0.09066392381835923,0.05183061207226784,0.09687378770466568,False,False,False,False,False,none
78,-1.3255513596546886,2.2721190297855625,0.8290987837308612,2.4277437735008554,False,False,False,False,False,none
79,3.2756622420055557,0.1296419787111457,1.5697550412482129,0.13852157500305723,False,False,False,False,False,none
80,-0.6224233984776371,0.1093244274725669,0.6359920863877578,0.11681240930107395,False,False,False,False,False,none
81,0.9299987492609167,0.6137006928211008,0.24461876601965438,0.6557350280765013,False,False,False,False,False,none
82,0.79224518612879,5.194013803463484,0.12884125940955318,5.549768522481874,False,False,False,False,False,none
83,0.03838219336591761,0.4245671619820376,0.26278737005015346,0.4536471331046859,False,False,False,False,False,none
84,-2.839257621687662,0.7478459701764193,1.6067892169982805,0.7990683471388639,False,False,False,False,False,none
85,-2.256317583300608,2.8410774252257167,1.002522324345708,3.0356719602742546,False,False,False,False,False,none
86,0.5483270313743691,0.476169787216821,0.5591158578529984,0.5087841881919218,False,False,False,False,False,none
87,1.0433478489535242,0.13000442551775993,0.6875332936169289,0.13890884695776023,False,False,False,False,False,none
88,1.3983228241583756,0.9775744957265919,0.7223010132698362,1.0445317186386398,False,False,False,False,False,none
89,0.37283216938999797,0.04764293482354322,0.08015568512506932,0.05090615273799292,False,False,False,False,False,none
90,-1.3099328118078888,0.012547404907859383,0.7525451084636625,0.013406817045814989,False,False,False,False,False,none
91,3.2111597430405956,3.1382254550754762,1.59211410372837,3.353172614869751,False,False,False,False,False,none
92,-3.5556342549379263,0.13340807387988568,2.0103295946283075,0.1425456221486784,False,False,False,False,False,none
93,1.1642471649696722,0.044981908146348545,0.6823615638798312,0.0480628637808608,False,False,False,False,False,none
94,0.06834971027397332,3.2723197118070355,0.014034709349443874,3.4964514187416555,False,False,False,False,False,none
95,1.8028447752985803,2.031962404441786,0.8530027657070309,2.1711380480964264,False,False,False,False,False,none
96,-0.2247210957747195,0.21831851065109853,0.30160419480031603,0.23327184796441183,False,False,False,False,False,none
97,-3.285745554247705,1.1946533090811269,1.7268418391495164,1.2764789584494716,False,False,False,False,False,none
98,-0.9365773996412553,1.0767138497660285,0.24138892507051044,1.1504614460529883,False,False,False,False,False,none
99,1.5727110157040725,1.7960218284575993,1.0246820344370415,1.9190371428388906,False,False,False,False,False,none
100,0.7145616821281952,0.017446531306198707,0.4032736131196034,0.018641500375888798,False,False,False,False,False,none
101,1.7499480150687132,0.8240863251470403,0.8251065286276439,0.8805306493523569,False,False,False,False,False,none
102,-1.6586080969449881,0.7609831868762432,0.9941352894565522,0.8131053740842079,False,False,False,False,False,none
103,3.4510936149311178,0.08841258976424873,1.6845023116814861,0.09446825253670706,False,False,False,False,False,none
104,-0.7192023030872907,0.6834057987765878,0.6763017695147433,0.7302144610402849,False,False,False,False,False,none
105,-0.34393383507253394,0.3519324246055001,0.3589183180211607,0.3760374088366747,False,False,False,False,False,none
106,2.0564536328893777,0.599095406367838,0.8778073493588087,0.6401293785562595,False,False,False,False,False,none
107,1.1426597251922423,2.8433359351712446,0.25876876586313374,3.038085162833525,False,False,False,False,False,none
108,1.9884468809031561,0.009970844529142956,0.6174874872773838,0.010653779755744773,False,False,False,False,False,none
109,-1.052574853732124,0.08346258398629339,0.9818608885696162,0.0891792049345845,False,False,False,False,False,none
110,1.7420092150455126,1.0487255999736491,0.5707624811927859,1.120556190970006,False,False,False,False,False,none
111,2.22222379073205,0.014993051297424238,0.6896649135893865,0.0160199736263535,False,False,False,False,False,none
112,5.191713950756949,1.0073868847799632,1.9928675239301172,1.0763860541504275,False,False,False,False,False,none
113,-0.12421081538956077,0.5278949058865469,0.9855994904041099,0.5640521266836264,False,False,False,False,False,none
114,0.12101804440593306,0.0594044334311931,0.6694665566668566,0.06347323423215911,False,False,False,False,False,none
115,-0.4414143274926597,0.24270606301744466,0.8085296338552919,0.2593297822681048,False,False,False,False,False,none
116,-3.3451223562691306,2.206702182235396,2.0560343010283244,2.357846315559596,False,False,False,False,False,none
117,-5.833393147091013,0.13856311249190673,2.8524204647346965,0.14805374594343917,True,False,False,False,False,none
118,2.099114565212429,2.2193961268700715,1.5678218662784535,2.3714097093096616,False,False,False,False,False,none
119,0.21977955275059002,0.0017451197315960275,0.342189618813242,0.0018646485975673513,False,False,False,False,False,none
120,1.0301246630561876,0.6957888763121267,0.6670236434959822,0.7434456954032664,False,False,False,False,False,none
121,-1.1319778401834277,0.6019148542189575,0.5156800238579218,0.6431419394632961,False,False,False,False,False,none
122,0.4239937986633301,0.15216226661591178,0.3425910343037687,0.16258434989359738,False,False,False,False,False,none
123,2.074135768429578,0.2774008739521756,1.0749100749421079,0.2964009524468661,False,False,False,False,False,none
124,0.0003462698768352812,2.3440608885731313,0.14651132789411211,2.504613161695752,False,False,False,False,False,none
125,-2.7584191573499997,3.4764057622748594,1.4560769607840265,3.714515979526749,False,False,False,False,False,none
126,0.40752503802755413,1.4200087133290729,0.37161594762009065,1.517269679496931,False,False,False,False,False,none
127,1.2384593587671557,0.5025028175217006,0.7005569417031926,0.5369208524784378,False,False,False,False,False,none
128,1.1105876456070258,0.2919990035041249,0.4983876015763462,0.3119989548665934,False,False,False,False,False,none
129,-0.4437812827649539,0.5638203002930624,0.35564715405720526,0.6024381669560024,False,False,False,False,False,none
130,6.7982936694352505,0.21823571413996135,3.2301637266925716,0.23318338045379913,True,False,True,False,True,score
131,0.3943220312540112,5.184963589650765,0.5238070710971562,5.540098430402783,False,False,False,False,False,none
132,1.2380426119131513,0.9731808649051755,0.009576120405589361,1.0398371539041673,False,False,False,False,False,none
133,1.650417885622166,1.4502629923525694,0.19247065913229539,1.5495961714448387,False,False,False,False,False,none
134,0.9049579200095428,0.16764946723880747,0.20780574229279056,0.17913231872282817,False,False,False,False,False,none
135,1.5645524809649087,0.00041606466942457004,0.15386597988549092,0.00044456227747211046,False,False,False,False,False,none
136,-0.8865190172774555,2.0138073500201226,1.0664468969434013,2.1517394955769653,False,False,False,False,False,none
137,-0.5349212501485139,0.06499787363044855,0.6825221460452897,0.06944978714957972,False,False,False,False,False,none
138,-4.133229550833173,0.030946457093447836,2.2923276513575903,0.03306607952120359,False,False,False,False,False,none
139,-0.41070959207098384,0.34309926597171214,0.02727051130000994,0.3665992387441738,False,False,False,False,False,none
140,-1.7105123737248782,0.02878370433481665,0.6526290912353606,0.030755192866694037,False,False,False,False,False,none
141,-2.457557109840585,2.7955428894867933,0.8846546541366246,2.987018617658724,False,False,False,False,False,none
142,4.157125878372345,0.16421097243735622,2.502475528885898,0.17545831034782408,False,False,False,False,False,none
143,-1.8460849333025002,0.6406314642436528,0.9114627294580293,0.6845103746932873,False,False,False,False,False,none
144,-2.117829253922451,0.40339911671040884,0.8610515475557412,0.4310292202965567,False,False,False,False,False,none
145,1.149040392242148,1.2683124535250239,0.8966168275686329,1.3551832547212863,False,False,False,False,False,none
146,0.17082706444245188,3.7530133508725876,0.2425526923179798,4.010069311952559,False,False,False,False,False,none
147,-1.886667859404724,3.569358923625484,0.8044892463199522,3.813835802008715,False,False,False,False,False,none
148,-0.2972856847053633,0.05653932082474082,0.1277582621437635,0.06041188084375419,False,False,False,False,False,none
149,-1.297350125893645,0.00763377757951653,0.38313881454348053,0.008156639570379716,False,False,False,False,False,none
150,-0.9215504275085589,0.7569947275336759,0.12413014042849974,0.8088437323269568,False,False,False,False,False,none
151,-2.216152334600708,0.8344139345243626,0.7275927365207651,0.8915656299287529,False,False,False,False,False,none
152,-0.5695184419653427,0.20764955401347318,0.2170605388114392,0.22187214015544635,False,False,False,False,False,none
153,-0.6073184617258265,0.005212926303322414,0.15530354658767362,0.005569976400313955,False,False,False,False,False,none
154,-0.8875927472698012,0.8520585014953719,0.011778239396135304,0.9104187300693866,False,False,False,False,False,none
155,0.5710258513231475,0.05342470931485847,0.698465653888808,0.05708393956917026,False,False,False,False,False,none
156,-0.43079748302771126,0.1765825936829632,0.07257348311235137,0.18867730374271144,False,False,False,False,False,none
157,2.166016327004262,1.0287470813900563,1.3183292735124184,1.099209279360509,False,False,False,False,False,none
158,2.6794325007102797,0.21362396003492565,1.303831552767819,0.22825575247012167,False,False,False,False,False,none
159,-2.0224098864465203,0.4256538347459588,1.2388053995212611,0.45480823558297095,False,False,False,False,False,none
160,-1.7906628047472837,0.15046885366289764,0.8785741816383632,0.16077494963826228,False,False,False,False,False,none
161,1.0165975280451485,0.24968121602034737,0.659543817033786,0.2667826859452555,False,False,False,False,False,none
162,1.177877973810135,0.5470423752644128,0.6059067360812085,0.5845110678530947,False,False,False,False,False,none
163,-0.49520884089171086,1.2193127152723446,0.3272473165517991,1.3028273667212897,False,False,False,False,False,none
164,1.9488629635922574,3.958511998648547,0.9243447771834726,4.229643223380965,False,False,False,False,False,none
165,-1.7752568070543742,0.009929197695251423,1.0678921993842028,0.01060928039618625,False,False,False,False,False,none
166,-2.3033397153312123,0.6528906062094217,1.110599867287317,0.6976091847405178,False,False,False,False,False,none
167,0.3727343147655977,0.4440058621479295,0.4102566995252729,0.4744172523959926,False,False,False,False,False,none
168,-2.6588271406458777,0.012707206754981723,1.1430543114006821,0.013577564235667014,False,False,False,False,False,none
169,0.031059229138173106,0.26211287098938474,0.39099646812992955,0.28006582496647126,False,False,False,False,False,none
170,0.04714848120285525,0.7814768192507837,0.3206055161944616,0.8350026812857597,False,False,False,False,False,none
171,0.8785007627231765,0.44772025704217444,0.6599514388437335,0.47838605814895424,False,False,False,False,False,none
172,-1.2444777291474056,0.19659447014997208,0.5023503512560824,0.21005985802440078,False,False,False,False,False,none
173,1.7402039454556628,1.1772987314014793,1.046627969039036,1.2579357098999104,False,False,False,False,False,none
174,0.33294268428264084,0.042919032308025594,0.15433857238367782,0.04585869493832152,False,False,False,False,False,none
175,-2.5248721581402886,0.17831143821823786,1.2634671233094454,0.19052456240339005,False,False,False,False,False,none
176,0.5541451421295737,4.310445764032807,0.4835169653851261,4.605682064830651,False,False,False,False,False,none
177,0.3680362342338652,0.04926666220888294,0.2964922858581997,0.05264109443688506,False,False,False,False,False,none
178,-0.19847828234510423,0.4148954019412954,0.037743682411135904,0.4433129230963651,False,False,False,False,False,none
179,2.0741339793108793,0.5592626982713038,1.0727359422025404,0.5975684001060396,False,False,False,False,False,none
180,-2.7840505376280156,0.03821004155106757,1.4995569358038077,0.040827170251537453,False,False,False,False,False,none
181,-1.1039215891450542,0.0294082187103168,0.3842551960558446,0.03142248224137321,False,False,False,False,False,none
182,-3.1826273663155575,0.2220748599901095,1.3162294842712026,0.23728548175706513,False,False,False,False,False,none
183,-3.3473294806476703,3.229930353125675,1.1329158540435085,3.451158676481106,False,False,False,False,False,none
184,3.3016808035986642,1.189107517559125,2.3205260914579444,1.2705533178205366,False,False,False,False,False,none
185,-0.38454176910474924,1.1739691193187585,0.06744489844400825,1.2543780419714121,False,False,False,False,False,none
186,0.0831739071447431,5.413392922329029,0.28094495463366476,5.78417362313023,False,False,False,False,False,none
187,-0.02345565678552633,0.20391813780691115,0.1730071275191934,0.2178851472457148,False,False,False,False,False,none
188,0.4433471514684343,0.09597328908632738,0.36495171013846445,0.10254680848464122,False,False,False,False,False,none
189,3.714668019692084,0.2203203861914621,1.8795796747742162,0.23541083840229396,False,False,False,False,False,none
190,-3.699025443281677,0.5041851269837682,2.0943066018058145,0.5387183887290019,False,False,False,False,False,none
191,-1.7020957684800218,0.2678978008292031,0.7063070536326805,0.2862469832661242,False,False,False,False,False,none
192,-1.8170177570162278,0.05308542635499553,0.620818910093267,0.05672141802762059,False,False,False,False,False,none
193,-4.0660666669657815,0.2561128066560585,1.5881503882006107,0.27365479691957706,False,False,False,False,False,none
194,0.9436860055635257,0.8126365486225314,1.1607835496085357,0.8682966407898847,False,False,False,False,False,none
195,-0.20575506380564693,2.3135910145488827,0.37078682408718994,2.4720563079517355,False,False,False,False,False,none
196,0.21632280967772188,0.14402244221888644,0.5014698236891683,0.1538870027307889,False,False,False,False,False,none
197,-0.001922279414280914,0.0016884581744732849,0.29525842903868754,0.0018041061080682056,False,False,False,False,False,none
198,3.029638401484026,5.246904233083388,1.7074660383696505,5.606281587820543,False,False,False,False,False,none
199,0.32100572508558856,0.7481342286103984,0.0514350655843328,0.799376349320562,False,False,False,False,False,none
200,4.162001713990629,2.34599536096298,1.9052377561221796,2.5066801323244463,False,False,False,False,False,none
201,-0.9844775801237126,0.006805481024696731,0.9734690194133853,0.007271610319176376,False,False,False,False,False,none
202,2.8919896531160623,4.567118678385615,1.1025291849191057,4.879935333025477,False,False,False,False,False,none
203,-0.5790845186074058,0.3173582943217227,0.8025380634334514,0.33909518511498443,False,False,False,False,False,none
204,-1.213814125361923,0.21491000053365758,0.9500737103527664,0.22962987802091248,False,False,False,False,False,none
205,0.8948179885222858,0.22427043489834264,0.2632900338102759,0.23963143865582,False,False,False,False,False,none
206,-0.3770585614477711,0.15991760036776967,0.40662765975372694,0.1708708714097131,False,False,False,False,False,none
207,-0.28201440275778406,0.003604374888496566,0.27917585271227624,0.0038512501229903567,False,False,False,False,False,none
208,0.0003484160832182559,0.7763780400463495,0.08630601074167382,0.8295546702864464,False,False,False,False,False,none
209,1.6267263058015073,0.27871061355171894,0.7202593945958445,0.2978004003261433,False,False,False,False,False,none
210,-4.129186178342748,0.11222113521336977,2.2172182592587517,0.11990752187624991,False,False,False,False,False,none
211,-2.860417650513769,1.0368199567673406,1.15802328772875,1.1078350919497817,False,False,False,False,False,none
212,-1.787474426953795,2.2363841434164753,0.40570410160198817,2.3895612897744196,False,False,False,False,False,none
213,-3.7316963564661627,0.13878120177306286,1.268121694488073,0.14828677286124287,False,False,False,False,False,none
214,-3.9563879419056596,2.562687510733774,1.1235433613987125,2.738214224718457,False,False,False,False,False,none
215,-1.2089718936915799,4.461433134111643,0.43452519512073284,4.767011045742693,False,False,False,False,False,none
216,-0.07155559514058053,0.0664325754183283,0.8996243802672018,0.07098275627958359,False,False,False,False,False,none
217,-1.6540283737857289,0.0012679816514765893,0.04829692731263797,0.0013548297949760792,False,False,False,False,False,none
218,0.11568904676684177,0.25923949835710425,0.8202313639127544,0.2769956457964895,False,False,False,False,False,none
219,-1.4666059551802595,1.5408275073735602,0.11172506284908662,1.6463637415237204,False,False,False,False,False,none
220,0.28254385348508443,0.05786564900789483,0.7595071024022352,0.061829053512113354,False,False,False,False,False,none
221,-1.4213318300004287,0.9195668076021077,0.21930929717935388,0.9825508972937795,False,False,False,False,False,none
222,-2.383148539291885,0.029808154374386824,0.6422306965055864,0.03184981078601313,False,False,False,False,False,none
223,-3.3364112425246395,1.4891195913660433,0.9764164357867737,1.5911141839599154,False,False,False,False,False,none
224,-0.7177534082043042,0.9821325201453253,0.48973855247403364,1.0494019368169052,False,False,False,False,False,none
225,3.1589609833773373,2.1099593243130337,2.273215191869649,2.2544772279929735,False,False,False,False,False,none
226,1.6568399957954625,0.535685044071512,1.089571583153221,0.5723758365004686,False,False,False,False,False,none
227,-0.933305605145295,0.3993807048815722,0.38537704427258174,0.4267355745108687,False,False,False,False,False,none
228,-2.323868894469747,0.014684458611459193,0.9831616762505697,0.01569024443431806,False,False,False,False,False,none
229,-3.3353647495216165,0.31053204866713624,1.2774225921618867,0.3318013879295995,False,False,False,False,False,none
230,-0.36988197057480376,1.4004648782313092,0.41725268058730947,1.4963872242439589,False,False,False,False,False,none
231,3.468373409497305,0.40527221299070737,2.19656179187822,0.4330306109684581,False,False,False,False,False,none
232,-0.3554367622662251,0.9854467479022053,0.09849974991339709,1.0529431666975813,False,False,False,False,False,none
233,2.7211614020937303,0.09528577001413369,1.414316823214022,0.10181219901885155,False,False,False,False,False,none
234,0.3373172300129911,0.42133161872208186,0.025459849625121756,0.4501899770753244,False,False,False,False,False,none
235,0.7383673604237374,1.75693867345686,0.17426742346281215,1.8772770567879549,False,False,False,False,False,none
236,-1.9578994910735836,0.3956498462687989,1.169122516539734,0.42274917738631873,False,False,False,False,False,none
237,-1.4151493650027411,1.1005946199734242,0.6718936971147137,1.1759778870569095,False,False,False,False,False,none
238,-0.40871806991509535,1.518580569457575,0.049079609144693816,1.6225930392422951,False,False,False,False,False,none
239,-2.9342129589682946,2.124827839272743,1.2649220928218532,2.2703641353871014,False,False,False,False,False,none
240,-0.42407821630235587,1.089198928751097,0.20626623486022344,1.1638016682730044,False,False,False,False,False,none
241,2.0185041281216574,5.973890904733158,1.3504327622700782,6.383061915954325,False,False,False,False,False,none
242,0.39255044378479154,0.008821726567736752,0.29124787950100584,0.009425955007458941,False,False,False,False,False,none
243,-1.998944482595598,0.20604121633065353,0.9276280239156188,0.2201536422493218,False,False,False,False,False,none
244,-0.3828424408175931,0.35385918163909014,0.0422147696476301,0.3780961356595333,False,False,False,False,False,none
245,2.2878971244731865,1.1571807761715553,1.3299195178199843,1.2364398111794872,False,False,False,False,False,none
246,-0.45009738341393635,4.613920194406463,0.2648518631478897,4.929942435479409,False,False,False,False,False,none
247,2.90734872507222,0.2709974310819533,1.4175346139199472,0.28955891716906734,False,False,False,False,False,none
248,-1.0306693578923092,1.9047740741748198,0.7771482076321404,2.0352381798149928,False,False,False,False,False,none
249,-1.0463494581267483,0.8331144115085816,0.6293283406234994,0.8901770983999353,False,False,False,False,False,none
250,-0.7919770183964505,1.0698672553842687,0.38001212811800456,1.1431459063906266,False,False,False,False,False,none
251,2.154705763235781,0.10063390468095822,1.1260571471049727,0.10752664463856572,False,False,False,False,False,none
252,-0.3724422756463279,4.856009839852688,0.32561498482622286,5.188613579753294,False,False,False,False,False,none
253,0.5570706674185392,1.5267037792248854,0.19061379605184248,1.631272633785936,False,False,False,False,False,none
254,1.1543952011899592,0.00011896620833022154,0.4423810852455792,0.0001271145867555887,False,False,False,False,False,none
255,2.919788760404167,2.06579964714629,1.2106753428690185,2.2072929124373366,False,False,False,False,False,none
256,1.7500460123109423,2.577042833814368,0.4008475667412687,2.753552790070288,False,False,False,False,False,none
257,-0.6495762678383254,1.0076834550826277,0.8438925939098096,1.0767029375074437,False,False,False,False,False,none
258,-2.4858098737958496,0.037095981932743896,1.566264226874286,0.03963680510506478,False,False,False,False,False,none
259,-0.45149008537132185,0.0858111119205881,0.26572720247474996,0.09168859110433764,False,False,False,False,False,none
260,1.1734301873926023,0.13898749729430263,0.5760150390760952,0.14850719822656286,False,False,False,False,False,none
261,-2.9852059942494087,2.176854673091201,1.5574329525498778,2.3259544544689525,False,False,False,False,False,none
262,1.565671860687594,3.7582588519345155,0.9626590560554829,4.015674094261516,False,False,False,False,False,none
263,1.752493288601466,0.3263370387957326,0.8607943273412875,0.34868891269037916,False,False,False,False,False,none
264,0.01839807190325271,0.4641105828260406,0.15294548430377794,0.49589901008756243,False,False,False,False,False,none
265,2.571804169085536,2.4425936482685673,1.1168477223127753,2.6098947471675427,False,False,False,False,False,none
266,1.3808197878544168,1.3731790338786691,0.31547660516453846,1.4672324846095273,False,False,False,False,False,none
267,-1.8323560369787182,0.002948753896062929,1.307018410219825,0.0031507235390871215,False,False,False,False,False,none
268,0.313243293640303,5.389155071656255,0.004325012714445864,5.758275644070821,False,False,False,False,False,none
269,2.5188520375440397,0.8031222058013907,1.0669531226924065,0.8581306300130827,False,False,False,False,False,none
270,-4.027479191282888,0.027375055548785294,2.3234646780312542,0.02925006119247012,False,False,False,False,False,none
271,0.5724029310006713,0.44972789644710187,0.3736161400259093,0.48053120723703147,False,False,False,False,False,none
272,2.616702272361781,0.08052489833710114,1.2910203092965826,0.08604030774221232,False,False,False,False,False,none
273,2.6895500561864205,1.261760026368497,1.068170307726271,1.3481820307440031,False,False,False,False,False,none
274,-2.0115785345965023,1.0999305569085753,1.426987980074011,1.1752683401758859,False,False,False,False,False,none
275,-0.6254459207688755,0.023092468093621234,0.4688806127395405,0.024674145541726828,False,False,False,False,False,none
276,-0.3879050539889824,0.31327013349731075,0.2598225463310652,0.3347270130005715,False,False,False,False,False,none
277,-1.4567774747610065,3.4283711476054357,0.7265969474508577,3.6631913195298593,False,False,False,False,False,none
278,0.5450677807445523,0.20430542323036127,0.39024627072254303,0.21829895909404803,False,False,False,False,False,none
279,2.249054932764647,0.2844630953143313,1.1391660929362928,0.3039468880753689,False,False,False,False,False,none
280,-1.142933916278257,3.0680863314057216,0.7348473108625049,3.2782294369218405,False,False,False,False,False,none
281,-1.1807873103917483,0.07979163983073867,0.6062486364802453,0.08525682600122447,False,False,False,False,False,none
282,0.8278943177817386,0.005195190365772589,0.4898427078897113,0.005551025671329544,False,False,False,False,False,none
283,-0.13681245793260033,0.22179313646551974,0.07631168257990886,0.2369844620817288,False,False,False,False,False,none
284,-0.8237765775691166,0.5009293275067517,0.39444275389190736,0.5352395890690914,False,False,False,False,False,none
285,0.37928167412475744,0.02067217363365663,0.26830698975345635,0.022088077326025895,False,False,False,False,False,none
286,-3.2303063827196468,4.520036845279334,1.5371385679918954,4.829628713666909,False,False,False,False,False,none
287,-0.8951218956769255,1.5063770709858468,0.0964127798825181,1.6095536838910656,False,False,False,False,False,none
288,4.04786451974768,0.06028899362022078,2.321771026945025,0.06441838079492583,False,False,False,False,False,none
289,0.33473301145047607,3.194048949346194,0.05538155962754564,3.4128196398953663,False,False,False,False,False,none
290,1.5863227979649845,1.492900298374864,0.6517194811405332,1.5951538437575632,False,False,False,False,False,none
291,0.6000912999247667,0.5530648000374063,0.04274348370036142,0.5909459878781218,False,False,False,False,False,none
292,0.379654013072648,0.35327922736486705,0.07278654754502371,0.377476458450856,False,False,False,False,False,none
293,4.242576502052659,0.1419249409790851,1.816501706365886,0.1516458368816042,False,False,False,False,False,none
294,-2.9880865315687872,0.5399147658863805,2.0559417192802747,0.5768952655730982,False,False,False,False,False,none
295,1.436590354552332,0.7504632208538113,0.5026049267563163,0.8018648617371017,False,False,False,False,False,none
296,2.2146866176792868,6.151739154049903,0.779705067992234,6.573091564157881,False,False,False,False,False,none
297,-7.022890782917686,0.08967882990499285,3.8593629701869205,0.09582122153927665,True,False,True,False,True,score
298,2.3939598422196777,0.013065865150959494,1.4826404810235578,0.013960788299298494,False,False,False,False,False,none
299,1.130449756088923,0.3921983058939261,0.572913061303893,0.4190612299045906,False,False,False,False,False,none
300,-0.926500546181841,0.7912624483672073,0.539936638573773,0.8454585596291703,False,False,False,False,False,none
301,-4.213190233462201,1.3362462147877605,2.027026322880057,1.4277700178943704,False,False,False,False,False,none
302,-0.9595872514720204,0.3250705024935405,0.04260149253846731,0.347335627241311,False,False,False,False,False,none
303,-2.4024177905918,0.03977662227632887,0.7343072707725199,0.04250105113171234,False,False,False,False,False,none
304,3.132467643810089,0.013102628852544138,2.098712403536294,0.014000070065105185,False,False,False,False,False,none
305,-0.35191017978457595,1.1946345546486565,0.012047939039972016,1.2764589194655722,False,False,False,False,False,none
306,-2.220784665188262,0.11667674549631402,0.9166295836433216,0.12466831124501163,False,False,False,False,False,none
307,-2.2922434974757735,0.729796717332915,0.767983649368977,0.7797828428881047,False,False,False,False,False,none
308,-3.0954967263515716,3.32448687745967,1.0042170775322967,3.5521916814365744,False,False,False,False,False,none
309,-3.6476300957491166,0.6726820473665837,1.071331798902609,0.7187562053886584,False,False,False,False,False,none
310,2.1644908640416602,7.862512020277336,1.9636391043966612,8.401040769024073,False,True,False,True,True,residual
311,-2.90473507398647,0.6613755129940148,0.8892557939472392,0.706675250094046,False,False,False,False,False,none
312,-2.085253755299961,0.3076931549710502,0.313698755507451,0.32876804926910064,False,False,False,False,False,none
313,-2.6891036710214165,1.385023210789472,0.5440159130048206,1.4798879073098767,False,False,False,False,False,none
314,2.1460952710780026,0.8104445468893647,1.9113777344456293,0.8659545018044545,False,False,False,False,False,none
315,-0.24431746736950805,0.2910329894797563,0.36900106115690645,0.31096677543319606,False,False,False,False,False,none
316,4.451304464901213,0.24822723741680722,2.5740526158851544,0.2652291196684565,True,False,False,False,False,none
317,0.22920333869353182,0.5623308699326793,0.010196673268274318,0.6008467207174555,False,False,False,False,False,none
318,0.07655521630609524,0.09444907688577114,0.06592495515673182,0.10091819808576451,False,False,False,False,False,none
319,-3.5549680533558856,0.7611007445619413,1.8151695930845102,0.8132309836740839,False,False,False,False,False,none
320,-1.604480194531974,0.0024903173556284405,0.5055363171030957,0.0026608872048127937,False,False,False,False,False,none
321,-3.809942813120845,0.07486371659864627,1.4747712698634567,0.07999137344958959,False,False,False,False,False,none
322,0.7506298200902359,1.461826270792078e-05,1.0334934152825106,1.5619514560337025e-05,False,False,False,False,False,none
323,0.2573961209478949,0.2126652802907396,0.587421438756658,0.2272314096653573,False,False,False,False,False,none
324,-1.8785298281719895,0.35416041781943797,0.566657935535841,0.3784180044752096,False,False,False,False,False,none
325,2.569250952711931,1.3033663175794148,1.705244600801239,1.3926380707232564,False,False,False,False,False,none
326,1.9847662207820382,2.2617315637874595,1.0805369697542628,2.4166448365311113,False,False,False,False,False,none
327,-2.1271830337150455,3.1213979310108417,1.1311575816421187,3.335192519533281,False,False,False,False,False,none
328,-0.16368708771772275,1.3415672133734704,0.04798630082100144,1.4334554687954544,False,False,False,False,False,none
329,0.6185122827041458,0.4076836347839574,0.4180014632733279,0.43560719879995013,False,False,False,False,False,none
330,2.7362326182559578,0.03458521046916538,1.3621608152851208,0.036954062824629916,False,False,False,False,False,none
331,3.7107142879673045,2.317585640102462,1.5626583954916438,2.4763245382636327,False,False,False,False,False,none
332,4.858468123564457,0.7341469112398109,1.8071478935689702,0.7844309955740072,False,False,False,False,False,none
333,5.8776329374297385,1.614680918415131,1.9403334202448141,1.7252756103376066,False,False,False,False,False,none
334,4.008933596369497,0.19272779378509708,0.64536050381268,0.2059283405528649,False,False,False,False,False,none
335,-0.5511752037072628,0.40169525856453103,1.6967969233397895,0.4292086594234875,False,False,False,False,False,none
336,-3.3224348072931615,4.333111291975966,2.702369037720692,4.629900027717175,True,False,False,False,False,none
337,3.0180519029759,0.6077428386306054,0.9152326884447396,0.6493691012809468,False,False,False,False,False,none
338,-0.7084338825742794,6.611316658370357e-06,1.0763301308870818,7.06414701060619e-06,False,False,False,False,False,none
339,-0.5670924629254475,0.733172887954154,0.7924691137676321,0.7833902582992432,False,False,False,False,False,none
340,-2.218655482171002,3.6416228157096775,1.4355021939334103,3.8910492805969805,False,False,False,False,False,none
341,-0.7351560208059785,0.00024795967977539577,0.42843847497257126,0.00026494323614322126,False,False,False,False,False,none
342,-0.8545426749305037,0.07115058157596048,0.4006908125503784,0.0760239138608443,False,False,False,False,False,none
343,0.4544056289273388,0.11599715226449607,0.31469848349011253,0.12394217048590929,False,False,False,False,False,none
344,-1.8601244448343224,0.14259920481197014,0.8715154086928775,0.15236628321409146,False,False,False,False,False,none
345,-2.1491576828401024,0.9358704117646006,0.8374842471898003,0.9999711877681083,False,False,False,False,False,none
346,-2.8551669963240887,1.3459265923862493,1.012623707644214,1.438113435704698,False,False,False,False,False,none
347,-2.1242636871440617,1.0750833979455954,0.4553812478607244,1.148719319340805,False,False,False,False,False,none
348,-2.7304817473626217,2.799938744353618,0.6585112009212187,2.9917155587706317,False,False,False,False,False,none
349,0.27090671371194336,0.4351365317409396,0.9298073291832074,0.46494043300914745,False,False,False,False,False,none
350,-2.4867897037929474,5.6245348050249175,0.5945032295775833,6.009777292797382,False,False,False,False,False,none
351,-0.3926172523262683,0.6066617734066109,0.5407289396544229,0.6482139904210422,False,False,False,False,False,none
352,-1.6988571371547199,3.0771841670308095,0.2013535477276813,3.287950412584469,False,False,False,False,False,none
353,0.1357597134781065,0.0435469324144352,0.729282679328068,0.04652960194351496,False,False,False,False,False,none
354,-1.0933685327716085,1.0841818702050297,0.013087186653890361,1.1584409752429152,False,False,False,False,False,none
355,0.5315653424196806,2.5131327714607754,0.7781336531832579,2.685265321892343,False,False,False,False,False,none
356,-1.280497918363195,0.4715402982284925,0.2569130186752728,0.5038376106057264,False,False,False,False,False,none
357,0.09869868855709474,0.6928256341672122,0.4638132140825586,0.7402794912685426,False,False,False,False,False,none
358,4.338221097624038,0.04867196844666516,2.42855078578931,0.052005668185250584,False,False,False,False,False,none
359,1.8226952855940532,0.368472940560733,0.7220203572675342,0.3937108379547777,False,False,False,False,False,none
360,0.7415884739358781,2.2813288693834277,0.05293985241387721,2.4375844246487706,False,False,False,False,False,none
361,-0.977239963255092,0.01565106833949026,0.7918198801253313,0.0167230603730386,False,False,False,False,False,none
362,-0.8487122797023197,0.22553883976231687,0.5710796006005018,0.24098672065047952,False,False,False,False,False,none
363,-3.17640309732914,0.1435431266369135,1.5865249711881562,0.15337485728223527,False,False,False,False,False,none
364,0.29299645609930514,3.040868895251977,0.41452871846372397,3.249147790983975,False,False,False,False,False,none
365,3.4776344517772504,0.20282086632844637,1.877172856822055,0.21671272011282186,False,False,False,False,False,none
366,-0.6353200637779718,0.13413237660279653,0.4943367394038815,0.14331953469578756,False,False,False,False,False,none
367,-3.7541090543031688,0.04261661377051419,1.909061819607629,0.045535562782034876,False,False,False,False,False,none
368,-2.837279312073151,0.6758999946931773,1.082299008606208,0.7221945602825606,False,False,False,False,False,none
369,-1.5274775984781541,0.000821243299517431,0.23017390153333012,0.0008774928957489118,False,False,False,False,False,none
370,2.2468418320327226,1.097000549519973,1.6475915051635284,1.172137647152879,False,False,False,False,False,none
371,1.7394631787359607,0.04976576879140246,1.0718351642586934,0.053174386435297406,False,False,False,False,False,none
372,4.934286823552702,4.644609189671987,2.4079612531124104,4.962733418783618,False,False,False,False,False,none
373,1.2354306395530432,0.8319823438884004,0.13126175743943366,0.8889674918256107,False,False,False,False,False,none
374,-0.5418530794132171,1.537279398202514,0.7575315314948914,1.6425726109382237,False,False,False,False,False,none
375,1.1679033272173247,0.2591300888413532,0.2237437520599672,0.27687874247093996,False,False,False,False,False,none
376,1.2144375031807315,3.449794108330561,0.20157869570337197,3.686081607771178,False,False,False,False,False,none
377,-1.517661742434227,0.18280812642386618,1.164663466642313,0.19532924325394355,False,False,False,False,False,none
378,2.1400412501068544,0.6509373725259937,0.8434042456025745,0.6955221677968756,False,False,False,False,False,none
379,-1.3301150957221617,1.200807989622397,1.0093925809928275,1.2830551928659255,False,False,False,False,False,none
380,1.7706326992807144,0.02970221118297136,0.6973227158196776,0.03173661120450706,False,False,False,False,False,none
381,-1.4757271238577998,0.07715956920917616,1.0176461856281502,0.08244447639315135,False,False,False,False,False,none
382,-0.6518592776347807,0.22076929542428422,0.41428222496918016,0.23589049487299998,False,False,False,False,False,none
383,0.23994255146720272,0.08905814518088201,0.10137826671759455,0.09515802412113372,False,False,False,False,False,none
384,-1.996210029556107,1.8589480099638203,1.0041338758404714,1.9862733410042352,False,False,False,False,False,none
385,0.4119154005072505,0.11952749796355133,0.36539024560364936,0.12771432092205778,False,False,False,False,False,none
386,-4.27976787797465,0.8240657449218839,1.9846280860608947,0.8805086595213553,False,False,False,False,False,none
387,-1.2506716157083266,0.5335686402520121,0.11763919094373403,0.570114473373076,False,False,False,False,False,none
388,2.7259434438401025,0.25182137019096723,1.835796204897962,0.26906942616174173,False,False,False,False,False,none
389,0.5944930820141294,0.9493725353473268,0.4342139432206675,1.0143981152429846,False,False,False,False,False,none
390,-1.5917482090122808,0.9271648610563972,0.713642679355869,0.9906693658786401,False,False,False,False,False,none
391,-3.107055698096083,1.5073255845028024,1.3063143095955756,1.6105671641509829,False,False,False,False,False,none
392,3.8730141828889595,0.1038339061450442,2.3424752338194503,0.11094582450008977,False,False,False,False,False,none
393,2.4820360098224237,3.8927140780721894,1.1989187972724022,4.15933859149571,False,False,False,False,False,none
394,-0.9250160362621354,2.924437431596088,0.6943555300627429,3.1247415617219216,False,False,False,False,False,none
395,0.4228630509891199,0.8138136041251118,0.09866036953310754,0.8695543166114389,False,False,False,False,False,none
396,-3.401711645061103,1.2798865599679052,1.7771919222438668,1.3675501089583169,False,False,False,False,False,none
397,1.0418438979081923,0.07345966892694133,0.7347668436875737,0.07849115803481807,False,False,False,False,False,none
398,2.6268585078565634,2.4778299372848966,1.3570434931749218,2.6475444830041126,False,False,False,False,False,none
399,-4.64306158400934,0.817667563370933,2.442560295687946,0.873672245927515,False,False,False,False,False,none
400,-2.3795255849943118,0.2125535202894665,0.8555221871080242,0.22711199486196873,False,False,False,False,False,none
401,2.090928999453377,0.004454367096114431,1.4851571172481703,0.004759461032065518,False,False,False,False,False,none
402,1.2902294590486905,1.1520424889575447,0.7995348769112403,1.2309495861398903,False,False,False,False,False,none
403,2.0035924478808367,0.17885919393493732,0.9858330541226135,0.1911098356717285,False,False,False,False,False,none
404,0.4592472143985309,1.751683216245056e-05,0.03917384894543048,1.871661636400379e-05,False,False,False,False,False,none
405,-1.6719443373948537,2.049557335052889,1.0029583373703708,2.189938112123141,False,False,False,False,False,none
406,-1.5958879429966453,0.009062594309396361,0.7654554254939773,0.009683320555823948,False,False,False,False,False,none
407,2.909202982202622,0.1588642780103498,1.574020032811686,0.16974540361458765,False,False,False,False,False,none
408,1.0867384267683295,0.0006507717950210914,0.37474818955442285,0.0006953452493558569,False,False,False,False,False,none
409,0.5321178508046817,0.053875848816905846,0.03063333822616944,0.05756597906741748,False,False,False,False,False,none
410,-2.4324781675088856,0.5554219018653135,1.4142537262528725,0.5934645351950505,False,False,False,False,False,none
411,-2.045235887338028,1.2894559601713693,0.9434688229424114,1.3777749481747246,False,False,False,False,False,none
412,2.2719213667221085,0.014430904452070736,1.3404024449805352,0.015419323534650817,False,False,False,False,False,none
413,0.7648058855519486,0.5352162588762983,0.34089748723126145,0.5718749426987487,False,False,False,False,False,none
414,2.53944585878898,1.6564455073301256,1.1339758800199502,1.7699007903400692,False,False,False,False,False,none
415,1.3809397257314031,0.08139102374278832,0.3449412847373433,0.08696575686400697,False,False,False,False,False,none
416,-2.001276713654234,0.19279499082580687,1.3654844687350254,0.2060001401351237,False,False,False,False,False,none
417,-0.8524966147712428,0.035290802312543626,0.5348683377180827,0.037707982923858255,False,False,False,False,False,none
418,-2.5294387717999163,0.03568214398907537,1.241738427775682,0.03812612885109913,False,False,False,False,False,none
419,-0.8476942325356183,0.20485073140798937,0.17721632056649025,0.2188816171834883,False,False,False,False,False,none
420,-2.4306987130304787,1.3239468476495682,0.9100275304108584,1.4146282275232183,False,False,False,False,False,none
421,-0.23600819458949646,0.006628850581128366,0.3370923392248969,0.007082881888155637,False,False,False,False,False,none
422,-1.2514560104990975,0.35448597431584306,0.22313732230616654,0.3787658593836494,False,False,False,False,False,none
423,0.25250337964231256,1.5402072569941363,0.5513829152731734,1.6457010081999297,False,False,False,False,False,none
424,-0.028773767097276914,0.33502297728486996,0.3045985528235087,0.3579697790567881,False,False,False,False,False,none
425,-0.9891474259272832,3.739379506912816,0.2224040836951358,3.9955016421481555,False,False,False,False,False,none
426,2.5076932290067004,0.38210479144792087,1.5191429833114065,0.4082763781746428,False,False,False,False,False,none
427,0.5061658750744588,1.0644435154130552,0.24394484009774609,1.1373506770159383,False,False,False,False,False,none
428,2.39823620909121,4.733406645916164,1.1134043780436003,5.05761289854391,False,False,False,False,False,none
429,-3.4830966321897527,1.2334565228226362,1.963570546521807,1.3179399291635203,False,False,False,False,False,none
430,-1.1368968307951053,0.013185024758313738,0.43221247478434127,0.014088109531599592,False,False,False,False,False,none
431,0.647622080245019,0.12783036586174168,0.5202822987106541,0.13658587896007754,False,False,False,False,False,none
432,-0.9223182300197387,0.003500364761814618,0.3456884083179692,0.0037401160080417378,False,False,False,False,False,none
433,-7.164542384084985,0.6066327202952343,3.3059904363310553,0.6481829473685786,True,False,True,False,True,score
434,0.5347944059625489,0.5169860143873106,1.0918047410531702,0.552396050102301,False,False,False,False,False,none
435,-0.8256283264929811,0.8033316498633523,0.21321139074854373,0.85835441957281,False,False,False,False,False,none
436,-0.6033828011287774,1.4770963508920034,0.27842801084070634,1.5782674330566808,False,False,False,False,False,none
437,-0.08158140130942085,0.008683386998560902,0.4759800115145207,0.009278140116032606,False,False,False,False,False,none
438,0.3102938514700712,0.4177311837787101,0.5709666144352116,0.44634293675697867,False,False,False,False,False,none
439,-1.7518359793099827,0.43316625362479794,0.5440074945448017,0.4628352042047484,False,False,False,False,False,none
440,3.0198398443389305,0.48746411553924235,1.8805558009750758,0.5208521014047347,False,False,False,False,False,none
441,-0.094940896994903,0.006862622462260642,0.007202527255016247,0.007332665557672293,False,False,False,False,False,none
442,-1.0079957932258294,0.8810754940431751,0.4488804827063347,0.9414231898094638,False,False,False,False,False,none
443,1.062953491911963,0.8229202939264578,0.6459566059233277,0.8792847529013493,False,False,False,False,False,none
444,-0.3293654110771536,2.142866978702031,0.1589467802473039,2.289638833523361,False,False,False,False,False,none
445,0.3558126386822388,0.0493438281137016,0.20536917864581236,0.05272354568283398,False,False,False,False,False,none
446,-0.5692294525515254,0.0021460289406759533,0.28464067333981335,0.002293017368447634,False,False,False,False,False,none
447,1.049436431811738,1.2088496168944807,0.5578489191933702,1.2916476170667202,False,False,False,False,False,none
448,-3.2387266469638636,1.5365625715587334,1.6348270844455022,1.6418066865309617,False,False,False,False,False,none
449,0.7750192100181628,2.6299697134716946,0.6400659914932657,2.810104802026735,False,False,False,False,False,none
450,2.3853400585606597,0.5840667363079624,1.293564287093442,0.624071346523798,False,False,False,False,False,none
451,-1.3133789528913717,0.5147130482390452,0.7601892435973808,0.5499674011884497,False,False,False,False,False,none
452,1.2141877618246848,0.03279037867013497,0.6185124969387901,0.035036297220163035,False,False,False,False,False,none
453,-0.6672674519322599,2.0922096928811875,0.41828684034793234,2.2355118671884973,False,False,False,False,False,none
454,-0.0027420179946195944,1.8203123955661367,0.01212587612828479,1.9449914490523825,False,False,False,False,False,none
455,0.43454483370112273,0.0011645120996164274,0.20252079585087251,0.001244273280558285,False,False,False,False,False,none
456,-1.2684767644594441,0.007590658407514797,0.6644838427269079,0.008110567027536044,False,False,False,False,False,none
457,3.422457658042786,3.3202007585177515,1.7449897779590133,3.547611992416185,False,False,False,False,False,none
458,-0.1510562403379024,0.05100787487117621,0.33828503787429665,0.0545015683574007,False,False,False,False,False,none
459,1.1861970455979383,2.0573658621905513,0.3783599115500016,2.198281470411224,False,False,False,False,False,none
460,-0.29284267666695946,0.6499753089214757,0.41511097644338724,0.6944942093602963,False,False,False,False,False,none
461,1.2910334969521475,0.11136937890544804,0.43658873781064406,0.11899742603796444,False,False,False,False,False,none
462,-2.594374382103328,1.2083680597844881,1.536372432126136,1.2911330765606799,False,False,False,False,False,none
463,-0.6618967244529302,0.7673623292676761,0.2912391938109333,0.8199214444652294,False,False,False,False,False,none
464,3.0977221562790485,0.2275271363551999,1.5916048865204089,0.24311120207507297,False,False,False,False,False,none
465,-1.5404696754686613,0.37044095366585317,0.9776962173213816,0.39581364661026197,False,False,False,False,False,none
466,-2.6628352172212404,1.0587518106814855,1.3268568527846674,1.1312691291121837,False,False,False,False,False,none
467,0.07684542250372473,1.3120186077819262,0.26812029881587773,1.401882984123613,False,False,False,False,False,none
468,2.1193802312823227,0.09953778674543379,1.205767283698061,0.10635545005848107,False,False,False,False,False,none
469,3.354355299819005,1.078375304482841,1.5639647026634165,1.1522366991496873,False,False,False,False,False,none
470,-3.947976024672398,0.6890852844268305,2.2927529579104777,0.7362829529385132,False,False,False,False,False,none
471,-0.14361353098185903,0.02047459753329841,0.012108583733385166,0.021876968602781533,False,False,False,False,False,none
472,0.22925655441516513,0.00010051065586454857,0.19064599555575132,0.0001073949541141225,False,False,False,False,False,none
473,-0.5981961147463573,0.43563281195150405,0.24905769238617528,0.4654707050482947,False,False,False,False,False,none
474,1.122302834561288,0.2273846133885436,0.6357363313155252,0.24295891725181118,False,False,False,False,False,none
475,-1.8698559992467985,0.08660311209908853,0.9435479561557638,0.09253483792361077,False,False,False,False,False,none
476,0.7795434975164083,0.2930850523014755,0.530952699958058,0.31315939064082965,False,False,False,False,False,none
477,0.44948942875182163,0.1505340627358628,0.26458225011738634,0.16084462509046862,False,False,False,False,False,none
478,-2.202383288952336,0.44769722415186475,1.0753255539075737,0.47836144766187055,False,False,False,False,False,none
479,0.12048644212742127,1.113438553432477,0.26706110606184835,1.189701542848577,False,False,False,False,False,none
480,7.224181430919398,3.0080552529857334,3.661172580464065,3.2140866367691463,True,False,True,False,True,score
481,0.4245096357621768,0.26719518418462374,0.3710388734326528,0.2854962421466342,False,False,False,False,False,none
482,-0.5278801298130749,0.1375620127178269,0.7590393283311399,0.14698407762443177,False,False,False,False,False,none
483,0.3413132958546654,1.916612283941068,0.18539959406837847,2.0478872266618553,False,False,False,False,False,none
484,-0.4409696297881232,0.3516990494372533,0.5279726484022516,0.37578804905218555,False,False,False,False,False,none
485,-0.9054458487932835,0.6808493914161633,0.647795000161142,0.727482957113579,False,False,False,False,False,none
486,-1.595734984103251,0.19657033029641216,0.8532430851123178,0.21003406475459183,False,False,False,False,False,none
487,2.783434454879713,1.2528171664309085,1.44267842606243,1.3386266455524007,False,False,False,False,False,none
488,-0.30104834878578945,0.1497877652980983,0.3428004093177233,0.16004721133970953,False,False,False,False,False,none
489,-1.7205301195424376,0.7437818390319855,0.9631349165233383,0.7947258505745349,False,False,False,False,False,none
490,0.06475376113812661,0.4964684330505018,0.09591559591031146,0.5304731535969907,False,False,False,False,False,none
491,2.576595211773596,0.01002411946020873,1.2957646753735512,0.010710703658270614,False,False,False,False,False,none
492,1.5892401017035491,0.02200989532724678,0.5574343342695468,0.023517423883013717,False,False,False,False,False,none
493,-2.121529718088653,0.767828173464167,1.3549416336633775,0.8204191958297602,False,False,False,False,False,none
494,-2.690109984550019,0.0017142624504485277,1.3598933556767638,0.0018316778019395895,False,False,False,False,False,none
495,-1.2426987657187571,0.20676618568462068,0.38546553911889075,0.22092826708719343,False,False,False,False,False,none
496,-0.7134162910712952,0.007887059311970587,0.05150415698158465,0.00842726938371519,False,False,False,False,False,none
497,-0.0036469515269235975,4.170091089467254,0.30325777815872246,4.455714046962142,False,False,False,False,False,none
498,0.07601660164322638,0.04433536174195772,0.28126807212275423,0.0473720333327362,False,False,False,False,False,none
499,2.360019359506542,2.141551951677416,1.3334733148150246,2.288233736066255,False,False,False,False,False,none
500,3.2313086233750656,32.44635504995176,1.4896276603835834,34.66871031521298,False,True,False,True,True,residual
501,5.4061981894195,20.32137851871513,2.2472068094781776,21.713255124851813,False,True,False,True,True,residual
502,6.428864039290706,20.586924510853475,2.294079655285647,21.996989216482046,False,True,False,True,True,residual
503,4.333964259371833,20.04270591283296,0.8185792181224533,21.41549533546281,False,True,False,True,True,residual
504,4.573619172062887,20.228965916759954,0.7711712947530461,21.614512886417735,False,True,False,True,True,residual
505,4.179401649587199,27.366921120381758,0.4256176939520725,29.24136961088976,False,True,False,True,True,residual
506,2.443422019811604,6.934153798557309,0.50200132334612,7.409096305369882,False,True,False,False,False,none
507,4.35373431996209,19.33563443145651,0.5255005315777223,20.659994253068497,False,True,False,True,True,residual
508,7.9312458629145235,19.54897934751739,2.156617398981175,20.887951848944866,False,True,False,True,True,residual
509,7.374776212826977,38.49100536632952,1.4552313239307744,41.127378182609455,False,True,False,True,True,residual
510,2.147568791304134,10.715781276203629,1.372652667703924,11.449739617715215,False,True,False,True,True,residual
511,3.968874406253293,16.106406209351135,0.21421674768470053,17.209585798820633,False,True,False,True,True,residual
512,4.529627209429907,31.808483304020385,0.1007678719073085,33.987148680819566,False,True,False,True,True,residual
513,3.9176769543069385,28.062858607062974,0.2163738204046777,29.9849740954645,False,True,False,True,True,residual
514,2.425456874850683,16.40030040815924,0.8972945758546512,17.523609757016054,False,True,False,True,True,residual
515,5.636120554013942,26.30672261886413,0.8403448538271872,28.108554702430812,False,True,False,True,True,residual
516,3.4536000084350986,15.273517502894027,0.3869322204562599,16.319649864737436,False,True,False,True,True,residual
517,-0.7267773781678386,15.836499873107154,2.3383420745821755,16.921192709085986,False,True,False,True,True,residual
518,5.6479588016007565,23.1080243750353,1.2230760111349703,24.690767322912908,False,True,False,True,True,residual
519,3.5301732336348888,17.263575976625585,0.049330493972064855,18.44601384706823,False,True,False,True,True,residual
520,-0.009355742095943725,5.944789660101544,1.7572478915692382,6.3519674334341065,False,False,False,False,False,none
521,5.632872657851627,4.781948132663435,1.332454966985277,5.109479147918303,False,False,False,False,False,none
522,1.9281498143269122,16.297273394877543,0.7319904443432378,17.413526092067993,False,True,False,True,True,residual
523,3.1951967145211606,22.36534549816481,0.029323433951429858,23.89721997992749,False,True,False,True,True,residual
524,6.467795373325019,19.783211460333177,1.6116971836739487,21.138227272894003,False,True,False,True,True,residual
525,4.161646564062791,29.95344815933351,0.17015109771097717,32.00505620982615,False,True,False,True,True,residual
526,1.031261161315642,18.510644783590905,1.3830994528567289,19.778498409517816,False,True,False,True,True,residual
527,2.9401634462142825,20.377637539581002,0.1800622723842549,21.773367507090548,False,True,False,True,True,residual
528,5.35639651667079,25.529157092058227,1.0285822809748375,27.277731210595483,False,True,False,True,True,residual
529,4.668495770129676,14.78240344582748,0.48901785866178177,15.794897825565183,False,True,False,True,True,residual
530,4.964451641173684,12.335414807123655,0.5348458589338962,13.180307060925,False,True,False,True,True,residual
531,4.4456449631305395,16.692017879492028,0.1760924651585835,17.835307896666965,False,True,False,True,True,residual
532,2.4460769798397166,15.14457619949016,0.8295446641270628,16.18187695654813,False,True,False,True,True,residual
533,2.489969785963946,26.77070593573451,0.6423339314046886,28.60431772970789,False,True,False,True,True,residual
534,4.639697194080461,25.375842120852816,0.5294259847596502,27.113915203665808,False,True,False,True,True,residual
535,4.530347698991503,14.396675362430434,0.3704719305415408,15.382749984516566,False,True,False,True,True,residual
536,1.9097658568126594,20.762237106397407,0.9754279049087382,22.184309535826507,False,True,False,True,True,residual
537,6.276983672715082,17.10898160051508,1.3391302784283865,18.280830804674558,False,True,False,True,True,residual
538,2.7258077799081457,13.827771636912562,0.6521316873102294,14.774880212184348,False,True,False,True,True,residual
539,4.118178231959435,31.297673457899336,0.15403173262707628,33.44135182462214,False,True,False,True,True,residual
540,4.341880312936601,9.94625693762321,0.23179117139281982,10.627508080962365,False,True,False,True,True,residual
541,2.414355300868319,15.219122071532919,0.750022225794596,16.26152871524542,False,True,False,True,True,residual
542,4.52062162197618,17.842745314764457,0.42218306874639294,19.064852356863184,False,True,False,True,True,residual
543,2.8574035820991517,30.31828927985425,0.46943679435362917,32.3948864726997,False,True,False,True,True,residual
544,3.3925191381768904,16.439744632602313,0.11585028421293847,17.5657556433173,False,True,False,True,True,residual
545,3.3449143375508488,22.563797844995953,0.11578351072390553,24.109264966585346,False,True,False,True,True,residual
546,4.922491090832628,29.564879667165464,0.6729935125594871,31.589873411269767,False,True,False,True,True,residual
547,4.244645630174904,9.926601283908104,0.20942681645138791,10.606506148275132,False,True,False,True,True,residual
548,1.0207200906792908,11.373985996237035,1.3970752298249165,12.153026897035605,False,True,False,True,True,residual
549,6.3455542736045,28.41394027871482,1.4665571917195588,30.360102480540117,False,True,False,True,True,residual
550,3.3970403307930157,22.971524479190883,0.2577097846550211,24.544918109964293,False,True,False,True,True,residual
551,3.500324025392998,25.529534995097997,0.15604278926644505,27.278134997430488,False,True,False,True,True,residual
552,5.183568890739298,21.69768641110082,0.6920683197181655,23.18383077355574,False,True,False,True,True,residual
553,6.9911259217094655,29.69168277964321,1.4308876599049813,31.725361676956016,False,True,False,True,True,residual
554,3.5750211421995752,7.933976941566158,0.5131738595845144,8.477400552736215,False,True,False,True,True,residual
555,4.643869193796733,22.86361140421998,0.10818799601300655,24.42961372123926,False,True,False,True,True,residual
556,5.896302506218447,8.368059771370358,0.6943740053075923,8.941215112372308,False,True,False,True,True,residual
557,5.155758289329187,18.00102417331494,0.19610261706092583,19.233972243755296,False,True,False,True,True,residual
558,4.014289215144933,18.10363463777535,0.3970889998836229,19.343610829112908,False,True,False,True,True,residual
559,5.422089037969094,23.535683951005794,0.36555397453061855,25.14771867939108,False,True,False,True,True,residual
560,1.1282611488049152,23.940075188370155,1.7914122528145624,25.579807973877685,False,True,False,True,True,residual
561,3.879276736045422,11.96038218165873,0.09802301078880835,12.779587244138781,False,True,False,True,True,residual
562,4.119035443364788,3.623919862301999,0.03793988462585434,3.8721337949447507,False,False,False,False,False,none
563,5.353797289499301,13.512667254012204,0.6295993035567731,14.438193316136752,False,True,False,True,True,residual
564,5.5962540187529495,14.610399007030166,0.6213471243241397,15.611112249268109,False,True,False,True,True,residual
565,4.724213862961318,17.486369393137018,0.07386427245231482,18.684067101594977,False,True,False,True,True,residual
566,4.746186918689264,13.121369173422945,0.0697552528261969,14.020093970864746,False,True,False,True,True,residual
567,5.956876534226634,10.452775584332626,0.6433690039852765,11.168719819691969,False,True,False,True,True,residual
568,3.9777560695920746,34.70399389720548,0.4457999629286582,37.08098211188515,False,True,False,True,True,residual
569,4.9529267589051145,13.969555969738842,0.11662416388297533,14.926375810208302,False,True,False,True,True,residual
570,4.979574733905521,12.034526142885783,0.10623197044393559,12.858809563855305,False,True,False,True,True,residual
571,5.95594976132154,6.094501898310235,0.5588341929038565,6.51193394459102,False,False,False,False,False,none
572,5.872883049788675,30.102973933880723,0.4067539038190633,32.164823485825394,False,True,False,True,True,residual
573,6.065066858684142,15.387372483879695,0.4186726449204143,16.44130313974042,False,True,False,True,True,residual
574,5.290232828659273,17.057171739961156,0.04109980276568514,18.225472320054322,False,True,False,True,True,residual
575,8.689061332551468,21.2680953853116,1.6166197242787272,22.72481567604562,False,True,False,True,True,residual
576,3.8067993615397127,24.47056759851268,1.0761350393013072,26.146635516242192,False,True,False,True,True,residual
577,8.618104578041043,24.51941480040039,1.4740864702785628,26.19882842017074,False,True,False,True,True,residual
578,0.8183425425348074,9.382354406976702,2.6060657065373087,10.024982051431405,True,True,False,True,True,residual
579,5.08885549845412,16.780609604318293,0.012312199801714321,17.929967553802516,False,True,False,True,True,residual
580,-1.5769153127850013,16.827901849764384,3.2448426554458156,17.980498997319124,True,True,True,True,True,both
581,1.8674657556008556,11.265557995993074,0.924267253746085,12.037172314148604,False,True,False,True,True,residual
582,6.628794157181359,22.09285732789033,1.571326243267834,23.606068218041603,False,True,False,True,True,residual
583,1.3811946347232091,29.77569431333189,1.2896733073671827,31.81512743092455,False,True,False,True,True,residual
584,5.519695548768579,3.3619624156197947,0.9767344076375567,3.5922340397963928,False,False,False,False,False,none
585,1.4578861605179458,37.26944245591367,1.1898660447650697,39.822146497638464,False,True,False,True,True,residual
586,3.692538637753267,26.60977275204115,0.13261563180765482,28.432361714402607,False,True,False,True,True,residual
587,2.217590968543951,45.53685126158131,0.6097204689866846,48.65581673578617,False,True,False,True,True,residual
588,6.373698516388493,20.77592754096674,1.52924142685923,22.19893767231342,False,True,False,True,True,residual
589,6.475002219570953,15.967492832430459,1.2725572620930787,17.061157797710596,False,True,False,True,True,residual
590,5.626940068127276,4.604094684743177,0.6064692474671999,4.9194439450421505,False,False,False,False,False,none
591,2.6199587344861923,22.48129948600441,0.974155192142313,24.021116029518144,False,True,False,True,True,residual
592,6.909775881525139,22.672633394305873,1.3025848088196779,24.22555501288527,False,True,False,True,True,residual
593,-0.5760678130615802,8.664198185912854,2.590918022899731,9.257636999859344,True,True,False,True,True,residual
594,4.851890657078646,5.901517908701169,0.5615306330577352,6.305731860537798,False,False,False,False,False,none
595,3.961526704555734,8.1627090964802,0.01711828160308088,8.721799308968809,False,True,False,True,True,residual
596,4.938618472017139,11.55440183985418,0.48789108591709734,12.34580000233536,False,True,False,True,True,residual
597,1.2089842195963212,9.19590297181183,1.4197314084324422,9.825759957497118,False,True,False,True,True,residual
598,4.248181215203989,16.336617731133813,0.3391801799753425,17.455565248519097,False,True,False,True,True,residual
599,6.587759285786863,19.540232643505107,1.4067744867526824,20.8786060550291,False,True,False,True,True,residual
600,2.2432686665424253,25.99947550450705,0.9830231828244155,27.78026324453263,False,True,False,True,True,residual
601,6.965136475333913,6.987051678546236,1.5051707159557741,7.465617331377324,False,True,False,False,False,none
602,5.312257035649661,13.091326055092821,0.40197079237901545,13.987993102685586,False,True,False,True,True,residual
603,5.6049553011716045,16.869859069659675,0.46362724385258314,18.025330002217586,False,True,False,True,True,residual
604,3.6217956106942957,29.273729749305392,0.5915536644914982,31.278781698655227,False,True,False,True,True,residual
605,3.3604044490488327,31.122933172790688,0.6000997610346049,33.25464301509629,False,True,False,True,True,residual
606,2.124038331261362,28.23207235745631,1.0801057804174592,30.165777840128758,False,True,False,True,True,residual
607,5.301317944127018,26.076896882393278,0.6778941304169086,27.86298746172159,False,True,False,True,True,residual
608,4.5773448108013755,18.924705755855257,0.1909608984832644,20.220919750163585,False,True,False,True,True,residual
609,6.529763916858488,12.294351230773387,1.1003053377606178,13.136430908093583,False,True,False,True,True,residual
610,3.3626603106612203,12.537555468664006,0.6567959245153322,13.396292986834984,False,True,False,True,True,residual
611,5.425466453727131,13.463989778315936,0.4756722704028754,14.386181763492651,False,True,False,True,True,residual
612,7.427080519107402,20.41249567635264,1.351949445166378,21.810613189818348,False,True,False,True,True,residual
613,3.722497258206622,5.4311544521032635,0.7163271203758618,5.803151697232852,False,False,False,False,False,none
614,2.604160115919652,34.832759616700386,1.1158065359655862,37.21856740985857,False,True,False,True,True,residual
615,3.822687330704972,20.013984892957865,0.3012767292307932,21.384807120516193,False,True,False,True,True,residual
616,3.130677996581394,13.849217438735078,0.5768633051931625,14.797794905983316,False,True,False,True,True,residual
617,2.505718339684802,18.059817209910534,0.764792408849323,19.296792204615198,False,True,False,True,True,residual
618,4.655692744939061,7.222416868890313,0.43157907400990864,7.717103440980748,False,True,False,False,False,none
619,3.5200686698272436,32.016740761658085,0.20587117356762397,34.20967036187461,False,True,False,True,True,residual
620,1.518553242513203,16.604714907518677,1.1360606972489034,17.74202526321425,False,True,False,True,True,residual
621,5.002916663381595,19.20174255245619,0.782162314223025,20.516931688429867,False,True,False,True,True,residual
622,5.071081598940534,14.4716797609752,0.6588112591415997,15.46289167567146,False,True,False,True,True,residual
623,1.9190992114842473,15.788600902950193,1.0026526459897291,16.870012984330703,False,True,False,True,True,residual
624,5.682185886697577,21.43508773984741,1.0241570945085956,22.903245874301923,False,True,False,True,True,residual
625,2.0987724137957358,14.968756776665753,0.9197555882291019,15.994015095691855,False,True,False,True,True,residual
626,3.2857891942089026,23.690050317146756,0.15972843071625423,25.31265809467869,False,True,False,True,True,residual
627,4.462838598581934,19.429566128058678,0.44345598666299657,20.760359633830177,False,True,False,True,True,residual
628,-3.299387348857076,8.788486798359752,3.4123532987536653,9.390438539316323,True,True,True,True,True,both
629,5.774781795277587,15.277141737211926,1.6739400464835825,16.323522334526054,False,True,False,True,True,residual
630,2.5130974287254233,16.710228216593727,0.2437895388585416,17.85476551835511,False,True,False,True,True,residual
631,4.347027459382601,11.981101857551355,0.6950005629706686,12.801726077306348,False,True,False,True,True,residual
632,3.3189823612821456,14.935880206517394,0.05707561739120775,15.958886703461772,False,True,False,True,True,residual
633,1.9966233794191417,21.01432018553973,0.5960990314149569,22.453658596227825,False,True,False,True,True,residual
634,6.691915668944939,16.31761029445404,1.801812561539095,17.43525593133782,False,True,False,True,True,residual
635,3.1552405572700835,18.93195680376507,0.2749484265516599,20.22866744567761,False,True,False,True,True,residual
636,2.026787305834329,14.673643082206706,0.767613071819458,15.67868811466419,False,True,False,True,True,residual
637,3.841892569748633,27.496406137224728,0.2668058109304542,29.379723473201206,False,True,False,True,True,residual
638,3.695866199721343,17.490958787335646,0.1425759850914387,18.688970838170306,False,True,False,True,True,residual
639,3.3092019848103513,13.2960863170101,0.07359282673647714,14.206778053831828,False,True,False,True,True,residual
640,3.856302100771721,13.788358399027604,0.20664116637428684,14.732767434810292,False,True,False,True,True,residual
641,6.0425569926237275,19.250749793705047,1.2263333677049466,20.569295593330395,False,True,False,True,True,residual
642,3.747595148131456,39.55563416172292,0.13271076276538837,42.2649268300278,False,True,False,True,True,residual
643,4.792616312013761,20.614308815793514,0.4009949477089236,22.02624916058634,False,True,False,True,True,residual
644,3.969274263454187,13.475568889865253,0.07878358832007465,14.398553965651963,False,True,False,True,True,residual
645,4.983211778768576,9.770433451985106,0.4290513527803571,10.439641879017211,False,True,False,True,True,residual
646,-1.6656878174877128,9.99122370326307,2.883563974020657,10.675554765077742,True,True,True,True,True,both
647,4.108001598321759,32.909335801773935,0.4952019922002891,35.16340210853558,False,True,False,True,True,residual
648,7.026164483914797,12.717601347920546,1.8123873342541748,13.588670787724581,False,True,False,True,True,residual
649,2.5763565721690815,10.024336938746062,0.7096448771177796,10.710936032612784,False,True,False,True,True,residual
650,2.587313269317619,15.418898173798006,0.5623984615303578,16.47498812560655,False,True,False,True,True,residual
651,6.22743117789316,6.882255858499244,1.3166819596140562,7.353643708396835,False,True,False,False,False,none
652,4.6018464555979905,12.99174642734651,0.2644262998758504,13.881592945801438,False,True,False,True,True,residual
653,5.793864934669861,20.009764571770408,0.7900444749010022,21.380297735950197,False,True,False,True,True,residual
654,4.9293685413143455,5.326169568498697,0.2124832475685767,5.690976061123351,False,False,False,False,False,none
655,2.7583961327018027,7.617607636551396,0.8836170311868259,8.139362095988256,False,True,False,True,True,residual
656,2.86349787713329,13.63970428597094,0.6558862611831854,14.573931523201967,False,True,False,True,True,residual
657,1.3975447373804277,29.628136982812,1.2361568109612064,31.65746342401824,False,True,False,True,True,residual
658,3.610581457071013,21.236282642376203,0.08509258585049496,22.690823975977562,False,True,False,True,True,residual
659,3.8470663569939685,12.875093808009005,0.1828435368833202,13.756950413193488,False,True,False,True,True,residual
660,4.59144103165618,24.302797295381094,0.5075303920501397,25.967374085187455,False,True,False,True,True,residual
661,4.3997812813949455,17.854437041858098,0.3130091248455907,19.077344887967833,False,True,False,True,True,residual
662,4.194784239799108,21.471800227569982,0.15091933487408968,22.94247291844433,False,True,False,True,True,residual
663,2.1242663357465634,10.962552120720645,0.8841161688443944,11.713412591447701,False,True,False,True,True,residual
664,4.7418879728663885,33.68387926066339,0.5630758848642998,35.99099654129826,False,True,False,True,True,residual
665,3.842737313535028,38.03561970283396,0.014090169901957272,40.6408016896529,False,True,False,True,True,residual
666,4.786987505155165,28.015142599357052,0.4695301150908857,29.933989864847277,False,True,False,True,True,residual
667,6.683548148789071,9.116577909354184,1.2960518088333688,9.741001666254652,False,True,False,True,True,residual
668,5.327582467880027,21.05622946030812,0.3787721151556609,22.498438372083363,False,True,False,True,True,residual
669,3.6583461485782447,14.850229346973151,0.5070863133899302,15.867369340934705,False,True,False,True,True,residual
670,4.409309478820549,21.68797790992057,0.041215920385714894,23.173457305889038,False,True,False,True,True,residual
671,1.35728002516079,13.643914942863391,1.5141658165023169,14.578430581534295,False,True,False,True,True,residual
672,4.950505518585882,11.615316530702845,0.5325105230345212,12.410886936375315,False,True,False,True,True,residual
673,5.51156648006274,21.32434192697375,0.698299242066246,22.784914724339817,False,True,False,True,True,residual
674,3.3030823798404265,12.406977032702041,0.5131691903187732,13.25677081361061,False,True,False,True,True,residual
675,0.5391151446830501,29.395537994379154,1.7519277617182267,31.408932982396205,False,True,False,True,True,residual
676,3.5102232203867674,24.67381593379694,0.04037858105652547,26.36380498403515,False,True,False,True,True,residual
677,5.294577547606349,19.728451907883006,0.8982752685263705,21.07971706248784,False,True,False,True,True,residual
678,9.668180969234117,11.872546244133328,2.8411918419915465,12.685735140608347,True,True,False,True,True,residual
679,3.3116707102137646,11.627134205628764,0.8119508999708801,12.423514041884555,False,True,False,True,True,residual
680,3.7239874737615066,7.3761398044309106,0.4494575603291237,7.8813553550357,False,True,False,True,True,residual
681,0.6911086789341555,4.366265157221259,1.8314650427431267,4.66532470787768,False,False,False,False,False,none
682,2.5716011846624323,31.96861615641606,0.5525424121242047,34.158249547561226,False,True,False,True,True,residual
683,5.238738786125473,14.244943310590035,0.8523656883889895,15.220625316192828,False,True,False,True,True,residual
684,5.836682722950206,21.13925473691839,0.9720832041816462,22.587150317052544,False,True,False,True,True,residual
685,5.893181123856066,8.836622590875912,0.805086036759449,9.441871307156246,False,True,False,True,True,residual
686,4.244920797207648,17.478228744950723,0.1558552300611295,18.675368874218922,False,True,False,True,True,residual
687,3.9927279542208316,19.043200386737897,0.24707693928871052,20.347530459614735,False,True,False,True,True,residual
688,1.064585397144602,22.989285154743943,1.6187305677084356,24.56389527133738,False,True,False,True,True,residual
689,7.77267138521465,32.70904120981834,1.960544595515103,34.9493886954566,False,True,False,True,True,residual
690,5.608922893390068,41.8780409305641,0.5183379162062893,44.746402711651186,False,True,False,True,True,residual
691,4.581159065125933,10.890176588985035,0.08411799578875076,11.636079826649054,False,True,False,True,True,residual
692,2.689146489062466,8.54561605256196,0.9855148718443977,9.130932794614319,False,True,False,True,True,residual
693,4.113311115192833,18.040772025077533,0.09724465243091168,19.27644255378821,False,True,False,True,True,residual
694,6.0497320869700335,20.63526432436689,0.861976776089028,22.04863997937384,False,True,False,True,True,residual
695,2.2814980943634273,13.468797501559493,1.1391958563948503,14.39131878317175,False,True,False,True,True,residual
696,10.303564160550192,13.939811031198769,2.9818654893440146,14.894593545112516,True,True,True,True,True,both
697,3.570999826600201,16.156363495468298,0.8819163458316996,17.26296482021961,False,True,False,True,True,residual
698,3.506188932004524,34.47507676302612,0.7369867208892619,36.83638570656212,False,True,False,True,True,residual
699,3.5292144604985127,16.9536514740621,0.5784147619211746,18.114861618029916,False,True,False,True,True,residual
700,1.4716671867957716,16.481983941184687,1.4612886158369343,17.610888058064745,False,True,False,True,True,residual
701,-0.8433853531004228,25.86619687061466,2.2925586483625193,27.637855928132712,False,True,False,True,True,residual
702,5.086068715731113,50.671127667238885,1.0436010429141616,54.14175625385971,False,True,False,True,True,residual
703,6.726578396933604,5.7220987232493865,1.6310433958931825,6.114023677728261,False,False,False,False,False,none
704,5.160827517461784,18.652645694097366,0.544953659472471,19.930225419324184,False,True,False,True,True,residual
705,3.789063447820147,5.520710463161463,0.22977358593278538,5.898841687667304,False,False,False,False,False,none
706,2.336805071195151,19.54899433002322,0.8886204084335144,20.887967857650732,False,True,False,True,True,residual
707,7.203776682937259,14.103765978106379,1.651113864264753,15.069778293918207,False,True,False,True,True,residual
708,-1.0950329428570167,21.287249315958782,2.706638648457496,22.74528152103753,True,True,False,True,True,residual
709,6.830906637963436,21.61781391871662,1.681259712152209,23.098487557149497,False,True,False,True,True,residual
710,2.552175765487381,16.13337455374557,0.731520866895184,17.23840129190305,False,True,False,True,True,residual
711,1.1201647546814884,10.349664244295543,1.2801919000704278,11.058546052177693,False,True,False,True,True,residual
712,4.623018342915287,15.681676796130976,0.6758308918248078,16.755765301368427,False,True,False,True,True,residual
713,5.122981221458281,22.091054274759454,0.7833037729104775,23.60414166799982,False,True,False,True,True,residual
714,4.516781720319333,13.31583965800849,0.33244582267969014,14.22788436471872,False,True,False,True,True,residual
715,5.837465758543692,22.080679300825373,0.9069033096233244,23.59305607871576,False,True,False,True,True,residual
716,3.452427985548037,41.27523243206294,0.43196993191118643,44.10230591933318,False,True,False,True,True,residual
717,3.4168666250591535,25.916918734057745,0.3628343769688059,27.692051895218967,False,True,False,True,True,residual
718,-1.8407489434940523,10.829667245924503,2.8418627324538583,11.571426003971595,True,True,False,True,True,residual
719,1.1838896975781716,11.207175878739918,0.8055902546991106,11.974791417819187,False,True,False,True,True,residual
720,5.025129136392534,26.78405203662485,1.2197356495812441,28.618577947994115,False,True,False,True,True,residual
721,3.083654816041995,23.3894372985783,0.03356356006352214,24.991455123137296,False,True,False,True,True,residual
722,4.851142142710524,18.46819167821557,0.8846374576958437,19.733137554347095,False,True,False,True,True,residual
723,2.284355920640153,21.816920025963817,0.537987707536587,23.311231082378015,False,True,False,True,True,residual
724,3.7837672199073937,19.62539316172124,0.29729535423194386,20.969599491172644,False,True,False,True,True,residual
725,4.088875850764737,22.682478726585927,0.38590981923933587,24.236074683654106,False,True,False,True,True,residual
726,0.12834843649219685,11.85600271738451,1.6133721403683,12.668058494477718,False,True,False,True,True,residual
727,2.478472273856922,16.429449754505463,0.15014935967999904,17.5547556358921,False,True,False,True,True,residual
728,4.451588241730205,29.81285859745297,0.8374616111307754,31.854837216454616,False,True,False,True,True,residual
729,6.83018082883474,13.658790342967956,1.824333928601881,14.594324845659006,False,True,False,True,True,residual
730,3.5560786186384696,34.95230158578765,0.12950098839734706,37.34629719307817,False,True,False,True,True,residual
731,5.323485197320532,29.313025278383805,0.7541466307867292,31.320768704967808,False,True,False,True,True,residual
732,4.170192876794858,24.429324416297426,0.043608222348144286,26.102567455762152,False,True,False,True,True,residual
733,-0.2649732395769277,29.72060935377495,2.1175622961656755,31.75626952523176,False,True,False,True,True,residual
734,2.852805087992122,22.15650267931057,0.18094789788155427,23.67407284438257,False,True,False,True,True,residual
735,6.286540604695625,22.924849963189544,1.5216821154389166,24.495046706169873,False,True,False,True,True,residual
736,1.189772675164018,12.835011945621275,1.2561879033102978,13.714123215072924,False,True,False,True,True,residual
737,5.375614359921991,36.54951631534293,1.0264978767835944,39.052910299077126,False,True,False,True,True,residual
738,4.1093826760931496,9.903009872213511,0.2066781480383298,10.581298884879672,False,True,False,True,True,residual
739,4.95987277143012,12.440288765422176,0.5780973961648399,13.292364174097303,False,True,False,True,True,residual
740,3.0951179658800445,19.493119774682622,0.44251397655288843,20.828266274218254,False,True,False,True,True,residual
741,5.669171149594222,20.470846161200996,0.8952132517644734,21.87296028713777,False,True,False,True,True,residual
742,4.798598010660306,29.660533267117035,0.293669138443975,31.692078634082097,False,True,False,True,True,residual
743,7.829867743686157,9.757017474567913,1.7060534047744544,10.425306998135952,False,True,False,True,True,residual
744,4.653045752676298,12.200587201657164,0.17691394056932774,13.036244678903493,False,True,False,True,True,residual
745,2.843161373078293,7.8350441010792,1.0198936518070723,8.371691483652086,False,True,False,True,True,residual
746,4.293480973225524,8.160012927009625,0.1120542974167914,8.718918470175293,False,True,False,True,True,residual
747,3.9419193187107826,23.026855647838715,0.2602612834801984,24.604039088400874,False,True,False,True,True,residual
748,4.810216774655322,21.112418204445085,0.21318801502769957,22.558475664113885,False,True,False,True,True,residual
749,7.348555715652008,22.810935738483558,1.402442217680255,24.373330129653528,False,True,False,True,True,residual
750,2.973194156055351,22.058712172220503,1.0014711022602674,23.569584350785558,False,True,False,True,True,residual
751,3.4123492269245332,32.14291084048938,0.588048711854471,34.34448223540295,False,True,False,True,True,residual
752,3.0770210092704815,17.10826679426198,0.6331784984181017,18.280067039041036,False,True,False,True,True,residual
753,4.123789092668822,19.386583492857525,0.0014685639468625766,20.714432979631916,False,True,False,True,True,residual
754,3.8232193379920627,26.3336113361588,0.14469590386058367,28.137285114497175,False,True,False,True,True,residual
755,1.299365553040448,20.568596581215402,1.340618677552381,21.977405947966314,False,True,False,True,True,residual
756,2.8939722624241444,31.64151107619014,0.29860974223250725,33.808739987811656,False,True,False,True,True,residual
757,2.4151297215484,23.3295420500417,0.4712768545131411,24.927457456293784,False,True,False,True,True,residual
758,5.14504517010597,24.4688673493648,0.9478451119817356,26.144818811559006,False,True,False,True,True,residual
759,4.321911436577642,18.041296051052125,0.3587976413305046,19.277002471988045,False,True,False,True,True,residual
760,5.783823679919379,19.947120402983124,0.9965248108719054,21.313362866462388,False,True,False,True,True,residual
761,8.256286567139131,30.98612495168713,1.9971410733090107,33.108464358699386,False,True,False,True,True,residual
762,1.0726073754698633,13.690811015617905,1.8886283024032353,14.628538717216854,False,True,False,True,True,residual
763,5.006090406011879,22.038662799256045,0.3980723317336998,23.54816173175065,False,True,False,True,True,residual
764,2.439062616412091,33.58095461089047,0.9273570444465179,35.88102225106509,False,True,False,True,True,residual
765,4.72281212132802,12.78938352187614,0.3664503143207012,13.665369553759517,False,True,False,True,True,residual
766,4.9549916361306074,10.85791867390708,0.4058402553392077,11.601612463165893,False,True,False,True,True,residual
767,4.49017117583689,4.764563277956443,0.09908825766366133,5.090903548570367,False,False,False,False,False,none
768,1.036827711065107,28.147411573911132,1.5966858422639778,30.07531836709186,False,True,False,True,True,residual
769,4.774544565924423,17.559257807886034,0.536618204687472,18.761947878415008,False,True,False,True,True,residual
770,5.907331089614037,22.09895149434331,0.979051892668873,23.61257979356514,False,True,False,True,True,residual
771,5.467143054796367,25.39251312410358,0.5696120321606748,27.131728057574204,False,True,False,True,True,residual
772,3.5616912387017354,14.446765732083623,0.46905310283773816,15.436271204771195,False,True,False,True,True,residual
773,2.411747616396987,23.618045017570672,0.9333263939206076,25.235720920431525,False,True,False,True,True,residual
774,0.2098783353423404,25.894610727055316,1.8152594337662447,27.668215941032855,False,True,False,True,True,residual
775,6.872821816364075,23.183616200169006,1.7814132052301206,24.771536675394074,False,True,False,True,True,residual
776,8.052227171301336,20.87920793739714,1.997512671565707,22.309292075437394,False,True,False,True,True,residual
777,4.7201860784861704,42.79617566158224,0.019076553598625284,45.727423444827544,False,True,False,True,True,residual
778,0.26938501536762177,27.926361945788823,2.175297977814385,29.839128338632275,False,True,False,True,True,residual
779,4.152090330432539,15.396776547151708,0.14409344757714243,16.451351317566907,False,True,False,True,True,residual
780,4.89510806141426,6.23212099839888,0.47587177663625074,6.658979019683995,False,False,False,False,False,none
781,5.366785317900631,17.084940262274664,0.6096090681329266,18.25514279781635,False,True,False,True,True,residual
782,3.549090130678594,18.0281135150003,0.3944659403084362,19.26291702162245,False,True,False,True,True,residual
783,3.3652769225456813,9.599514543191546,0.4047799031175264,10.257016184166933,False,True,False,True,True,residual
784,3.340103203766769,11.209530740089008,0.3360410844265042,11.977307571199695,False,True,False,True,True,residual
785,3.8000291908497283,34.676358509344695,0.04562427803966119,37.05145388738292,False,True,False,True,True,residual
786,8.769014161957788,18.988266796776124,2.3750192953730407,20.288834291307772,False,True,False,True,True,residual
787,2.0670056019378045,27.879455698472086,1.3525641515548852,29.78900933149899,False,True,False,True,True,residual
788,4.179941654639209,20.265123622714654,0.05661355674253644,21.65314715000378,False,True,False,True,True,residual
789,6.086739767380341,19.105981419837242,0.8801052599849442,20.41461156769175,False,True,False,True,True,residual
790,0.9677851647816886,26.3555517684211,1.7802168940551795,28.160728317566402,False,True,False,True,True,residual
791,1.7710776761062708,13.816774488893238,1.0343242928787855,14.763129834109876,False,True,False,True,True,residual
792,9.765069631767863,22.881950929822274,3.0521379770692705,24.449209379964113,True,True,True,True,True,both
793,3.699563961295943,20.33391282929014,0.5019653473601692,21.726647950691785,False,True,False,True,True,residual
794,6.697890343337626,6.87274543728914,1.0535579417488548,7.343481887834829,False,True,False,False,False,none
795,-0.9160808458613652,7.632652822988659,2.852321602700639,8.155437775657939,True,True,False,True,True,residual
796,7.708252707703974,24.447649344093104,1.9036538260320226,26.122147516829642,False,True,False,True,True,residual
797,2.6795443517190805,27.5258894321387,0.9175802607480434,29.41122617385701,False,True,False,True,True,residual
798,2.4632496143431446,23.725479313294233,0.8390351052257236,25.350513736777923,False,True,False,True,True,residual
799,5.442983309920389,15.366958582138627,0.7748788416279997,16.419491024179987,False,True,False,True,True,residual
800,4.220342893586197,6.603968242664761,0.026538378847097574,7.056295278262731,False,True,False,False,False,none
801,1.7090926612714572,21.610690468739637,1.1975145689508122,23.09087619916131,False,True,False,True,True,residual
802,6.113633241546294,13.721273994543216,1.1795742128631932,14.661088203594417,False,True,False,True,True,residual
803,4.675057076680276,1.3057564720897294,0.2454980015737162,1.3951919346071697,False,False,False,False,False,none
804,5.180936540174268,14.509900586280402,0.44190886310622507,15.503730368291153,False,True,False,True,True,residual
805,6.371365099535694,23.01292577965197,0.9312589149523992,24.589155118717624,False,True,False,True,True,residual
806,3.357720285828532,8.436176963046663,0.7175573393187178,9.01399786969824,False,True,False,True,True,residual
807,7.976378735071246,18.150393461347633,1.6674544281549557,19.393572314975096,False,True,False,True,True,residual
808,2.9400127216362115,25.29665897395396,1.1102561485663938,27.029308548235417,False,True,False,True,True,residual
809,7.230720463420936,19.358243307691183,1.194136261912489,20.684151683988727,False,True,False,True,True,residual
810,3.573768057644717,12.86074916808736,0.8194617390086156,13.741623262724538,False,True,False,True,True,residual
811,2.7888073137621623,1.8574166196719641,1.0365219474374292,1.9846370608634876,False,False,False,False,False,none
812,3.3385482008451337,24.326023172589522,0.5624205265941499,25.992190777463556,False,True,False,True,True,residual
813,5.785155723596248,20.48029598044222,0.7374368291051477,21.88305735490704,False,True,False,True,True,residual
814,0.9805683979592195,27.586473914277075,1.7417847509406343,29.475960282129538,False,True,False,True,True,residual
815,2.3625313191961563,13.225340163230921,0.7227416402484094,14.131186268328959,False,True,False,True,True,residual
816,2.2501601230997963,16.012845430606763,0.6327286437209831,17.109616741274394,False,True,False,True,True,residual
817,6.045940803375221,18.49712250500459,1.3359631596016401,19.7640499465583,False,True,False,True,True,residual
818,5.814983714912672,10.978716901961231,0.9566837845988649,11.73068455057149,False,True,False,True,True,residual
819,1.5043926340918292,18.96582821476307,1.326643818870743,20.26485881860839,False,True,False,True,True,residual
820,5.887597571617318,31.048771843744284,1.0659163236008349,33.17540213798258,False,True,False,True,True,residual
821,2.5425222726941987,25.669341460256028,0.7706793166292246,27.42751725726509,False,True,False,True,True,residual
822,2.627247565688057,2.8609974171474217,0.5754250697473473,3.0569563365424606,False,False,False,False,False,none
823,4.223626436720483,37.20494461171266,0.31440519913580284,39.753230988542974,False,True,False,True,True,residual
824,3.0995311945673674,16.91819090387989,0.2940151676986267,18.07697223928871,False,True,False,True,True,residual
825,3.492891509037891,21.537013389323562,0.044308807482969496,23.012152739493363,False,True,False,True,True,residual
826,1.3528896794235838,22.886216046734546,1.0740202150053504,24.453766628458265,False,True,False,True,True,residual
827,2.305173862578921,21.107386117062326,0.39705918306164256,22.55309891287372,False,True,False,True,True,residual
828,3.0101020964237346,14.98218477566315,0.024464300196850915,16.00836282155003,False,True,False,True,True,residual
829,2.146285595155992,28.345758972239487,0.3996509309440496,30.287251216986263,False,True,False,True,True,residual
830,3.0967559948777392,8.65283191415492,0.1415559894219726,9.245492215573616,False,True,False,True,True,residual
831,3.392198132173877,42.20646454550159,0.25662704128485503,45.09732111679759,False,True,False,True,True,residual
832,0.05033330489855972,18.808139661513373,1.416552655163034,20.096369668926627,False,True,False,True,True,residual
833,2.764780448684667,22.983723154927617,0.18411748427913094,24.55795231225589,False,True,False,True,True,residual
834,5.012030909341011,9.291304277255463,1.2379164346591813,9.927695605338814,False,True,False,True,True,residual
835,3.8822383686914232,31.438294147095913,0.44202884114274843,33.59160407731975,False,True,False,True,True,residual
836,3.0848397087764825,22.393829261109012,0.03336577996383955,23.927654687452556,False,True,False,True,True,residual
837,2.9563591040793202,17.00363334931247,0.08904607943603983,18.16826691275096,False,True,False,True,True,residual
838,6.668990973130487,13.24188946020411,1.7305559163836262,14.148869079905193,False,True,False,True,True,residual
839,7.386471600567875,16.267420655121313,1.7326482339803881,17.381628642103863,False,True,False,True,True,residual
840,1.3524669076402658,14.983642304053106,1.5422692716889925,16.00992018074954,False,True,False,True,True,residual
841,3.5156143729020792,50.01251857751737,0.18400934384086146,53.438036908270064,False,True,False,True,True,residual
842,2.7537003498990043,7.866762670098651,0.5169751315484391,8.405582559529655,False,True,False,True,True,residual
843,4.684517008117416,15.258404762548345,0.5234725401236763,16.303502004174767,False,True,False,True,True,residual
844,2.9257852051589754,17.421855372190436,0.43475939799858637,18.615134307756552,False,True,False,True,True,residual
845,2.756297427171658,17.895629895355647,0.43006233531460863,19.121359172554342,False,True,False,True,True,residual
846,2.6078621820630428,22.704959107371433,0.4160875930672529,24.26009481805837,False,True,False,True,True,residual
847,2.5798811794066365,39.354025366893495,0.34644965097520647,42.049509200091244,False,True,False,True,True,residual
848,-0.6506084239673959,17.474813838142218,1.8449620368481423,18.671720069454405,False,True,False,True,True,residual
849,4.644756552430142,23.08192707752179,1.093945923182708,24.6628825375152,False,True,False,True,True,residual
850,5.501507583915884,29.79181541497826,1.2909501371858259,31.83235271869816,False,True,False,True,True,residual
851,1.2136339545747632,28.46840367801059,1.0482056361452639,30.418296253309354,False,True,False,True,True,residual
852,3.969099955422423,16.781384652042906,0.49870213124370344,17.930795687039787,False,True,False,True,True,residual
853,3.971749894929019,14.735516246674756,0.40024775813425817,15.744799171265957,False,True,False,True,True,residual
854,5.894770005711236,15.250569975014155,1.2534670770776069,16.295130586831096,False,True,False,True,True,residual
855,0.4249530370531843,24.65571341030254,1.6518059113454788,26.344462560455195,False,True,False,True,True,residual
856,3.0008015913028734,11.314148281039007,0.07134897734415371,12.08909070417416,False,True,False,True,True,residual
857,8.008706129326656,8.290929341244313,2.3733277524669973,8.858801770891857,False,True,False,True,True,residual
858,3.481540860166331,12.838892494947,0.2984351627103771,13.718269555709039,False,True,False,True,True,residual
859,4.020234880749786,31.22998147841184,0.022687700561696285,33.3690234036361,False,True,False,True,True,residual
860,4.236367112288482,33.2205244571268,0.1230421906943695,35.49590507625568,False,True,False,True,True,residual
861,5.141136754992384,12.74848018431896,0.5375312626844998,13.621664614991756,False,True,False,True,True,residual
862,6.26534731103756,16.87068261516457,0.9756203006183816,18.026209955004166,False,True,False,True,True,residual
863,4.793741006325849,21.816355060943437,0.06630487753301875,23.310627421085407,False,True,False,True,True,residual
864,3.621068426636742,18.49393123422131,0.5160706942582413,19.760640095370004,False,True,False,True,True,residual
865,3.359297503501433,9.944597546753851,0.5398976884726608,10.625735033072674,False,True,False,True,True,residual
866,3.6239137424457457,20.691441836072133,0.3034961456886247,22.108665269627252,False,True,False,True,True,residual
867,3.173559555734208,5.054755485778559,0.46136017589085243,5.400971954504672,False,False,False,False,False,none
868,4.4209208740942785,17.689167181575442,0.23627395729748094,18.90075516313883,False,True,False,True,True,residual
869,3.270553613047885,36.696931461145084,0.36927034368825673,39.21042238257686,False,True,False,True,True,residual
870,4.800952228478906,14.624866768089674,0.44730782831659116,15.62657095383784,False,True,False,True,True,residual
871,4.439908408987962,7.578488571470613,0.18262658827056175,8.097563640260342,False,True,False,True,True,residual
872,4.318065317465254,24.349150890548337,0.08696909421610752,26.016902587247174,False,True,False,True,True,residual
873,3.811241930844915,6.853671877491092,0.1763932857241309,7.323101918550131,False,True,False,False,False,none
874,1.10521676247258,12.732908060274696,1.4543869331492871,13.605025906062753,False,True,False,True,True,residual
875,9.143262667531513,16.492360443072116,2.7374678698604558,17.621975279956594,True,True,False,True,True,residual
876,3.1368993948149075,4.43751052183179,0.7249987906293928,4.74144989676813,False,False,False,False,False,none
877,3.12791894507865,28.57998116643885,0.5843573718342249,30.537516042961016,False,True,False,True,True,residual
878,1.3813154257978388,25.125238438828887,1.3151372998804793,26.846146869052017,False,True,False,True,True,residual
879,3.482483415732867,16.17205164600946,0.03238328278206897,17.279727502673637,False,True,False,True,True,residual
880,3.648196709603588,12.90270030168816,0.0545163801392066,13.786447764458613,False,True,False,True,True,residual
881,2.827868934438129,15.602784675038603,0.3545035728456008,16.671469605038485,False,True,False,True,True,residual
882,0.42579445343573297,8.814345451465154,1.4493635933520637,9.418068334782488,False,True,False,True,True,residual
883,0.17211166980661674,3.8940248687587107,1.2826067191978827,4.160739162454295,False,False,False,False,False,none
884,7.990526014736015,17.358101355399178,2.7683017370958,18.54701357320364,True,True,False,True,True,residual
885,1.5316946496893165,35.99043988415344,0.9199208644895993,38.455540924084715,False,True,False,True,True,residual
886,4.442702219724657,11.363369973328108,0.6768164730141267,12.141683748556751,False,True,False,True,True,residual
887,7.472463692101162,28.443916792962774,2.0118392921955026,30.3921321827092,False,True,False,True,True,residual
888,1.453542304143961,15.579491632499153,1.3115962837854234,16.646581147061713,False,True,False,True,True,residual
889,6.268887849345625,24.97438116963992,1.2876783033803465,26.684956900058435,False,True,False,True,True,residual
890,6.76774580088204,33.06490729333326,1.2722454654438569,35.32962919215938,False,True,False,True,True,residual
891,6.941158946919443,15.215171908304818,1.1019562259296385,16.257307992626746,False,True,False,True,True,residual
892,5.264186381271663,26.324487994580995,0.06770646540935941,28.12753688589705,False,True,False,True,True,residual
893,3.93849103079394,11.21030558798268,0.5892135398989012,11.978135490918959,False,True,False,True,True,residual
894,5.630731404258613,17.29829825583124,0.34989736658882864,18.48311436690818,False,True,False,True,True,residual
895,5.907403763234133,5.718520643372912,0.414190904006268,6.11020052364728,False,False,False,False,False,none
896,3.926128896074932,32.36834985813008,0.6301880049419515,34.58536229679349,False,True,False,True,True,residual
897,6.29506634586702,3.426148255223961,0.6455284609854093,3.660816174096217,False,False,False,False,False,none
898,0.6746878892530326,20.67181942698039,2.2112264247750244,22.087698858594614,False,True,False,True,True,residual
899,5.459404141782694,17.60224684946903,0.5531093614492888,18.80788137778882,False,True,False,True,True,residual
900,4.428094929038967,10.644724388516654,0.05802146484962213,11.373815815139306,False,True,False,True,True,residual
901,5.554282337925898,27.101065604961825,0.5001375132477298,28.957304795732377,False,True,False,True,True,residual
902,4.539796273341117,16.24992868973169,0.09223443156114726,17.362938595717974,False,True,False,True,True,residual
903,2.379137292925247,27.68192199657517,1.1223859218513594,29.577945910722978,False,True,False,True,True,residual
904,7.935847760534169,18.39450088905093,1.7988414801136436,19.654399445905785,False,True,False,True,True,residual
905,6.728829745349658,14.92540529755233,0.8532902619711229,15.94769433427488,False,True,False,True,True,residual
906,6.238290534596791,6.4521948983721185,0.44456658945007255,6.8941264892338205,False,False,False,False,False,none
907,5.477111123956484,24.785258565011752,0.01375786714124771,26.48288067966886,False,True,False,True,True,residual
908,3.9052550751871333,20.54752764450889,0.7738502760035422,21.954893931987844,False,True,False,True,True,residual
909,1.326167468018104,16.956273082026513,1.8707479307495407,18.117662788359787,False,True,False,True,True,residual
910,3.8580754054261623,23.32041843698373,0.2678275959820433,24.917708937618947,False,True,False,True,True,residual
911,3.321363891747649,13.299106697897365,0.4747357688621165,14.21000531032523,False,True,False,True,True,residual
912,3.0728694059719466,9.91830014787611,0.5003865052430516,10.597636440724397,False,True,False,True,True,residual
913,7.779339842648228,27.607928459921403,1.8838074954599555,29.498884318642812,False,True,False,True,True,residual
914,6.5138637354962725,13.791917282336431,0.8928925350321504,14.736570077488935,False,True,False,True,True,residual
915,4.5424606026442484,15.189122788606479,0.24243580777655674,16.229474684897795,False,True,False,True,True,residual
916,5.669428603287487,23.206019731796925,0.35298487113092175,24.795474696994663,False,True,False,True,True,residual
917,4.437585448204982,34.909818497286366,0.31544301688422355,37.30090430114072,False,True,False,True,True,residual
918,5.1883682988291,28.99192658706841,0.1120111275063512,30.97767693103297,False,True,False,True,True,residual
919,5.087030549062418,12.491103840277214,0.0404282581103028,13.346659736945055,False,True,False,True,True,residual
920,6.706723328752272,21.160362076959714,0.8184024311860651,22.609703366733804,False,True,False,True,True,residual
921,4.558518232603863,12.615855969426997,0.387832385395655,13.479956540855431,False,True,False,True,True,residual
922,2.1370426182027193,21.825955815009358,1.485442287957293,23.320885761691205,False,True,False,True,True,residual
923,0.20916748913971694,25.054086276622826,2.123978910006393,26.77012126629863,False,True,False,True,True,residual
924,4.060407724406017,14.868968554834247,0.1698782533651928,15.88739205744239,False,True,False,True,True,residual
925,3.014913452741233,20.5587469383043,0.37149056113040996,21.96688167131744,False,True,False,True,True,residual
926,2.144869644968928,11.408111141342339,0.7194370199691458,12.189489383139176,False,True,False,True,True,residual
927,7.849805754176335,15.337875493616828,2.1931366028856165,16.388415941339968,False,True,False,True,True,residual
928,7.082499697193706,12.73238734911445,1.38212479544498,13.604469529719566,False,True,False,True,True,residual
929,3.6091255590388744,28.79057291918322,0.5799777812665051,30.762531902506026,False,True,False,True,True,residual
930,8.308549711220593,7.420793026535005,1.8167148130707884,7.929067020009606,False,True,False,True,True,residual
931,4.557864883755887,16.63416595744313,0.3668885686447247,17.77349351031744,False,True,False,True,True,residual
932,2.9202542328488015,18.319697375694478,1.0882664760538834,19.574472399212173,False,True,False,True,True,residual
933,4.263096512030484,23.374571327080012,0.21891282148699429,24.975570933414446,False,True,False,True,True,residual
934,2.8840205395008276,10.630328287484183,0.8444153406356164,11.358433678822456,False,True,False,True,True,residual
935,3.816612573286391,19.995292399204597,0.22293216229966797,21.3648343177159,False,True,False,True,True,residual
936,3.123489254676727,32.79346030454049,0.5147282840822828,35.03958992562526,False,True,False,True,True,residual
937,7.90480201446301,22.35477528887884,1.9086561108155682,23.88592578299405,False,True,False,True,True,residual
938,2.5936855080385826,26.855956435256203,1.050635104415565,28.695407310266155,False,True,False,True,True,residual
939,5.122851194001332,19.750225118644796,0.38693181165576657,21.102981590517892,False,True,False,True,True,residual
940,2.3389761195457943,15.92579100941645,1.041508516246675,17.01659968264765,False,True,False,True,True,residual
941,4.847832638460756,27.90194016457252,0.38437675604710225,29.81303383103455,False,True,False,True,True,residual
942,7.3336963745186,26.3657258322773,1.5139262510128146,28.171599235794844,False,True,False,True,True,residual
943,4.891577569200325,20.610414969732044,0.02594618851546309,22.022088612478264,False,True,False,True,True,residual
944,4.515203842382808,9.38229637962257,0.1619025445146972,10.024920049597064,False,True,False,True,True,residual
945,7.153696199769281,11.081193222723886,1.1509756401949465,11.84017980429783,False,True,False,True,True,residual
946,2.564032004204578,17.675044860415447,1.306648465874244,18.885665558758905,False,True,False,True,True,residual
947,3.121207687557307,19.892815310450345,0.7749135295112386,21.255338243395748,False,True,False,True,True,residual
948,4.159633557699888,15.868795087359441,0.1159680550633017,16.955699926483952,False,True,False,True,True,residual
949,4.2417612692459965,17.17965604674352,0.052916703527078175,18.356345971145796,False,True,False,True,True,residual
950,5.782911738042041,20.840780863051847,0.7056087670227131,22.26823300711717,False,True,False,True,True,residual
951,1.3226211723346342,17.817528508047033,1.6001551112005095,19.03790836990948,False,True,False,True,True,residual
952,-0.12743608188792102,15.17243301833501,1.9838573927998238,16.21164177855506,False,True,False,True,True,residual
953,6.849899400506224,30.604241054980697,1.7991137249280456,32.70042400505788,False,True,False,True,True,residual
954,5.727959968000433,5.537998424575257,0.8947978978618024,5.917313757188602,False,False,False,False,False,none
955,2.6932764946863568,28.355466172994493,0.7569365121962629,30.29762329515741,False,True,False,True,True,residual
956,8.264692559651024,23.9332008804799,2.098337842319226,25.572462822519455,False,True,False,True,True,residual
957,4.339086800544439,31.76591184100303,0.22648174850960417,33.94166136131106,False,True,False,True,True,residual
958,9.062454183183014,21.5335762590264,2.111131627814642,23.008480189081936,False,True,False,True,True,residual
959,6.9613520102584685,8.238880362601572,0.6692106870558993,8.80318779021545,False,True,False,True,True,residual
960,8.075859655136144,34.51791870858057,1.076254880029351,36.882162034827054,False,True,False,True,True,residual
961,7.104254433898463,19.16582768446033,0.3894701419060591,20.478556895555887,False,True,False,True,True,residual
962,5.085094723731776,3.3092173857582576,0.668350665005619,3.5358763331134164,False,False,False,False,False,none
963,8.540346547116787,13.78917351472328,1.1422020698287578,14.733638380402894,False,True,False,True,True,residual
964,4.310523532915221,11.694193553123508,1.1390313050852836,12.495166499876934,False,True,False,True,True,residual
965,1.914470734651452,8.700097967365117,2.0740633713037147,9.295995672863812,False,True,False,True,True,residual
966,3.2486039414380947,12.867181819457906,1.0117769737538773,13.748496507086838,False,True,False,True,True,residual
967,3.493658722955015,19.155576898985622,0.6904930259984764,20.467604000798406,False,True,False,True,True,residual
968,4.324309352914037,15.040785215868054,0.1492679163417116,16.07097699447269,False,True,False,True,True,residual
969,1.4561853822832367,15.159647754644139,1.5113554800835927,16.197980811012787,False,True,False,True,True,residual
970,6.42434907830171,28.655581257118648,1.2020357573158456,30.618294227122124,False,True,False,True,True,residual
971,2.444917255309222,18.81130267336618,0.9696459669569847,20.09974932563937,False,True,False,True,True,residual
972,2.345270795019931,9.014867777664302,0.8240766107451778,9.632325080356171,False,True,False,True,True,residual
973,0.2059830567484725,16.321374196431222,1.6974878989820128,17.439277635073132,False,True,False,True,True,residual
974,7.466046521561438,15.785976156055497,2.165421210461835,16.867208460075116,False,True,False,True,True,residual
975,3.185757133014766,12.095306067286575,0.3449480381496153,12.92375250085971,False,True,False,True,True,residual
976,4.310538557021441,19.87905988344165,0.26991391025060796,21.24064066292816,False,True,False,True,True,residual
977,5.479933565132769,19.182674338035675,0.7834550726206839,20.496557430644813,False,True,False,True,True,residual
978,2.3421799608612837,18.584058113243028,0.8960321653890551,19.85694005435177,False,True,False,True,True,residual
979,5.990030413077836,13.872914110040073,1.0535277093718673,14.823114638558605,False,True,False,True,True,residual
980,2.836561507974525,2.472020787219102,0.6876009138538965,2.641337445557269,False,False,False,False,False,none
981,5.437272548421884,39.65092763280292,0.7120811370059651,42.3667472575833,False,True,False,True,True,residual
982,3.342948035655721,12.397456004183558,0.4467404112120303,13.24659765921154,False,True,False,True,True,residual
983,1.4084965873166864,8.040360507151863,1.2962089894100088,8.591070671056508,False,True,False,True,True,residual
984,6.218546004972736,20.907012574549437,1.2974178532423855,22.339001141659732,False,True,False,True,True,residual
985,2.511184172655721,23.10143266032376,0.761300873940246,24.683724120449547,False,True,False,True,True,residual
986,4.493556777152333,17.158698115643233,0.3530327764576391,18.33395256390472,False,True,False,True,True,residual
987,4.302831658127736,19.460278839641425,0.18986462213579774,20.793175957858494,False,True,False,True,True,residual
988,4.576437482609951,11.63491402033719,0.2846764758626636,12.43182672113673,False,True,False,True,True,residual
989,5.229159146230344,15.28409549060137,0.5445162400814334,16.330952372861358,False,True,False,True,True,residual
990,5.914488397960288,23.362746435093417,0.7682129753646242,24.96293611652482,False,True,False,True,True,residual
991,5.002133744475,14.653875266462464,0.17179175710229716,15.657566337609525,False,True,False,True,True,residual
992,3.76594264276664,16.95278210499198,0.4625076281282604,18.113932703074674,False,True,False,True,True,residual
993,4.0399045550046875,15.177987107243748,0.23704850992202245,16.217576284885446,False,True,False,True,True,residual
994,3.7669273139490818,22.187464742229935,0.32211852566022997,23.707155598622926,False,True,False,True,True,residual
995,3.2381381065416797,15.97212623093773,0.5143237052703609,17.066108552591267,False,True,False,True,True,residual
996,4.368477880947107,20.34448836808763,0.1371109226533952,21.73794784217214,False,True,False,True,True,residual
997,6.791697826213579,31.14686134324117,1.2857116662147776,33.280210102938476,False,True,False,True,True,residual
998,3.128642130496485,11.618177945229398,0.7491634285368756,12.413944338390428,False,True,False,True,True,residual
999,2.562051640214559,11.642938342047596,0.8743051250402719,12.440400654462241,False,True,False,True,True,residual
