time,pc1_score,residual_q,score_stat,residual_stat,score_only_alarm,residual_only_alarm,score_alarm,residual_alarm,stage_1_alarm,alarm_source
0,-0.18000584616499882,1.5503253076208674,0.45981137446650583,1.6565120766725754,False,False,False,False,False,none
1,3.4241056085290165,0.8602305095770953,1.3812771877037435,0.9191504652810207,False,False,False,False,False,none
2,0.07110483863795936,0.882116252455174,0.5222369685533524,0.9425352331141174,False,False,False,False,False,none
3,2.372662975912264,1.821118472011614,0.6991891563115775,1.9458527362674531,False,False,False,False,False,none
4,-2.382857147432362,0.17943266314736628,1.7485698816002115,0.19172258363586145,False,False,False,False,False,none
5,-5.570999883864421,0.18722721997186725,2.9461066876114317,0.20005101473908002,True,False,True,False,True,score
6,-0.6737327227645409,1.3422404183707652,0.01982769970892013,1.4341747837692946,False,False,False,False,False,none
7,0.24310904883452716,0.02384898577185145,0.4608184448700472,0.02548247955010845,False,False,False,False,False,none
8,0.12575445005590585,1.9399624611794715,0.3117009085367438,2.0728367326769632,False,False,False,False,False,none
9,0.5121356134462691,0.22129399853057152,0.4368769727308724,0.23645113658345904,False,False,False,False,False,none
10,-1.4411252397058683,0.29846352906330564,0.5984435525652776,0.318906256583273,False,False,False,False,False,none
11,-1.3937869080307734,1.2419698720155183,0.45578087985110777,1.3270363850374052,False,False,False,False,False,none
12,-3.1432981579809907,0.0007595837392411113,1.2136872691323475,0.0008116100737773167,False,False,False,False,False,none
13,2.1052558995548,0.3191159378049205,1.5762477360554585,0.34097321525620045,False,False,False,False,False,none
14,-1.5325927414318035,0.5721569995283933,0.5045012323228417,0.6113458735483079,False,False,False,False,False,none
15,-2.460376566225211,1.1009132713574328,0.8538676042068655,1.1763183638995849,False,False,False,False,False,none
16,-2.091159701490388,0.017814417618920865,0.5039079144770267,0.019034584405976652,False,False,False,False,False,none
17,-0.2637628212034965,1.745901024903402,0.483735232156855,1.8654834041674417,False,False,False,False,False,none
18,-0.01606762541033349,3.572502183002074,0.5071981691403322,3.8171943533345822,False,False,False,False,False,none
19,-2.822896827157109,1.5049369896746931,0.9564353930352327,1.6080149667769281,False,False,False,False,False,none
20,2.22556985095736,0.23884164698500326,1.6849440004559664,0.25520067994644435,False,False,False,False,False,none
21,-0.1836156008859155,0.6863731595777955,0.17874341051960402,0.7333850659313247,False,False,False,False,False,none
22,-1.074726862213652,0.8437796884917101,0.28947417596485325,0.9015728745230269,False,False,False,False,False,none
23,-0.31943269105753636,1.9997727064487645,0.134975607931383,2.1367435741058602,False,False,False,False,False,none
24,0.9437606082777392,0.600468155806596,0.7210260687456684,0.6415961520213962,False,False,False,False,False,none
25,-1.062469858525641,1.0050605247395386,0.3968311787804334,1.0739003542249288,False,False,False,False,False,none
26,2.7673097507453823,0.10852040296123058,1.54118129288178,0.11595331456371635,False,False,False,False,False,none
27,-0.5881296921632602,2.7717201787304333,0.39549720693367324,2.9615642127844675,False,False,False,False,False,none
28,1.6715066479424796,3.8555449165213105,0.7802357242463945,4.119623594464982,False,False,False,False,False,none
29,-5.033808979189261,0.8493406835526213,2.6299959749206625,0.9075147600301741,True,False,False,False,False,none
30,2.662852641574035,0.05328569061260497,1.631302012674096,0.05693539902865643,False,False,False,False,False,none
31,-2.94652488170141,0.06569260801126241,1.4172686748112555,0.07019210612369482,False,False,False,False,False,none
32,-1.5810729833096315,0.4456630373400232,0.4711418123632618,0.47618793284955374,False,False,False,False,False,none
33,1.9355901234971513,0.5901393053113299,1.3297729167592218,0.6305598453188946,False,False,False,False,False,none
34,0.8061116940142533,9.273983679214869,0.5156664694166602,9.909188663803125,False,True,False,True,True,residual
35,2.930034472950588,0.22491816989533958,1.4433029537391049,0.24032353910708304,False,False,False,False,False,none
36,-3.2953627726520596,0.17731606015911075,1.866631009907103,0.18946100769800417,False,False,False,False,False,none
37,-1.0517491374689079,4.3413743756994325,0.4044473635531644,4.638729076634325,False,False,False,False,False,none
38,0.2554478118187322,1.4628652402852969,0.3108432855332308,1.5630615878907723,False,False,False,False,False,none
39,1.8453246063757314,0.9212899927935148,1.0202643336421118,0.984392108983918,False,False,False,False,False,none
40,-3.146992051923873,0.4767720993575135,1.606630448829397,0.5094277546292877,False,False,False,False,False,none
41,-1.9310629970369975,0.6784895422551022,0.6951967832846175,0.7249614742898082,False,False,False,False,False,none
42,-1.8476979656357337,0.8472790740258407,0.5156991972703008,0.9053119442329295,False,False,False,False,False,none
43,-0.8606870079823803,1.4219328182070732,0.06645102617546239,1.5193255725095292,False,False,False,False,False,none
44,-4.527048051651753,1.6898868762301231,1.7261760727003672,1.8056326662057347,False,False,False,False,False,none
45,-0.24143408790331508,0.5372169706930673,0.6989282400471478,0.5740126897058626,False,False,False,False,False,none
46,0.791123427720546,3.6063827643349997,1.0602573650980336,3.8533955247060323,False,False,False,False,False,none
47,-0.9941741944148639,2.6851657441671777,0.018224305973033976,2.8690813864777565,False,False,False,False,False,none
48,-0.6499508325099799,0.7293408456926663,0.1524770235276552,0.7792957471322834,False,False,False,False,False,none
49,-2.9062871714368743,0.24245020039462778,0.9730503337039733,0.25905639479092063,False,False,False,False,False,none
50,-0.212244340839809,0.0056610955647488,0.5290168395339311,0.00604884221660223,False,False,False,False,False,none
51,-5.375786133120272,4.006693175192872,2.0827264244789996,4.281124483747183,False,False,False,False,False,none
52,-0.8594723425893094,0.7119695710142346,0.5256498489731103,0.7607346579527628,False,False,False,False,False,none
53,-0.4702567510171575,0.12661960136704942,0.6094117131838539,0.13529218530907086,False,False,False,False,False,none
54,0.7404362559420886,0.59704043196663,1.0750958181764274,0.637933652345689,False,False,False,False,False,none
55,2.5271361466969804,0.16982730181620706,1.7271873933957915,0.1814593201984048,False,False,False,False,False,none
56,-1.3452982032103034,0.0680203349425584,0.4975972703864707,0.0726792665628191,False,False,False,False,False,none
57,-1.480844239580945,0.006693126907426834,0.4638602257414107,0.007151560706874629,False,False,False,False,False,none
58,-0.9483665075396087,0.040160875699535734,0.11266920265333998,0.0429116233083491,False,False,False,False,False,none
59,-0.20911929573602037,2.6166882209062563,0.2686317701417279,2.795913617297481,False,False,False,False,False,none
60,1.5728383275000262,0.24592137027290545,1.0797146654378706,0.26276531626390687,False,False,False,False,False,none
61,-2.3642813687225948,0.8603450649452276,1.046968166619747,0.9192728669149397,False,False,False,False,False,none
62,-1.4459795216719957,1.4454424275270044,0.39190965291613544,1.5444454306224589,False,False,False,False,False,none
63,0.6915030235061411,0.05364650967671434,0.7238228023012223,0.05732093175153257,False,False,False,False,False,none
64,-3.699705318283594,0.09194391331625405,1.552057302194364,0.09824144780210076,False,False,False,False,False,none
65,0.4886250591722404,0.015395325082917655,0.7910101554577095,0.016449800437876853,False,False,False,False,False,none
66,-1.7565196855091583,0.00783513332960424,0.45679238911110726,0.008371786823725932,False,False,False,False,False,none
67,4.0860039120740055,0.024424859558050353,2.4700254625489877,0.026097796785006438,False,False,False,False,False,none
68,0.915569249054007,0.31318766147508253,0.4373635663047121,0.3346388922041573,False,False,False,False,False,none
69,-0.05150705059901953,0.3843158691751605,0.11944495934420699,0.4106388997303638,False,False,False,False,False,none
70,0.9821624896772057,0.17477396598258366,0.4060984868839329,0.1867447973112187,False,False,False,False,False,none
71,0.6576546680577637,0.2975806356506943,0.16739055187723273,0.31796289095980285,False,False,False,False,False,none
72,-0.7222888311553375,0.39843583957067663,0.5357936649192463,0.4257259923343838,False,False,False,False,False,none
73,-0.30646200761397463,2.2554777703552134,0.22682829050543032,2.409962700662847,False,False,False,False,False,none
74,2.1720698922666983,6.867600693045753,1.021403969928247,7.337984763503136,False,True,False,False,False,none
75,-0.2655073001904105,0.5022243031929002,0.3658675273666728,0.5366232618070372,False,False,False,False,False,none
76,0.45694291143582866,0.9318145048663369,0.057921288506803746,0.9956374787550342,False,False,False,False,False,none
77,0.4682625510267926,0.09066392381835923,0.05183061207226784,0.09687378770466568,False,False,False,False,False,none
78,-1.3255513596546886,2.2721190297855625,0.8290987837308612,2.4277437735008554,False,False,False,False,False,none
79,3.2756622420055557,0.1296419787111457,1.5697550412482129,0.13852157500305723,False,False,False,False,False,none
80,-0.6224233984776371,0.1093244274725669,0.6359920863877578,0.11681240930107395,False,False,False,False,False,none
81,0.9299987492609167,0.6137006928211008,0.24461876601965438,0.6557350280765013,False,False,False,False,False,none
82,0.79224518612879,5.194013803463484,0.12884125940955318,5.549768522481874,False,False,False,False,False,none
83,0.03838219336591761,0.4245671619820376,0.26278737005015346,0.4536471331046859,False,False,False,False,False,none
84,-2.839257621687662,0.7478459701764193,1.6067892169982805,0.7990683471388639,False,False,False,False,False,none
85,-2.256317583300608,2.8410774252257167,1.002522324345708,3.0356719602742546,False,False,False,False,False,none
86,0.5483270313743691,0.476169787216821,0.5591158578529984,0.5087841881919218,False,False,False,False,False,none
87,1.0433478489535242,0.13000442551775993,0.6875332936169289,0.13890884695776023,False,False,False,False,False,none
88,1.3983228241583756,0.9775744957265919,0.7223010132698362,1.0445317186386398,False,False,False,False,False,none
89,0.37283216938999797,0.04764293482354322,0.08015568512506932,0.05090615273799292,False,False,False,False,False,none
90,-1.3099328118078888,0.012547404907859383,0.7525451084636625,0.013406817045814989,False,False,False,False,False,none
91,3.2111597430405956,3.1382254550754762,1.59211410372837,3.353172614869751,False,False,False,False,False,none
92,-3.5556342549379263,0.13340807387988568,2.0103295946283075,0.1425456221486784,False,False,False,False,False,none
93,1.1642471649696722,0.044981908146348545,0.6823615638798312,0.0480628637808608,False,False,False,False,False,none
94,0.06834971027397332,3.2723197118070355,0.014034709349443874,3.4964514187416555,False,False,False,False,False,none
95,1.8028447752985803,2.031962404441786,0.8530027657070309,2.1711380480964264,False,False,False,False,False,none
96,-0.2247210957747195,0.21831851065109853,0.30160419480031603,0.23327184796441183,False,False,False,False,False,none
97,-3.285745554247705,1.1946533090811269,1.7268418391495164,1.2764789584494716,False,False,False,False,False,none
98,-0.9365773996412553,1.0767138497660285,0.24138892507051044,1.1504614460529883,False,False,False,False,False,none
99,1.5727110157040725,1.7960218284575993,1.0246820344370415,1.9190371428388906,False,False,False,False,False,none
100,0.7145616821281952,0.017446531306198707,0.4032736131196034,0.018641500375888798,False,False,False,False,False,none
101,1.7499480150687132,0.8240863251470403,0.8251065286276439,0.8805306493523569,False,False,False,False,False,none
102,-1.6586080969449881,0.7609831868762432,0.9941352894565522,0.8131053740842079,False,False,False,False,False,none
103,3.4510936149311178,0.08841258976424873,1.6845023116814861,0.09446825253670706,False,False,False,False,False,none
104,-0.7192023030872907,0.6834057987765878,0.6763017695147433,0.7302144610402849,False,False,False,False,False,none
105,-0.34393383507253394,0.3519324246055001,0.3589183180211607,0.3760374088366747,False,False,False,False,False,none
106,2.0564536328893777,0.599095406367838,0.8778073493588087,0.6401293785562595,False,False,False,False,False,none
107,1.1426597251922423,2.8433359351712446,0.25876876586313374,3.038085162833525,False,False,False,False,False,none
108,1.9884468809031561,0.009970844529142956,0.6174874872773838,0.010653779755744773,False,False,False,False,False,none
109,-1.052574853732124,0.08346258398629339,0.9818608885696162,0.0891792049345845,False,False,False,False,False,none
110,1.7420092150455126,1.0487255999736491,0.5707624811927859,1.120556190970006,False,False,False,False,False,none
111,2.22222379073205,0.014993051297424238,0.6896649135893865,0.0160199736263535,False,False,False,False,False,none
112,5.191713950756949,1.0073868847799632,1.9928675239301172,1.0763860541504275,False,False,False,False,False,none
113,-0.12421081538956077,0.5278949058865469,0.9855994904041099,0.5640521266836264,False,False,False,False,False,none
114,0.12101804440593306,0.0594044334311931,0.6694665566668566,0.06347323423215911,False,False,False,False,False,none
115,-0.4414143274926597,0.24270606301744466,0.8085296338552919,0.2593297822681048,False,False,False,False,False,none
116,-3.3451223562691306,2.206702182235396,2.0560343010283244,2.357846315559596,False,False,False,False,False,none
117,-5.833393147091013,0.13856311249190673,2.8524204647346965,0.14805374594343917,True,False,False,False,False,none
118,2.099114565212429,2.2193961268700715,1.5678218662784535,2.3714097093096616,False,False,False,False,False,none
119,0.21977955275059002,0.0017451197315960275,0.342189618813242,0.0018646485975673513,False,False,False,False,False,none
120,1.0301246630561876,0.6957888763121267,0.6670236434959822,0.7434456954032664,False,False,False,False,False,none
121,-1.1319778401834277,0.6019148542189575,0.5156800238579218,0.6431419394632961,False,False,False,False,False,none
122,0.4239937986633301,0.15216226661591178,0.3425910343037687,0.16258434989359738,False,False,False,False,False,none
123,2.074135768429578,0.2774008739521756,1.0749100749421079,0.2964009524468661,False,False,False,False,False,none
124,0.0003462698768352812,2.3440608885731313,0.14651132789411211,2.504613161695752,False,False,False,False,False,none
125,-2.7584191573499997,3.4764057622748594,1.4560769607840265,3.714515979526749,False,False,False,False,False,none
126,0.40752503802755413,1.4200087133290729,0.37161594762009065,1.517269679496931,False,False,False,False,False,none
127,1.2384593587671557,0.5025028175217006,0.7005569417031926,0.5369208524784378,False,False,False,False,False,none
128,1.1105876456070258,0.2919990035041249,0.4983876015763462,0.3119989548665934,False,False,False,False,False,none
129,-0.4437812827649539,0.5638203002930624,0.35564715405720526,0.6024381669560024,False,False,False,False,False,none
130,6.7982936694352505,0.21823571413996135,3.2301637266925716,0.23318338045379913,True,False,True,False,True,score
131,0.3943220312540112,5.184963589650765,0.5238070710971562,5.540098430402783,False,False,False,False,False,none
132,1.2380426119131513,0.9731808649051755,0.009576120405589361,1.0398371539041673,False,False,False,False,False,none
133,1.650417885622166,1.4502629923525694,0.19247065913229539,1.5495961714448387,False,False,False,False,False,none
134,0.9049579200095428,0.16764946723880747,0.20780574229279056,0.17913231872282817,False,False,False,False,False,none
135,1.5645524809649087,0.00041606466942457004,0.15386597988549092,0.00044456227747211046,False,False,False,False,False,none
136,-0.8865190172774555,2.0138073500201226,1.0664468969434013,2.1517394955769653,False,False,False,False,False,none
137,-0.5349212501485139,0.06499787363044855,0.6825221460452897,0.06944978714957972,False,False,False,False,False,none
138,-4.133229550833173,0.030946457093447836,2.2923276513575903,0.03306607952120359,False,False,False,False,False,none
139,-0.41070959207098384,0.34309926597171214,0.02727051130000994,0.3665992387441738,False,False,False,False,False,none
140,-1.7105123737248782,0.02878370433481665,0.6526290912353606,0.030755192866694037,False,False,False,False,False,none
141,-2.457557109840585,2.7955428894867933,0.8846546541366246,2.987018617658724,False,False,False,False,False,none
142,4.157125878372345,0.16421097243735622,2.502475528885898,0.17545831034782408,False,False,False,False,False,none
143,-1.8460849333025002,0.6406314642436528,0.9114627294580293,0.6845103746932873,False,False,False,False,False,none
144,-2.117829253922451,0.40339911671040884,0.8610515475557412,0.4310292202965567,False,False,False,False,False,none
145,1.149040392242148,1.2683124535250239,0.8966168275686329,1.3551832547212863,False,False,False,False,False,none
146,0.17082706444245188,3.7530133508725876,0.2425526923179798,4.010069311952559,False,False,False,False,False,none
147,-1.886667859404724,3.569358923625484,0.8044892463199522,3.813835802008715,False,False,False,False,False,none
148,-0.2972856847053633,0.05653932082474082,0.1277582621437635,0.06041188084375419,False,False,False,False,False,none
149,-1.297350125893645,0.00763377757951653,0.38313881454348053,0.008156639570379716,False,False,False,False,False,none
150,-0.9215504275085589,0.7569947275336759,0.12413014042849974,0.8088437323269568,False,False,False,False,False,none
151,-2.216152334600708,0.8344139345243626,0.7275927365207651,0.8915656299287529,False,False,False,False,False,none
152,-0.5695184419653427,0.20764955401347318,0.2170605388114392,0.22187214015544635,False,False,False,False,False,none
153,-0.6073184617258265,0.005212926303322414,0.15530354658767362,0.005569976400313955,False,False,False,False,False,none
154,-0.8875927472698012,0.8520585014953719,0.011778239396135304,0.9104187300693866,False,False,False,False,False,none
155,0.5710258513231475,0.05342470931485847,0.698465653888808,0.05708393956917026,False,False,False,False,False,none
156,-0.43079748302771126,0.1765825936829632,0.07257348311235137,0.18867730374271144,False,False,False,False,False,none
157,2.166016327004262,1.0287470813900563,1.3183292735124184,1.099209279360509,False,False,False,False,False,none
158,2.6794325007102797,0.21362396003492565,1.303831552767819,0.22825575247012167,False,False,False,False,False,none
159,-2.0224098864465203,0.4256538347459588,1.2388053995212611,0.45480823558297095,False,False,False,False,False,none
160,-1.7906628047472837,0.15046885366289764,0.8785741816383632,0.16077494963826228,False,False,False,False,False,none
161,1.0165975280451485,0.24968121602034737,0.659543817033786,0.2667826859452555,False,False,False,False,False,none
162,1.177877973810135,0.5470423752644128,0.6059067360812085,0.5845110678530947,False,False,False,False,False,none
163,-0.49520884089171086,1.2193127152723446,0.3272473165517991,1.3028273667212897,False,False,False,False,False,none
164,1.9488629635922574,3.958511998648547,0.9243447771834726,4.229643223380965,False,False,False,False,False,none
165,-1.7752568070543742,0.009929197695251423,1.0678921993842028,0.01060928039618625,False,False,False,False,False,none
166,-2.3033397153312123,0.6528906062094217,1.110599867287317,0.6976091847405178,False,False,False,False,False,none
167,0.3727343147655977,0.4440058621479295,0.4102566995252729,0.4744172523959926,False,False,False,False,False,none
168,-2.6588271406458777,0.012707206754981723,1.1430543114006821,0.013577564235667014,False,False,False,False,False,none
169,0.031059229138173106,0.26211287098938474,0.39099646812992955,0.28006582496647126,False,False,False,False,False,none
170,0.04714848120285525,0.7814768192507837,0.3206055161944616,0.8350026812857597,False,False,False,False,False,none
171,0.8785007627231765,0.44772025704217444,0.6599514388437335,0.47838605814895424,False,False,False,False,False,none
172,-1.2444777291474056,0.19659447014997208,0.5023503512560824,0.21005985802440078,False,False,False,False,False,none
173,1.7402039454556628,1.1772987314014793,1.046627969039036,1.2579357098999104,False,False,False,False,False,none
174,0.33294268428264084,0.042919032308025594,0.15433857238367782,0.04585869493832152,False,False,False,False,False,none
175,-2.5248721581402886,0.17831143821823786,1.2634671233094454,0.19052456240339005,False,False,False,False,False,none
176,0.5541451421295737,4.310445764032807,0.4835169653851261,4.605682064830651,False,False,False,False,False,none
177,0.3680362342338652,0.04926666220888294,0.2964922858581997,0.05264109443688506,False,False,False,False,False,none
178,-0.19847828234510423,0.4148954019412954,0.037743682411135904,0.4433129230963651,False,False,False,False,False,none
179,2.0741339793108793,0.5592626982713038,1.0727359422025404,0.5975684001060396,False,False,False,False,False,none
180,-2.7840505376280156,0.03821004155106757,1.4995569358038077,0.040827170251537453,False,False,False,False,False,none
181,-1.1039215891450542,0.0294082187103168,0.3842551960558446,0.03142248224137321,False,False,False,False,False,none
182,-3.1826273663155575,0.2220748599901095,1.3162294842712026,0.23728548175706513,False,False,False,False,False,none
183,-3.3473294806476703,3.229930353125675,1.1329158540435085,3.451158676481106,False,False,False,False,False,none
184,3.3016808035986642,1.189107517559125,2.3205260914579444,1.2705533178205366,False,False,False,False,False,none
185,-0.38454176910474924,1.1739691193187585,0.06744489844400825,1.2543780419714121,False,False,False,False,False,none
186,0.0831739071447431,5.413392922329029,0.28094495463366476,5.78417362313023,False,False,False,False,False,none
187,-0.02345565678552633,0.20391813780691115,0.1730071275191934,0.2178851472457148,False,False,False,False,False,none
188,0.4433471514684343,0.09597328908632738,0.36495171013846445,0.10254680848464122,False,False,False,False,False,none
189,3.714668019692084,0.2203203861914621,1.8795796747742162,0.23541083840229396,False,False,False,False,False,none
190,-3.699025443281677,0.5041851269837682,2.0943066018058145,0.5387183887290019,False,False,False,False,False,none
191,-1.7020957684800218,0.2678978008292031,0.7063070536326805,0.2862469832661242,False,False,False,False,False,none
192,-1.8170177570162278,0.05308542635499553,0.620818910093267,0.05672141802762059,False,False,False,False,False,none
193,-4.0660666669657815,0.2561128066560585,1.5881503882006107,0.27365479691957706,False,False,False,False,False,none
194,0.9436860055635257,0.8126365486225314,1.1607835496085357,0.8682966407898847,False,False,False,False,False,none
195,-0.20575506380564693,2.3135910145488827,0.37078682408718994,2.4720563079517355,False,False,False,False,False,none
196,0.21632280967772188,0.14402244221888644,0.5014698236891683,0.1538870027307889,False,False,False,False,False,none
197,-0.001922279414280914,0.0016884581744732849,0.29525842903868754,0.0018041061080682056,False,False,False,False,False,none
198,3.029638401484026,5.246904233083388,1.7074660383696505,5.606281587820543,False,False,False,False,False,none
199,0.32100572508558856,0.7481342286103984,0.0514350655843328,0.799376349320562,False,False,False,False,False,none
200,4.162001713990629,2.34599536096298,1.9052377561221796,2.5066801323244463,False,False,False,False,False,none
201,-0.9844775801237126,0.006805481024696731,0.9734690194133853,0.007271610319176376,False,False,False,False,False,none
202,2.8919896531160623,4.567118678385615,1.1025291849191057,4.879935333025477,False,False,False,False,False,none
203,-0.5790845186074058,0.3173582943217227,0.8025380634334514,0.33909518511498443,False,False,False,False,False,none
204,-1.213814125361923,0.21491000053365758,0.9500737103527664,0.22962987802091248,False,False,False,False,False,none
205,0.8948179885222858,0.22427043489834264,0.2632900338102759,0.23963143865582,False,False,False,False,False,none
206,-0.3770585614477711,0.15991760036776967,0.40662765975372694,0.1708708714097131,False,False,False,False,False,none
207,-0.28201440275778406,0.003604374888496566,0.27917585271227624,0.0038512501229903567,False,False,False,False,False,none
208,0.0003484160832182559,0.7763780400463495,0.08630601074167382,0.8295546702864464,False,False,False,False,False,none
209,1.6267263058015073,0.27871061355171894,0.7202593945958445,0.2978004003261433,False,False,False,False,False,none
210,-4.129186178342748,0.11222113521336977,2.2172182592587517,0.11990752187624991,False,False,False,False,False,none
211,-2.860417650513769,1.0368199567673406,1.15802328772875,1.1078350919497817,False,False,False,False,False,none
212,-1.787474426953795,2.2363841434164753,0.40570410160198817,2.3895612897744196,False,False,False,False,False,none
213,-3.7316963564661627,0.13878120177306286,1.268121694488073,0.14828677286124287,False,False,False,False,False,none
214,-3.9563879419056596,2.562687510733774,1.1235433613987125,2.738214224718457,False,False,False,False,False,none
215,-1.2089718936915799,4.461433134111643,0.43452519512073284,4.767011045742693,False,False,False,False,False,none
216,-0.07155559514058053,0.0664325754183283,0.8996243802672018,0.07098275627958359,False,False,False,False,False,none
217,-1.6540283737857289,0.0012679816514765893,0.04829692731263797,0.0013548297949760792,False,False,False,False,False,none
218,0.11568904676684177,0.25923949835710425,0.8202313639127544,0.2769956457964895,False,False,False,False,False,none
219,-1.4666059551802595,1.5408275073735602,0.11172506284908662,1.6463637415237204,False,False,False,False,False,none
220,0.28254385348508443,0.05786564900789483,0.7595071024022352,0.061829053512113354,False,False,False,False,False,none
221,-1.4213318300004287,0.9195668076021077,0.21930929717935388,0.9825508972937795,False,False,False,False,False,none
222,-2.383148539291885,0.029808154374386824,0.6422306965055864,0.03184981078601313,False,False,False,False,False,none
223,-3.3364112425246395,1.4891195913660433,0.9764164357867737,1.5911141839599154,False,False,False,False,False,none
224,-0.7177534082043042,0.9821325201453253,0.48973855247403364,1.0494019368169052,False,False,False,False,False,none
225,3.1589609833773373,2.1099593243130337,2.273215191869649,2.2544772279929735,False,False,False,False,False,none
226,1.6568399957954625,0.535685044071512,1.089571583153221,0.5723758365004686,False,False,False,False,False,none
227,-0.933305605145295,0.3993807048815722,0.38537704427258174,0.4267355745108687,False,False,False,False,False,none
228,-2.323868894469747,0.014684458611459193,0.9831616762505697,0.01569024443431806,False,False,False,False,False,none
229,-3.3353647495216165,0.31053204866713624,1.2774225921618867,0.3318013879295995,False,False,False,False,False,none
230,-0.36988197057480376,1.4004648782313092,0.41725268058730947,1.4963872242439589,False,False,False,False,False,none
231,3.468373409497305,0.40527221299070737,2.19656179187822,0.4330306109684581,False,False,False,False,False,none
232,-0.3554367622662251,0.9854467479022053,0.09849974991339709,1.0529431666975813,False,False,False,False,False,none
233,2.7211614020937303,0.09528577001413369,1.414316823214022,0.10181219901885155,False,False,False,False,False,none
234,0.3373172300129911,0.42133161872208186,0.025459849625121756,0.4501899770753244,False,False,False,False,False,none
235,0.7383673604237374,1.75693867345686,0.17426742346281215,1.8772770567879549,False,False,False,False,False,none
236,-1.9578994910735836,0.3956498462687989,1.169122516539734,0.42274917738631873,False,False,False,False,False,none
237,-1.4151493650027411,1.1005946199734242,0.6718936971147137,1.1759778870569095,False,False,False,False,False,none
238,-0.40871806991509535,1.518580569457575,0.049079609144693816,1.6225930392422951,False,False,False,False,False,none
239,-2.9342129589682946,2.124827839272743,1.2649220928218532,2.2703641353871014,False,False,False,False,False,none
240,-0.42407821630235587,1.089198928751097,0.20626623486022344,1.1638016682730044,False,False,False,False,False,none
241,2.0185041281216574,5.973890904733158,1.3504327622700782,6.383061915954325,False,False,False,False,False,none
242,0.39255044378479154,0.008821726567736752,0.29124787950100584,0.009425955007458941,False,False,False,False,False,none
243,-1.998944482595598,0.20604121633065353,0.9276280239156188,0.2201536422493218,False,False,False,False,False,none
244,-0.3828424408175931,0.35385918163909014,0.0422147696476301,0.3780961356595333,False,False,False,False,False,none
245,2.2878971244731865,1.1571807761715553,1.3299195178199843,1.2364398111794872,False,False,False,False,False,none
246,-0.45009738341393635,4.613920194406463,0.2648518631478897,4.929942435479409,False,False,False,False,False,none
247,2.90734872507222,0.2709974310819533,1.4175346139199472,0.28955891716906734,False,False,False,False,False,none
248,-1.0306693578923092,1.9047740741748198,0.7771482076321404,2.0352381798149928,False,False,False,False,False,none
249,-1.0463494581267483,0.8331144115085816,0.6293283406234994,0.8901770983999353,False,False,False,False,False,none
250,-0.7919770183964505,1.0698672553842687,0.38001212811800456,1.1431459063906266,False,False,False,False,False,none
251,2.154705763235781,0.10063390468095822,1.1260571471049727,0.10752664463856572,False,False,False,False,False,none
252,-0.3724422756463279,4.856009839852688,0.32561498482622286,5.188613579753294,False,False,False,False,False,none
253,0.5570706674185392,1.5267037792248854,0.19061379605184248,1.631272633785936,False,False,False,False,False,none
254,1.1543952011899592,0.00011896620833022154,0.4423810852455792,0.0001271145867555887,False,False,False,False,False,none
255,2.919788760404167,2.06579964714629,1.2106753428690185,2.2072929124373366,False,False,False,False,False,none
256,1.7500460123109423,2.577042833814368,0.4008475667412687,2.753552790070288,False,False,False,False,False,none
257,-0.6495762678383254,1.0076834550826277,0.8438925939098096,1.0767029375074437,False,False,False,False,False,none
258,-2.4858098737958496,0.037095981932743896,1.566264226874286,0.03963680510506478,False,False,False,False,False,none
259,-0.45149008537132185,0.0858111119205881,0.26572720247474996,0.09168859110433764,False,False,False,False,False,none
260,1.1734301873926023,0.13898749729430263,0.5760150390760952,0.14850719822656286,False,False,False,False,False,none
261,-2.9852059942494087,2.176854673091201,1.5574329525498778,2.3259544544689525,False,False,False,False,False,none
262,1.565671860687594,3.7582588519345155,0.9626590560554829,4.015674094261516,False,False,False,False,False,none
263,1.752493288601466,0.3263370387957326,0.8607943273412875,0.34868891269037916,False,False,False,False,False,none
264,0.01839807190325271,0.4641105828260406,0.15294548430377794,0.49589901008756243,False,False,False,False,False,none
265,2.571804169085536,2.4425936482685673,1.1168477223127753,2.6098947471675427,False,False,False,False,False,none
266,1.3808197878544168,1.3731790338786691,0.31547660516453846,1.4672324846095273,False,False,False,False,False,none
267,-1.8323560369787182,0.002948753896062929,1.307018410219825,0.0031507235390871215,False,False,False,False,False,none
268,0.313243293640303,5.389155071656255,0.004325012714445864,5.758275644070821,False,False,False,False,False,none
269,2.5188520375440397,0.8031222058013907,1.0669531226924065,0.8581306300130827,False,False,False,False,False,none
270,-4.027479191282888,0.027375055548785294,2.3234646780312542,0.02925006119247012,False,False,False,False,False,none
271,0.5724029310006713,0.44972789644710187,0.3736161400259093,0.48053120723703147,False,False,False,False,False,none
272,2.616702272361781,0.08052489833710114,1.2910203092965826,0.08604030774221232,False,False,False,False,False,none
273,2.6895500561864205,1.261760026368497,1.068170307726271,1.3481820307440031,False,False,False,False,False,none
274,-2.0115785345965023,1.0999305569085753,1.426987980074011,1.1752683401758859,False,False,False,False,False,none
275,-0.6254459207688755,0.023092468093621234,0.4688806127395405,0.024674145541726828,False,False,False,False,False,none
276,-0.3879050539889824,0.31327013349731075,0.2598225463310652,0.3347270130005715,False,False,False,False,False,none
277,-1.4567774747610065,3.4283711476054357,0.7265969474508577,3.6631913195298593,False,False,False,False,False,none
278,0.5450677807445523,0.20430542323036127,0.39024627072254303,0.21829895909404803,False,False,False,False,False,none
279,2.249054932764647,0.2844630953143313,1.1391660929362928,0.3039468880753689,False,False,False,False,False,none
280,-1.142933916278257,3.0680863314057216,0.7348473108625049,3.2782294369218405,False,False,False,False,False,none
281,-1.1807873103917483,0.07979163983073867,0.6062486364802453,0.08525682600122447,False,False,False,False,False,none
282,0.8278943177817386,0.005195190365772589,0.4898427078897113,0.005551025671329544,False,False,False,False,False,none
283,-0.13681245793260033,0.22179313646551974,0.07631168257990886,0.2369844620817288,False,False,False,False,False,none
284,-0.8237765775691166,0.5009293275067517,0.39444275389190736,0.5352395890690914,False,False,False,False,False,none
285,0.37928167412475744,0.02067217363365663,0.26830698975345635,0.022088077326025895,False,False,False,False,False,none
286,-3.2303063827196468,4.520036845279334,1.5371385679918954,4.829628713666909,False,False,False,False,False,none
287,-0.8951218956769255,1.5063770709858468,0.0964127798825181,1.6095536838910656,False,False,False,False,False,none
288,4.04786451974768,0.06028899362022078,2.321771026945025,0.06441838079492583,False,False,False,False,False,none
289,0.33473301145047607,3.194048949346194,0.05538155962754564,3.4128196398953663,False,False,False,False,False,none
290,1.5863227979649845,1.492900298374864,0.6517194811405332,1.5951538437575632,False,False,False,False,False,none
291,0.6000912999247667,0.5530648000374063,0.04274348370036142,0.5909459878781218,False,False,False,False,False,none
292,0.379654013072648,0.35327922736486705,0.07278654754502371,0.377476458450856,False,False,False,False,False,none
293,4.242576502052659,0.1419249409790851,1.816501706365886,0.1516458368816042,False,False,False,False,False,none
294,-2.9880865315687872,0.5399147658863805,2.0559417192802747,0.5768952655730982,False,False,False,False,False,none
295,1.436590354552332,0.7504632208538113,0.5026049267563163,0.8018648617371017,False,False,False,False,False,none
296,2.2146866176792868,6.151739154049903,0.779705067992234,6.573091564157881,False,False,False,False,False,none
297,-7.022890782917686,0.08967882990499285,3.8593629701869205,0.09582122153927665,True,False,True,False,True,score
298,2.3939598422196777,0.013065865150959494,1.4826404810235578,0.013960788299298494,False,False,False,False,False,none
299,1.130449756088923,0.3921983058939261,0.572913061303893,0.4190612299045906,False,False,False,False,False,none
300,-0.926500546181841,0.7912624483672073,0.539936638573773,0.8454585596291703,False,False,False,False,False,none
301,-4.213190233462201,1.3362462147877605,2.027026322880057,1.4277700178943704,False,False,False,False,False,none
302,-0.9595872514720204,0.3250705024935405,0.04260149253846731,0.347335627241311,False,False,False,False,False,none
303,-2.4024177905918,0.03977662227632887,0.7343072707725199,0.04250105113171234,False,False,False,False,False,none
304,3.132467643810089,0.013102628852544138,2.098712403536294,0.014000070065105185,False,False,False,False,False,none
305,-0.35191017978457595,1.1946345546486565,0.012047939039972016,1.2764589194655722,False,False,False,False,False,none
306,-2.220784665188262,0.11667674549631402,0.9166295836433216,0.12466831124501163,False,False,False,False,False,none
307,-2.2922434974757735,0.729796717332915,0.767983649368977,0.7797828428881047,False,False,False,False,False,none
308,-3.0954967263515716,3.32448687745967,1.0042170775322967,3.5521916814365744,False,False,False,False,False,none
309,-3.6476300957491166,0.6726820473665837,1.071331798902609,0.7187562053886584,False,False,False,False,False,none
310,2.1644908640416602,7.862512020277336,1.9636391043966612,8.401040769024073,False,True,False,True,True,residual
311,-2.90473507398647,0.6613755129940148,0.8892557939472392,0.706675250094046,False,False,False,False,False,none
312,-2.085253755299961,0.3076931549710502,0.313698755507451,0.32876804926910064,False,False,False,False,False,none
313,-2.6891036710214165,1.385023210789472,0.5440159130048206,1.4798879073098767,False,False,False,False,False,none
314,2.1460952710780026,0.8104445468893647,1.9113777344456293,0.8659545018044545,False,False,False,False,False,none
315,-0.24431746736950805,0.2910329894797563,0.36900106115690645,0.31096677543319606,False,False,False,False,False,none
316,4.451304464901213,0.24822723741680722,2.5740526158851544,0.2652291196684565,True,False,False,False,False,none
317,0.22920333869353182,0.5623308699326793,0.010196673268274318,0.6008467207174555,False,False,False,False,False,none
318,0.07655521630609524,0.09444907688577114,0.06592495515673182,0.10091819808576451,False,False,False,False,False,none
319,-3.5549680533558856,0.7611007445619413,1.8151695930845102,0.8132309836740839,False,False,False,False,False,none
320,-1.604480194531974,0.0024903173556284405,0.5055363171030957,0.0026608872048127937,False,False,False,False,False,none
321,-3.809942813120845,0.07486371659864627,1.4747712698634567,0.07999137344958959,False,False,False,False,False,none
322,0.7506298200902359,1.461826270792078e-05,1.0334934152825106,1.5619514560337025e-05,False,False,False,False,False,none
323,0.2573961209478949,0.2126652802907396,0.587421438756658,0.2272314096653573,False,False,False,False,False,none
324,-1.8785298281719895,0.35416041781943797,0.566657935535841,0.3784180044752096,False,False,False,False,False,none
325,2.569250952711931,1.3033663175794148,1.705244600801239,1.3926380707232564,False,False,False,False,False,none
326,1.9847662207820382,2.2617315637874595,1.0805369697542628,2.4166448365311113,False,False,False,False,False,none
327,-2.1271830337150455,3.1213979310108417,1.1311575816421187,3.335192519533281,False,False,False,False,False,none
328,-0.16368708771772275,1.3415672133734704,0.04798630082100144,1.4334554687954544,False,False,False,False,False,none
329,0.6185122827041458,0.4076836347839574,0.4180014632733279,0.43560719879995013,False,False,False,False,False,none
330,2.7362326182559578,0.03458521046916538,1.3621608152851208,0.036954062824629916,False,False,False,False,False,none
331,3.7107142879673045,2.317585640102462,1.5626583954916438,2.4763245382636327,False,False,False,False,False,none
332,4.858468123564457,0.7341469112398109,1.8071478935689702,0.7844309955740072,False,False,False,False,False,none
333,5.8776329374297385,1.614680918415131,1.9403334202448141,1.7252756103376066,False,False,False,False,False,none
334,4.008933596369497,0.19272779378509708,0.64536050381268,0.2059283405528649,False,False,False,False,False,none
335,-0.5511752037072628,0.40169525856453103,1.6967969233397895,0.4292086594234875,False,False,False,False,False,none
336,-3.3224348072931615,4.333111291975966,2.702369037720692,4.629900027717175,True,False,False,False,False,none
337,3.0180519029759,0.6077428386306054,0.9152326884447396,0.6493691012809468,False,False,False,False,False,none
338,-0.7084338825742794,6.611316658370357e-06,1.0763301308870818,7.06414701060619e-06,False,False,False,False,False,none
339,-0.5670924629254475,0.733172887954154,0.7924691137676321,0.7833902582992432,False,False,False,False,False,none
340,-2.218655482171002,3.6416228157096775,1.4355021939334103,3.8910492805969805,False,False,False,False,False,none
341,-0.7351560208059785,0.00024795967977539577,0.42843847497257126,0.00026494323614322126,False,False,False,False,False,none
342,-0.8545426749305037,0.07115058157596048,0.4006908125503784,0.0760239138608443,False,False,False,False,False,none
343,0.4544056289273388,0.11599715226449607,0.31469848349011253,0.12394217048590929,False,False,False,False,False,none
344,-1.8601244448343224,0.14259920481197014,0.8715154086928775,0.15236628321409146,False,False,False,False,False,none
345,-2.1491576828401024,0.9358704117646006,0.8374842471898003,0.9999711877681083,False,False,False,False,False,none
346,-2.8551669963240887,1.3459265923862493,1.012623707644214,1.438113435704698,False,False,False,False,False,none
347,-2.1242636871440617,1.0750833979455954,0.4553812478607244,1.148719319340805,False,False,False,False,False,none
348,-2.7304817473626217,2.799938744353618,0.6585112009212187,2.9917155587706317,False,False,False,False,False,none
349,0.27090671371194336,0.4351365317409396,0.9298073291832074,0.46494043300914745,False,False,False,False,False,none
350,-2.4867897037929474,5.6245348050249175,0.5945032295775833,6.009777292797382,False,False,False,False,False,none
351,-0.3926172523262683,0.6066617734066109,0.5407289396544229,0.6482139904210422,False,False,False,False,False,none
352,-1.6988571371547199,3.0771841670308095,0.2013535477276813,3.287950412584469,False,False,False,False,False,none
353,0.1357597134781065,0.0435469324144352,0.729282679328068,0.04652960194351496,False,False,False,False,False,none
354,-1.0933685327716085,1.0841818702050297,0.013087186653890361,1.1584409752429152,False,False,False,False,False,none
355,0.5315653424196806,2.5131327714607754,0.7781336531832579,2.685265321892343,False,False,False,False,False,none
356,-1.280497918363195,0.4715402982284925,0.2569130186752728,0.5038376106057264,False,False,False,False,False,none
357,0.09869868855709474,0.6928256341672122,0.4638132140825586,0.7402794912685426,False,False,False,False,False,none
358,4.338221097624038,0.04867196844666516,2.42855078578931,0.052005668185250584,False,False,False,False,False,none
359,1.8226952855940532,0.368472940560733,0.7220203572675342,0.3937108379547777,False,False,False,False,False,none
360,0.7415884739358781,2.2813288693834277,0.05293985241387721,2.4375844246487706,False,False,False,False,False,none
361,-0.977239963255092,0.01565106833949026,0.7918198801253313,0.0167230603730386,False,False,False,False,False,none
362,-0.8487122797023197,0.22553883976231687,0.5710796006005018,0.24098672065047952,False,False,False,False,False,none
363,-3.17640309732914,0.1435431266369135,1.5865249711881562,0.15337485728223527,False,False,False,False,False,none
364,0.29299645609930514,3.040868895251977,0.41452871846372397,3.249147790983975,False,False,False,False,False,none
365,3.4776344517772504,0.20282086632844637,1.877172856822055,0.21671272011282186,False,False,False,False,False,none
366,-0.6353200637779718,0.13413237660279653,0.4943367394038815,0.14331953469578756,False,False,False,False,False,none
367,-3.7541090543031688,0.04261661377051419,1.909061819607629,0.045535562782034876,False,False,False,False,False,none
368,-2.837279312073151,0.6758999946931773,1.082299008606208,0.7221945602825606,False,False,False,False,False,none
369,-1.5274775984781541,0.000821243299517431,0.23017390153333012,0.0008774928957489118,False,False,False,False,False,none
370,2.2468418320327226,1.097000549519973,1.6475915051635284,1.172137647152879,False,False,False,False,False,none
371,1.7394631787359607,0.04976576879140246,1.0718351642586934,0.053174386435297406,False,False,False,False,False,none
372,4.934286823552702,4.644609189671987,2.4079612531124104,4.962733418783618,False,False,False,False,False,none
373,1.2354306395530432,0.8319823438884004,0.13126175743943366,0.8889674918256107,False,False,False,False,False,none
374,-0.5418530794132171,1.537279398202514,0.7575315314948914,1.6425726109382237,False,False,False,False,False,none
375,1.1679033272173247,0.2591300888413532,0.2237437520599672,0.27687874247093996,False,False,False,False,False,none
376,1.2144375031807315,3.449794108330561,0.20157869570337197,3.686081607771178,False,False,False,False,False,none
377,-1.517661742434227,0.18280812642386618,1.164663466642313,0.19532924325394355,False,False,False,False,False,none
378,2.1400412501068544,0.6509373725259937,0.8434042456025745,0.6955221677968756,False,False,False,False,False,none
379,-1.3301150957221617,1.200807989622397,1.0093925809928275,1.2830551928659255,False,False,False,False,False,none
380,1.7706326992807144,0.02970221118297136,0.6973227158196776,0.03173661120450706,False,False,False,False,False,none
381,-1.4757271238577998,0.07715956920917616,1.0176461856281502,0.08244447639315135,False,False,False,False,False,none
382,-0.6518592776347807,0.22076929542428422,0.41428222496918016,0.23589049487299998,False,False,False,False,False,none
383,0.23994255146720272,0.08905814518088201,0.10137826671759455,0.09515802412113372,False,False,False,False,False,none
384,-1.996210029556107,1.8589480099638203,1.0041338758404714,1.9862733410042352,False,False,False,False,False,none
385,0.4119154005072505,0.11952749796355133,0.36539024560364936,0.12771432092205778,False,False,False,False,False,none
386,-4.27976787797465,0.8240657449218839,1.9846280860608947,0.8805086595213553,False,False,False,False,False,none
387,-1.2506716157083266,0.5335686402520121,0.11763919094373403,0.570114473373076,False,False,False,False,False,none
388,2.7259434438401025,0.25182137019096723,1.835796204897962,0.26906942616174173,False,False,False,False,False,none
389,0.5944930820141294,0.9493725353473268,0.4342139432206675,1.0143981152429846,False,False,False,False,False,none
390,-1.5917482090122808,0.9271648610563972,0.713642679355869,0.9906693658786401,False,False,False,False,False,none
391,-3.107055698096083,1.5073255845028024,1.3063143095955756,1.6105671641509829,False,False,False,False,False,none
392,3.8730141828889595,0.1038339061450442,2.3424752338194503,0.11094582450008977,False,False,False,False,False,none
393,2.4820360098224237,3.8927140780721894,1.1989187972724022,4.15933859149571,False,False,False,False,False,none
394,-0.9250160362621354,2.924437431596088,0.6943555300627429,3.1247415617219216,False,False,False,False,False,none
395,0.4228630509891199,0.8138136041251118,0.09866036953310754,0.8695543166114389,False,False,False,False,False,none
396,-3.401711645061103,1.2798865599679052,1.7771919222438668,1.3675501089583169,False,False,False,False,False,none
397,1.0418438979081923,0.07345966892694133,0.7347668436875737,0.07849115803481807,False,False,False,False,False,none
398,2.6268585078565634,2.4778299372848966,1.3570434931749218,2.6475444830041126,False,False,False,False,False,none
399,-4.64306158400934,0.817667563370933,2.442560295687946,0.873672245927515,False,False,False,False,False,none
400,-2.3795255849943118,0.2125535202894665,0.8555221871080242,0.22711199486196873,False,False,False,False,False,none
401,2.090928999453377,0.004454367096114431,1.4851571172481703,0.004759461032065518,False,False,False,False,False,none
402,1.2902294590486905,1.1520424889575447,0.7995348769112403,1.2309495861398903,False,False,False,False,False,none
403,2.0035924478808367,0.17885919393493732,0.9858330541226135,0.1911098356717285,False,False,False,False,False,none
404,0.4592472143985309,1.751683216245056e-05,0.03917384894543048,1.871661636400379e-05,False,False,False,False,False,none
405,-1.6719443373948537,2.049557335052889,1.0029583373703708,2.189938112123141,False,False,False,False,False,none
406,-1.5958879429966453,0.009062594309396361,0.7654554254939773,0.009683320555823948,False,False,False,False,False,none
407,2.909202982202622,0.1588642780103498,1.574020032811686,0.16974540361458765,False,False,False,False,False,none
408,1.0867384267683295,0.0006507717950210914,0.37474818955442285,0.0006953452493558569,False,False,False,False,False,none
409,0.5321178508046817,0.053875848816905846,0.03063333822616944,0.05756597906741748,False,False,False,False,False,none
410,-2.4324781675088856,0.5554219018653135,1.4142537262528725,0.5934645351950505,False,False,False,False,False,none
411,-2.045235887338028,1.2894559601713693,0.9434688229424114,1.3777749481747246,False,False,False,False,False,none
412,2.2719213667221085,0.014430904452070736,1.3404024449805352,0.015419323534650817,False,False,False,False,False,none
413,0.7648058855519486,0.5352162588762983,0.34089748723126145,0.5718749426987487,False,False,False,False,False,none
414,2.53944585878898,1.6564455073301256,1.1339758800199502,1.7699007903400692,False,False,False,False,False,none
415,1.3809397257314031,0.08139102374278832,0.3449412847373433,0.08696575686400697,False,False,False,False,False,none
416,-2.001276713654234,0.19279499082580687,1.3654844687350254,0.2060001401351237,False,False,False,False,False,none
417,-0.8524966147712428,0.035290802312543626,0.5348683377180827,0.037707982923858255,False,False,False,False,False,none
418,-2.5294387717999163,0.03568214398907537,1.241738427775682,0.03812612885109913,False,False,False,False,False,none
419,-0.8476942325356183,0.20485073140798937,0.17721632056649025,0.2188816171834883,False,False,False,False,False,none
420,-2.4306987130304787,1.3239468476495682,0.9100275304108584,1.4146282275232183,False,False,False,False,False,none
421,-0.23600819458949646,0.006628850581128366,0.3370923392248969,0.007082881888155637,False,False,False,False,False,none
422,-1.2514560104990975,0.35448597431584306,0.22313732230616654,0.3787658593836494,False,False,False,False,False,none
423,0.25250337964231256,1.5402072569941363,0.5513829152731734,1.6457010081999297,False,False,False,False,False,none
424,-0.028773767097276914,0.33502297728486996,0.3045985528235087,0.3579697790567881,False,False,False,False,False,none
425,-0.9891474259272832,3.739379506912816,0.2224040836951358,3.9955016421481555,False,False,False,False,False,none
426,2.5076932290067004,0.38210479144792087,1.5191429833114065,0.4082763781746428,False,False,False,False,False,none
427,0.5061658750744588,1.0644435154130552,0.24394484009774609,1.1373506770159383,False,False,False,False,False,none
428,2.39823620909121,4.733406645916164,1.1134043780436003,5.05761289854391,False,False,False,False,False,none
429,-3.4830966321897527,1.2334565228226362,1.963570546521807,1.3179399291635203,False,False,False,False,False,none
430,-1.1368968307951053,0.013185024758313738,0.43221247478434127,0.014088109531599592,False,False,False,False,False,none
431,0.647622080245019,0.12783036586174168,0.5202822987106541,0.13658587896007754,False,False,False,False,False,none
432,-0.9223182300197387,0.003500364761814618,0.3456884083179692,0.0037401160080417378,False,False,False,False,False,none
433,-7.164542384084985,0.6066327202952343,3.3059904363310553,0.6481829473685786,True,False,True,False,True,score
434,0.5347944059625489,0.5169860143873106,1.0918047410531702,0.552396050102301,False,False,False,False,False,none
435,-0.8256283264929811,0.8033316498633523,0.21321139074854373,0.85835441957281,False,False,False,False,False,none
436,-0.6033828011287774,1.4770963508920034,0.27842801084070634,1.5782674330566808,False,False,False,False,False,none
437,-0.08158140130942085,0.008683386998560902,0.4759800115145207,0.009278140116032606,False,False,False,False,False,none
438,0.3102938514700712,0.4177311837787101,0.5709666144352116,0.44634293675697867,False,False,False,False,False,none
439,-1.7518359793099827,0.43316625362479794,0.5440074945448017,0.4628352042047484,False,False,False,False,False,none
440,3.0198398443389305,0.48746411553924235,1.8805558009750758,0.5208521014047347,False,False,False,False,False,none
441,-0.094940896994903,0.006862622462260642,0.007202527255016247,0.007332665557672293,False,False,False,False,False,none
442,-1.0079957932258294,0.8810754940431751,0.4488804827063347,0.9414231898094638,False,False,False,False,False,none
443,1.062953491911963,0.8229202939264578,0.6459566059233277,0.8792847529013493,False,False,False,False,False,none
444,-0.3293654110771536,2.142866978702031,0.1589467802473039,2.289638833523361,False,False,False,False,False,none
445,0.3558126386822388,0.0493438281137016,0.20536917864581236,0.05272354568283398,False,False,False,False,False,none
446,-0.5692294525515254,0.0021460289406759533,0.28464067333981335,0.002293017368447634,False,False,False,False,False,none
447,1.049436431811738,1.2088496168944807,0.5578489191933702,1.2916476170667202,False,False,False,False,False,none
448,-3.2387266469638636,1.5365625715587334,1.6348270844455022,1.6418066865309617,False,False,False,False,False,none
449,0.7750192100181628,2.6299697134716946,0.6400659914932657,2.810104802026735,False,False,False,False,False,none
450,2.3853400585606597,0.5840667363079624,1.293564287093442,0.624071346523798,False,False,False,False,False,none
451,-1.3133789528913717,0.5147130482390452,0.7601892435973808,0.5499674011884497,False,False,False,False,False,none
452,1.2141877618246848,0.03279037867013497,0.6185124969387901,0.035036297220163035,False,False,False,False,False,none
453,-0.6672674519322599,2.0922096928811875,0.41828684034793234,2.2355118671884973,False,False,False,False,False,none
454,-0.0027420179946195944,1.8203123955661367,0.01212587612828479,1.9449914490523825,False,False,False,False,False,none
455,0.43454483370112273,0.0011645120996164274,0.20252079585087251,0.001244273280558285,False,False,False,False,False,none
456,-1.2684767644594441,0.007590658407514797,0.6644838427269079,0.008110567027536044,False,False,False,False,False,none
457,3.422457658042786,3.3202007585177515,1.7449897779590133,3.547611992416185,False,False,False,False,False,none
458,-0.1510562403379024,0.05100787487117621,0.33828503787429665,0.0545015683574007,False,False,False,False,False,none
459,1.1861970455979383,2.0573658621905513,0.3783599115500016,2.198281470411224,False,False,False,False,False,none
460,-0.29284267666695946,0.6499753089214757,0.41511097644338724,0.6944942093602963,False,False,False,False,False,none
461,1.2910334969521475,0.11136937890544804,0.43658873781064406,0.11899742603796444,False,False,False,False,False,none
462,-2.594374382103328,1.2083680597844881,1.536372432126136,1.2911330765606799,False,False,False,False,False,none
463,-0.6618967244529302,0.7673623292676761,0.2912391938109333,0.8199214444652294,False,False,False,False,False,none
464,3.0977221562790485,0.2275271363551999,1.5916048865204089,0.24311120207507297,False,False,False,False,False,none
465,-1.5404696754686613,0.37044095366585317,0.9776962173213816,0.39581364661026197,False,False,False,False,False,none
466,-2.6628352172212404,1.0587518106814855,1.3268568527846674,1.1312691291121837,False,False,False,False,False,none
467,0.07684542250372473,1.3120186077819262,0.26812029881587773,1.401882984123613,False,False,False,False,False,none
468,2.1193802312823227,0.09953778674543379,1.205767283698061,0.10635545005848107,False,False,False,False,False,none
469,3.354355299819005,1.078375304482841,1.5639647026634165,1.1522366991496873,False,False,False,False,False,none
470,-3.947976024672398,0.6890852844268305,2.2927529579104777,0.7362829529385132,False,False,False,False,False,none
471,-0.14361353098185903,0.02047459753329841,0.012108583733385166,0.021876968602781533,False,False,False,False,False,none
472,0.22925655441516513,0.00010051065586454857,0.19064599555575132,0.0001073949541141225,False,False,False,False,False,none
473,-0.5981961147463573,0.43563281195150405,0.24905769238617528,0.4654707050482947,False,False,False,False,False,none
474,1.122302834561288,0.2273846133885436,0.6357363313155252,0.24295891725181118,False,False,False,False,False,none
475,-1.8698559992467985,0.08660311209908853,0.9435479561557638,0.09253483792361077,False,False,False,False,False,none
476,0.7795434975164083,0.2930850523014755,0.530952699958058,0.31315939064082965,False,False,False,False,False,none
477,0.44948942875182163,0.1505340627358628,0.26458225011738634,0.16084462509046862,False,False,False,False,False,none
478,-2.202383288952336,0.44769722415186475,1.0753255539075737,0.47836144766187055,False,False,False,False,False,none
479,0.12048644212742127,1.113438553432477,0.26706110606184835,1.189701542848577,False,False,False,False,False,none
480,7.224181430919398,3.0080552529857334,3.661172580464065,3.2140866367691463,True,False,True,False,True,score
481,0.4245096357621768,0.26719518418462374,0.3710388734326528,0.2854962421466342,False,False,False,False,False,none
482,-0.5278801298130749,0.1375620127178269,0.7590393283311399,0.14698407762443177,False,False,False,False,False,none
483,0.3413132958546654,1.916612283941068,0.18539959406837847,2.0478872266618553,False,False,False,False,False,none
484,-0.4409696297881232,0.3516990494372533,0.5279726484022516,0.37578804905218555,False,False,False,False,False,none
485,-0.9054458487932835,0.6808493914161633,0.647795000161142,0.727482957113579,False,False,False,False,False,none
486,-1.595734984103251,0.19657033029641216,0.8532430851123178,0.21003406475459183,False,False,False,False,False,none
487,2.783434454879713,1.2528171664309085,1.44267842606243,1.3386266455524007,False,False,False,False,False,none
488,-0.30104834878578945,0.1497877652980983,0.3428004093177233,0.16004721133970953,False,False,False,False,False,none
489,-1.7205301195424376,0.7437818390319855,0.9631349165233383,0.7947258505745349,False,False,False,False,False,none
490,0.06475376113812661,0.4964684330505018,0.09591559591031146,0.5304731535969907,False,False,False,False,False,none
491,2.576595211773596,0.01002411946020873,1.2957646753735512,0.010710703658270614,False,False,False,False,False,none
492,1.5892401017035491,0.02200989532724678,0.5574343342695468,0.023517423883013717,False,False,False,False,False,none
493,-2.121529718088653,0.767828173464167,1.3549416336633775,0.8204191958297602,False,False,False,False,False,none
494,-2.690109984550019,0.0017142624504485277,1.3598933556767638,0.0018316778019395895,False,False,False,False,False,none
495,-1.2426987657187571,0.20676618568462068,0.38546553911889075,0.22092826708719343,False,False,False,False,False,none
496,-0.7134162910712952,0.007887059311970587,0.05150415698158465,0.00842726938371519,False,False,False,False,False,none
497,-0.0036469515269235975,4.170091089467254,0.30325777815872246,4.455714046962142,False,False,False,False,False,none
498,0.07601660164322638,0.04433536174195772,0.28126807212275423,0.0473720333327362,False,False,False,False,False,none
499,2.360019359506542,2.141551951677416,1.3334733148150246,2.288233736066255,False,False,False,False,False,none
500,4.988667936255781,2.1127480709922195,2.3424990016256038,2.2574569849060184,False,False,False,False,False,none
501,7.163557502300216,0.07037522014151804,2.929503882471794,0.07519544542675087,True,False,True,False,True,score
502,8.18622335217142,0.08681328008623004,2.8399173136805396,0.09275940099248317,True,False,False,False,False,none
503,6.091323572252549,0.05488120906802996,1.2552493448383686,0.05864019967725154,False,False,False,False,False,none
504,6.330978484943603,0.0650360089698416,1.1205073961257777,0.06949053450108206,False,False,False,False,False,none
505,5.936760962467913,0.9775268840612257,0.705086575050257,1.0444808458971047,False,False,False,False,False,none
506,4.200781332692319,2.5900477860956235,0.2784262184675718,2.767448493381427,False,False,False,False,False,none
507,6.111093632842805,0.023897952637024565,0.7043606154805608,0.025534800313445884,False,False,False,False,False,none
508,9.688605175795239,0.031963034632751554,2.299705466103446,0.03415228572738036,False,False,False,False,False,none
509,9.132135525707692,3.847369603060612,1.569701777628591,4.110888327478331,False,False,False,False,False,none
510,3.904928104184849,0.9392398808703837,1.2810763047456706,1.0035714426554327,False,False,False,False,False,none
511,5.726233719134008,0.05260690482005063,0.14095565731809767,0.05621012101293109,False,False,False,False,False,none
512,6.286986522310622,1.9523363854743043,0.15937674420059106,2.086058186864329,False,False,False,False,False,none
513,5.675036267187655,1.1125992117209489,0.16948672257005115,1.1888047119223406,False,False,False,False,False,none
514,4.182816187731399,0.03721513649794663,0.8597848975869503,0.03976412094986119,False,False,False,False,False,none
515,7.393479866894658,0.7856469364063577,0.8703525964413482,0.8394584231841802,False,False,False,False,False,none
516,5.210959321315814,0.11189419811037832,0.36292602636493143,0.11955819179903612,False,False,False,False,False,none
517,1.0305819347128768,0.06923775632138818,2.319137119309113,0.07398007304937881,False,False,False,False,False,none
518,7.405318114481472,0.31859247162995774,1.2384399753534203,0.34041389519847265,False,False,False,False,False,none
519,5.287532546515604,0.007690364191423169,0.03703932259730465,0.008217101981423744,False,False,False,False,False,none
520,1.7480035707847714,3.256028084615413,1.7474149544694302,3.4790439255794725,False,False,False,False,False,none
521,7.3902319707323425,4.226618290492279,1.3403213166651233,4.5161129778820985,False,False,False,False,False,none
522,3.685509127207628,0.042292962374255186,0.7256973645993606,0.045189743460180586,False,False,False,False,False,none
523,4.952556027401877,0.2367412878528565,0.03435789774653163,0.2529564604586712,False,False,False,False,False,none
524,8.225154686205734,0.04210356530724503,1.6157247547100295,0.0449873739785973,False,False,False,False,False,none
525,5.9190058769435065,1.5137209048371454,0.17337315453984226,1.6174005205542827,False,False,False,False,False,none
526,2.7886204741963576,0.0035711619138978972,1.3805218073936365,0.0038157622848866597,False,False,False,False,False,none
527,4.697522759094997,0.0737225588661441,0.1780001560137818,0.07877205415190035,False,False,False,False,False,none
528,7.113755829551505,0.6560966621309945,1.0302319740712162,0.7010348337488044,False,False,False,False,False,none
529,6.425855083010391,0.15828586236510928,0.49033761313888485,0.16912737042054293,False,False,False,False,False,none
530,6.7218109540544,0.5335714729789837,0.5359016625155791,0.5701175001226332,False,False,False,False,False,none
531,6.203004276011255,0.024665985766051675,0.1769371080239296,0.026355438502904612,False,False,False,False,False,none
532,4.203436292720433,0.12322725122198713,0.8288689498347854,0.13166748218645896,False,False,False,False,False,none
533,4.247329098844662,0.8675075628040403,0.6417933599708666,0.9269259473000315,False,False,False,False,False,none
534,6.397056506961176,0.631712316850459,0.5298584419067075,0.6749803261945492,False,False,False,False,False,none
535,6.287707011872219,0.20101375880763694,0.37081789625918693,0.21478183798288975,False,False,False,False,False,none
536,3.6671251696933744,0.09854520222698715,0.9751511323346218,0.1052948802323661,False,False,False,False,False,none
537,8.034342985595796,0.01130824120127814,1.3393516964876788,0.012082779029512304,False,False,False,False,False,none
538,4.483167092788862,0.2746488460111117,0.6519545528627938,0.2934604292564728,False,False,False,False,False,none
539,5.875537544840151,1.8273407334623637,0.15417344018502496,1.9525011804273429,False,False,False,False,False,none
540,6.099239625817316,1.1856422303921526,0.23190453743917844,1.2668506819846825,False,False,False,False,False,none
541,4.171714613749036,0.11660269384249183,0.7499315329575084,0.12458918755513115,False,False,False,False,False,none
542,6.277980934856895,0.000344967368066315,0.4222556230160622,0.00036859529316253065,False,False,False,False,False,none
543,4.614762894979868,1.5965938038817864,0.4693787509378938,1.7059496511280363,False,False,False,False,False,none
544,5.149878451057606,0.03536099406917697,0.1158038494803504,0.037782982339770795,False,False,False,False,False,none
545,5.102273650431565,0.2575521150881809,0.11574636293783447,0.27519268821771126,False,False,False,False,False,none
546,6.679850403713344,1.4273533351663317,0.6730232307883436,1.5251173581178024,False,False,False,False,False,none
547,6.002004943055619,1.1924416292381337,0.2094505910344725,1.2741157935371514,False,False,False,False,False,none
548,2.7780794035600067,0.7570855398796656,1.3970562101584485,0.808940764702745,False,False,False,False,False,none
549,8.102913586485213,1.1833787072787794,1.4665724074527322,1.2644321228895696,False,False,False,False,False,none
550,5.154399643673732,0.3027433012192042,0.257697612068481,0.3234791641058448,False,False,False,False,False,none
551,5.257683338273713,0.6561572456477496,0.1560330511972133,0.7010995668255714,False,False,False,False,False,none
552,6.940928203620013,0.17258778251724782,0.692076110173551,0.18440887510550552,False,False,False,False,False,none
553,8.748485234590179,1.4553208970911704,1.4308938922692889,1.5550005083546254,False,False,False,False,False,none
554,5.332380455080291,2.033216706946768,0.5131688736930673,2.1724782618161473,False,False,False,False,False,none
555,6.401228506677448,0.2904673172276775,0.10819198472616375,0.31036235846831717,False,False,False,False,False,none
556,7.653661819099163,1.8221781710149527,0.6943771962781186,1.9469850174654957,False,False,False,False,False,none
557,6.913117602209902,1.4568071372156215e-08,0.1961051698373466,1.5565885458477158e-08,False,False,False,False,False,none
558,5.771648528025648,0.00014874070683440114,0.39708695766248636,0.0001589284364725442,False,False,False,False,False,none
559,7.17944835084981,0.3705379598591438,0.3655556083075282,0.3959172970698836,False,False,False,False,False,none
560,2.8856204616856305,0.4227846510211275,1.7914109457930352,0.45174253223218896,False,False,False,False,False,none
561,5.636636048926137,0.6150671027670289,0.09802196517158666,0.6571950278365445,False,False,False,False,False,none
562,5.876394756245502,5.470832538643277,0.03794072111963108,5.845547463598595,False,False,False,False,False,none
563,7.1111566023800155,0.32112926229273897,0.6295999727517944,0.34312443881678983,False,False,False,False,False,none
564,7.353613331633665,0.17663992014398439,0.6213476596801571,0.1887385566775166,False,False,False,False,False,none
565,6.481573175842033,0.0037173458919403067,0.07386470073712849,0.003971958873985049,False,False,False,False,False,none
566,6.503546231569978,0.38476915835211495,0.0697555954540474,0.4111232361416699,False,False,False,False,False,none
567,7.714235847107349,1.019222368025607,0.6433692780875568,1.089032187728516,False,False,False,False,False,none
568,5.73511538247279,2.717120014167002,0.4457997436468338,2.9032243072542974,False,False,False,False,False,none
569,6.710286071785831,0.25507930968347403,0.11662433930843528,0.2725505124136897,False,False,False,False,False,none
570,6.736934046786237,0.5983938852712227,0.10623211078430339,0.6393798080223391,False,False,False,False,False,none
571,7.713309074202256,3.1468496031641973,0.5588343051761503,3.362387458612386,False,False,False,False,False,none
572,7.630242362669391,1.5474788421151144,0.40675399363689885,1.6534706475848004,False,False,False,False,False,none
573,7.822426171564858,0.10237858513700518,0.4186727167746828,0.10939082387318813,False,False,False,False,False,none
574,7.0475921415399885,0.012680514132192018,0.04109974528227109,0.013549043349249269,False,False,False,False,False,none
575,10.446420645432184,0.13623026566217716,1.6166197702654594,0.14556111492756246,False,False,False,False,False,none
576,5.564158674420428,0.495802952443337,1.0761350025119216,0.5297620920816164,False,False,False,False,False,none
577,10.37546389092176,0.5027768384117145,1.4740864997100713,0.5372136419409701,False,False,False,False,False,none
578,2.575701855415523,1.3914037259738485,2.6060656829921025,1.486705444510848,True,False,False,False,False,none
579,6.8462148113348364,0.021382174599474432,0.01231218096554902,0.022846708542677622,False,False,False,False,False,none
580,0.18044400009571437,0.019728482248592104,3.2448426403768833,0.02107974948132974,True,False,True,False,True,score
581,3.624825068481571,0.7853863723616346,0.9242672416909394,0.8391800122695747,False,False,False,False,False,none
582,8.386153470062075,0.20945567246349947,1.5713262529119507,0.2238019654699547,False,False,False,False,False,none
583,3.138553947603924,1.4739665857416817,1.28967329965189,1.5749233002200616,False,False,False,False,False,none
584,7.277054861649294,5.8036432928923825,0.9767344138097906,6.20115349734527,False,False,False,False,False,none
585,3.215245473398662,3.4678994593408383,1.1898660398272822,3.7054270525326687,False,False,False,False,False,none
586,5.449897950633983,0.838736230764177,0.13261563575788496,0.8961839741465846,False,False,False,False,False,none
587,3.9749502814246664,6.2773254965712235,0.6097204658265009,6.707279719397995,False,False,False,False,False,none
588,8.131057829269206,0.09949049010067622,1.5292414293873762,0.10630491391432999,False,False,False,False,False,none
589,8.232361532451668,0.06086392398553436,1.2725572641155962,0.06503268999100627,False,False,False,False,False,none
590,7.384299381007991,4.397095555246057,0.6064692490852143,4.69826677907116,False,False,False,False,False,none
591,4.3773180473669075,0.24880561609476176,0.9741551908479018,0.2658471133632069,False,False,False,False,False,none
592,8.667135194405855,0.26929684408984,1.302584809855207,0.2877418515016101,False,False,False,False,False,none
593,1.1812914998191353,1.6877639050607218,2.5909180220713077,1.803364285909513,True,False,False,False,False,none
594,6.609249969959361,3.2881899525829645,0.5615306337204735,3.5134086633765715,False,False,False,False,False,none
595,5.718886017436449,1.9198739704770011,0.017118282133271438,2.0513723166042914,False,False,False,False,False,none
596,6.695977784897854,0.7114315963182151,0.4878910863412496,0.7601598356386846,False,False,False,False,False,none
597,2.966343532477037,1.464501650265973,1.4197314080931203,1.5648100808567662,False,False,False,False,False,none
598,6.005540528084705,0.04031360602968313,0.3391801802468001,0.043074814630273406,False,False,False,False,False,none
599,8.345118598667577,0.031610297004993494,1.406774486969847,0.03377538796443618,False,False,False,False,False,none
600,4.0006279794231405,0.733296607769388,0.983023182650683,0.7835224520827359,False,False,False,False,False,none
601,8.722495788214626,2.5578804755051143,1.5051707160947594,2.7330779401786107,False,False,False,False,False,none
602,7.069616348530376,0.38993396993350393,0.40197079249020407,0.4166418022879187,False,False,False,False,False,none
603,7.36231461405232,0.018318888263148734,0.4636272439415341,0.019573607867944556,False,False,False,False,False,none
604,5.379154923575012,1.3639427540470925,0.5915536644203369,1.457363582251213,False,False,False,False,False,none
605,5.117763761929548,1.7853034429348713,0.6000997609776764,1.9075846206014266,False,False,False,False,False,none
606,3.881397644142078,1.1464958419358042,1.0801057803719156,1.2250230314152866,False,False,False,False,False,none
607,7.058677257007734,0.7463467412709547,0.6778941304533428,0.7974664312213524,False,False,False,False,False,none
608,6.334704123682091,0.011580523472419738,0.19096089851241171,0.012373710789571139,False,False,False,False,False,none
609,8.287123229739203,0.5421531839788616,1.100305337783936,0.5792870001236536,False,False,False,False,False,none
610,5.120019623541936,0.49252270542993803,0.656795924496677,0.5262571703948878,False,False,False,False,False,none
611,7.182825766607846,0.32868403003802593,0.4756722704177991,0.35119665691515084,False,False,False,False,False,none
612,9.184439831988117,0.07583321471691128,1.3519494451783167,0.08102727561368564,False,False,False,False,False,none
613,5.479856571087337,3.656344198868587,0.7163271203663111,3.906778978659822,False,False,False,False,False,none
614,4.361519428800367,2.753235932839058,1.1158065359579457,2.9418139214122414,False,False,False,False,False,none
615,5.580046643585688,0.053388055013308636,0.30127672922468013,0.057044774696558796,False,False,False,False,False,none
616,4.888037309462109,0.27163590390366743,0.5768633051882727,0.290241121048858,False,False,False,False,False,none
617,4.263077652565518,4.961341099073484e-05,0.7647924088454108,5.30115931585957e-05,False,False,False,False,False,none
618,6.413052057819776,2.418601079419846,0.4315790740130378,2.5842588500735992,False,False,False,False,False,none
619,5.277427982707959,2.0041868320931435,0.20587117356512066,2.1414600374196695,False,False,False,False,False,none
620,3.2759125553939183,0.028140853090659432,1.1360606972469007,0.030068310672217956,False,False,False,False,False,none
621,6.76027597626231,0.01941524798470573,0.7821623142246267,0.02074506079476518,False,False,False,False,False,none
622,6.828440911821249,0.19225995841037039,0.6588112591428811,0.20542846162789355,False,False,False,False,False,none
623,3.6764585243649623,0.07244357426853426,1.0026526459887042,0.0774054677836044,False,False,False,False,False,none
624,7.439545199578292,0.14989565340072247,1.0241570945094154,0.16016248904565142,False,False,False,False,False,none
625,3.856131726676451,0.1396464030973844,0.9197555882284459,0.14921123460836558,False,False,False,False,False,none
626,5.043148507089618,0.3901275226115787,0.15972843071572984,0.41684861201174056,False,False,False,False,False,none
627,6.220197911462648,0.027310030060728702,0.44345598666341557,0.02918058189949349,False,False,False,False,False,none
628,-1.5420280359763605,1.6335459421004734,3.41235329875333,1.7454327602001993,True,False,True,False,True,score
629,7.532141108158301,0.11158422524993103,1.67394004648385,0.11922698789992693,False,False,False,False,False,none
630,4.2704567416061385,0.02397111677466385,0.24378953885832716,0.025612975698304175,False,False,False,False,False,none
631,6.104386772263317,0.6103794669853093,0.6950005629708405,0.6521863207959703,False,False,False,False,False,none
632,5.076341674162861,0.14284169421645715,0.05707561739134482,0.15262538149818922,False,False,False,False,False,none
633,3.753982692299857,0.11662033890534719,0.5960990314148471,0.12460804118512085,False,False,False,False,False,none
634,8.449274981825655,0.041263622139458375,1.8018125615391827,0.04408990040042781,False,False,False,False,False,none
635,4.9125998701508,0.011760570929510647,0.27494842655158924,0.012566090276366059,False,False,False,False,False,none
636,3.784146618715045,0.16976174598959698,0.7676130718194021,0.18138927424228057,False,False,False,False,False,none
637,5.599251882629348,1.0021228877984008,0.2668058109304986,1.0707615090767826,False,False,False,False,False,none
638,5.45322551260206,0.003650736594934324,0.14257598509147512,0.0039007872918876063,False,False,False,False,False,none
639,5.0665612976910674,0.3555269357589702,0.0735928267364487,0.37987811962568646,False,False,False,False,False,none
640,5.613661413652437,0.28023556173392433,0.20664116637430924,0.2994297971164206,False,False,False,False,False,none
641,7.799916305504443,0.021003821609516804,1.226333367704964,0.02244244093895012,False,False,False,False,False,none
642,5.504954461012171,4.188924879211882,0.13271076276537458,4.475837823570914,False,False,False,False,False,none
643,6.549975624894476,0.08860006517955538,0.40099494770893435,0.09466856874647804,False,False,False,False,False,none
644,5.726633576334902,0.3268777444848704,0.0787835883200656,0.3492666530520822,False,False,False,False,False,none
645,6.740571091649291,1.2474017899950343,0.429051352780364,1.3328403525585,False,False,False,False,False,none
646,0.09167149539300279,1.1701851954994082,2.883563974020651,1.2503349450335304,True,False,True,False,True,score
647,5.865360911202474,2.232111376713265,0.49520199220029343,2.3849958675305336,False,False,False,False,False,none
648,8.783523796795512,0.4576063536995558,1.8123873342541783,0.4889492853784935,False,False,False,False,False,none
649,4.333715885049797,1.1588896208673487,0.7096448771177769,1.2382657001473216,False,False,False,False,False,none
650,4.344672582198334,0.09982452951046764,0.5623984615303556,0.1066618327581907,False,False,False,False,False,none
651,7.984790490773874,2.621922936192225,1.3166819596140573,2.8015068750779766,False,False,False,False,False,none
652,6.359205768478706,0.4073428404045404,0.26442629987585176,0.4352430623168576,False,False,False,False,False,none
653,7.551224247550577,0.05317029399741702,0.7900444749010035,0.05681209852796388,False,False,False,False,False,none
654,6.686727854195061,3.7434167249399977,0.21248324756857714,3.9998153822292286,False,False,False,False,False,none
655,4.515755445582519,2.198219304835713,0.8836170311868254,2.3487824185900807,False,False,False,False,False,none
656,4.620857190014005,0.3018883347929175,0.6558862611831854,0.32256563827785784,False,False,False,False,False,none
657,3.154904050261143,1.4412788653510988,1.2361568109612069,1.5399966926753574,False,False,False,False,False,none
658,5.367940769951728,0.13369512887415114,0.08509258585049453,0.14285233846320444,False,False,False,False,False,none
659,5.604425669874683,0.4283081948010253,0.18284353688331934,0.45764440129957307,False,False,False,False,False,none
660,6.348800344536895,0.47216969708371115,0.5075303920501395,0.5045101190138576,False,False,False,False,False,none
661,6.157140594275661,0.0002954817289103624,0.31300912484559046,0.00031572022334283356,False,False,False,False,False,none
662,5.952143552679824,0.1529800979547157,0.15091933487408968,0.1634581971324643,False,False,False,False,False,none
663,3.8816256486272795,0.8680018895479361,0.8841161688443946,0.927454132073292,False,False,False,False,False,none
664,6.499247285747104,2.437160519535431,0.5630758848642992,2.604089485964416,False,False,False,False,False,none
665,5.600096626415743,3.7043229617436944,0.01409016990195684,3.958043961393279,False,False,False,False,False,none
666,6.544346818035881,1.103114509393138,0.4695301150908855,1.1786703718116356,False,False,False,False,False,none
667,8.440907461669784,1.4963981778710065,1.2960518088333675,1.5988913042760897,False,False,False,False,False,none
668,7.084941780760743,0.11976170651483126,0.3787721151556613,0.12796457117066565,False,False,False,False,False,none
669,5.41570546145896,0.1513530209880799,0.5070863133899306,0.16171967642867463,False,False,False,False,False,none
670,6.166668791701264,0.1717229062606072,0.041215920385715324,0.18348476069099523,False,False,False,False,False,none
671,3.1146393380415054,0.3012622809369565,1.5141658165023173,0.32189670397874726,False,False,False,False,False,none
672,6.707864831466598,0.6964163059258837,0.5325105230345204,0.7441160996902514,False,False,False,False,False,none
673,7.268925792943455,0.14076604699426687,0.6982992420662452,0.15040756651860498,False,False,False,False,False,none
674,5.060441692721142,0.5188130483662514,0.5131691903187735,0.5543482235176025,False,False,False,False,False,none
675,2.2964744575637663,1.3903346408964221,1.7519277617182267,1.4855631343563005,False,False,False,False,False,none
676,5.267582533267483,0.5250941591881688,0.04037858105652504,0.5610595478314603,False,False,False,False,False,none
677,7.051936860487064,0.03961354202757337,0.8982752685263699,0.04232680099194986,False,False,False,False,False,none
678,11.425540282114829,0.6351843662620678,2.8411918419915443,0.6786901874429345,True,False,False,False,False,none
679,5.069030023094481,0.6935263627538781,0.8119508999708805,0.7410282150109572,False,False,False,False,False,none
680,5.481346786642223,2.330921950849537,0.4494575603291241,2.490574295848181,False,False,False,False,False,none
681,2.448467991814871,4.635752155056579,1.8314650427431274,4.953269737366686,False,False,False,False,False,none
682,4.3289604975431475,1.9921598131016234,0.5525424121242056,2.128609249196134,False,False,False,False,False,none
683,6.996098099006189,0.2193922870325703,0.8523656883889893,0.23441917074551472,False,False,False,False,False,none
684,7.59404203583092,0.12609873720306297,0.9720832041816453,0.13473564548242403,False,False,False,False,False,none
685,7.650540436736782,1.6128872104239154,0.805086036759449,1.723359045514168,False,False,False,False,False,none
686,6.002280110088364,0.0038370005324396034,0.1558552300611295,0.004099809045844252,False,False,False,False,False,none
687,5.750087267101547,0.0146920742885744,0.24707693928871094,0.015698381733665084,False,False,False,False,False,none
688,2.821944710025318,0.3047852666838241,1.6187305677084356,0.32566099035589946,False,False,False,False,False,none
689,9.530030698095363,2.1801738512355677,1.9605445955151013,2.3295009738050836,False,False,False,False,False,none
690,7.366282206270784,4.967031588168885,0.5183379162062893,5.3072395648643225,False,False,False,False,False,none
691,6.338518378006648,0.8885210235202929,0.08411799578875119,0.9493786875591552,False,False,False,False,False,none
692,4.446505801943181,1.7406900138804238,0.9855148718443981,1.8599154742311859,False,False,False,False,False,none
693,5.8706704280735496,2.3062194112149047e-05,0.09724465243091125,2.4641797997846117e-05,False,False,False,False,False,none
694,7.807091399850749,0.08997886227158025,0.861976776089028,0.09614180408811435,False,False,False,False,False,none
695,4.0388574072441425,0.3279333498972341,1.1391958563948503,0.35039456027593113,False,False,False,False,False,none
696,12.060923473430908,0.2591166851729628,2.981865489344015,0.2768644207421704,True,False,True,False,True,score
697,5.328359139480916,0.04979269637274493,0.8819163458316996,0.05320315837333526,False,False,False,False,False,none
698,5.263548244885239,2.65333926885717,0.7369867208892619,2.835075013460564,False,False,False,False,False,none
699,5.286573773379229,0.01566489594813997,0.5784147619211741,0.016737835079100066,False,False,False,False,False,none
700,3.229026499676487,0.0334303610226096,1.4612886158369343,0.035720114023333485,False,False,False,False,False,none
701,0.9139739597802923,0.7110561028653875,2.2925586483625198,0.7597586234309868,False,False,False,False,False,none
702,6.843428028611829,8.269793310776208,1.0436010429141616,8.836218065684164,False,True,False,True,True,residual
703,8.483937709814318,3.424534631123554,1.6310433958931816,3.6590920276887533,False,False,False,False,False,none
704,6.9181868303425,0.005811042588781092,0.544953659472471,0.00620905959481931,False,False,False,False,False,none
705,5.546422760700863,3.583530287729798,0.22977358593278538,3.8289778084420263,False,False,False,False,False,none
706,4.094164384075867,0.03196364045942274,0.8886204084335144,0.034152933049069724,False,False,False,False,False,none
707,8.961135995817974,0.2373079003146243,1.6511138642647525,0.25356188203122615,False,False,False,False,False,none
708,0.6623263700236987,0.13776718976671345,2.706638648457496,0.147203307909628,True,False,False,False,False,none
709,8.58826595084415,0.16553132128511872,1.6812597121522082,0.17686909413687008,False,False,False,False,False,none
710,4.309535078368097,0.05107756733808013,0.7315208668951836,0.054576034285623604,False,False,False,False,False,none
711,2.877524067562204,1.0517554308116945,1.2801919000704276,1.1237935446717264,False,False,False,False,False,none
712,6.380377655796003,0.07988027687578442,0.6758308918248076,0.08535153408270717,False,False,False,False,False,none
713,6.8803405343389965,0.2092801444291854,0.783303772910477,0.2236144149557455,False,False,False,False,False,none
714,6.274141033200048,0.3523053736828169,0.3324458226796897,0.3764359023963955,False,False,False,False,False,none
715,7.594825071424407,0.20827142696570078,0.9069033096233242,0.2225366071872733,False,False,False,False,False,none
716,5.209787298428753,4.760860610418228,0.43196993191118643,5.086947273417787,False,False,False,False,False,none
717,5.174225937939869,0.7194865319909475,0.3628343769688063,0.7687664797753132,False,False,False,False,False,none
718,-0.08338963061333676,0.9059131697519313,2.841862732453859,0.9679620778517233,True,False,False,False,False,none
719,2.941249010458886,0.8008972898561886,0.8055902546991114,0.8557533224153214,False,False,False,False,False,none
720,6.7824884492732505,0.8699114138483517,1.2197356495812441,0.9294944458376285,False,False,False,False,False,none
721,4.841014128922711,0.35238714268091553,0.03356356006352192,0.37652327201629526,False,False,False,False,False,none
722,6.608501455591239,0.0030055298970476404,0.8846374576958428,0.003211388311076607,False,False,False,False,False,none
723,4.041715233520869,0.18337057768206544,0.537987707536587,0.19593021860870735,False,False,False,False,False,none
724,5.54112653278811,0.03512437252621983,0.29729535423194386,0.03753015382592108,False,False,False,False,False,none
725,5.846235163645452,0.2703707846066239,0.3859098192393354,0.2888893496601808,False,False,False,False,False,none
726,1.8857077493729124,0.6390180055480612,1.6133721403683003,0.6827864050197474,False,False,False,False,False,none
727,4.235831586737638,0.035840139863481404,0.15014935967999882,0.03829494637135215,False,False,False,False,False,none
728,6.20894755461092,1.4822443233402902,0.8374616111307752,1.5837680067034154,False,False,False,False,False,none
729,8.587540141715454,0.2990565320171218,1.82433392860188,0.3195398762175976,False,False,False,False,False,none
730,5.313437931519186,2.7869179614525263,0.12950098839734683,2.9778029405495627,False,False,False,False,False,none
731,7.0808445102012465,1.3724351641543873,0.7541466307867287,1.4664376648541593,False,False,False,False,False,none
732,5.9275521896755725,0.4899472395508142,0.043608222348143856,0.5235053025702093,False,False,False,False,False,none
733,1.492386073303788,1.4617304928276584,2.1175622961656755,1.5618491179282996,False,False,False,False,False,none
734,4.610164400872838,0.21569406318011314,0.18094789788155385,0.2304676436410291,False,False,False,False,False,none
735,8.04389991757634,0.2974060693184065,1.5216821154389164,0.3177763680176863,False,False,False,False,False,none
736,2.9471319880447338,0.43565570104379414,1.2561879033102978,0.46549516188816964,False,False,False,False,False,none
737,7.1329736728027076,3.2507329505818223,1.0264978767835942,3.473386110776911,False,False,False,False,False,none
738,5.866741988973865,1.200637116232202,0.20667814803832912,1.282872615807389,False,False,False,False,False,none
739,6.717232084310835,0.5120280222651032,0.5780973961648392,0.5470984691455096,False,False,False,False,False,none
740,4.8524772787607615,0.029742674144171484,0.442513976552888,0.031779845604124,False,False,False,False,False,none
741,7.426530462474938,0.07942884422151848,0.8952132517644734,0.08486918135330263,False,False,False,False,False,none
742,6.555957323541022,1.448431007725866,0.293669138443975,1.5476387082959788,False,False,False,False,False,none
743,9.58722705656687,1.2522017202773401,1.706053404774453,1.3379690455113538,False,False,False,False,False,none
744,6.410405065557012,0.5620602726865553,0.17691394056932816,0.6005575893951999,False,False,False,False,False,none
745,4.600520685959008,2.0837667611611934,1.0198936518070723,2.2264906519068126,False,False,False,False,False,none
746,6.050840286106239,1.9211818754780112,0.11205429741679183,2.0527698042274785,False,False,False,False,False,none
747,5.699278631591498,0.3091247846829517,0.26026128348019884,0.33029773590675693,False,False,False,False,False,none
748,6.567576087536037,0.12403389937229725,0.21318801502769913,0.13252938026426617,False,False,False,False,False,none
749,9.10591502853272,0.2845570059738378,1.4024422176802531,0.3040472309781366,False,False,False,False,False,none
750,4.730553468936066,0.2061429150210855,1.0014711022602678,0.22026230661031382,False,False,False,False,False,none
751,5.1697085398052485,2.0358471126413127,0.5880487118544715,2.1752888324609936,False,False,False,False,False,none
752,4.834380322151197,0.01132662582475237,0.6331784984181021,0.012102422875007466,False,False,False,False,False,none
753,5.881148405549538,0.02572146471714403,0.0014685639468625766,0.027483210603742796,False,False,False,False,False,none
754,5.580578650872779,0.790299378942759,0.1446959038605841,0.8444295264808171,False,False,False,False,False,none
755,3.056724865921163,0.08562692127999699,1.3406186775523818,0.0914917846540724,False,False,False,False,False,none
756,4.65133157530486,1.91113503026222,0.2986097422325079,2.0420348182534975,False,False,False,False,False,none
757,4.172489034429115,0.34506904375549896,0.471276854513142,0.3687039329468451,False,False,False,False,False,none
758,6.902404482986686,0.4955609612058424,0.9478451119817356,0.5295035260855715,False,False,False,False,False,none
759,6.079270749458357,2.3658477622560818e-05,0.3587976413305038,2.5278922884643988e-05,False,False,False,False,False,none
760,7.541182992800094,0.04998767483619791,0.9965248108719043,0.053411491539163906,False,False,False,False,False,none
761,10.013645880019848,1.7526516883172967,1.9971410733090107,1.8726964422412569,False,False,False,False,False,none
762,2.829966688350579,0.2943399858271649,1.888628302403235,0.3145002786018963,False,False,False,False,False,none
763,6.763449718892594,0.20420884860629818,0.3980723317336998,0.21819576976321906,False,False,False,False,False,none
764,4.196421929292807,2.409532707674029,0.9273570444465175,2.574569356366143,False,False,False,False,False,none
765,6.480171434208736,0.44411019018439624,0.3664503143207014,0.47452872619539016,False,False,False,False,False,none
766,6.712350949011323,0.8977658753026008,0.40584025533920726,0.9592567489886896,False,False,False,False,False,none
767,6.247530488717605,4.242993257764739,0.0990882576636609,4.533609519355432,False,False,False,False,False,none
768,2.794187023945822,1.129485885119102,1.5966858422639778,1.2068480079205164,False,False,False,False,False,none
769,6.531903878805138,0.002731512875233903,0.536618204687472,0.0029186029816899092,False,False,False,False,False,none
770,7.664690402494753,0.21004943383632707,0.9790518926688732,0.22443639546984936,False,False,False,False,False,none
771,7.224502367677083,0.6343449578285233,0.5696120321606752,0.6777932852246761,False,False,False,False,False,none
772,5.319050551582451,0.19514356032269814,0.46905310283773854,0.20850957071422938,False,False,False,False,False,none
773,4.169106929277703,0.3809350162006898,0.9333263939206076,0.40702648125655366,False,False,False,False,False,none
774,1.9672376482230558,0.7157736381759694,1.815259433766245,0.7647992779153676,False,False,False,False,False,none
775,8.63018112924479,0.3275228184937522,1.78141320523012,0.3499559102555914,False,False,False,False,False,none
776,9.809586484182052,0.10675674466760379,1.9975126715657074,0.11406885763835023,False,False,False,False,False,none
777,6.477545391366886,5.286494995648658,0.019076553598625284,5.648584049111516,False,False,False,False,False,none
778,2.0267443282483377,1.0855539680461033,2.175297977814385,1.1599070524803454,False,False,False,False,False,none
779,5.909449643313255,0.10161306362270753,0.1440934475771418,0.10857286932703371,False,False,False,False,False,none
780,6.652467374294975,3.0492809649019663,0.4758717766362503,3.25813603035317,False,False,False,False,False,none
781,7.124144630781345,0.01193498921920813,0.6096090681329254,0.012752455035978895,False,False,False,False,False,none
782,5.306449443559309,1.0968793101778015e-05,0.3944659403084362,1.1720081037380307e-05,False,False,False,False,False,none
783,5.1226362354263975,1.3094965304591946,0.40477990311752593,1.3991881616093509,False,False,False,False,False,none
784,5.097462516647485,0.8002679322228268,0.3360410844265038,0.8550808580524647,False,False,False,False,False,none
785,5.5573885037304445,2.7093912942653127,0.04562427803966097,2.8949662224565875,False,False,False,False,False,none
786,10.526373474838502,0.013204804023753201,2.37501929537304,0.014109243542575948,False,False,False,False,False,none
787,3.8243649148185206,1.0763217646724312,1.3525641515548843,1.150042505789655,False,False,False,False,False,none
788,5.937300967519924,0.06710141167007394,0.05661355674253644,0.07169740327843399,False,False,False,False,False,none
789,7.844099080261057,0.016486111485020907,0.8801052599849446,0.017615298310660173,False,False,False,False,False,none
790,2.725144477662404,0.7941040499818168,1.7802168940551795,0.8484947916822461,False,False,False,False,False,none
791,3.5284369889869858,0.2762012030394564,1.0343242928787855,0.2951191122129594,False,False,False,False,False,none
792,11.52242894464858,0.2925376925358345,3.0521379770692714,0.31257454044351174,True,False,True,False,True,score
793,5.456923274176658,0.0711146604566166,0.5019653473601687,0.07598553238844737,False,False,False,False,False,none
794,8.455249656218342,2.627798337221265,1.0535579417488556,2.807784701229725,False,False,False,False,False,none
795,0.8412784670193503,2.1901486211081878,2.852321602700639,2.3401589477637117,True,False,False,False,False,none
796,9.46561202058469,0.49254533069917616,1.9036538260320226,0.5262813453416211,False,False,False,False,False,none
797,4.436903664599795,1.0077578550611839,0.9175802607480439,1.07678243337994,False,False,False,False,False,none
798,4.22060892722386,0.39468558080967664,0.8390351052257236,0.4217188662830281,False,False,False,False,False,none
799,7.200342622801104,0.10405104365093684,0.7748788416279997,0.11117783445247952,False,False,False,False,False,none
800,5.977702206466912,2.798333340835763,0.026538378847097574,2.990000195999872,False,False,False,False,False,none
801,3.4664519741521724,0.16490851744281904,1.1975145689508122,0.17620363245531453,False,False,False,False,False,none
802,7.870992554427009,0.2898927393849944,1.1795742128631932,0.3097484259402766,False,False,False,False,False,none
803,6.432416389560992,9.609650759461562,0.2454980015737162,10.267846662506226,False,True,False,True,True,residual
804,6.938295853054983,0.1878826695074935,0.4419088631062246,0.20075135812254738,False,False,False,False,False,none
805,8.12872441241641,0.30751267359270074,0.9312589149523992,0.3285752061403838,False,False,False,False,False,none
806,5.115079598709248,1.7905943702297535,0.7175573393187178,1.9132379405322086,False,False,False,False,False,none
807,9.733738047951961,0.0003128360291111409,1.6674544281549553,0.00033426317540810493,False,False,False,False,False,none
808,4.697372034516926,0.6192709783808817,1.1102561485663947,0.6616868404186813,False,False,False,False,False,none
809,8.988079776301651,0.024699166346054513,1.1941362619124885,0.026390891727602367,False,False,False,False,False,none
810,5.331127370525432,0.43092925238148394,0.8194617390086161,0.4604449835479187,False,False,False,False,False,none
811,4.5461666266428775,8.293075020757588,1.0365219474374296,8.861094414899497,False,True,False,True,True,residual
812,5.095907513725849,0.4754118457947185,0.5624205265941508,0.5079743329228686,False,False,False,False,False,none
813,7.542515036476964,0.08001849978018517,0.7374368291051477,0.08549922431861255,False,False,False,False,False,none
814,2.7379277108399354,1.0193770621379483,1.7417847509406343,1.0891974773383961,False,False,False,False,False,none
815,4.119890632076873,0.3672052268381121,0.7227416402484089,0.3923562944399668,False,False,False,False,False,none
816,4.0075194359805115,0.05809803052017397,0.6327286437209836,0.06207735158194011,False,False,False,False,False,none
817,7.803300116255937,0.0033857771723677455,1.3359631596016395,0.0036176799458666094,False,False,False,False,False,none
818,7.572343027793388,0.8634609553900024,0.9566837845988649,0.9226021747227824,False,False,False,False,False,none
819,3.2617519469725442,0.01261953861505367,1.3266438188707435,0.013483891422731322,False,False,False,False,False,none
820,7.644956884498034,1.7675750235538263,1.0659163236008347,1.8886419247293684,False,False,False,False,False,none
821,4.299881585574914,0.678731030321053,0.7706793166292246,0.7252195026504712,False,False,False,False,False,none
822,4.384606878568772,6.508582497190066,0.5754250697473471,6.954376256142316,False,True,False,False,False,none
823,5.980985749601198,3.448244446001639,0.31440519913580306,3.684425804082749,False,False,False,False,False,none
824,4.8568905074480835,0.01676192053664209,0.2940151676986258,0.017909998411742335,False,False,False,False,False,none
825,5.250250821918607,0.15852987317865214,0.044308807482968636,0.16938809431989843,False,False,False,False,False,none
826,3.1102489923042995,0.2930201222340064,1.07402021500535,0.3130900133041036,False,False,False,False,False,none
827,4.062533175459637,0.12364847649626175,0.3970591830616419,0.1321175585352134,False,False,False,False,False,none
828,4.767461409304451,0.13835272384942066,0.02446430019685135,0.1478289471058276,False,False,False,False,False,none
829,3.903644908036707,1.1694969976001635,0.3996509309440496,1.2495996102456406,False,False,False,False,False,none
830,4.854115307758455,1.6927858841662262,0.14155598942197323,1.8087302365239886,False,False,False,False,False,none
831,5.149557445054593,5.080559135466697,0.2566270412848557,5.428542979192532,False,False,False,False,False,none
832,1.8076926177792751,0.008872608636316472,1.4165526551630336,0.009480322152647156,False,False,False,False,False,none
833,4.522139761565383,0.3041451439060632,0.18411748427913158,0.324977023509263,False,False,False,False,False,none
834,6.769390222221726,1.4267743576456058,1.2379164346591813,1.5244987245636121,False,False,False,False,False,none
835,5.639597681572139,1.8614386542104522,0.4420288411427488,1.9889345774898683,False,False,False,False,False,none
836,4.842199021657199,0.23967995123259436,0.0333657799638389,0.2560964023495003,False,False,False,False,False,none
837,4.7137184169600355,0.014183494384801388,0.08904607943603983,0.01515496755574276,False,False,False,False,False,none
838,8.426350286011202,0.3644536674654917,1.7305559163836257,0.3894162719117775,False,False,False,False,False,none
839,9.143830913448591,0.04382810307127877,1.7326482339803886,0.04683003088341409,False,False,False,False,False,none
840,3.109826220520981,0.13821269974097616,1.5422692716889925,0.14767933229561753,False,False,False,False,False,none
841,5.272973685782796,8.005007901092462,0.18400934384086082,8.553296651248294,False,True,False,True,True,residual
842,4.5110596627797195,2.0674578011092417,0.5169751315484395,2.209064638700921,False,False,False,False,False,none
843,6.441876320998131,0.11319179138943453,0.5234725401236758,0.12094466141725088,False,False,False,False,False,none
844,4.683144518039692,0.0047184636582698804,0.43475939799858593,0.005041646417589262,False,False,False,False,False,none
845,4.513656740052373,0.00015173353689980384,0.43006233531460886,0.00016212625509964018,False,False,False,False,False,none
846,4.365221494943758,0.27283010417963893,0.4160875930672529,0.2915171159445024,False,False,False,False,False,none
847,4.337240492287353,4.123490648403854,0.346449650975206,4.405921791736525,False,False,False,False,False,none
848,1.1067508889133197,0.003887766974584806,1.8449620368481425,0.00415405264497138,False,False,False,False,False,none
849,6.402115865310857,0.3155346742005373,1.0939459231827076,0.3371466593835414,False,False,False,False,False,none
850,7.2588668967966,1.4775550853731392,1.2909501371858259,1.5787575877385738,False,False,False,False,False,none
851,2.970993267455479,1.1945142403141387,1.0482056361452643,1.2763303644151283,False,False,False,False,False,none
852,5.726459268303138,0.021354517604166675,0.498702131243703,0.022817157230764846,False,False,False,False,False,none
853,5.729109207809735,0.16317875363347936,0.4002477581342584,0.17435539155653212,False,False,False,False,False,none
854,7.652129318591952,0.11386769188074163,1.253467077077607,0.12166685650816204,False,False,False,False,False,none
855,2.182312349933899,0.5224561716106466,1.6518059113454795,0.5582408759960739,False,False,False,False,False,none
856,4.758160904183589,0.7726228096349157,0.07134897734415392,0.8255422320603206,False,False,False,False,False,none
857,9.766065442207372,1.8584322815987206,2.3733277524669973,1.9857222887438672,False,False,False,False,False,none
858,5.238900173047047,0.4349411129936326,0.2984351627103767,0.46473162940300683,False,False,False,False,False,none
859,5.777594193630502,1.8110119994612006,0.022687700561696715,1.935054038890829,False,False,False,False,False,none
860,5.993726425169198,2.313697112540963,0.12304219069436971,2.4721696729367024,False,False,False,False,False,none
861,6.8984960678731,0.45177123316445944,0.5375312626845002,0.48271449866133626,False,False,False,False,False,none
862,8.022706623918275,0.01829176042048613,0.9756203006183811,0.019544621952044337,False,False,False,False,False,none
863,6.551100319206565,0.1833187857862252,0.06630487753301875,0.19587487931926184,False,False,False,False,False,none
864,5.378427739517458,0.0033427371316212063,0.5160706942582413,0.003571691954232432,False,False,False,False,False,none
865,5.116656816382148,1.1862152457574515,0.5398976884726613,1.2674629450162351,False,False,False,False,False,none
866,5.381273055326461,0.09372412896937823,0.3034961456886251,0.10014359615379556,False,False,False,False,False,none
867,4.930918868614923,3.977481179000444,0.4613601758908529,4.249911663935366,False,False,False,False,False,none
868,6.178280186974994,0.0013536162499272397,0.23627395729748074,0.001446329782634927,False,False,False,False,False,none
869,5.027912925928601,3.294800520857735,0.36927034368825673,3.5204720107443768,False,False,False,False,False,none
870,6.558311541359621,0.17505309678400102,0.4473078283165903,0.18704304667942953,False,False,False,False,False,none
871,6.197267721868677,2.2193109929280768,0.1826265882705613,2.37131874427003,False,False,False,False,False,none
872,6.075424630345969,0.4786497695982783,0.08696909421610709,0.511434032546926,False,False,False,False,False,none
873,5.568601243725631,2.6396138245517604,0.1763932857241309,2.820409469308092,False,False,False,False,False,none
874,2.862576075353295,0.45470830632997405,1.454386933149288,0.4858527414190528,False,False,False,False,False,none
875,10.900621980412227,0.03296474463897654,2.7374678698604544,0.035222606075296176,True,False,False,False,False,none
876,4.894258707695623,4.562926398784645,0.7249987906293932,4.87545591070446,False,False,False,False,False,none
877,4.885278257959365,1.2174565014293304,0.5843573718342253,1.3008440148191276,False,False,False,False,False,none
878,3.138674738678554,0.5926959848951023,1.3151372998804798,0.6332916401144016,False,False,False,False,False,none
879,5.239842728613583,0.048925785199445994,0.03238328278206897,0.052276869664176634,False,False,False,False,False,none
880,5.405556022484304,0.42329050225884657,0.054516380139206386,0.45228303084893884,False,False,False,False,False,none
881,4.585228247318845,0.08561748264629238,0.35450357284560097,0.09148169953797314,False,False,False,False,False,none
882,2.1831537663164484,1.6224246730590104,1.449363593352064,1.7335497596553784,False,False,False,False,False,none
883,1.929470982687332,5.149778377780763,1.2826067191978832,5.502503270150651,False,False,False,False,False,none
884,9.74788532761673,0.005827063796086983,2.7683017370957996,0.006226178146167614,True,False,False,False,False,none
885,3.2890539625700326,3.0855121103214884,0.9199208644895993,3.2968487635092982,False,False,False,False,False,none
886,6.200061532605372,0.7598275689400826,0.6768164730141261,0.8118706041569808,False,False,False,False,False,none
887,9.229823004981874,1.1895025431537327,2.0118392921955004,1.2709753999892568,False,False,False,False,False,none
888,3.2109016170246765,0.08735229294756555,1.3115962837854238,0.0933353325791605,False,False,False,False,False,none
889,8.02624716222634,0.5697181688085843,1.287678303380346,0.6087399994646788,False,False,False,False,False,none
890,8.525105113762754,2.272763201071908,1.2722454654438555,2.4284320661514567,False,False,False,False,False,none
891,8.698518259800158,0.11694873246127072,1.101956225929638,0.1249589274724147,False,False,False,False,False,none
892,7.021545694152379,0.7887195322024826,0.06770646540935941,0.8427414709535705,False,False,False,False,False,none
893,5.695850343674656,0.8000609157741514,0.5892135398989012,0.8548596623810691,False,False,False,False,False,none
894,7.388090717139328,0.006975322001608671,0.34989736658882825,0.007453084251121824,False,False,False,False,False,none
895,7.664763076114848,3.4273036684635514,0.414190904006268,3.662050725306547,False,False,False,False,False,none
896,5.683488208955647,2.092877931018218,0.630188004941951,2.2362258751058315,False,False,False,False,False,none
897,8.052425658747735,5.720013327237213,0.6455284609854093,6.111795446232698,False,False,False,False,False,none
898,2.4320472021337487,0.0924078355293349,2.211226424775024,0.09873714554039315,False,False,False,False,False,none
899,7.216763454663409,0.0022219455202945786,0.5531093614492888,0.002374133718893409,False,False,False,False,False,none
900,6.1854542419196825,0.9604299966922673,0.05802146484962213,1.0262129376968236,False,False,False,False,False,none
901,7.311641650806613,0.9278075911221481,0.5001375132477298,0.9913561185948108,False,False,False,False,False,none
902,6.297155586221833,0.044740988731104894,0.09223443156114683,0.047805443019621696,False,False,False,False,False,none
903,4.136496605805963,1.037791545267106,1.122385921851359,1.1088732276723337,False,False,False,False,False,none
904,9.693207073414884,0.002138173617531658,1.7988414801136436,0.0022846240089438407,False,False,False,False,False,none
905,8.486189058230373,0.14386809406280548,0.8532902619711225,0.1537220827728269,False,False,False,False,False,none
906,7.995649847477506,2.898586553531278,0.44456658945007216,3.097120073833897,False,False,False,False,False,none
907,7.234470436837198,0.5414588225543258,0.013757867141248572,0.5785450796507922,False,False,False,False,False,none
908,5.662614388067849,0.08427257678691744,0.7738502760035426,0.09004467674856827,False,False,False,False,False,none
909,3.0835267808988194,0.015585311092338785,1.8707479307495412,0.01665279920043198,False,False,False,False,False,none
910,5.615434718306878,0.3439602266548577,0.2678275959820442,0.36751916939496065,False,False,False,False,False,none
911,5.078723204628364,0.3550332386934152,0.4747357688621174,0.3793506076594626,False,False,False,False,False,none
912,4.830228718852662,1.1953210727976722,0.5003865052430525,1.2771924594517345,False,False,False,False,False,none
913,9.536699155528941,1.0235046202625466,1.8838074954599542,1.0936077452008601,False,False,False,False,False,none
914,8.271223048376987,0.2797284607356202,0.8928925350321499,0.2988879631389616,False,False,False,False,False,none
915,6.299819915524964,0.11924463975829636,0.24243580777655718,0.12741208884812627,False,False,False,False,False,none
916,7.426787916168203,0.3301904351407096,0.3529848711309213,0.35280624055072096,False,False,False,False,False,none
917,6.194944761085697,2.774931125271475,0.3154430168842244,2.964995087386488,False,False,False,False,False,none
918,6.945727611709817,1.3036489409486653,0.1120111275063512,1.3929400518765098,False,False,False,False,False,none
919,6.844389861943133,0.5017811320205389,0.04042825811030194,0.5361497364150172,False,False,False,False,False,none
920,8.464082641632986,0.12773380853408706,0.8184024311860638,0.13648270811034371,False,False,False,False,False,none
921,6.315877545484579,0.4771494643570786,0.38783238539565545,0.5098309665719815,False,False,False,False,False,none
922,3.8944019310834346,0.18419981605449737,1.4854422879572944,0.19681625418564172,False,False,False,False,False,none
923,1.966526802020433,0.5818104732608955,2.123978910006394,0.6216605447602948,False,False,False,False,False,none
924,5.817767037286732,0.14946770368943885,0.1698782533651915,0.15970522768155893,False,False,False,False,False,none
925,4.772272765621948,0.084992513269179,0.371490561130411,0.09081392399715611,False,False,False,False,False,none
926,3.902228957849644,0.7483134767277393,0.7194370199691464,0.7995678747182553,False,False,False,False,False,none
927,9.60716506705705,0.1064590997823383,2.1931366028856156,0.11375082609711276,False,False,False,False,False,none
928,8.83985901007442,0.4548067136634008,1.3821247954449791,0.4859578889874072,False,False,False,False,False,none
929,5.36648487191959,1.2612279845018992,0.5799777812665051,1.3476135476179247,False,False,False,False,False,none
930,10.065909024101307,2.305925561837735,1.8167148130707877,2.4638658237180326,False,False,False,False,False,none
931,6.315224196636602,0.02694201596083457,0.3668885686447247,0.028787361329679056,False,False,False,False,False,none
932,4.677613545729518,0.0014070655765964558,1.088266476053883,0.0015034400256802702,False,False,False,False,False,none
933,6.020455824911199,0.3505645072950778,0.21891282148699429,0.3745757984678926,False,False,False,False,False,none
934,4.641379852381543,0.9647605778046795,0.8444153406356169,1.030840134244837,False,False,False,False,False,none
935,5.573971886167106,0.05242676226659123,0.2229321622996684,0.056017639916311396,False,False,False,False,False,none
936,4.880848567557442,2.2020089789532404,0.5147282840822832,2.3528316596825656,False,False,False,False,False,none
937,9.662161327343725,0.2356548997267804,1.9086561108155677,0.2517956621139932,False,False,False,False,False,none
938,4.351044820919298,0.8829094253155971,1.0506351044155655,0.9433827329360717,False,False,False,False,False,none
939,6.880210506882047,0.04059493559440233,0.3869318116557661,0.043375413362159915,False,False,False,False,False,none
940,4.0963354324265095,0.06346751149350509,1.0415085162466755,0.06781460558538298,False,False,False,False,False,none
941,6.605191951341472,1.0807432612186205,0.3843767560471018,1.154766844862058,False,False,False,False,False,none
942,9.091055687399315,0.795870887327514,1.5139262510128133,0.8503826454031886,False,False,False,False,False,none
943,6.64893688208104,0.08834496018158204,0.0259461885154618,0.09439599078630086,False,False,False,False,False,none
944,6.272563155263523,1.3914260722853196,0.1619025445146985,1.486729321393099,False,False,False,False,False,none
945,8.911055512649996,0.8350268981388831,1.1509756401949451,0.8922205773936641,False,False,False,False,False,none
946,4.321391317085294,0.0014799986033857539,1.306648465874245,0.001581368470162776,False,False,False,False,False,none
947,4.878567000438022,0.04730431703892274,0.7749135295112403,0.05054434193167851,False,False,False,False,False,none
948,5.9169928705806045,0.06711988789810172,0.11596805506330256,0.07171714500277335,False,False,False,False,False,none
949,5.999120582126713,0.009565979108870096,0.052916703527079036,0.01022118380003641,False,False,False,False,False,none
950,7.540271050922757,0.10402542148533256,0.7056087670227127,0.1111504573423044,False,False,False,False,False,none
951,3.0799804852153496,0.0004648012132973882,1.6001551112005108,0.0004966369440622461,False,False,False,False,False,none
952,1.6299232309927945,0.12072841297281145,1.983857392799825,0.12899749046468081,False,False,False,False,False,none
953,8.607258713386939,1.662731109532524,1.7991137249280442,1.7766169136635095,False,False,False,False,False,none
954,7.485319280881148,3.5696262683523416,0.8947978978618017,3.8141214580361935,False,False,False,False,False,none
955,4.450635807567073,1.1714693991852583,0.7569365121962629,1.2517071079622144,False,False,False,False,False,none
956,10.022051872531739,0.4218715426406614,2.0983378423192245,0.45076688212048804,False,False,False,False,False,none
957,6.096446113425154,1.9418002177619997,0.2264817485096046,2.0748003631214758,False,False,False,False,False,none
958,10.819813496063729,0.15823510939442886,2.111131627814641,0.16907314121558456,False,False,False,False,False,none
959,8.718711323139182,1.8831954798619115,0.6692106870558984,2.0121815981406566,False,False,False,False,False,none
960,9.83321896801686,2.665234257110952,1.0762548800293519,2.847784727736277,False,False,False,False,False,none
961,8.861613746779177,0.018289498449352362,0.38947014190605866,0.01954220505122891,False,False,False,False,False,none
962,6.842454036612491,5.873426127303294,0.6683506650056186,6.27571598263651,False,False,False,False,False,none
963,10.297705859997503,0.28011937055582575,1.1422020698287587,0.2993056476306469,False,False,False,False,False,none
964,6.067882845795936,0.6772685639918594,1.1390313050852832,0.7236568672963765,False,False,False,False,False,none
965,3.6718300475321675,1.6719727149558072,2.074063371303714,1.7864915063804436,False,False,False,False,False,none
966,5.00596325431881,0.42975270658818376,1.0117769737538769,0.4591878523472735,False,False,False,False,False,none
967,5.25101803583573,0.017974166351347146,0.6904930259984768,0.01920527484313617,False,False,False,False,False,none
968,6.081668665794752,0.13278412886035468,0.14926791634171205,0.14187894112699082,False,False,False,False,False,none
969,3.213544695163952,0.12187182565070381,1.511355480083593,0.1302192191562261,False,False,False,False,False,none
970,8.181708391182426,1.2330994830836428,1.2020357573158453,1.3175584346238987,False,False,False,False,False,none
971,4.202276568189937,0.008941438217626652,0.9696459669569851,0.009553866093465358,False,False,False,False,False,none
972,4.102630107900647,1.538006118664193,0.8240766107451774,1.6433491068228092,False,False,False,False,False,none
973,1.9633423696291883,0.041074574884038116,1.6974878989820126,0.043887904690155854,False,False,False,False,False,none
974,9.223405834442152,0.07262148411583505,2.1654212104618344,0.07759556324883614,False,False,False,False,False,none
975,4.943116445895481,0.5849343846961721,0.3449480381496153,0.624998422942089,False,False,False,False,False,none
976,6.067897869902155,0.046635805571636074,0.2699139102506073,0.049830041962819795,False,False,False,False,False,none
977,7.237292878013484,0.018813500676909182,0.7834550726206837,0.020102097877517905,False,False,False,False,False,none
978,4.099539273742,0.0046624901125386425,0.8960321653890551,0.00498183906359575,False,False,False,False,False,none
979,7.747389725958551,0.268328747740422,1.053527709371867,0.28670744711802004,False,False,False,False,False,none
980,4.5939208208552404,7.13090026907013,0.687600913853897,7.6193185747511,False,True,False,False,False,none
981,7.194631861302599,4.219974154862722,0.7120811370059646,4.509013764023362,False,False,False,False,False,none
982,5.100307348536436,0.520762206154026,0.44674041121203073,0.5564308853943823,False,False,False,False,False,none
983,3.1658559001974016,1.9798959124077644,1.2962089894100093,2.1155053544802134,False,False,False,False,False,none
984,7.97590531785345,0.1087535238193456,1.2974178532423848,0.1162024026195544,False,False,False,False,False,none
985,4.268543485536437,0.31781889764560944,0.7613008739402456,0.3395873366426821,False,False,False,False,False,none
986,6.250916090033048,0.010067070802912005,0.35303277645763864,0.010756596876647125,False,False,False,False,False,none
987,6.060190971008451,0.02847315978966359,0.1898646221357971,0.03042337812635398,False,False,False,False,False,none
988,6.3337967954906675,0.6916279341949028,0.2846764758626636,0.7389997569710967,False,False,False,False,False,none
989,6.98651845911106,0.11099079231757009,0.5445162400814331,0.11859290883644337,False,False,False,False,False,none
990,7.671847710841004,0.34911768407059507,0.7682129753646245,0.3730298776650876,False,False,False,False,False,none
991,6.759493057355715,0.1718953516651297,0.17179175710229674,0.18366901743617897,False,False,False,False,False,none
992,5.523301955647355,0.01569133372966285,0.4625076281282608,0.016766083669352574,False,False,False,False,False,none
993,5.797263867885403,0.12023352776484983,0.2370485099220229,0.12846870897635362,False,False,False,False,False,none
994,5.524286626829798,0.21875871563263632,0.32211852566023036,0.233742204001654,False,False,False,False,False,none
995,4.995497419422395,0.06057821809236223,0.5143237052703618,0.06472741518184867,False,False,False,False,False,none
996,6.125837193827822,0.07174137362289601,0.13711092265339433,0.07665517115616167,False,False,False,False,False,none
997,8.549057139094295,1.7910378712185975,1.2857116662147772,1.9137118183309034,False,False,False,False,False,none
998,4.886001443377201,0.6957158775471808,0.7491634285368751,0.7433676967180094,False,False,False,False,False,none
999,4.319410953095275,0.6896732303641298,0.8743051250402715,0.736911169184987,False,False,False,False,False,none
