time,pc1_score,residual_q,score_stat,residual_stat,score_only_alarm,residual_only_alarm,score_alarm,residual_alarm,stage_1_alarm,alarm_source
0,-0.18000584616499882,1.5503253076208674,0.45981137446650583,1.6565120766725754,False,False,False,False,False,none
1,3.4241056085290165,0.8602305095770953,1.3812771877037435,0.9191504652810207,False,False,False,False,False,none
2,0.07110483863795936,0.882116252455174,0.5222369685533524,0.9425352331141174,False,False,False,False,False,none
3,2.372662975912264,1.821118472011614,0.6991891563115775,1.9458527362674531,False,False,False,False,False,none
4,-2.382857147432362,0.17943266314736628,1.7485698816002115,0.19172258363586145,False,False,False,False,False,none
5,-5.570999883864421,0.18722721997186725,2.9461066876114317,0.20005101473908002,True,False,True,False,True,score
6,-0.6737327227645409,1.3422404183707652,0.01982769970892013,1.4341747837692946,False,False,False,False,False,none
7,0.24310904883452716,0.02384898577185145,0.4608184448700472,0.02548247955010845,False,False,False,False,False,none
8,0.12575445005590585,1.9399624611794715,0.3117009085367438,2.0728367326769632,False,False,False,False,False,none
9,0.5121356134462691,0.22129399853057152,0.4368769727308724,0.23645113658345904,False,False,False,False,False,none
10,-1.4411252397058683,0.29846352906330564,0.5984435525652776,0.318906256583273,False,False,False,False,False,none
11,-1.3937869080307734,1.2419698720155183,0.45578087985110777,1.3270363850374052,False,False,False,False,False,none
12,-3.1432981579809907,0.0007595837392411113,1.2136872691323475,0.0008116100737773167,False,False,False,False,False,none
13,2.1052558995548,0.3191159378049205,1.5762477360554585,0.34097321525620045,False,False,False,False,False,none
14,-1.5325927414318035,0.5721569995283933,0.5045012323228417,0.6113458735483079,False,False,False,False,False,none
15,-2.460376566225211,1.1009132713574328,0.8538676042068655,1.1763183638995849,False,False,False,False,False,none
16,-2.091159701490388,0.017814417618920865,0.5039079144770267,0.019034584405976652,False,False,False,False,False,none
17,-0.2637628212034965,1.745901024903402,0.483735232156855,1.8654834041674417,False,False,False,False,False,none
18,-0.01606762541033349,3.572502183002074,0.5071981691403322,3.8171943533345822,False,False,False,False,False,none
19,-2.822896827157109,1.5049369896746931,0.9564353930352327,1.6080149667769281,False,False,False,False,False,none
20,2.22556985095736,0.23884164698500326,1.6849440004559664,0.25520067994644435,False,False,False,False,False,none
21,-0.1836156008859155,0.6863731595777955,0.17874341051960402,0.7333850659313247,False,False,False,False,False,none
22,-1.074726862213652,0.8437796884917101,0.28947417596485325,0.9015728745230269,False,False,False,False,False,none
23,-0.31943269105753636,1.9997727064487645,0.134975607931383,2.1367435741058602,False,False,False,False,False,none
24,0.9437606082777392,0.600468155806596,0.7210260687456684,0.6415961520213962,False,False,False,False,False,none
25,-1.062469858525641,1.0050605247395386,0.3968311787804334,1.0739003542249288,False,False,False,False,False,none
26,2.7673097507453823,0.10852040296123058,1.54118129288178,0.11595331456371635,False,False,False,False,False,none
27,-0.5881296921632602,2.7717201787304333,0.39549720693367324,2.9615642127844675,False,False,False,False,False,none
28,1.6715066479424796,3.8555449165213105,0.7802357242463945,4.119623594464982,False,False,False,False,False,none
29,-5.033808979189261,0.8493406835526213,2.6299959749206625,0.9075147600301741,True,False,False,False,False,none
30,2.662852641574035,0.05328569061260497,1.631302012674096,0.05693539902865643,False,False,False,False,False,none
31,-2.94652488170141,0.06569260801126241,1.4172686748112555,0.07019210612369482,False,False,False,False,False,none
32,-1.5810729833096315,0.4456630373400232,0.4711418123632618,0.47618793284955374,False,False,False,False,False,none
33,1.9355901234971513,0.5901393053113299,1.3297729167592218,0.6305598453188946,False,False,False,False,False,none
34,0.8061116940142533,9.273983679214869,0.5156664694166602,9.909188663803125,False,True,False,True,True,residual
35,2.930034472950588,0.22491816989533958,1.4433029537391049,0.24032353910708304,False,False,False,False,False,none
36,-3.2953627726520596,0.17731606015911075,1.866631009907103,0.18946100769800417,False,False,False,False,False,none
37,-1.0517491374689079,4.3413743756994325,0.4044473635531644,4.638729076634325,False,False,False,False,False,none
38,0.2554478118187322,1.4628652402852969,0.3108432855332308,1.5630615878907723,False,False,False,False,False,none
39,1.8453246063757314,0.9212899927935148,1.0202643336421118,0.984392108983918,False,False,False,False,False,none
40,-3.146992051923873,0.4767720993575135,1.606630448829397,0.5094277546292877,False,False,False,False,False,none
41,-1.9310629970369975,0.6784895422551022,0.6951967832846175,0.7249614742898082,False,False,False,False,False,none
42,-1.8476979656357337,0.8472790740258407,0.5156991972703008,0.9053119442329295,False,False,False,False,False,none
43,-0.8606870079823803,1.4219328182070732,0.06645102617546239,1.5193255725095292,False,False,False,False,False,none
44,-4.527048051651753,1.6898868762301231,1.7261760727003672,1.8056326662057347,False,False,False,False,False,none
45,-0.24143408790331508,0.5372169706930673,0.6989282400471478,0.5740126897058626,False,False,False,False,False,none
46,0.791123427720546,3.6063827643349997,1.0602573650980336,3.8533955247060323,False,False,False,False,False,none
47,-0.9941741944148639,2.6851657441671777,0.018224305973033976,2.8690813864777565,False,False,False,False,False,none
48,-0.6499508325099799,0.7293408456926663,0.1524770235276552,0.7792957471322834,False,False,False,False,False,none
49,-2.9062871714368743,0.24245020039462778,0.9730503337039733,0.25905639479092063,False,False,False,False,False,none
50,-0.212244340839809,0.0056610955647488,0.5290168395339311,0.00604884221660223,False,False,False,False,False,none
51,-5.375786133120272,4.006693175192872,2.0827264244789996,4.281124483747183,False,False,False,False,False,none
52,-0.8594723425893094,0.7119695710142346,0.5256498489731103,0.7607346579527628,False,False,False,False,False,none
53,-0.4702567510171575,0.12661960136704942,0.6094117131838539,0.13529218530907086,False,False,False,False,False,none
54,0.7404362559420886,0.59704043196663,1.0750958181764274,0.637933652345689,False,False,False,False,False,none
55,2.5271361466969804,0.16982730181620706,1.7271873933957915,0.1814593201984048,False,False,False,False,False,none
56,-1.3452982032103034,0.0680203349425584,0.4975972703864707,0.0726792665628191,False,False,False,False,False,none
57,-1.480844239580945,0.006693126907426834,0.4638602257414107,0.007151560706874629,False,False,False,False,False,none
58,-0.9483665075396087,0.040160875699535734,0.11266920265333998,0.0429116233083491,False,False,False,False,False,none
59,-0.20911929573602037,2.6166882209062563,0.2686317701417279,2.795913617297481,False,False,False,False,False,none
60,1.5728383275000262,0.24592137027290545,1.0797146654378706,0.26276531626390687,False,False,False,False,False,none
61,-2.3642813687225948,0.8603450649452276,1.046968166619747,0.9192728669149397,False,False,False,False,False,none
62,-1.4459795216719957,1.4454424275270044,0.39190965291613544,1.5444454306224589,False,False,False,False,False,none
63,0.6915030235061411,0.05364650967671434,0.7238228023012223,0.05732093175153257,False,False,False,False,False,none
64,-3.699705318283594,0.09194391331625405,1.552057302194364,0.09824144780210076,False,False,False,False,False,none
65,0.4886250591722404,0.015395325082917655,0.7910101554577095,0.016449800437876853,False,False,False,False,False,none
66,-1.7565196855091583,0.00783513332960424,0.45679238911110726,0.008371786823725932,False,False,False,False,False,none
67,4.0860039120740055,0.024424859558050353,2.4700254625489877,0.026097796785006438,False,False,False,False,False,none
68,0.915569249054007,0.31318766147508253,0.4373635663047121,0.3346388922041573,False,False,False,False,False,none
69,-0.05150705059901953,0.3843158691751605,0.11944495934420699,0.4106388997303638,False,False,False,False,False,none
70,0.9821624896772057,0.17477396598258366,0.4060984868839329,0.1867447973112187,False,False,False,False,False,none
71,0.6576546680577637,0.2975806356506943,0.16739055187723273,0.31796289095980285,False,False,False,False,False,none
72,-0.7222888311553375,0.39843583957067663,0.5357936649192463,0.4257259923343838,False,False,False,False,False,none
73,-0.30646200761397463,2.2554777703552134,0.22682829050543032,2.409962700662847,False,False,False,False,False,none
74,2.1720698922666983,6.867600693045753,1.021403969928247,7.337984763503136,False,True,False,False,False,none
75,-0.2655073001904105,0.5022243031929002,0.3658675273666728,0.5366232618070372,False,False,False,False,False,none
76,0.45694291143582866,0.9318145048663369,0.057921288506803746,0.9956374787550342,False,False,False,False,False,none
77,0.4682625510267926,0.09066392381835923,0.05183061207226784,0.09687378770466568,False,False,False,False,False,none
78,-1.3255513596546886,2.2721190297855625,0.8290987837308612,2.4277437735008554,False,False,False,False,False,none
79,3.2756622420055557,0.1296419787111457,1.5697550412482129,0.13852157500305723,False,False,False,False,False,none
80,-0.6224233984776371,0.1093244274725669,0.6359920863877578,0.11681240930107395,False,False,False,False,False,none
81,0.9299987492609167,0.6137006928211008,0.24461876601965438,0.6557350280765013,False,False,False,False,False,none
82,0.79224518612879,5.194013803463484,0.12884125940955318,5.549768522481874,False,False,False,False,False,none
83,0.03838219336591761,0.4245671619820376,0.26278737005015346,0.4536471331046859,False,False,False,False,False,none
84,-2.839257621687662,0.7478459701764193,1.6067892169982805,0.7990683471388639,False,False,False,False,False,none
85,-2.256317583300608,2.8410774252257167,1.002522324345708,3.0356719602742546,False,False,False,False,False,none
86,0.5483270313743691,0.476169787216821,0.5591158578529984,0.5087841881919218,False,False,False,False,False,none
87,1.0433478489535242,0.13000442551775993,0.6875332936169289,0.13890884695776023,False,False,False,False,False,none
88,1.3983228241583756,0.9775744957265919,0.7223010132698362,1.0445317186386398,False,False,False,False,False,none
89,0.37283216938999797,0.04764293482354322,0.08015568512506932,0.05090615273799292,False,False,False,False,False,none
90,-1.3099328118078888,0.012547404907859383,0.7525451084636625,0.013406817045814989,False,False,False,False,False,none
91,3.2111597430405956,3.1382254550754762,1.59211410372837,3.353172614869751,False,False,False,False,False,none
92,-3.5556342549379263,0.13340807387988568,2.0103295946283075,0.1425456221486784,False,False,False,False,False,none
93,1.1642471649696722,0.044981908146348545,0.6823615638798312,0.0480628637808608,False,False,False,False,False,none
94,0.06834971027397332,3.2723197118070355,0.014034709349443874,3.4964514187416555,False,False,False,False,False,none
95,1.8028447752985803,2.031962404441786,0.8530027657070309,2.1711380480964264,False,False,False,False,False,none
96,-0.2247210957747195,0.21831851065109853,0.30160419480031603,0.23327184796441183,False,False,False,False,False,none
97,-3.285745554247705,1.1946533090811269,1.7268418391495164,1.2764789584494716,False,False,False,False,False,none
98,-0.9365773996412553,1.0767138497660285,0.24138892507051044,1.1504614460529883,False,False,False,False,False,none
99,1.5727110157040725,1.7960218284575993,1.0246820344370415,1.9190371428388906,False,False,False,False,False,none
100,0.7145616821281952,0.017446531306198707,0.4032736131196034,0.018641500375888798,False,False,False,False,False,none
101,1.7499480150687132,0.8240863251470403,0.8251065286276439,0.8805306493523569,False,False,False,False,False,none
102,-1.6586080969449881,0.7609831868762432,0.9941352894565522,0.8131053740842079,False,False,False,False,False,none
103,3.4510936149311178,0.08841258976424873,1.6845023116814861,0.09446825253670706,False,False,False,False,False,none
104,-0.7192023030872907,0.6834057987765878,0.6763017695147433,0.7302144610402849,False,False,False,False,False,none
105,-0.34393383507253394,0.3519324246055001,0.3589183180211607,0.3760374088366747,False,False,False,False,False,none
106,2.0564536328893777,0.599095406367838,0.8778073493588087,0.6401293785562595,False,False,False,False,False,none
107,1.1426597251922423,2.8433359351712446,0.25876876586313374,3.038085162833525,False,False,False,False,False,none
108,1.9884468809031561,0.009970844529142956,0.6174874872773838,0.010653779755744773,False,False,False,False,False,none
109,-1.052574853732124,0.08346258398629339,0.9818608885696162,0.0891792049345845,False,False,False,False,False,none
110,1.7420092150455126,1.0487255999736491,0.5707624811927859,1.120556190970006,False,False,False,False,False,none
111,2.22222379073205,0.014993051297424238,0.6896649135893865,0.0160199736263535,False,False,False,False,False,none
112,5.191713950756949,1.0073868847799632,1.9928675239301172,1.0763860541504275,False,False,False,False,False,none
113,-0.12421081538956077,0.5278949058865469,0.9855994904041099,0.5640521266836264,False,False,False,False,False,none
114,0.12101804440593306,0.0594044334311931,0.6694665566668566,0.06347323423215911,False,False,False,False,False,none
115,-0.4414143274926597,0.24270606301744466,0.8085296338552919,0.2593297822681048,False,False,False,False,False,none
116,-3.3451223562691306,2.206702182235396,2.0560343010283244,2.357846315559596,False,False,False,False,False,none
117,-5.833393147091013,0.13856311249190673,2.8524204647346965,0.14805374594343917,True,False,False,False,False,none
118,2.099114565212429,2.2193961268700715,1.5678218662784535,2.3714097093096616,False,False,False,False,False,none
119,0.21977955275059002,0.0017451197315960275,0.342189618813242,0.0018646485975673513,False,False,False,False,False,none
120,1.0301246630561876,0.6957888763121267,0.6670236434959822,0.7434456954032664,False,False,False,False,False,none
121,-1.1319778401834277,0.6019148542189575,0.5156800238579218,0.6431419394632961,False,False,False,False,False,none
122,0.4239937986633301,0.15216226661591178,0.3425910343037687,0.16258434989359738,False,False,False,False,False,none
123,2.074135768429578,0.2774008739521756,1.0749100749421079,0.2964009524468661,False,False,False,False,False,none
124,0.0003462698768352812,2.3440608885731313,0.14651132789411211,2.504613161695752,False,False,False,False,False,none
125,-2.7584191573499997,3.4764057622748594,1.4560769607840265,3.714515979526749,False,False,False,False,False,none
126,0.40752503802755413,1.4200087133290729,0.37161594762009065,1.517269679496931,False,False,False,False,False,none
127,1.2384593587671557,0.5025028175217006,0.7005569417031926,0.5369208524784378,False,False,False,False,False,none
128,1.1105876456070258,0.2919990035041249,0.4983876015763462,0.3119989548665934,False,False,False,False,False,none
129,-0.4437812827649539,0.5638203002930624,0.35564715405720526,0.6024381669560024,False,False,False,False,False,none
130,6.7982936694352505,0.21823571413996135,3.2301637266925716,0.23318338045379913,True,False,True,False,True,score
131,0.3943220312540112,5.184963589650765,0.5238070710971562,5.540098430402783,False,False,False,False,False,none
132,1.2380426119131513,0.9731808649051755,0.009576120405589361,1.0398371539041673,False,False,False,False,False,none
133,1.650417885622166,1.4502629923525694,0.19247065913229539,1.5495961714448387,False,False,False,False,False,none
134,0.9049579200095428,0.16764946723880747,0.20780574229279056,0.17913231872282817,False,False,False,False,False,none
135,1.5645524809649087,0.00041606466942457004,0.15386597988549092,0.00044456227747211046,False,False,False,False,False,none
136,-0.8865190172774555,2.0138073500201226,1.0664468969434013,2.1517394955769653,False,False,False,False,False,none
137,-0.5349212501485139,0.06499787363044855,0.6825221460452897,0.06944978714957972,False,False,False,False,False,none
138,-4.133229550833173,0.030946457093447836,2.2923276513575903,0.03306607952120359,False,False,False,False,False,none
139,-0.41070959207098384,0.34309926597171214,0.02727051130000994,0.3665992387441738,False,False,False,False,False,none
140,-1.7105123737248782,0.02878370433481665,0.6526290912353606,0.030755192866694037,False,False,False,False,False,none
141,-2.457557109840585,2.7955428894867933,0.8846546541366246,2.987018617658724,False,False,False,False,False,none
142,4.157125878372345,0.16421097243735622,2.502475528885898,0.17545831034782408,False,False,False,False,False,none
143,-1.8460849333025002,0.6406314642436528,0.9114627294580293,0.6845103746932873,False,False,False,False,False,none
144,-2.117829253922451,0.40339911671040884,0.8610515475557412,0.4310292202965567,False,False,False,False,False,none
145,1.149040392242148,1.2683124535250239,0.8966168275686329,1.3551832547212863,False,False,False,False,False,none
146,0.17082706444245188,3.7530133508725876,0.2425526923179798,4.010069311952559,False,False,False,False,False,none
147,-1.886667859404724,3.569358923625484,0.8044892463199522,3.813835802008715,False,False,False,False,False,none
148,-0.2972856847053633,0.05653932082474082,0.1277582621437635,0.06041188084375419,False,False,False,False,False,none
149,-1.297350125893645,0.00763377757951653,0.38313881454348053,0.008156639570379716,False,False,False,False,False,none
150,-0.9215504275085589,0.7569947275336759,0.12413014042849974,0.8088437323269568,False,False,False,False,False,none
151,-2.216152334600708,0.8344139345243626,0.7275927365207651,0.8915656299287529,False,False,False,False,False,none
152,-0.5695184419653427,0.20764955401347318,0.2170605388114392,0.22187214015544635,False,False,False,False,False,none
153,-0.6073184617258265,0.005212926303322414,0.15530354658767362,0.005569976400313955,False,False,False,False,False,none
154,-0.8875927472698012,0.8520585014953719,0.011778239396135304,0.9104187300693866,False,False,False,False,False,none
155,0.5710258513231475,0.05342470931485847,0.698465653888808,0.05708393956917026,False,False,False,False,False,none
156,-0.43079748302771126,0.1765825936829632,0.07257348311235137,0.18867730374271144,False,False,False,False,False,none
157,2.166016327004262,1.0287470813900563,1.3183292735124184,1.099209279360509,False,False,False,False,False,none
158,2.6794325007102797,0.21362396003492565,1.303831552767819,0.22825575247012167,False,False,False,False,False,none
159,-2.0224098864465203,0.4256538347459588,1.2388053995212611,0.45480823558297095,False,False,False,False,False,none
160,-1.7906628047472837,0.15046885366289764,0.8785741816383632,0.16077494963826228,False,False,False,False,False,none
161,1.0165975280451485,0.24968121602034737,0.659543817033786,0.2667826859452555,False,False,False,False,False,none
162,1.177877973810135,0.5470423752644128,0.6059067360812085,0.5845110678530947,False,False,False,False,False,none
163,-0.49520884089171086,1.2193127152723446,0.3272473165517991,1.3028273667212897,False,False,False,False,False,none
164,1.9488629635922574,3.958511998648547,0.9243447771834726,4.229643223380965,False,False,False,False,False,none
165,-1.7752568070543742,0.009929197695251423,1.0678921993842028,0.01060928039618625,False,False,False,False,False,none
166,-2.3033397153312123,0.6528906062094217,1.110599867287317,0.6976091847405178,False,False,False,False,False,none
167,0.3727343147655977,0.4440058621479295,0.4102566995252729,0.4744172523959926,False,False,False,False,False,none
168,-2.6588271406458777,0.012707206754981723,1.1430543114006821,0.013577564235667014,False,False,False,False,False,none
169,0.031059229138173106,0.26211287098938474,0.39099646812992955,0.28006582496647126,False,False,False,False,False,none
170,0.04714848120285525,0.7814768192507837,0.3206055161944616,0.8350026812857597,False,False,False,False,False,none
171,0.8785007627231765,0.44772025704217444,0.6599514388437335,0.47838605814895424,False,False,False,False,False,none
172,-1.2444777291474056,0.19659447014997208,0.5023503512560824,0.21005985802440078,False,False,False,False,False,none
173,1.7402039454556628,1.1772987314014793,1.046627969039036,1.2579357098999104,False,False,False,False,False,none
174,0.33294268428264084,0.042919032308025594,0.15433857238367782,0.04585869493832152,False,False,False,False,False,none
175,-2.5248721581402886,0.17831143821823786,1.2634671233094454,0.19052456240339005,False,False,False,False,False,none
176,0.5541451421295737,4.310445764032807,0.4835169653851261,4.605682064830651,False,False,False,False,False,none
177,0.3680362342338652,0.04926666220888294,0.2964922858581997,0.05264109443688506,False,False,False,False,False,none
178,-0.19847828234510423,0.4148954019412954,0.037743682411135904,0.4433129230963651,False,False,False,False,False,none
179,2.0741339793108793,0.5592626982713038,1.0727359422025404,0.5975684001060396,False,False,False,False,False,none
180,-2.7840505376280156,0.03821004155106757,1.4995569358038077,0.040827170251537453,False,False,False,False,False,none
181,-1.1039215891450542,0.0294082187103168,0.3842551960558446,0.03142248224137321,False,False,False,False,False,none
182,-3.1826273663155575,0.2220748599901095,1.3162294842712026,0.23728548175706513,False,False,False,False,False,none
183,-3.3473294806476703,3.229930353125675,1.1329158540435085,3.451158676481106,False,False,False,False,False,none
184,3.3016808035986642,1.189107517559125,2.3205260914579444,1.2705533178205366,False,False,False,False,False,none
185,-0.38454176910474924,1.1739691193187585,0.06744489844400825,1.2543780419714121,False,False,False,False,False,none
186,0.0831739071447431,5.413392922329029,0.28094495463366476,5.78417362313023,False,False,False,False,False,none
187,-0.02345565678552633,0.20391813780691115,0.1730071275191934,0.2178851472457148,False,False,False,False,False,none
188,0.4433471514684343,0.09597328908632738,0.36495171013846445,0.10254680848464122,False,False,False,False,False,none
189,3.714668019692084,0.2203203861914621,1.8795796747742162,0.23541083840229396,False,False,False,False,False,none
190,-3.699025443281677,0.5041851269837682,2.0943066018058145,0.5387183887290019,False,False,False,False,False,none
191,-1.7020957684800218,0.2678978008292031,0.7063070536326805,0.2862469832661242,False,False,False,False,False,none
192,-1.8170177570162278,0.05308542635499553,0.620818910093267,0.05672141802762059,False,False,False,False,False,none
193,-4.0660666669657815,0.2561128066560585,1.5881503882006107,0.27365479691957706,False,False,False,False,False,none
194,0.9436860055635257,0.8126365486225314,1.1607835496085357,0.8682966407898847,False,False,False,False,False,none
195,-0.20575506380564693,2.3135910145488827,0.37078682408718994,2.4720563079517355,False,False,False,False,False,none
196,0.21632280967772188,0.14402244221888644,0.5014698236891683,0.1538870027307889,False,False,False,False,False,none
197,-0.001922279414280914,0.0016884581744732849,0.29525842903868754,0.0018041061080682056,False,False,False,False,False,none
198,3.029638401484026,5.246904233083388,1.7074660383696505,5.606281587820543,False,False,False,False,False,none
199,0.32100572508558856,0.7481342286103984,0.0514350655843328,0.799376349320562,False,False,False,False,False,none
200,4.162001713990629,2.34599536096298,1.9052377561221796,2.5066801323244463,False,False,False,False,False,none
201,-0.9844775801237126,0.006805481024696731,0.9734690194133853,0.007271610319176376,False,False,False,False,False,none
202,2.8919896531160623,4.567118678385615,1.1025291849191057,4.879935333025477,False,False,False,False,False,none
203,-0.5790845186074058,0.3173582943217227,0.8025380634334514,0.33909518511498443,False,False,False,False,False,none
204,-1.213814125361923,0.21491000053365758,0.9500737103527664,0.22962987802091248,False,False,False,False,False,none
205,0.8948179885222858,0.22427043489834264,0.2632900338102759,0.23963143865582,False,False,False,False,False,none
206,-0.3770585614477711,0.15991760036776967,0.40662765975372694,0.1708708714097131,False,False,False,False,False,none
207,-0.28201440275778406,0.003604374888496566,0.27917585271227624,0.0038512501229903567,False,False,False,False,False,none
208,0.0003484160832182559,0.7763780400463495,0.08630601074167382,0.8295546702864464,False,False,False,False,False,none
209,1.6267263058015073,0.27871061355171894,0.7202593945958445,0.2978004003261433,False,False,False,False,False,none
210,-4.129186178342748,0.11222113521336977,2.2172182592587517,0.11990752187624991,False,False,False,False,False,none
211,-2.860417650513769,1.0368199567673406,1.15802328772875,1.1078350919497817,False,False,False,False,False,none
212,-1.787474426953795,2.2363841434164753,0.40570410160198817,2.3895612897744196,False,False,False,False,False,none
213,-3.7316963564661627,0.13878120177306286,1.268121694488073,0.14828677286124287,False,False,False,False,False,none
214,-3.9563879419056596,2.562687510733774,1.1235433613987125,2.738214224718457,False,False,False,False,False,none
215,-1.2089718936915799,4.461433134111643,0.43452519512073284,4.767011045742693,False,False,False,False,False,none
216,-0.07155559514058053,0.0664325754183283,0.8996243802672018,0.07098275627958359,False,False,False,False,False,none
217,-1.6540283737857289,0.0012679816514765893,0.04829692731263797,0.0013548297949760792,False,False,False,False,False,none
218,0.11568904676684177,0.25923949835710425,0.8202313639127544,0.2769956457964895,False,False,False,False,False,none
219,-1.4666059551802595,1.5408275073735602,0.11172506284908662,1.6463637415237204,False,False,False,False,False,none
220,0.28254385348508443,0.05786564900789483,0.7595071024022352,0.061829053512113354,False,False,False,False,False,none
221,-1.4213318300004287,0.9195668076021077,0.21930929717935388,0.9825508972937795,False,False,False,False,False,none
222,-2.383148539291885,0.029808154374386824,0.6422306965055864,0.03184981078601313,False,False,False,False,False,none
223,-3.3364112425246395,1.4891195913660433,0.9764164357867737,1.5911141839599154,False,False,False,False,False,none
224,-0.7177534082043042,0.9821325201453253,0.48973855247403364,1.0494019368169052,False,False,False,False,False,none
225,3.1589609833773373,2.1099593243130337,2.273215191869649,2.2544772279929735,False,False,False,False,False,none
226,1.6568399957954625,0.535685044071512,1.089571583153221,0.5723758365004686,False,False,False,False,False,none
227,-0.933305605145295,0.3993807048815722,0.38537704427258174,0.4267355745108687,False,False,False,False,False,none
228,-2.323868894469747,0.014684458611459193,0.9831616762505697,0.01569024443431806,False,False,False,False,False,none
229,-3.3353647495216165,0.31053204866713624,1.2774225921618867,0.3318013879295995,False,False,False,False,False,none
230,-0.36988197057480376,1.4004648782313092,0.41725268058730947,1.4963872242439589,False,False,False,False,False,none
231,3.468373409497305,0.40527221299070737,2.19656179187822,0.4330306109684581,False,False,False,False,False,none
232,-0.3554367622662251,0.9854467479022053,0.09849974991339709,1.0529431666975813,False,False,False,False,False,none
233,2.7211614020937303,0.09528577001413369,1.414316823214022,0.10181219901885155,False,False,False,False,False,none
234,0.3373172300129911,0.42133161872208186,0.025459849625121756,0.4501899770753244,False,False,False,False,False,none
235,0.7383673604237374,1.75693867345686,0.17426742346281215,1.8772770567879549,False,False,False,False,False,none
236,-1.9578994910735836,0.3956498462687989,1.169122516539734,0.42274917738631873,False,False,False,False,False,none
237,-1.4151493650027411,1.1005946199734242,0.6718936971147137,1.1759778870569095,False,False,False,False,False,none
238,-0.40871806991509535,1.518580569457575,0.049079609144693816,1.6225930392422951,False,False,False,False,False,none
239,-2.9342129589682946,2.124827839272743,1.2649220928218532,2.2703641353871014,False,False,False,False,False,none
240,-0.42407821630235587,1.089198928751097,0.20626623486022344,1.1638016682730044,False,False,False,False,False,none
241,2.0185041281216574,5.973890904733158,1.3504327622700782,6.383061915954325,False,False,False,False,False,none
242,0.39255044378479154,0.008821726567736752,0.29124787950100584,0.009425955007458941,False,False,False,False,False,none
243,-1.998944482595598,0.20604121633065353,0.9276280239156188,0.2201536422493218,False,False,False,False,False,none
244,-0.3828424408175931,0.35385918163909014,0.0422147696476301,0.3780961356595333,False,False,False,False,False,none
245,2.2878971244731865,1.1571807761715553,1.3299195178199843,1.2364398111794872,False,False,False,False,False,none
246,-0.45009738341393635,4.613920194406463,0.2648518631478897,4.929942435479409,False,False,False,False,False,none
247,2.90734872507222,0.2709974310819533,1.4175346139199472,0.28955891716906734,False,False,False,False,False,none
248,-1.0306693578923092,1.9047740741748198,0.7771482076321404,2.0352381798149928,False,False,False,False,False,none
249,-1.0463494581267483,0.8331144115085816,0.6293283406234994,0.8901770983999353,False,False,False,False,False,none
250,-0.7919770183964505,1.0698672553842687,0.38001212811800456,1.1431459063906266,False,False,False,False,False,none
251,2.154705763235781,0.10063390468095822,1.1260571471049727,0.10752664463856572,False,False,False,False,False,none
252,-0.3724422756463279,4.856009839852688,0.32561498482622286,5.188613579753294,False,False,False,False,False,none
253,0.5570706674185392,1.5267037792248854,0.19061379605184248,1.631272633785936,False,False,False,False,False,none
254,1.1543952011899592,0.00011896620833022154,0.4423810852455792,0.0001271145867555887,False,False,False,False,False,none
255,2.919788760404167,2.06579964714629,1.2106753428690185,2.2072929124373366,False,False,False,False,False,none
256,1.7500460123109423,2.577042833814368,0.4008475667412687,2.753552790070288,False,False,False,False,False,none
257,-0.6495762678383254,1.0076834550826277,0.8438925939098096,1.0767029375074437,False,False,False,False,False,none
258,-2.4858098737958496,0.037095981932743896,1.566264226874286,0.03963680510506478,False,False,False,False,False,none
259,-0.45149008537132185,0.0858111119205881,0.26572720247474996,0.09168859110433764,False,False,False,False,False,none
260,1.1734301873926023,0.13898749729430263,0.5760150390760952,0.14850719822656286,False,False,False,False,False,none
261,-2.9852059942494087,2.176854673091201,1.5574329525498778,2.3259544544689525,False,False,False,False,False,none
262,1.565671860687594,3.7582588519345155,0.9626590560554829,4.015674094261516,False,False,False,False,False,none
263,1.752493288601466,0.3263370387957326,0.8607943273412875,0.34868891269037916,False,False,False,False,False,none
264,0.01839807190325271,0.4641105828260406,0.15294548430377794,0.49589901008756243,False,False,False,False,False,none
265,2.571804169085536,2.4425936482685673,1.1168477223127753,2.6098947471675427,False,False,False,False,False,none
266,1.3808197878544168,1.3731790338786691,0.31547660516453846,1.4672324846095273,False,False,False,False,False,none
267,-1.8323560369787182,0.002948753896062929,1.307018410219825,0.0031507235390871215,False,False,False,False,False,none
268,0.313243293640303,5.389155071656255,0.004325012714445864,5.758275644070821,False,False,False,False,False,none
269,2.5188520375440397,0.8031222058013907,1.0669531226924065,0.8581306300130827,False,False,False,False,False,none
270,-4.027479191282888,0.027375055548785294,2.3234646780312542,0.02925006119247012,False,False,False,False,False,none
271,0.5724029310006713,0.44972789644710187,0.3736161400259093,0.48053120723703147,False,False,False,False,False,none
272,2.616702272361781,0.08052489833710114,1.2910203092965826,0.08604030774221232,False,False,False,False,False,none
273,2.6895500561864205,1.261760026368497,1.068170307726271,1.3481820307440031,False,False,False,False,False,none
274,-2.0115785345965023,1.0999305569085753,1.426987980074011,1.1752683401758859,False,False,False,False,False,none
275,-0.6254459207688755,0.023092468093621234,0.4688806127395405,0.024674145541726828,False,False,False,False,False,none
276,-0.3879050539889824,0.31327013349731075,0.2598225463310652,0.3347270130005715,False,False,False,False,False,none
277,-1.4567774747610065,3.4283711476054357,0.7265969474508577,3.6631913195298593,False,False,False,False,False,none
278,0.5450677807445523,0.20430542323036127,0.39024627072254303,0.21829895909404803,False,False,False,False,False,none
279,2.249054932764647,0.2844630953143313,1.1391660929362928,0.3039468880753689,False,False,False,False,False,none
280,-1.142933916278257,3.0680863314057216,0.7348473108625049,3.2782294369218405,False,False,False,False,False,none
281,-1.1807873103917483,0.07979163983073867,0.6062486364802453,0.08525682600122447,False,False,False,False,False,none
282,0.8278943177817386,0.005195190365772589,0.4898427078897113,0.005551025671329544,False,False,False,False,False,none
283,-0.13681245793260033,0.22179313646551974,0.07631168257990886,0.2369844620817288,False,False,False,False,False,none
284,-0.8237765775691166,0.5009293275067517,0.39444275389190736,0.5352395890690914,False,False,False,False,False,none
285,0.37928167412475744,0.02067217363365663,0.26830698975345635,0.022088077326025895,False,False,False,False,False,none
286,-3.2303063827196468,4.520036845279334,1.5371385679918954,4.829628713666909,False,False,False,False,False,none
287,-0.8951218956769255,1.5063770709858468,0.0964127798825181,1.6095536838910656,False,False,False,False,False,none
288,4.04786451974768,0.06028899362022078,2.321771026945025,0.06441838079492583,False,False,False,False,False,none
289,0.33473301145047607,3.194048949346194,0.05538155962754564,3.4128196398953663,False,False,False,False,False,none
290,1.5863227979649845,1.492900298374864,0.6517194811405332,1.5951538437575632,False,False,False,False,False,none
291,0.6000912999247667,0.5530648000374063,0.04274348370036142,0.5909459878781218,False,False,False,False,False,none
292,0.379654013072648,0.35327922736486705,0.07278654754502371,0.377476458450856,False,False,False,False,False,none
293,4.242576502052659,0.1419249409790851,1.816501706365886,0.1516458368816042,False,False,False,False,False,none
294,-2.9880865315687872,0.5399147658863805,2.0559417192802747,0.5768952655730982,False,False,False,False,False,none
295,1.436590354552332,0.7504632208538113,0.5026049267563163,0.8018648617371017,False,False,False,False,False,none
296,2.2146866176792868,6.151739154049903,0.779705067992234,6.573091564157881,False,False,False,False,False,none
297,-7.022890782917686,0.08967882990499285,3.8593629701869205,0.09582122153927665,True,False,True,False,True,score
298,2.3939598422196777,0.013065865150959494,1.4826404810235578,0.013960788299298494,False,False,False,False,False,none
299,1.130449756088923,0.3921983058939261,0.572913061303893,0.4190612299045906,False,False,False,False,False,none
300,-0.926500546181841,0.7912624483672073,0.539936638573773,0.8454585596291703,False,False,False,False,False,none
301,-4.213190233462201,1.3362462147877605,2.027026322880057,1.4277700178943704,False,False,False,False,False,none
302,-0.9595872514720204,0.3250705024935405,0.04260149253846731,0.347335627241311,False,False,False,False,False,none
303,-2.4024177905918,0.03977662227632887,0.7343072707725199,0.04250105113171234,False,False,False,False,False,none
304,3.132467643810089,0.013102628852544138,2.098712403536294,0.014000070065105185,False,False,False,False,False,none
305,-0.35191017978457595,1.1946345546486565,0.012047939039972016,1.2764589194655722,False,False,False,False,False,none
306,-2.220784665188262,0.11667674549631402,0.9166295836433216,0.12466831124501163,False,False,False,False,False,none
307,-2.2922434974757735,0.729796717332915,0.767983649368977,0.7797828428881047,False,False,False,False,False,none
308,-3.0954967263515716,3.32448687745967,1.0042170775322967,3.5521916814365744,False,False,False,False,False,none
309,-3.6476300957491166,0.6726820473665837,1.071331798902609,0.7187562053886584,False,False,False,False,False,none
310,2.1644908640416602,7.862512020277336,1.9636391043966612,8.401040769024073,False,True,False,True,True,residual
311,-2.90473507398647,0.6613755129940148,0.8892557939472392,0.706675250094046,False,False,False,False,False,none
312,-2.085253755299961,0.3076931549710502,0.313698755507451,0.32876804926910064,False,False,False,False,False,none
313,-2.6891036710214165,1.385023210789472,0.5440159130048206,1.4798879073098767,False,False,False,False,False,none
314,2.1460952710780026,0.8104445468893647,1.9113777344456293,0.8659545018044545,False,False,False,False,False,none
315,-0.24431746736950805,0.2910329894797563,0.36900106115690645,0.31096677543319606,False,False,False,False,False,none
316,4.451304464901213,0.24822723741680722,2.5740526158851544,0.2652291196684565,True,False,False,False,False,none
317,0.22920333869353182,0.5623308699326793,0.010196673268274318,0.6008467207174555,False,False,False,False,False,none
318,0.07655521630609524,0.09444907688577114,0.06592495515673182,0.10091819808576451,False,False,False,False,False,none
319,-3.5549680533558856,0.7611007445619413,1.8151695930845102,0.8132309836740839,False,False,False,False,False,none
320,-1.604480194531974,0.0024903173556284405,0.5055363171030957,0.0026608872048127937,False,False,False,False,False,none
321,-3.809942813120845,0.07486371659864627,1.4747712698634567,0.07999137344958959,False,False,False,False,False,none
322,0.7506298200902359,1.461826270792078e-05,1.0334934152825106,1.5619514560337025e-05,False,False,False,False,False,none
323,0.2573961209478949,0.2126652802907396,0.587421438756658,0.2272314096653573,False,False,False,False,False,none
324,-1.8785298281719895,0.35416041781943797,0.566657935535841,0.3784180044752096,False,False,False,False,False,none
325,2.569250952711931,1.3033663175794148,1.705244600801239,1.3926380707232564,False,False,False,False,False,none
326,1.9847662207820382,2.2617315637874595,1.0805369697542628,2.4166448365311113,False,False,False,False,False,none
327,-2.1271830337150455,3.1213979310108417,1.1311575816421187,3.335192519533281,False,False,False,False,False,none
328,-0.16368708771772275,1.3415672133734704,0.04798630082100144,1.4334554687954544,False,False,False,False,False,none
329,0.6185122827041458,0.4076836347839574,0.4180014632733279,0.43560719879995013,False,False,False,False,False,none
330,2.7362326182559578,0.03458521046916538,1.3621608152851208,0.036954062824629916,False,False,False,False,False,none
331,3.7107142879673045,2.317585640102462,1.5626583954916438,2.4763245382636327,False,False,False,False,False,none
332,4.858468123564457,0.7341469112398109,1.8071478935689702,0.7844309955740072,False,False,False,False,False,none
333,5.8776329374297385,1.614680918415131,1.9403334202448141,1.7252756103376066,False,False,False,False,False,none
334,4.008933596369497,0.19272779378509708,0.64536050381268,0.2059283405528649,False,False,False,False,False,none
335,-0.5511752037072628,0.40169525856453103,1.6967969233397895,0.4292086594234875,False,False,False,False,False,none
336,-3.3224348072931615,4.333111291975966,2.702369037720692,4.629900027717175,True,False,False,False,False,none
337,3.0180519029759,0.6077428386306054,0.9152326884447396,0.6493691012809468,False,False,False,False,False,none
338,-0.7084338825742794,6.611316658370357e-06,1.0763301308870818,7.06414701060619e-06,False,False,False,False,False,none
339,-0.5670924629254475,0.733172887954154,0.7924691137676321,0.7833902582992432,False,False,False,False,False,none
340,-2.218655482171002,3.6416228157096775,1.4355021939334103,3.8910492805969805,False,False,False,False,False,none
341,-0.7351560208059785,0.00024795967977539577,0.42843847497257126,0.00026494323614322126,False,False,False,False,False,none
342,-0.8545426749305037,0.07115058157596048,0.4006908125503784,0.0760239138608443,False,False,False,False,False,none
343,0.4544056289273388,0.11599715226449607,0.31469848349011253,0.12394217048590929,False,False,False,False,False,none
344,-1.8601244448343224,0.14259920481197014,0.8715154086928775,0.15236628321409146,False,False,False,False,False,none
345,-2.1491576828401024,0.9358704117646006,0.8374842471898003,0.9999711877681083,False,False,False,False,False,none
346,-2.8551669963240887,1.3459265923862493,1.012623707644214,1.438113435704698,False,False,False,False,False,none
347,-2.1242636871440617,1.0750833979455954,0.4553812478607244,1.148719319340805,False,False,False,False,False,none
348,-2.7304817473626217,2.799938744353618,0.6585112009212187,2.9917155587706317,False,False,False,False,False,none
349,0.27090671371194336,0.4351365317409396,0.9298073291832074,0.46494043300914745,False,False,False,False,False,none
350,-2.4867897037929474,5.6245348050249175,0.5945032295775833,6.009777292797382,False,False,False,False,False,none
351,-0.3926172523262683,0.6066617734066109,0.5407289396544229,0.6482139904210422,False,False,False,False,False,none
352,-1.6988571371547199,3.0771841670308095,0.2013535477276813,3.287950412584469,False,False,False,False,False,none
353,0.1357597134781065,0.0435469324144352,0.729282679328068,0.04652960194351496,False,False,False,False,False,none
354,-1.0933685327716085,1.0841818702050297,0.013087186653890361,1.1584409752429152,False,False,False,False,False,none
355,0.5315653424196806,2.5131327714607754,0.7781336531832579,2.685265321892343,False,False,False,False,False,none
356,-1.280497918363195,0.4715402982284925,0.2569130186752728,0.5038376106057264,False,False,False,False,False,none
357,0.09869868855709474,0.6928256341672122,0.4638132140825586,0.7402794912685426,False,False,False,False,False,none
358,4.338221097624038,0.04867196844666516,2.42855078578931,0.052005668185250584,False,False,False,False,False,none
359,1.8226952855940532,0.368472940560733,0.7220203572675342,0.3937108379547777,False,False,False,False,False,none
360,0.7415884739358781,2.2813288693834277,0.05293985241387721,2.4375844246487706,False,False,False,False,False,none
361,-0.977239963255092,0.01565106833949026,0.7918198801253313,0.0167230603730386,False,False,False,False,False,none
362,-0.8487122797023197,0.22553883976231687,0.5710796006005018,0.24098672065047952,False,False,False,False,False,none
363,-3.17640309732914,0.1435431266369135,1.5865249711881562,0.15337485728223527,False,False,False,False,False,none
364,0.29299645609930514,3.040868895251977,0.41452871846372397,3.249147790983975,False,False,False,False,False,none
365,3.4776344517772504,0.20282086632844637,1.877172856822055,0.21671272011282186,False,False,False,False,False,none
366,-0.6353200637779718,0.13413237660279653,0.4943367394038815,0.14331953469578756,False,False,False,False,False,none
367,-3.7541090543031688,0.04261661377051419,1.909061819607629,0.045535562782034876,False,False,False,False,False,none
368,-2.837279312073151,0.6758999946931773,1.082299008606208,0.7221945602825606,False,False,False,False,False,none
369,-1.5274775984781541,0.000821243299517431,0.23017390153333012,0.0008774928957489118,False,False,False,False,False,none
370,2.2468418320327226,1.097000549519973,1.6475915051635284,1.172137647152879,False,False,False,False,False,none
371,1.7394631787359607,0.04976576879140246,1.0718351642586934,0.053174386435297406,False,False,False,False,False,none
372,4.934286823552702,4.644609189671987,2.4079612531124104,4.962733418783618,False,False,False,False,False,none
373,1.2354306395530432,0.8319823438884004,0.13126175743943366,0.8889674918256107,False,False,False,False,False,none
374,-0.5418530794132171,1.537279398202514,0.7575315314948914,1.6425726109382237,False,False,False,False,False,none
375,1.1679033272173247,0.2591300888413532,0.2237437520599672,0.27687874247093996,False,False,False,False,False,none
376,1.2144375031807315,3.449794108330561,0.20157869570337197,3.686081607771178,False,False,False,False,False,none
377,-1.517661742434227,0.18280812642386618,1.164663466642313,0.19532924325394355,False,False,False,False,False,none
378,2.1400412501068544,0.6509373725259937,0.8434042456025745,0.6955221677968756,False,False,False,False,False,none
379,-1.3301150957221617,1.200807989622397,1.0093925809928275,1.2830551928659255,False,False,False,False,False,none
380,1.7706326992807144,0.02970221118297136,0.6973227158196776,0.03173661120450706,False,False,False,False,False,none
381,-1.4757271238577998,0.07715956920917616,1.0176461856281502,0.08244447639315135,False,False,False,False,False,none
382,-0.6518592776347807,0.22076929542428422,0.41428222496918016,0.23589049487299998,False,False,False,False,False,none
383,0.23994255146720272,0.08905814518088201,0.10137826671759455,0.09515802412113372,False,False,False,False,False,none
384,-1.996210029556107,1.8589480099638203,1.0041338758404714,1.9862733410042352,False,False,False,False,False,none
385,0.4119154005072505,0.11952749796355133,0.36539024560364936,0.12771432092205778,False,False,False,False,False,none
386,-4.27976787797465,0.8240657449218839,1.9846280860608947,0.8805086595213553,False,False,False,False,False,none
387,-1.2506716157083266,0.5335686402520121,0.11763919094373403,0.570114473373076,False,False,False,False,False,none
388,2.7259434438401025,0.25182137019096723,1.835796204897962,0.26906942616174173,False,False,False,False,False,none
389,0.5944930820141294,0.9493725353473268,0.4342139432206675,1.0143981152429846,False,False,False,False,False,none
390,-1.5917482090122808,0.9271648610563972,0.713642679355869,0.9906693658786401,False,False,False,False,False,none
391,-3.107055698096083,1.5073255845028024,1.3063143095955756,1.6105671641509829,False,False,False,False,False,none
392,3.8730141828889595,0.1038339061450442,2.3424752338194503,0.11094582450008977,False,False,False,False,False,none
393,2.4820360098224237,3.8927140780721894,1.1989187972724022,4.15933859149571,False,False,False,False,False,none
394,-0.9250160362621354,2.924437431596088,0.6943555300627429,3.1247415617219216,False,False,False,False,False,none
395,0.4228630509891199,0.8138136041251118,0.09866036953310754,0.8695543166114389,False,False,False,False,False,none
396,-3.401711645061103,1.2798865599679052,1.7771919222438668,1.3675501089583169,False,False,False,False,False,none
397,1.0418438979081923,0.07345966892694133,0.7347668436875737,0.07849115803481807,False,False,False,False,False,none
398,2.6268585078565634,2.4778299372848966,1.3570434931749218,2.6475444830041126,False,False,False,False,False,none
399,-4.64306158400934,0.817667563370933,2.442560295687946,0.873672245927515,False,False,False,False,False,none
400,-2.3795255849943118,0.2125535202894665,0.8555221871080242,0.22711199486196873,False,False,False,False,False,none
401,2.090928999453377,0.004454367096114431,1.4851571172481703,0.004759461032065518,False,False,False,False,False,none
402,1.2902294590486905,1.1520424889575447,0.7995348769112403,1.2309495861398903,False,False,False,False,False,none
403,2.0035924478808367,0.17885919393493732,0.9858330541226135,0.1911098356717285,False,False,False,False,False,none
404,0.4592472143985309,1.751683216245056e-05,0.03917384894543048,1.871661636400379e-05,False,False,False,False,False,none
405,-1.6719443373948537,2.049557335052889,1.0029583373703708,2.189938112123141,False,False,False,False,False,none
406,-1.5958879429966453,0.009062594309396361,0.7654554254939773,0.009683320555823948,False,False,False,False,False,none
407,2.909202982202622,0.1588642780103498,1.574020032811686,0.16974540361458765,False,False,False,False,False,none
408,1.0867384267683295,0.0006507717950210914,0.37474818955442285,0.0006953452493558569,False,False,False,False,False,none
409,0.5321178508046817,0.053875848816905846,0.03063333822616944,0.05756597906741748,False,False,False,False,False,none
410,-2.4324781675088856,0.5554219018653135,1.4142537262528725,0.5934645351950505,False,False,False,False,False,none
411,-2.045235887338028,1.2894559601713693,0.9434688229424114,1.3777749481747246,False,False,False,False,False,none
412,2.2719213667221085,0.014430904452070736,1.3404024449805352,0.015419323534650817,False,False,False,False,False,none
413,0.7648058855519486,0.5352162588762983,0.34089748723126145,0.5718749426987487,False,False,False,False,False,none
414,2.53944585878898,1.6564455073301256,1.1339758800199502,1.7699007903400692,False,False,False,False,False,none
415,1.3809397257314031,0.08139102374278832,0.3449412847373433,0.08696575686400697,False,False,False,False,False,none
416,-2.001276713654234,0.19279499082580687,1.3654844687350254,0.2060001401351237,False,False,False,False,False,none
417,-0.8524966147712428,0.035290802312543626,0.5348683377180827,0.037707982923858255,False,False,False,False,False,none
418,-2.5294387717999163,0.03568214398907537,1.241738427775682,0.03812612885109913,False,False,False,False,False,none
419,-0.8476942325356183,0.20485073140798937,0.17721632056649025,0.2188816171834883,False,False,False,False,False,none
420,-2.4306987130304787,1.3239468476495682,0.9100275304108584,1.4146282275232183,False,False,False,False,False,none
421,-0.23600819458949646,0.006628850581128366,0.3370923392248969,0.007082881888155637,False,False,False,False,False,none
422,-1.2514560104990975,0.35448597431584306,0.22313732230616654,0.3787658593836494,False,False,False,False,False,none
423,0.25250337964231256,1.5402072569941363,0.5513829152731734,1.6457010081999297,False,False,False,False,False,none
424,-0.028773767097276914,0.33502297728486996,0.3045985528235087,0.3579697790567881,False,False,False,False,False,none
425,-0.9891474259272832,3.739379506912816,0.2224040836951358,3.9955016421481555,False,False,False,False,False,none
426,2.5076932290067004,0.38210479144792087,1.5191429833114065,0.4082763781746428,False,False,False,False,False,none
427,0.5061658750744588,1.0644435154130552,0.24394484009774609,1.1373506770159383,False,False,False,False,False,none
428,2.39823620909121,4.733406645916164,1.1134043780436003,5.05761289854391,False,False,False,False,False,none
429,-3.4830966321897527,1.2334565228226362,1.963570546521807,1.3179399291635203,False,False,False,False,False,none
430,-1.1368968307951053,0.013185024758313738,0.43221247478434127,0.014088109531599592,False,False,False,False,False,none
431,0.647622080245019,0.12783036586174168,0.5202822987106541,0.13658587896007754,False,False,False,False,False,none
432,-0.9223182300197387,0.003500364761814618,0.3456884083179692,0.0037401160080417378,False,False,False,False,False,none
433,-7.164542384084985,0.6066327202952343,3.3059904363310553,0.6481829473685786,True,False,True,False,True,score
434,0.5347944059625489,0.5169860143873106,1.0918047410531702,0.552396050102301,False,False,False,False,False,none
435,-0.8256283264929811,0.8033316498633523,0.21321139074854373,0.85835441957281,False,False,False,False,False,none
436,-0.6033828011287774,1.4770963508920034,0.27842801084070634,1.5782674330566808,False,False,False,False,False,none
437,-0.08158140130942085,0.008683386998560902,0.4759800115145207,0.009278140116032606,False,False,False,False,False,none
438,0.3102938514700712,0.4177311837787101,0.5709666144352116,0.44634293675697867,False,False,False,False,False,none
439,-1.7518359793099827,0.43316625362479794,0.5440074945448017,0.4628352042047484,False,False,False,False,False,none
440,3.0198398443389305,0.48746411553924235,1.8805558009750758,0.5208521014047347,False,False,False,False,False,none
441,-0.094940896994903,0.006862622462260642,0.007202527255016247,0.007332665557672293,False,False,False,False,False,none
442,-1.0079957932258294,0.8810754940431751,0.4488804827063347,0.9414231898094638,False,False,False,False,False,none
443,1.062953491911963,0.8229202939264578,0.6459566059233277,0.8792847529013493,False,False,False,False,False,none
444,-0.3293654110771536,2.142866978702031,0.1589467802473039,2.289638833523361,False,False,False,False,False,none
445,0.3558126386822388,0.0493438281137016,0.20536917864581236,0.05272354568283398,False,False,False,False,False,none
446,-0.5692294525515254,0.0021460289406759533,0.28464067333981335,0.002293017368447634,False,False,False,False,False,none
447,1.049436431811738,1.2088496168944807,0.5578489191933702,1.2916476170667202,False,False,False,False,False,none
448,-3.2387266469638636,1.5365625715587334,1.6348270844455022,1.6418066865309617,False,False,False,False,False,none
449,0.7750192100181628,2.6299697134716946,0.6400659914932657,2.810104802026735,False,False,False,False,False,none
450,2.3853400585606597,0.5840667363079624,1.293564287093442,0.624071346523798,False,False,False,False,False,none
451,-1.3133789528913717,0.5147130482390452,0.7601892435973808,0.5499674011884497,False,False,False,False,False,none
452,1.2141877618246848,0.03279037867013497,0.6185124969387901,0.035036297220163035,False,False,False,False,False,none
453,-0.6672674519322599,2.0922096928811875,0.41828684034793234,2.2355118671884973,False,False,False,False,False,none
454,-0.0027420179946195944,1.8203123955661367,0.01212587612828479,1.9449914490523825,False,False,False,False,False,none
455,0.43454483370112273,0.0011645120996164274,0.20252079585087251,0.001244273280558285,False,False,False,False,False,none
456,-1.2684767644594441,0.007590658407514797,0.6644838427269079,0.008110567027536044,False,False,False,False,False,none
457,3.422457658042786,3.3202007585177515,1.7449897779590133,3.547611992416185,False,False,False,False,False,none
458,-0.1510562403379024,0.05100787487117621,0.33828503787429665,0.0545015683574007,False,False,False,False,False,none
459,1.1861970455979383,2.0573658621905513,0.3783599115500016,2.198281470411224,False,False,False,False,False,none
460,-0.29284267666695946,0.6499753089214757,0.41511097644338724,0.6944942093602963,False,False,False,False,False,none
461,1.2910334969521475,0.11136937890544804,0.43658873781064406,0.11899742603796444,False,False,False,False,False,none
462,-2.594374382103328,1.2083680597844881,1.536372432126136,1.2911330765606799,False,False,False,False,False,none
463,-0.6618967244529302,0.7673623292676761,0.2912391938109333,0.8199214444652294,False,False,False,False,False,none
464,3.0977221562790485,0.2275271363551999,1.5916048865204089,0.24311120207507297,False,False,False,False,False,none
465,-1.5404696754686613,0.37044095366585317,0.9776962173213816,0.39581364661026197,False,False,False,False,False,none
466,-2.6628352172212404,1.0587518106814855,1.3268568527846674,1.1312691291121837,False,False,False,False,False,none
467,0.07684542250372473,1.3120186077819262,0.26812029881587773,1.401882984123613,False,False,False,False,False,none
468,2.1193802312823227,0.09953778674543379,1.205767283698061,0.10635545005848107,False,False,False,False,False,none
469,3.354355299819005,1.078375304482841,1.5639647026634165,1.1522366991496873,False,False,False,False,False,none
470,-3.947976024672398,0.6890852844268305,2.2927529579104777,0.7362829529385132,False,False,False,False,False,none
471,-0.14361353098185903,0.02047459753329841,0.012108583733385166,0.021876968602781533,False,False,False,False,False,none
472,0.22925655441516513,0.00010051065586454857,0.19064599555575132,0.0001073949541141225,False,False,False,False,False,none
473,-0.5981961147463573,0.43563281195150405,0.24905769238617528,0.4654707050482947,False,False,False,False,False,none
474,1.122302834561288,0.2273846133885436,0.6357363313155252,0.24295891725181118,False,False,False,False,False,none
475,-1.8698559992467985,0.08660311209908853,0.9435479561557638,0.09253483792361077,False,False,False,False,False,none
476,0.7795434975164083,0.2930850523014755,0.530952699958058,0.31315939064082965,False,False,False,False,False,none
477,0.44948942875182163,0.1505340627358628,0.26458225011738634,0.16084462509046862,False,False,False,False,False,none
478,-2.202383288952336,0.44769722415186475,1.0753255539075737,0.47836144766187055,False,False,False,False,False,none
479,0.12048644212742127,1.113438553432477,0.26706110606184835,1.189701542848577,False,False,False,False,False,none
480,7.224181430919398,3.0080552529857334,3.661172580464065,3.2140866367691463,True,False,True,False,True,score
481,0.4245096357621768,0.26719518418462374,0.3710388734326528,0.2854962421466342,False,False,False,False,False,none
482,-0.5278801298130749,0.1375620127178269,0.7590393283311399,0.14698407762443177,False,False,False,False,False,none
483,0.3413132958546654,1.916612283941068,0.18539959406837847,2.0478872266618553,False,False,False,False,False,none
484,-0.4409696297881232,0.3516990494372533,0.5279726484022516,0.37578804905218555,False,False,False,False,False,none
485,-0.9054458487932835,0.6808493914161633,0.647795000161142,0.727482957113579,False,False,False,False,False,none
486,-1.595734984103251,0.19657033029641216,0.8532430851123178,0.21003406475459183,False,False,False,False,False,none
487,2.783434454879713,1.2528171664309085,1.44267842606243,1.3386266455524007,False,False,False,False,False,none
488,-0.30104834878578945,0.1497877652980983,0.3428004093177233,0.16004721133970953,False,False,False,False,False,none
489,-1.7205301195424376,0.7437818390319855,0.9631349165233383,0.7947258505745349,False,False,False,False,False,none
490,0.06475376113812661,0.4964684330505018,0.09591559591031146,0.5304731535969907,False,False,False,False,False,none
491,2.576595211773596,0.01002411946020873,1.2957646753735512,0.010710703658270614,False,False,False,False,False,none
492,1.5892401017035491,0.02200989532724678,0.5574343342695468,0.023517423883013717,False,False,False,False,False,none
493,-2.121529718088653,0.767828173464167,1.3549416336633775,0.8204191958297602,False,False,False,False,False,none
494,-2.690109984550019,0.0017142624504485277,1.3598933556767638,0.0018316778019395895,False,False,False,False,False,none
495,-1.2426987657187571,0.20676618568462068,0.38546553911889075,0.22092826708719343,False,False,False,False,False,none
496,-0.7134162910712952,0.007887059311970587,0.05150415698158465,0.00842726938371519,False,False,False,False,False,none
497,-0.0036469515269235975,4.170091089467254,0.30325777815872246,4.455714046962142,False,False,False,False,False,none
498,0.07601660164322638,0.04433536174195772,0.28126807212275423,0.0473720333327362,False,False,False,False,False,none
499,2.360019359506542,2.141551951677416,1.3334733148150246,2.288233736066255,False,False,False,False,False,none
500,1.988667936255781,2.112748070992219,0.8865565515116851,2.257456984906018,False,False,False,False,False,none
501,4.1635575023002165,0.07037522014151837,1.764749922380659,0.07519544542675123,False,False,False,False,False,none
502,5.186223352171422,0.08681328008623024,1.9081141456076327,0.09275940099248338,False,False,False,False,False,none
503,3.0913235722525494,0.05488120906803011,0.5098068103800417,0.058640199677251696,False,False,False,False,False,none
504,3.3309784849436035,0.0650360089698416,0.5241533685591169,0.06949053450108206,False,False,False,False,False,none
505,2.936760962467914,0.9775268840612259,0.22800335299692864,1.0444808458971049,False,False,False,False,False,none
506,1.2007813326923198,2.5900477860956244,0.6600927961102346,2.7674484933814285,False,False,False,False,False,none
507,3.111093632842806,0.023897952637024468,0.39902735336643064,0.02553480031344578,False,False,False,False,False,none
508,6.68860517579524,0.03196303463275155,2.0554388564121417,0.034152285727380355,False,False,False,False,False,none
509,6.132135525707693,3.8473696030606095,1.3742884898755476,4.110888327478328,False,False,False,False,False,none
510,0.9049281041848496,0.9392398808703833,1.4374069349481053,1.0035714426554325,False,False,False,False,False,none
511,2.726233719134008,0.05260690482005077,0.26602016148004576,0.05621012101293125,False,False,False,False,False,none
512,3.286986522310622,1.9523363854743048,0.05932514087103245,2.0860581868643293,False,False,False,False,False,none
513,2.6750362671876546,1.1125992117209489,0.24952800523369778,1.1888047119223406,False,False,False,False,False,none
514,1.1828161877313992,0.03721513649794651,0.9238179237178673,0.039764120949861065,False,False,False,False,False,none
515,4.393479866894658,0.7856469364063577,0.8191261755366144,0.8394584231841802,False,False,False,False,False,none
516,2.2109593213158147,0.11189419811037851,0.40390716308871816,0.11955819179903633,False,False,False,False,False,none
517,-1.9694180652871225,0.06923775632138818,2.351922028688142,0.07398007304937881,False,False,False,False,False,none
518,4.405318114481472,0.3185924716299574,1.2122120478501965,0.3404138951984723,False,False,False,False,False,none
519,2.287532546515605,0.007690364191423143,0.0580216645998832,0.008217101981423716,False,False,False,False,False,none
520,-1.251996429215228,3.256028084615414,1.7642008280714927,3.4790439255794734,False,False,False,False,False,none
521,4.390231970732343,4.226618290492279,1.3268926177834737,4.5161129778820985,False,False,False,False,False,none
522,0.685509127207628,0.04229296237425513,0.7364403237046806,0.04518974346018053,False,False,False,False,False,none
523,1.9525560274018774,0.2367412878528568,0.025763530462275915,0.25295646045867154,False,False,False,False,False,none
524,5.225154686205735,0.04210356530724542,1.608849260882625,0.044987373978597714,False,False,False,False,False,none
525,2.9190058769435074,1.5137209048371454,0.16787275947791871,1.6174005205542827,False,False,False,False,False,none
526,-0.21137952580364217,0.0035711619138978734,1.384922123443176,0.003815762284886634,False,False,False,False,False,none
527,1.6975227590949977,0.07372255886614418,0.18152040885341256,0.07877205415190044,False,False,False,False,False,none
528,4.113755829551506,0.6560966621309945,1.027415771799512,0.7010348337488044,False,False,False,False,False,none
529,3.4258550830103918,0.15828586236510928,0.48808465132152146,0.16912737042054293,False,False,False,False,False,none
530,3.7218109540544004,0.5335714729789828,0.5340992930616881,0.5701175001226322,False,False,False,False,False,none
531,3.2030042760112556,0.024665985766051775,0.17549521246081726,0.02635543850290472,False,False,False,False,False,none
532,1.2034362927204327,0.12322725122198724,0.8300224662852758,0.13166748218645907,False,False,False,False,False,none
533,1.2473290988446617,0.8675075628040405,0.6427161731312588,0.9269259473000317,False,False,False,False,False,none
534,3.397056506961177,0.6317123168504593,0.5291201913783942,0.6749803261945494,False,False,False,False,False,none
535,3.287707011872218,0.20101375880763667,0.3702272958365355,0.21478183798288944,False,False,False,False,False,none
536,0.6671251696933748,0.09854520222698716,0.9756236126727424,0.10529488023236612,False,False,False,False,False,none
537,5.0343429855957975,0.011308241201278277,1.3389737122171832,0.012082779029512452,False,False,False,False,False,none
538,1.483167092788862,0.2746488460111114,0.6522569402791913,0.2934604292564725,False,False,False,False,False,none
539,2.8755375448401503,1.8273407334623628,0.15393153025190603,1.952501180427342,False,False,False,False,False,none
540,3.099239625817316,1.1856422303921517,0.23171100949268372,1.2668506819846816,False,False,False,False,False,none
541,1.171714613749036,0.11660269384249178,0.7500863553147039,0.1245891875551311,False,False,False,False,False,none
542,3.2779809348568962,0.000344967368066315,0.42213176513030637,0.00036859529316253065,False,False,False,False,False,none
543,1.6147628949798674,1.5965938038817868,0.4694778372464987,1.705949651128037,False,False,False,False,False,none
544,2.1498784510576057,0.03536099406917691,0.11588311852723408,0.03778298233977073,False,False,False,False,False,none
545,2.102273650431565,0.2575521150881809,0.11580977817534145,0.27519268821771126,False,False,False,False,False,none
546,3.679850403713343,1.427353335166332,0.6729724985983377,1.5251173581178026,False,False,False,False,False,none
547,3.002004943055619,1.1924416292381324,0.20941000528246864,1.27411579353715,False,False,False,False,False,none
548,-0.22192059643999335,0.7570855398796652,1.3970886787600516,0.8089407647027445,False,False,False,False,False,none
549,5.102913586485216,1.183378707278778,1.466546432571451,1.2644321228895683,False,False,False,False,False,none
550,2.154399643673732,0.3027433012192038,0.2577183919735071,0.3234791641058444,False,False,False,False,False,none
551,2.257683338273714,0.6561572456477494,0.15604967512123388,0.7010995668255711,False,False,False,False,False,none
552,3.9409282036200137,0.17258778251724782,0.6920628110343344,0.18440887510550552,False,False,False,False,False,none
553,5.748485234590181,1.4553208970911704,1.430883252957916,1.5550005083546254,False,False,False,False,False,none
554,2.3323804550802913,2.0332167069467673,0.5131773851421662,2.1724782618161464,False,False,False,False,False,none
555,3.401228506677449,0.2904673172276765,0.10818517556688505,0.3103623584683161,False,False,False,False,False,none
556,4.653661819099163,1.8221781710149552,0.6943717489506952,1.9469850174654983,False,False,False,False,False,none
557,3.9131176022099012,1.456807137215686e-08,0.19610081197540744,1.5565885458477846e-08,False,False,False,False,False,none
558,2.771648528025649,0.00014874070683441648,0.3970904439520365,0.0001589284364725606,False,False,False,False,False,none
559,4.1794483508498095,0.3705379598591434,0.3655528192758872,0.39591729706988316,False,False,False,False,False,none
560,-0.11437953831436906,0.4227846510211276,1.7914131770183475,0.4517425322321891,False,False,False,False,False,none
561,2.636636048926138,0.6150671027670289,0.09802375015183624,0.6571950278365445,False,False,False,False,False,none
562,2.876394756245503,5.470832538643279,0.03793929313543167,5.845547463598597,False,False,False,False,False,none
563,4.111156602380016,0.32112926229273897,0.629598830364435,0.34312443881678983,False,False,False,False,False,none
564,4.353613331633665,0.17663992014398414,0.6213467457702693,0.18873855667751635,False,False,False,False,False,none
565,3.4815731758420334,0.003717345891940306,0.07386396960921815,0.003971958873985048,False,False,False,False,False,none
566,3.5035462315699792,0.38476915835211534,0.0697550105517194,0.41112323614167035,False,False,False,False,False,none
567,4.71423584710735,1.0192223680256083,0.6433688101656949,1.0890321877285176,False,False,False,False,False,none
568,2.7351153824727907,2.717120014167004,0.4458001179843236,2.903224307254299,False,False,False,False,False,none
569,3.7102860717858306,0.2550793096834747,0.11662403983844315,0.27255051241369044,False,False,False,False,False,none
570,3.736934046786237,0.5983938852712227,0.10623187120830963,0.6393798080223391,False,False,False,False,False,none
571,4.713309074202256,3.1468496031641964,0.5588341135153553,3.362387458612385,False,False,False,False,False,none
572,4.630242362669392,1.5474788421151144,0.40675384030826295,1.6534706475848004,False,False,False,False,False,none
573,4.822426171564858,0.10237858513700518,0.4186725941117736,0.10939082387318813,False,False,False,False,False,none
574,4.0475921415399885,0.012680514132191945,0.04109984341259818,0.01354904334924919,False,False,False,False,False,none
575,7.446420645432185,0.13623026566217716,1.616619691761198,0.14556111492756246,False,False,False,False,False,none
576,2.5641586744204288,0.4958029524433368,1.0761350653153305,0.5297620920816162,False,False,False,False,False,none
577,7.375463890921762,0.5027768384117144,1.4740864494673456,0.53721364194097,False,False,False,False,False,none
578,-0.4242981445844768,1.3914037259738485,2.6060657231862843,1.486705444510848,True,False,False,False,False,none
579,3.8462148113348373,0.021382174599474342,0.012312213120893945,0.022846708542677525,False,False,False,False,False,none
580,-2.819555999904285,0.019728482248592104,3.24484266610116,0.02107974948132974,True,False,True,False,True,score
581,0.6248250684815717,0.7853863723616347,0.9242672622703604,0.8391800122695748,False,False,False,False,False,none
582,5.386153470062075,0.2094556724634989,1.5713262364484142,0.22380196546995407,False,False,False,False,False,none
583,0.13855394760392514,1.4739665857416822,1.2896733128227185,1.574923300220062,False,False,False,False,False,none
584,4.277054861649295,5.803643292892384,0.976734403273128,6.201153497345272,False,False,False,False,False,none
585,0.21524547339866185,3.4678994593408383,1.1898660482566124,3.7054270525326687,False,False,False,False,False,none
586,2.449897950633983,0.8387362307641768,0.13261562901442056,0.8961839741465844,False,False,False,False,False,none
587,0.9749502814246667,6.277325496571224,0.6097204712212724,6.707279719397996,False,False,False,False,False,none
588,5.131057829269208,0.09949049010067582,1.5292414250715598,0.10630491391432956,False,False,False,False,False,none
589,5.2323615324516695,0.06086392398553421,1.272557260662943,0.0650326899910061,False,False,False,False,False,none
590,4.384299381007992,4.3970955552460556,0.6064692463230912,4.698266779071157,False,False,False,False,False,none
591,1.3773180473669078,0.24880561609476162,0.9741551930576003,0.26584711336320677,False,False,False,False,False,none
592,5.667135194405854,0.26929684408984067,1.3025848080874483,0.2877418515016108,False,False,False,False,False,none
593,-1.818708500180864,1.6877639050607218,2.590918023485514,1.803364285909513,True,False,False,False,False,none
594,3.609249969959361,3.2881899525829636,0.5615306325891083,3.5134086633765707,False,False,False,False,False,none
595,2.718886017436449,1.9198739704770007,0.017118281228179436,2.051372316604291,False,False,False,False,False,none
596,3.6959777848978543,0.7114315963182161,0.48789108561717626,0.7601598356386857,False,False,False,False,False,none
597,-0.03365646752296303,1.4645016502659725,1.419731408672379,1.5648100808567658,False,False,False,False,False,none
598,3.005540528084704,0.040313606029682876,0.3391801797833927,0.043074814630273135,False,False,False,False,False,none
599,5.345118598667579,0.031610297004993494,1.406774486599123,0.03377538796443618,False,False,False,False,False,none
600,1.0006279794231412,0.7332966077693881,0.9830231829472631,0.783522452082736,False,False,False,False,False,none
601,5.722495788214628,2.5578804755051125,1.5051707158574958,2.733077940178609,False,False,False,False,False,none
602,4.069616348530377,0.38993396993350354,0.4019707923003932,0.41664180228791825,False,False,False,False,False,none
603,4.36231461405232,0.018318888263148647,0.46362724378968495,0.019573607867944463,False,False,False,False,False,none
604,2.379154923575012,1.3639427540470925,0.5915536645418165,1.457363582251213,False,False,False,False,False,none
605,2.117763761929548,1.78530344293487,0.6000997610748598,1.907584620601425,False,False,False,False,False,none
606,0.8813976441420781,1.146495841935805,1.0801057804496623,1.2250230314152872,False,False,False,False,False,none
607,4.0586772570077345,0.7463467412709541,0.6778941303911459,0.7974664312213517,False,False,False,False,False,none
608,3.3347041236820907,0.011580523472419805,0.19096089846265374,0.012373710789571212,False,False,False,False,False,none
609,5.287123229739204,0.5421531839788616,1.1003053377441299,0.5792870001236536,False,False,False,False,False,none
610,2.1200196235419364,0.49252270542993826,0.6567959245285222,0.5262571703948881,False,False,False,False,False,none
611,4.182825766607847,0.3286840300380256,0.47567227039232385,0.3511966569151505,False,False,False,False,False,none
612,6.184439831988118,0.07583321471691162,1.3519494451579368,0.08102727561368601,False,False,False,False,False,none
613,2.479856571087338,3.6563441988685903,0.7163271203826147,3.9067789786598257,False,False,False,False,False,none
614,1.3615194288003676,2.7532359328390568,1.1158065359709886,2.94181392141224,False,False,False,False,False,none
615,2.580046643585688,0.05338805501330886,0.30127672923511467,0.05704477469655903,False,False,False,False,False,none
616,1.8880373094621092,0.27163590390366754,0.5768633051966202,0.29024112104885813,False,False,False,False,False,none
617,1.2630776525655178,4.961341099073926e-05,0.7647924088520889,5.301159315860042e-05,False,False,False,False,False,none
618,3.413052057819777,2.4186010794198447,0.4315790740076961,2.5842588500735975,False,False,False,False,False,none
619,2.277427982707959,2.004186832093143,0.20587117356939427,2.141460037419669,False,False,False,False,False,none
620,0.27591255539391846,0.028140853090659366,1.1360606972503193,0.030068310672217886,False,False,False,False,False,none
621,3.76027597626231,0.019415247984705904,0.782162314221892,0.020745060794765364,False,False,False,False,False,none
622,3.82844091182125,0.1922599584103701,0.6588112591406936,0.20542846162789324,False,False,False,False,False,none
623,0.6764585243649629,0.0724435742685342,1.0026526459904541,0.07740546778360434,False,False,False,False,False,none
624,4.439545199578293,0.14989565340072247,1.024157094508016,0.16016248904565142,False,False,False,False,False,none
625,0.8561317266764512,0.1396464030973844,0.9197555882295657,0.14921123460836558,False,False,False,False,False,none
626,2.0431485070896187,0.3901275226115789,0.15972843071662512,0.4168486120117408,False,False,False,False,False,none
627,3.220197911462648,0.0273100300607286,0.4434559866626989,0.029180581899493383,False,False,False,False,False,none
628,-4.54202803597636,1.6335459421004723,3.412353298753903,1.7454327602001982,True,False,True,False,True,score
629,4.532141108158302,0.11158422524993103,1.673940046483392,0.11922698789992693,False,False,False,False,False,none
630,1.2704567416061394,0.0239711167746639,0.24378953885869353,0.025612975698304227,False,False,False,False,False,none
631,3.104386772263317,0.6103794669853095,0.6950005629705471,0.6521863207959705,False,False,False,False,False,none
632,2.076341674162861,0.14284169421645765,0.05707561739111011,0.15262538149818974,False,False,False,False,False,none
633,0.7539826922998573,0.11662033890534745,0.5960990314150348,0.12460804118512114,False,False,False,False,False,none
634,5.4492749818256545,0.04126362213945812,1.8018125615390328,0.04408990040042753,False,False,False,False,False,none
635,1.9125998701507994,0.011760570929510716,0.2749484265517096,0.012566090276366133,False,False,False,False,False,none
636,0.7841466187150453,0.1697617459895968,0.7676130718194978,0.1813892742422804,False,False,False,False,False,none
637,2.599251882629349,1.0021228877984012,0.26680581093042277,1.070761509076783,False,False,False,False,False,none
638,2.45322551260206,0.003650736594934362,0.14257598509141392,0.003900787291887647,False,False,False,False,False,none
639,2.0665612976910674,0.3555269357589698,0.07359282673649739,0.379878119625686,False,False,False,False,False,none
640,2.613661413652437,0.28023556173392417,0.20664116637427066,0.2994297971164204,False,False,False,False,False,none
641,4.799916305504444,0.021003821609516894,1.2263333677049337,0.022442440938950217,False,False,False,False,False,none
642,2.504954461012172,4.188924879211883,0.13271076276539873,4.475837823570916,False,False,False,False,False,none
643,3.5499756248944765,0.08860006517955481,0.4009949477089147,0.09466856874647743,False,False,False,False,False,none
644,2.726633576334902,0.3268777444848699,0.07878358832008155,0.34926665305208165,False,False,False,False,False,none
645,3.740571091649291,1.247401789995036,0.4290513527803515,1.332840352558502,False,False,False,False,False,none
646,-2.908328504606997,1.1701851954994087,2.883563974020661,1.2503349450335308,True,False,True,False,True,score
647,2.865360911202475,2.2321113767132656,0.495201992200286,2.384995867530534,False,False,False,False,False,none
648,5.783523796795513,0.4576063536995558,1.8123873342541725,0.4889492853784935,False,False,False,False,False,none
649,1.333715885049797,1.158889620867348,0.7096448771177818,1.238265700147321,False,False,False,False,False,none
650,1.3446725821983345,0.09982452951046764,0.5623984615303594,0.1066618327581907,False,False,False,False,False,none
651,4.984790490773876,2.6219229361922247,1.3166819596140553,2.801506875077976,False,False,False,False,False,none
652,3.3592057684787067,0.4073428404045404,0.2644262998758496,0.4352430623168576,False,False,False,False,False,none
653,4.551224247550577,0.05317029399741717,0.7900444749010017,0.056812098527964046,False,False,False,False,False,none
654,3.6867278541950617,3.7434167249399986,0.21248324756857628,3.9998153822292295,False,False,False,False,False,none
655,1.5157554455825193,2.1982193048357135,0.883617031186826,2.348782418590081,False,False,False,False,False,none
656,1.6208571900140056,0.3018883347929173,0.655886261183186,0.32256563827785767,False,False,False,False,False,none
657,0.1549040502611434,1.4412788653510993,1.236156810961207,1.5399966926753579,False,False,False,False,False,none
658,2.367940769951728,0.13369512887415091,0.0850925858504941,0.1428523384632042,False,False,False,False,False,none
659,2.6044256698746837,0.4283081948010255,0.18284353688331956,0.4576444012995733,False,False,False,False,False,none
660,3.3488003445368957,0.47216969708371204,0.5075303920501395,0.5045101190138586,False,False,False,False,False,none
661,3.1571405942756607,0.00029548172891035156,0.3130091248455903,0.00031572022334282196,False,False,False,False,False,none
662,2.952143552679824,0.1529800979547162,0.15091933487408968,0.16345819713246484,False,False,False,False,False,none
663,0.8816256486272795,0.8680018895479356,0.8841161688443944,0.9274541320732914,False,False,False,False,False,none
664,3.4992472857471038,2.4371605195354293,0.5630758848642992,2.604089485964414,False,False,False,False,False,none
665,2.600096626415744,3.704322961743696,0.014090169901957272,3.958043961393281,False,False,False,False,False,none
666,3.5443468180358817,1.1031145093931396,0.46953011509088594,1.1786703718116374,False,False,False,False,False,none
667,5.440907461669786,1.4963981778710078,1.2960518088333681,1.598891304276091,False,False,False,False,False,none
668,4.084941780760743,0.11976170651483127,0.3787721151556609,0.12796457117066568,False,False,False,False,False,none
669,2.415705461458961,0.15135302098808012,0.5070863133899302,0.16171967642867485,False,False,False,False,False,none
670,3.166668791701265,0.17172290626060824,0.04121592038571468,0.18348476069099634,False,False,False,False,False,none
671,0.11463933804150556,0.3012622809369563,1.5141658165023173,0.32189670397874703,False,False,False,False,False,none
672,3.7078648314665985,0.6964163059258832,0.5325105230345212,0.7441160996902509,False,False,False,False,False,none
673,4.268925792943455,0.14076604699426665,0.6982992420662456,0.15040756651860474,False,False,False,False,False,none
674,2.0604416927211417,0.5188130483662512,0.5131691903187732,0.5543482235176023,False,False,False,False,False,none
675,-0.7035255424362337,1.3903346408964223,1.7519277617182265,1.4855631343563007,False,False,False,False,False,none
676,2.2675825332674835,0.5250941591881689,0.040378581056525684,0.5610595478314604,False,False,False,False,False,none
677,4.051936860487065,0.039613542027573494,0.8982752685263707,0.04232680099194999,False,False,False,False,False,none
678,8.42554028211483,0.6351843662620678,2.841191841991546,0.6786901874429345,True,False,False,False,False,none
679,2.0690300230944807,0.6935263627538778,0.8119508999708799,0.7410282150109568,False,False,False,False,False,none
680,2.4813467866422227,2.330921950849538,0.4494575603291237,2.4905742958481825,False,False,False,False,False,none
681,-0.5515320081851285,4.635752155056578,1.831465042743127,4.953269737366685,False,False,False,False,False,none
682,1.3289604975431477,1.992159813101623,0.5525424121242051,2.1286092491961335,False,False,False,False,False,none
683,3.996098099006188,0.21939228703257058,0.8523656883889893,0.23441917074551502,False,False,False,False,False,none
684,4.594042035830921,0.12609873720306275,0.9720832041816462,0.1347356454824238,False,False,False,False,False,none
685,4.650540436736782,1.6128872104239154,0.8050860367594493,1.723359045514168,False,False,False,False,False,none
686,3.002280110088364,0.0038370005324394867,0.1558552300611293,0.004099809045844127,False,False,False,False,False,none
687,2.750087267101547,0.014692074288574514,0.24707693928871075,0.01569838173366521,False,False,False,False,False,none
688,-0.178055289974682,0.304785266683824,1.6187305677084354,0.32566099035589935,False,False,False,False,False,none
689,6.5300306980953655,2.1801738512355686,1.960544595515103,2.3295009738050845,False,False,False,False,False,none
690,4.366282206270784,4.967031588168885,0.5183379162062891,5.3072395648643225,False,False,False,False,False,none
691,3.338518378006648,0.888521023520292,0.08411799578875098,0.9493786875591542,False,False,False,False,False,none
692,1.4465058019431818,1.7406900138804242,0.9855148718443977,1.8599154742311863,False,False,False,False,False,none
693,2.8706704280735496,2.3062194112155105e-05,0.09724465243091104,2.464179799785259e-05,False,False,False,False,False,none
694,4.807091399850749,0.08997886227158043,0.8619767760890282,0.09614180408811454,False,False,False,False,False,none
695,1.0388574072441428,0.3279333498972342,1.1391958563948499,0.3503945602759313,False,False,False,False,False,none
696,9.060923473430908,0.2591166851729641,2.981865489344015,0.27686442074217177,True,False,True,False,True,score
697,2.3283591394809173,0.049792696372745,0.8819163458316992,0.053203158373335335,False,False,False,False,False,none
698,2.2635482448852393,2.65333926885717,0.7369867208892616,2.835075013460564,False,False,False,False,False,none
699,2.286573773379229,0.01566489594814005,0.5784147619211737,0.01673783507910015,False,False,False,False,False,none
700,0.2290264996764872,0.033430361022609496,1.4612886158369338,0.035720114023333374,False,False,False,False,False,none
701,-2.086026040219707,0.7110561028653875,2.292558648362519,0.7597586234309868,False,False,False,False,False,none
702,3.8434280286118296,8.269793310776212,1.0436010429141624,8.836218065684168,False,True,False,True,True,residual
703,5.483937709814319,3.424534631123556,1.6310433958931825,3.6590920276887555,False,False,False,False,False,none
704,3.9181868303425,0.005811042588781093,0.5449536594724712,0.006209059594819311,False,False,False,False,False,none
705,2.546422760700863,3.5835302877297948,0.22977358593278494,3.8289778084420227,False,False,False,False,False,none
706,1.0941643840758675,0.031963640459422814,0.8886204084335143,0.03415293304906981,False,False,False,False,False,none
707,5.961135995817974,0.2373079003146249,1.6511138642647525,0.2535618820312268,False,False,False,False,False,none
708,-2.337673629976301,0.13776718976671354,2.7066386484574956,0.14720330790962807,True,False,False,False,False,none
709,5.588265950844153,0.16553132128511844,1.68125971215221,0.1768690941368698,False,False,False,False,False,none
710,1.3095350783680972,0.051077567338079985,0.7315208668951836,0.05457603428562345,False,False,False,False,False,none
711,-0.12247593243779606,1.0517554308116943,1.2801919000704278,1.1237935446717262,False,False,False,False,False,none
712,3.3803776557960026,0.07988027687578458,0.6758308918248076,0.08535153408270735,False,False,False,False,False,none
713,3.8803405343389974,0.20928014442918597,0.7833037729104779,0.22361441495574608,False,False,False,False,False,none
714,3.2741410332000482,0.3523053736828169,0.3324458226796899,0.3764359023963955,False,False,False,False,False,none
715,4.594825071424408,0.20827142696570078,0.9069033096233249,0.2225366071872733,False,False,False,False,False,none
716,2.209787298428753,4.760860610418229,0.43196993191118643,5.086947273417788,False,False,False,False,False,none
717,2.1742259379398696,0.7194865319909483,0.36283437696880566,0.768766479775314,False,False,False,False,False,none
718,-3.083389630613336,0.9059131697519311,2.841862732453858,0.9679620778517232,True,False,False,False,False,none
719,-0.0587509895411128,0.8008972898561888,0.8055902546991105,0.8557533224153216,False,False,False,False,False,none
720,3.7824884492732505,0.8699114138483517,1.2197356495812446,0.9294944458376285,False,False,False,False,False,none
721,1.8410141289227109,0.3523871426809161,0.03356356006352225,0.3765232720162959,False,False,False,False,False,none
722,3.608501455591239,0.0030055298970476404,0.8846374576958436,0.003211388311076607,False,False,False,False,False,none
723,1.04171523352087,0.1833705776820659,0.5379877075365862,0.19593021860870785,False,False,False,False,False,none
724,2.54112653278811,0.03512437252622001,0.29729535423194425,0.037530153825921266,False,False,False,False,False,none
725,2.846235163645452,0.2703707846066238,0.3859098192393361,0.28888934966018065,False,False,False,False,False,none
726,-1.1142922506270871,0.639018005548061,1.6133721403682992,0.6827864050197472,False,False,False,False,False,none
727,1.2358315867376382,0.03584013986348135,0.1501493596799984,0.038294946371352084,False,False,False,False,False,none
728,3.208947554610921,1.4822443233402898,0.8374616111307759,1.5837680067034148,False,False,False,False,False,none
729,5.587540141715455,0.2990565320171211,1.824333928601881,0.31953987621759694,False,False,False,False,False,none
730,2.3134379315191858,2.7869179614525263,0.12950098839734683,2.9778029405495627,False,False,False,False,False,none
731,4.080844510201247,1.3724351641543873,0.7541466307867289,1.4664376648541593,False,False,False,False,False,none
732,2.9275521896755734,0.4899472395508151,0.043608222348144286,0.5235053025702102,False,False,False,False,False,none
733,-1.5076139266962116,1.4617304928276584,2.117562296165675,1.5618491179282996,False,False,False,False,False,none
734,1.6101644008728384,0.21569406318011342,0.18094789788155374,0.2304676436410294,False,False,False,False,False,none
735,5.043899917576341,0.2974060693184072,1.521682115438917,0.317776368017687,False,False,False,False,False,none
736,-0.052868011955266095,0.43565570104379403,1.2561879033102976,0.46549516188816953,False,False,False,False,False,none
737,4.1329736728027076,3.2507329505818228,1.0264978767835948,3.4733861107769113,False,False,False,False,False,none
738,2.866741988973865,1.2006371162322016,0.20667814803832957,1.2828726158073884,False,False,False,False,False,none
739,3.7172320843108357,0.5120280222651024,0.5780973961648403,0.5470984691455086,False,False,False,False,False,none
740,1.8524772787607613,0.02974267414417154,0.44251397655288766,0.031779845604124064,False,False,False,False,False,none
741,4.426530462474938,0.0794288442215185,0.8952132517644739,0.08486918135330264,False,False,False,False,False,none
742,3.555957323541022,1.4484310077258673,0.29366913844397524,1.5476387082959802,False,False,False,False,False,none
743,6.5872270565668725,1.2522017202773401,1.7060534047744542,1.3379690455113538,False,False,False,False,False,none
744,3.410405065557012,0.5620602726865558,0.17691394056932816,0.6005575893952003,False,False,False,False,False,none
745,1.6005206859590086,2.0837667611611943,1.0198936518070718,2.2264906519068135,False,False,False,False,False,none
746,3.050840286106239,1.9211818754780132,0.1120542974167914,2.0527698042274807,False,False,False,False,False,none
747,2.6992786315914987,0.3091247846829517,0.26026128348019795,0.33029773590675693,False,False,False,False,False,none
748,3.567576087536037,0.12403389937229747,0.21318801502769935,0.13252938026426642,False,False,False,False,False,none
749,6.105915028532723,0.2845570059738385,1.4024422176802547,0.3040472309781373,False,False,False,False,False,none
750,1.7305534689360669,0.20614291502108567,1.0014711022602676,0.22026230661031398,False,False,False,False,False,none
751,2.1697085398052494,2.0358471126413136,0.588048711854471,2.1752888324609945,False,False,False,False,False,none
752,1.834380322151197,0.011326625824752405,0.6331784984181016,0.012102422875007502,False,False,False,False,False,none
753,2.8811484055495384,0.025721464717143927,0.0014685639468627922,0.027483210603742685,False,False,False,False,False,none
754,2.580578650872779,0.7902993789427581,0.14469590386058345,0.8444295264808163,False,False,False,False,False,none
755,0.056724865921163964,0.08562692127999692,1.3406186775523807,0.09149178465407233,False,False,False,False,False,none
756,1.6513315753048599,1.91113503026222,0.29860974223250736,2.0420348182534975,False,False,False,False,False,none
757,1.172489034429116,0.34506904375549874,0.471276854513141,0.3687039329468449,False,False,False,False,False,none
758,3.902404482986686,0.49556096120584286,0.947845111981736,0.5295035260855719,False,False,False,False,False,none
759,3.0792707494583578,2.3658477622563857e-05,0.35879764133050485,2.5278922884647234e-05,False,False,False,False,False,none
760,4.5411829928000955,0.04998767483619763,0.9965248108719056,0.0534114915391636,False,False,False,False,False,none
761,7.0136458800198485,1.7526516883172931,1.9971410733090116,1.8726964422412529,False,False,False,False,False,none
762,-0.17003331164942073,0.2943399858271646,1.8886283024032349,0.31450027860189594,False,False,False,False,False,none
763,3.763449718892594,0.20420884860629818,0.3980723317336998,0.21819576976321906,False,False,False,False,False,none
764,1.1964219292928076,2.40953270767403,0.9273570444465172,2.574569356366144,False,False,False,False,False,none
765,3.480171434208735,0.44411019018439624,0.36645031432070096,0.47452872619539016,False,False,False,False,False,none
766,3.7123509490113227,0.8977658753026014,0.40584025533920726,0.9592567489886904,False,False,False,False,False,none
767,3.247530488717606,4.2429932577647405,0.09908825766366133,4.5336095193554335,False,False,False,False,False,none
768,-0.20581297605417714,1.129485885119102,1.5966858422639778,1.2068480079205164,False,False,False,False,False,none
769,3.531903878805138,0.002731512875233903,0.5366182046874717,0.0029186029816899092,False,False,False,False,False,none
770,4.664690402494752,0.21004943383632738,0.9790518926688728,0.2244363954698497,False,False,False,False,False,none
771,4.224502367677083,0.6343449578285238,0.569612032160675,0.6777932852246767,False,False,False,False,False,none
772,2.3190505515824507,0.19514356032269786,0.46905310283773854,0.2085095707142291,False,False,False,False,False,none
773,1.169106929277703,0.38093501620069037,0.9333263939206073,0.4070264812565543,False,False,False,False,False,none
774,-1.0327623517769438,0.7157736381759696,1.8152594337662447,0.7647992779153678,False,False,False,False,False,none
775,5.630181129244791,0.32752281849375325,1.7814132052301206,0.34995591025559253,False,False,False,False,False,none
776,6.809586484182054,0.10675674466760421,1.9975126715657079,0.11406885763835067,False,False,False,False,False,none
777,3.4775453913668866,5.286494995648655,0.019076553598625284,5.648584049111513,False,False,False,False,False,none
778,-0.9732556717516622,1.0855539680461037,2.1752979778143855,1.1599070524803459,False,False,False,False,False,none
779,2.9094496433132546,0.10161306362270742,0.1440934475771418,0.10857286932703358,False,False,False,False,False,none
780,3.652467374294976,3.0492809649019676,0.47587177663625074,3.258136030353172,False,False,False,False,False,none
781,4.1241446307813465,0.011934989219208063,0.6096090681329265,0.012752455035978822,False,False,False,False,False,none
782,2.30644944355931,1.0968793101780051e-05,0.39446594030843574,1.1720081037382482e-05,False,False,False,False,False,none
783,2.1226362354263975,1.3094965304591946,0.40477990311752615,1.3991881616093509,False,False,False,False,False,none
784,2.097462516647485,0.800267932222827,0.336041084426504,0.8550808580524649,False,False,False,False,False,none
785,2.5573885037304445,2.7093912942653127,0.04562427803966119,2.8949662224565875,False,False,False,False,False,none
786,7.526373474838504,0.013204804023753344,2.3750192953730407,0.0141092435425761,False,False,False,False,False,none
787,0.8243649148185204,1.0763217646724317,1.3525641515548852,1.1500425057896555,False,False,False,False,False,none
788,2.937300967519924,0.06710141167007394,0.05661355674253687,0.07169740327843399,False,False,False,False,False,none
789,4.844099080261057,0.01648611148502115,0.8801052599849444,0.017615298310660433,False,False,False,False,False,none
790,-0.27485552233759525,0.7941040499818173,1.7802168940551795,0.8484947916822465,False,False,False,False,False,none
791,0.5284369889869868,0.27620120303945606,1.0343242928787855,0.295119112212959,False,False,False,False,False,none
792,8.52242894464858,0.2925376925358345,3.052137977069271,0.31257454044351174,True,False,True,False,True,score
793,2.456923274176659,0.07111466045661644,0.501965347360169,0.07598553238844719,False,False,False,False,False,none
794,5.455249656218342,2.6277983372212628,1.0535579417488548,2.807784701229722,False,False,False,False,False,none
795,-2.1587215329806493,2.1901486211081878,2.8523216027006395,2.3401589477637117,True,False,False,False,False,none
796,6.4656120205846905,0.4925453306991753,1.9036538260320226,0.5262813453416202,False,False,False,False,False,none
797,1.4369036645997955,1.0077578550611836,0.917580260748044,1.0767824333799398,False,False,False,False,False,none
798,1.2206089272238603,0.39468558080967686,0.8390351052257238,0.42171886628302835,False,False,False,False,False,none
799,4.200342622801105,0.10405104365093726,0.7748788416279995,0.11117783445247996,False,False,False,False,False,none
800,2.9777022064669127,2.798333340835762,0.026538378847097574,2.9900001959998708,False,False,False,False,False,none
801,0.4664519741521733,0.1649085174428192,1.197514568950812,0.17620363245531473,False,False,False,False,False,none
802,4.87099255442701,0.289892739384994,1.1795742128631934,0.30974842594027613,False,False,False,False,False,none
803,3.4324163895609923,9.609650759461564,0.2454980015737162,10.26784666250623,False,True,False,True,True,residual
804,3.938295853054983,0.18788266950749266,0.44190886310622485,0.2007513581225465,False,False,False,False,False,none
805,5.12872441241641,0.30751267359270107,0.9312589149523995,0.3285752061403842,False,False,False,False,False,none
806,2.115079598709248,1.7905943702297535,0.7175573393187173,1.9132379405322086,False,False,False,False,False,none
807,6.733738047951963,0.00031283602911114073,1.6674544281549566,0.00033426317540810477,False,False,False,False,False,none
808,1.6973720345169263,0.6192709783808823,1.110256148566394,0.6616868404186819,False,False,False,False,False,none
809,5.988079776301652,0.02469916634605451,1.1941362619124893,0.026390891727602363,False,False,False,False,False,none
810,2.331127370525433,0.4309292523814837,0.8194617390086147,0.46044498354791846,False,False,False,False,False,none
811,1.5461666266428777,8.293075020757586,1.0365219474374292,8.861094414899494,False,True,False,True,True,residual
812,2.09590751372585,0.4754118457947185,0.5624205265941494,0.5079743329228686,False,False,False,False,False,none
813,4.542515036476964,0.08001849978018535,0.7374368291051481,0.08549922431861275,False,False,False,False,False,none
814,-0.2620722891600643,1.0193770621379492,1.7417847509406337,1.089197477338397,False,False,False,False,False,none
815,1.119890632076873,0.3672052268381118,0.7227416402484087,0.3923562944399665,False,False,False,False,False,none
816,1.007519435980512,0.058098030520173885,0.6327286437209827,0.06207735158194002,False,False,False,False,False,none
817,4.8033001162559374,0.003385777172367709,1.3359631596016408,0.0036176799458665703,False,False,False,False,False,none
818,4.572343027793389,0.8634609553900024,0.9566837845988658,0.9226021747227824,False,False,False,False,False,none
819,0.26175194697254484,0.01261953861505373,1.3266438188707428,0.013483891422731384,False,False,False,False,False,none
820,4.6449568844980345,1.7675750235538272,1.0659163236008353,1.8886419247293693,False,False,False,False,False,none
821,1.2998815855749142,0.6787310303210528,0.7706793166292243,0.725219502650471,False,False,False,False,False,none
822,1.3846068785687726,6.5085824971900665,0.5754250697473469,6.954376256142317,False,True,False,False,False,none
823,2.9809857496011984,3.448244446001638,0.31440519913580306,3.6844258040827476,False,False,False,False,False,none
824,1.8568905074480833,0.016761920536642053,0.2940151676986261,0.017909998411742293,False,False,False,False,False,none
825,2.2502508219186073,0.15852987317865253,0.04430880748296885,0.16938809431989885,False,False,False,False,False,none
826,0.11024899230430002,0.2930201222340062,1.0740202150053497,0.31309001330410335,False,False,False,False,False,none
827,1.0625331754596372,0.12364847649626169,0.397059183061642,0.13211755853521334,False,False,False,False,False,none
828,1.767461409304451,0.13835272384942043,0.02446430019685167,0.1478289471058274,False,False,False,False,False,none
829,0.9036449080367075,1.1694969976001635,0.39965093094404935,1.2495996102456406,False,False,False,False,False,none
830,1.8541153077584551,1.6927858841662249,0.14155598942197292,1.8087302365239872,False,False,False,False,False,none
831,2.149557445054593,5.080559135466698,0.2566270412848555,5.4285429791925335,False,False,False,False,False,none
832,-1.1923073822207244,0.0088726086363165,1.4165526551630336,0.009480322152647186,False,False,False,False,False,none
833,1.5221397615653833,0.3041451439060632,0.18411748427913127,0.324977023509263,False,False,False,False,False,none
834,3.769390222221727,1.4267743576456051,1.2379164346591816,1.5244987245636115,False,False,False,False,False,none
835,2.6395976815721394,1.8614386542104526,0.4420288411427486,1.9889345774898688,False,False,False,False,False,none
836,1.8421990216571984,0.23967995123259467,0.033365779963839444,0.2560964023495006,False,False,False,False,False,none
837,1.7137184169600364,0.014183494384801314,0.08904607943603962,0.01515496755574268,False,False,False,False,False,none
838,5.426350286011203,0.36445366746549174,1.7305559163836266,0.3894162719117776,False,False,False,False,False,none
839,6.143830913448592,0.04382810307127824,1.732648233980389,0.046830030883413525,False,False,False,False,False,none
840,0.1098262205209814,0.13821269974097597,1.5422692716889923,0.1476793322956173,False,False,False,False,False,none
841,2.2729736857827954,8.00500790109246,0.18400934384086104,8.553296651248292,False,True,False,True,True,residual
842,1.5110596627797204,2.067457801109242,0.5169751315484389,2.2090646387009216,False,False,False,False,False,none
843,3.441876320998132,0.11319179138943453,0.5234725401236765,0.12094466141725088,False,False,False,False,False,none
844,1.6831445180396916,0.004718463658269903,0.43475939799858593,0.0050416464175892855,False,False,False,False,False,none
845,1.5136567400523735,0.00015173353689980002,0.43006233531460875,0.0001621262550996361,False,False,False,False,False,none
846,1.3652214949437587,0.27283010417963877,0.41608759306725257,0.29151711594450225,False,False,False,False,False,none
847,1.3372404922873524,4.123490648403853,0.34644965097520614,4.4059217917365245,False,False,False,False,False,none
848,-1.8932491110866798,0.003887766974584787,1.8449620368481419,0.004154052644971359,False,False,False,False,False,none
849,3.402115865310857,0.315534674200537,1.093945923182708,0.337146659383541,False,False,False,False,False,none
850,4.2588668967966,1.4775550853731407,1.2909501371858263,1.5787575877385756,False,False,False,False,False,none
851,-0.029006732544520575,1.1945142403141396,1.0482056361452634,1.2763303644151291,False,False,False,False,False,none
852,2.726459268303138,0.021354517604166536,0.49870213124370333,0.022817157230764697,False,False,False,False,False,none
853,2.729109207809735,0.16317875363347936,0.4002477581342586,0.17435539155653212,False,False,False,False,False,none
854,4.652129318591952,0.1138676918807412,1.2534670770776073,0.12166685650816159,False,False,False,False,False,none
855,-0.8176876500660999,0.5224561716106471,1.6518059113454788,0.5582408759960743,False,False,False,False,False,none
856,1.758160904183589,0.7726228096349146,0.07134897734415381,0.8255422320603194,False,False,False,False,False,none
857,6.766065442207373,1.8584322815987182,2.373327752466998,1.9857222887438648,False,False,False,False,False,none
858,2.238900173047047,0.4349411129936324,0.2984351627103771,0.46473162940300666,False,False,False,False,False,none
859,2.7775941936305024,1.811011999461201,0.022687700561696285,1.9350540388908295,False,False,False,False,False,none
860,2.993726425169198,2.313697112540962,0.12304219069436928,2.472169672936701,False,False,False,False,False,none
861,3.898496067873099,0.4517712331644599,0.5375312626844995,0.48271449866133675,False,False,False,False,False,none
862,5.0227066239182765,0.018291760420486216,0.975620300618382,0.01954462195204443,False,False,False,False,False,none
863,3.551100319206564,0.18331878578622549,0.06630487753301832,0.19587487931926215,False,False,False,False,False,none
864,2.3784277395174582,0.00334273713162126,0.516070694258241,0.0035716919542324896,False,False,False,False,False,none
865,2.1166568163821484,1.1862152457574515,0.5398976884726613,1.2674629450162351,False,False,False,False,False,none
866,2.381273055326461,0.09372412896937833,0.3034961456886251,0.10014359615379566,False,False,False,False,False,none
867,1.930918868614924,3.977481179000444,0.4613601758908523,4.249911663935366,False,False,False,False,False,none
868,3.1782801869749946,0.0013536162499271933,0.23627395729748116,0.0014463297826348774,False,False,False,False,False,none
869,2.027912925928601,3.294800520857736,0.36927034368825673,3.5204720107443777,False,False,False,False,False,none
870,3.558311541359622,0.17505309678400102,0.44730782831659116,0.18704304667942953,False,False,False,False,False,none
871,3.197267721868677,2.219310992928078,0.18262658827056152,2.3713187442700314,False,False,False,False,False,none
872,3.075424630345969,0.4786497695982783,0.08696909421610731,0.511434032546926,False,False,False,False,False,none
873,2.568601243725631,2.6396138245517617,0.1763932857241305,2.820409469308094,False,False,False,False,False,none
874,-0.13742392464670428,0.45470830632997405,1.4543869331492871,0.4858527414190528,False,False,False,False,False,none
875,7.90062198041223,0.03296474463897632,2.737467869860456,0.03522260607529594,True,False,False,False,False,none
876,1.8942587076956234,4.562926398784645,0.7249987906293927,4.87545591070446,False,False,False,False,False,none
877,1.8852782579593652,1.21745650142933,0.5843573718342252,1.3008440148191271,False,False,False,False,False,none
878,0.13867473867855495,0.5926959848951021,1.3151372998804793,0.6332916401144013,False,False,False,False,False,none
879,2.239842728613583,0.04892578519944613,0.03238328278206897,0.05227686966417679,False,False,False,False,False,none
880,2.405556022484304,0.42329050225884657,0.0545163801392066,0.45228303084893884,False,False,False,False,False,none
881,1.5852282473188455,0.0856174826462921,0.3545035728456007,0.09148169953797283,False,False,False,False,False,none
882,-0.8168462336835512,1.62242467305901,1.4493635933520639,1.733549759655378,False,False,False,False,False,none
883,-1.0705290173126674,5.149778377780763,1.2826067191978827,5.502503270150651,False,False,False,False,False,none
884,6.74788532761673,0.005827063796087176,2.7683017370958,0.00622617814616782,True,False,False,False,False,none
885,0.2890539625700325,3.0855121103214884,0.9199208644895991,3.2968487635092982,False,False,False,False,False,none
886,3.200061532605373,0.7598275689400823,0.676816473014127,0.8118706041569804,False,False,False,False,False,none
887,6.229823004981877,1.1895025431537347,2.011839292195502,1.2709753999892588,False,False,False,False,False,none
888,0.21090161702467686,0.08735229294756544,1.3115962837854234,0.09333533257916038,False,False,False,False,False,none
889,5.026247162226341,0.5697181688085848,1.2876783033803465,0.6087399994646794,False,False,False,False,False,none
890,5.525105113762755,2.272763201071909,1.272245465443856,2.4284320661514585,False,False,False,False,False,none
891,5.698518259800159,0.11694873246127008,1.1019562259296385,0.12495892747241402,False,False,False,False,False,none
892,4.021545694152379,0.788719532202482,0.06770646540935941,0.84274147095357,False,False,False,False,False,none
893,2.695850343674656,0.8000609157741514,0.5892135398989015,0.8548596623810691,False,False,False,False,False,none
894,4.388090717139329,0.0069753220016086186,0.34989736658882864,0.007453084251121768,False,False,False,False,False,none
895,4.66476307611485,3.42730366846355,0.4141909040062687,3.6620507253065457,False,False,False,False,False,none
896,2.683488208955647,2.0928779310182177,0.6301880049419517,2.236225875105831,False,False,False,False,False,none
897,5.052425658747736,5.720013327237211,0.6455284609854095,6.111795446232695,False,False,False,False,False,none
898,-0.5679527978662513,0.09240783552933497,2.2112264247750244,0.09873714554039321,False,False,False,False,False,none
899,4.21676345466341,0.0022219455202945786,0.5531093614492886,0.002374133718893409,False,False,False,False,False,none
900,3.1854542419196825,0.9604299966922676,0.05802146484962256,1.026212937696824,False,False,False,False,False,none
901,4.311641650806614,0.9278075911221486,0.50013751324773,0.9913561185948114,False,False,False,False,False,none
902,3.297155586221832,0.04474098873110463,0.09223443156114769,0.04780544301962142,False,False,False,False,False,none
903,1.136496605805963,1.0377915452671065,1.1223859218513592,1.108873227672334,False,False,False,False,False,none
904,6.693207073414886,0.002138173617531658,1.7988414801136443,0.0022846240089438407,False,False,False,False,False,none
905,5.486189058230374,0.1438680940628057,0.8532902619711229,0.15372208277282715,False,False,False,False,False,none
906,4.995649847477506,2.8985865535312794,0.44456658945007216,3.097120073833899,False,False,False,False,False,none
907,4.234470436837199,0.5414588225543258,0.013757867141248142,0.5785450796507922,False,False,False,False,False,none
908,2.6626143880678494,0.08427257678691716,0.7738502760035422,0.09004467674856798,False,False,False,False,False,none
909,0.08352678089881971,0.015585311092338721,1.870747930749541,0.01665279920043191,False,False,False,False,False,none
910,2.6154347183068776,0.3439602266548577,0.267827595982044,0.36751916939496065,False,False,False,False,False,none
911,2.078723204628364,0.35503323869341497,0.47473576886211694,0.3793506076594624,False,False,False,False,False,none
912,1.830228718852662,1.1953210727976713,0.5003865052430515,1.2771924594517337,False,False,False,False,False,none
913,6.536699155528944,1.0235046202625466,1.8838074954599562,1.0936077452008601,False,False,False,False,False,none
914,5.271223048376989,0.2797284607356205,0.8928925350321508,0.298887963138962,False,False,False,False,False,none
915,3.2998199155249646,0.11924463975829613,0.24243580777655674,0.12741208884812602,False,False,False,False,False,none
916,4.4267879161682036,0.33019043514071,0.352984871130922,0.35280624055072135,False,False,False,False,False,none
917,3.194944761085697,2.7749311252714763,0.31544301688422416,2.964995087386489,False,False,False,False,False,none
918,3.945727611709816,1.3036489409486647,0.1120111275063512,1.3929400518765092,False,False,False,False,False,none
919,3.8443898619431334,0.5017811320205389,0.04042825811030237,0.5361497364150172,False,False,False,False,False,none
920,5.464082641632988,0.12773380853408706,0.8184024311860654,0.13648270811034371,False,False,False,False,False,none
921,3.315877545484579,0.4771494643570773,0.387832385395655,0.50983096657198,False,False,False,False,False,none
922,0.894401931083435,0.18419981605449756,1.4854422879572937,0.19681625418564191,False,False,False,False,False,none
923,-1.0334731979795668,0.5818104732608955,2.123978910006393,0.6216605447602948,False,False,False,False,False,none
924,2.817767037286732,0.14946770368943896,0.16987825336519216,0.15970522768155904,False,False,False,False,False,none
925,1.7722727656219486,0.084992513269179,0.3714905611304101,0.09081392399715611,False,False,False,False,False,none
926,0.9022289578496441,0.7483134767277382,0.7194370199691458,0.7995678747182541,False,False,False,False,False,none
927,6.60716506705705,0.1064590997823379,2.193136602885616,0.11375082609711233,False,False,False,False,False,none
928,5.839859010074423,0.4548067136634,1.3821247954449805,0.48595788898740633,False,False,False,False,False,none
929,2.3664848719195897,1.261227984501898,0.5799777812665056,1.3476135476179236,False,False,False,False,False,none
930,7.065909024101307,2.305925561837733,1.8167148130707875,2.463865823718031,False,False,False,False,False,none
931,3.315224196636602,0.026942015960834672,0.36688856864472513,0.028787361329679163,False,False,False,False,False,none
932,1.6776135457295183,0.0014070655765964675,1.088266476053883,0.0015034400256802828,False,False,False,False,False,none
933,3.020455824911199,0.35056450729507815,0.21891282148699473,0.3745757984678929,False,False,False,False,False,none
934,1.641379852381543,0.9647605778046788,0.8444153406356167,1.0308401342448363,False,False,False,False,False,none
935,2.573971886167106,0.0524267622665913,0.2229321622996684,0.05601763991631147,False,False,False,False,False,none
936,1.880848567557443,2.2020089789532413,0.5147282840822827,2.3528316596825665,False,False,False,False,False,none
937,6.662161327343726,0.235654899726781,1.9086561108155686,0.25179566211399385,False,False,False,False,False,none
938,1.3510448209192985,0.8829094253155967,1.0506351044155646,0.9433827329360711,False,False,False,False,False,none
939,3.8802105068820483,0.04059493559440208,0.386931811655767,0.04337541336215965,False,False,False,False,False,none
940,1.09633543242651,0.06346751149350498,1.0415085162466748,0.06781460558538285,False,False,False,False,False,none
941,3.605191951341472,1.08074326121862,0.3843767560471025,1.1547668448620576,False,False,False,False,False,none
942,6.091055687399316,0.795870887327514,1.5139262510128146,0.8503826454031886,False,False,False,False,False,none
943,3.648936882081041,0.08834496018158204,0.025946188515462876,0.09439599078630086,False,False,False,False,False,none
944,3.272563155263523,1.3914260722853204,0.16190254451469807,1.4867293213930999,False,False,False,False,False,none
945,5.911055512649997,0.8350268981388824,1.150975640194946,0.8922205773936634,False,False,False,False,False,none
946,1.3213913170852942,0.0014799986033857417,1.306648465874244,0.0015813684701627632,False,False,False,False,False,none
947,1.8785670004380222,0.04730431703892288,0.7749135295112394,0.05054434193167866,False,False,False,False,False,none
948,2.9169928705806045,0.06711988789810155,0.1159680550633017,0.07171714500277317,False,False,False,False,False,none
949,2.9991205821267126,0.009565979108870033,0.052916703527078175,0.010221183800036343,False,False,False,False,False,none
950,4.540271050922757,0.10402542148533256,0.7056087670227134,0.1111504573423044,False,False,False,False,False,none
951,0.07998048521535,0.0004648012132973782,1.6001551112005095,0.0004966369440622355,False,False,False,False,False,none
952,-1.370076769007205,0.12072841297281128,1.9838573927998238,0.12899749046468062,False,False,False,False,False,none
953,5.6072587133869405,1.6627311095325221,1.7991137249280458,1.7766169136635077,False,False,False,False,False,none
954,4.485319280881148,3.5696262683523434,0.8947978978618022,3.8141214580361953,False,False,False,False,False,none
955,1.4506358075670729,1.1714693991852583,0.7569365121962625,1.2517071079622144,False,False,False,False,False,none
956,7.02205187253174,0.4218715426406614,2.0983378423192254,0.45076688212048804,False,False,False,False,False,none
957,3.096446113425154,1.9418002177620006,0.2264817485096044,2.0748003631214766,False,False,False,False,False,none
958,7.819813496063731,0.15823510939442886,2.111131627814643,0.16907314121558456,False,False,False,False,False,none
959,5.718711323139185,1.8831954798619097,0.6692106870558997,2.012181598140655,False,False,False,False,False,none
960,6.833218968016861,2.665234257110951,1.0762548800293523,2.847784727736276,False,False,False,False,False,none
961,5.861613746779178,0.018289498449352532,0.3894701419060591,0.01954220505122909,False,False,False,False,False,none
962,3.8424540366124917,5.873426127303295,0.6683506650056181,6.275715982636512,False,False,False,False,False,none
963,7.297705859997505,0.28011937055582575,1.1422020698287592,0.2993056476306469,False,False,False,False,False,none
964,3.0678828457959373,0.67726856399186,1.1390313050852836,0.723656867296377,False,False,False,False,False,none
965,0.6718300475321678,1.6719727149558072,2.074063371303715,1.7864915063804436,False,False,False,False,False,none
966,2.005963254318811,0.429752706588184,1.0117769737538773,0.4591878523472737,False,False,False,False,False,none
967,2.25101803583573,0.017974166351347146,0.6904930259984773,0.01920527484313617,False,False,False,False,False,none
968,3.0816686657947523,0.13278412886035423,0.14926791634171227,0.14187894112699034,False,False,False,False,False,none
969,0.21354469516395247,0.1218718256507037,1.5113554800835927,0.130219219156226,False,False,False,False,False,none
970,5.181708391182427,1.2330994830836421,1.2020357573158462,1.317558434623898,False,False,False,False,False,none
971,1.2022765681899374,0.008941438217626625,0.9696459669569846,0.009553866093465329,False,False,False,False,False,none
972,1.102630107900647,1.538006118664192,0.8240766107451774,1.6433491068228083,False,False,False,False,False,none
973,-1.0366576303708115,0.041074574884038054,1.6974878989820124,0.043887904690155785,False,False,False,False,False,none
974,6.223405834442154,0.07262148411583505,2.1654212104618353,0.07759556324883614,False,False,False,False,False,none
975,1.9431164458954824,0.5849343846961728,0.3449480381496148,0.6249984229420897,False,False,False,False,False,none
976,3.067897869902155,0.046635805571635935,0.2699139102506073,0.04983004196281965,False,False,False,False,False,none
977,4.237292878013484,0.018813500676909182,0.7834550726206841,0.020102097877517905,False,False,False,False,False,none
978,1.0995392737419998,0.004662490112538664,0.8960321653890546,0.004981839063595774,False,False,False,False,False,none
979,4.747389725958552,0.268328747740422,1.0535277093718676,0.28670744711802004,False,False,False,False,False,none
980,1.593920820855241,7.13090026907013,0.687600913853897,7.6193185747511,False,True,False,False,False,none
981,4.1946318613026,4.219974154862724,0.7120811370059649,4.509013764023364,False,False,False,False,False,none
982,2.100307348536437,0.5207622061540268,0.4467404112120305,0.5564308853943832,False,False,False,False,False,none
983,0.16585590019740215,1.9798959124077637,1.296208989410009,2.115505354480213,False,False,False,False,False,none
984,4.97590531785345,0.10875352381934601,1.2974178532423846,0.11620240261955485,False,False,False,False,False,none
985,1.268543485536437,0.31781889764560967,0.7613008739402458,0.3395873366426823,False,False,False,False,False,none
986,3.250916090033048,0.01006707080291207,0.35303277645763864,0.010756596876647194,False,False,False,False,False,none
987,3.060190971008451,0.02847315978966359,0.18986462213579752,0.03042337812635398,False,False,False,False,False,none
988,3.3337967954906675,0.691627934194902,0.2846764758626636,0.7389997569710958,False,False,False,False,False,none
989,3.9865184591110605,0.1109907923175707,0.5445162400814334,0.11859290883644402,False,False,False,False,False,none
990,4.671847710841004,0.34911768407059507,0.7682129753646244,0.3730298776650876,False,False,False,False,False,none
991,3.7594930573557157,0.17189535166512943,0.17179175710229716,0.1836690174361787,False,False,False,False,False,none
992,2.523301955647356,0.01569133372966281,0.4625076281282604,0.016766083669352536,False,False,False,False,False,none
993,2.7972638678854036,0.12023352776484983,0.23704850992202267,0.12846870897635362,False,False,False,False,False,none
994,2.524286626829798,0.2187587156326365,0.32211852566023036,0.23374220400165416,False,False,False,False,False,none
995,1.9954974194223956,0.06057821809236223,0.5143237052703614,0.06472741518184867,False,False,False,False,False,none
996,3.125837193827823,0.07174137362289601,0.13711092265339475,0.07665517115616167,False,False,False,False,False,none
997,5.549057139094295,1.7910378712185966,1.285711666214777,1.9137118183309025,False,False,False,False,False,none
998,1.8860014433772008,0.6957158775471799,0.7491634285368757,0.7433676967180084,False,False,False,False,False,none
999,1.3194109530952751,0.6896732303641299,0.8743051250402719,0.7369111691849871,False,False,False,False,False,none
