time,pc1_score,residual_q,score_stat,residual_stat,score_only_alarm,residual_only_alarm,score_alarm,residual_alarm,stage_1_alarm,alarm_source
0,-0.18000584616499882,1.5503253076208674,0.45981137446650583,1.6565120766725754,False,False,False,False,False,none
1,3.4241056085290165,0.8602305095770953,1.3812771877037435,0.9191504652810207,False,False,False,False,False,none
2,0.07110483863795936,0.882116252455174,0.5222369685533524,0.9425352331141174,False,False,False,False,False,none
3,2.372662975912264,1.821118472011614,0.6991891563115775,1.9458527362674531,False,False,False,False,False,none
4,-2.382857147432362,0.17943266314736628,1.7485698816002115,0.19172258363586145,False,False,False,False,False,none
5,-5.570999883864421,0.18722721997186725,2.9461066876114317,0.20005101473908002,True,False,True,False,True,score
6,-0.6737327227645409,1.3422404183707652,0.01982769970892013,1.4341747837692946,False,False,False,False,False,none
7,0.24310904883452716,0.02384898577185145,0.4608184448700472,0.02548247955010845,False,False,False,False,False,none
8,0.12575445005590585,1.9399624611794715,0.3117009085367438,2.0728367326769632,False,False,False,False,False,none
9,0.5121356134462691,0.22129399853057152,0.4368769727308724,0.23645113658345904,False,False,False,False,False,none
10,-1.4411252397058683,0.29846352906330564,0.5984435525652776,0.318906256583273,False,False,False,False,False,none
11,-1.3937869080307734,1.2419698720155183,0.45578087985110777,1.3270363850374052,False,False,False,False,False,none
12,-3.1432981579809907,0.0007595837392411113,1.2136872691323475,0.0008116100737773167,False,False,False,False,False,none
13,2.1052558995548,0.3191159378049205,1.5762477360554585,0.34097321525620045,False,False,False,False,False,none
14,-1.5325927414318035,0.5721569995283933,0.5045012323228417,0.6113458735483079,False,False,False,False,False,none
15,-2.460376566225211,1.1009132713574328,0.8538676042068655,1.1763183638995849,False,False,False,False,False,none
16,-2.091159701490388,0.017814417618920865,0.5039079144770267,0.019034584405976652,False,False,False,False,False,none
17,-0.2637628212034965,1.745901024903402,0.483735232156855,1.8654834041674417,False,False,False,False,False,none
18,-0.01606762541033349,3.572502183002074,0.5071981691403322,3.8171943533345822,False,False,False,False,False,none
19,-2.822896827157109,1.5049369896746931,0.9564353930352327,1.6080149667769281,False,False,False,False,False,none
20,2.22556985095736,0.23884164698500326,1.6849440004559664,0.25520067994644435,False,False,False,False,False,none
21,-0.1836156008859155,0.6863731595777955,0.17874341051960402,0.7333850659313247,False,False,False,False,False,none
22,-1.074726862213652,0.8437796884917101,0.28947417596485325,0.9015728745230269,False,False,False,False,False,none
23,-0.31943269105753636,1.9997727064487645,0.134975607931383,2.1367435741058602,False,False,False,False,False,none
24,0.9437606082777392,0.600468155806596,0.7210260687456684,0.6415961520213962,False,False,False,False,False,none
25,-1.062469858525641,1.0050605247395386,0.3968311787804334,1.0739003542249288,False,False,False,False,False,none
26,2.7673097507453823,0.10852040296123058,1.54118129288178,0.11595331456371635,False,False,False,False,False,none
27,-0.5881296921632602,2.7717201787304333,0.39549720693367324,2.9615642127844675,False,False,False,False,False,none
28,1.6715066479424796,3.8555449165213105,0.7802357242463945,4.119623594464982,False,False,False,False,False,none
29,-5.033808979189261,0.8493406835526213,2.6299959749206625,0.9075147600301741,True,False,False,False,False,none
30,2.662852641574035,0.05328569061260497,1.631302012674096,0.05693539902865643,False,False,False,False,False,none
31,-2.94652488170141,0.06569260801126241,1.4172686748112555,0.07019210612369482,False,False,False,False,False,none
32,-1.5810729833096315,0.4456630373400232,0.4711418123632618,0.47618793284955374,False,False,False,False,False,none
33,1.9355901234971513,0.5901393053113299,1.3297729167592218,0.6305598453188946,False,False,False,False,False,none
34,0.8061116940142533,9.273983679214869,0.5156664694166602,9.909188663803125,False,True,False,True,True,residual
35,2.930034472950588,0.22491816989533958,1.4433029537391049,0.24032353910708304,False,False,False,False,False,none
36,-3.2953627726520596,0.17731606015911075,1.866631009907103,0.18946100769800417,False,False,False,False,False,none
37,-1.0517491374689079,4.3413743756994325,0.4044473635531644,4.638729076634325,False,False,False,False,False,none
38,0.2554478118187322,1.4628652402852969,0.3108432855332308,1.5630615878907723,False,False,False,False,False,none
39,1.8453246063757314,0.9212899927935148,1.0202643336421118,0.984392108983918,False,False,False,False,False,none
40,-3.146992051923873,0.4767720993575135,1.606630448829397,0.5094277546292877,False,False,False,False,False,none
41,-1.9310629970369975,0.6784895422551022,0.6951967832846175,0.7249614742898082,False,False,False,False,False,none
42,-1.8476979656357337,0.8472790740258407,0.5156991972703008,0.9053119442329295,False,False,False,False,False,none
43,-0.8606870079823803,1.4219328182070732,0.06645102617546239,1.5193255725095292,False,False,False,False,False,none
44,-4.527048051651753,1.6898868762301231,1.7261760727003672,1.8056326662057347,False,False,False,False,False,none
45,-0.24143408790331508,0.5372169706930673,0.6989282400471478,0.5740126897058626,False,False,False,False,False,none
46,0.791123427720546,3.6063827643349997,1.0602573650980336,3.8533955247060323,False,False,False,False,False,none
47,-0.9941741944148639,2.6851657441671777,0.018224305973033976,2.8690813864777565,False,False,False,False,False,none
48,-0.6499508325099799,0.7293408456926663,0.1524770235276552,0.7792957471322834,False,False,False,False,False,none
49,-2.9062871714368743,0.24245020039462778,0.9730503337039733,0.25905639479092063,False,False,False,False,False,none
50,-0.212244340839809,0.0056610955647488,0.5290168395339311,0.00604884221660223,False,False,False,False,False,none
51,-5.375786133120272,4.006693175192872,2.0827264244789996,4.281124483747183,False,False,False,False,False,none
52,-0.8594723425893094,0.7119695710142346,0.5256498489731103,0.7607346579527628,False,False,False,False,False,none
53,-0.4702567510171575,0.12661960136704942,0.6094117131838539,0.13529218530907086,False,False,False,False,False,none
54,0.7404362559420886,0.59704043196663,1.0750958181764274,0.637933652345689,False,False,False,False,False,none
55,2.5271361466969804,0.16982730181620706,1.7271873933957915,0.1814593201984048,False,False,False,False,False,none
56,-1.3452982032103034,0.0680203349425584,0.4975972703864707,0.0726792665628191,False,False,False,False,False,none
57,-1.480844239580945,0.006693126907426834,0.4638602257414107,0.007151560706874629,False,False,False,False,False,none
58,-0.9483665075396087,0.040160875699535734,0.11266920265333998,0.0429116233083491,False,False,False,False,False,none
59,-0.20911929573602037,2.6166882209062563,0.2686317701417279,2.795913617297481,False,False,False,False,False,none
60,1.5728383275000262,0.24592137027290545,1.0797146654378706,0.26276531626390687,False,False,False,False,False,none
61,-2.3642813687225948,0.8603450649452276,1.046968166619747,0.9192728669149397,False,False,False,False,False,none
62,-1.4459795216719957,1.4454424275270044,0.39190965291613544,1.5444454306224589,False,False,False,False,False,none
63,0.6915030235061411,0.05364650967671434,0.7238228023012223,0.05732093175153257,False,False,False,False,False,none
64,-3.699705318283594,0.09194391331625405,1.552057302194364,0.09824144780210076,False,False,False,False,False,none
65,0.4886250591722404,0.015395325082917655,0.7910101554577095,0.016449800437876853,False,False,False,False,False,none
66,-1.7565196855091583,0.00783513332960424,0.45679238911110726,0.008371786823725932,False,False,False,False,False,none
67,4.0860039120740055,0.024424859558050353,2.4700254625489877,0.026097796785006438,False,False,False,False,False,none
68,0.915569249054007,0.31318766147508253,0.4373635663047121,0.3346388922041573,False,False,False,False,False,none
69,-0.05150705059901953,0.3843158691751605,0.11944495934420699,0.4106388997303638,False,False,False,False,False,none
70,0.9821624896772057,0.17477396598258366,0.4060984868839329,0.1867447973112187,False,False,False,False,False,none
71,0.6576546680577637,0.2975806356506943,0.16739055187723273,0.31796289095980285,False,False,False,False,False,none
72,-0.7222888311553375,0.39843583957067663,0.5357936649192463,0.4257259923343838,False,False,False,False,False,none
73,-0.30646200761397463,2.2554777703552134,0.22682829050543032,2.409962700662847,False,False,False,False,False,none
74,2.1720698922666983,6.867600693045753,1.021403969928247,7.337984763503136,False,True,False,False,False,none
75,-0.2655073001904105,0.5022243031929002,0.3658675273666728,0.5366232618070372,False,False,False,False,False,none
76,0.45694291143582866,0.9318145048663369,0.057921288506803746,0.9956374787550342,False,False,False,False,False,none
77,0.4682625510267926,0.09066392381835923,0.05183061207226784,0.09687378770466568,False,False,False,False,False,none
78,-1.3255513596546886,2.2721190297855625,0.8290987837308612,2.4277437735008554,False,False,False,False,False,none
79,3.2756622420055557,0.1296419787111457,1.5697550412482129,0.13852157500305723,False,False,False,False,False,none
80,-0.6224233984776371,0.1093244274725669,0.6359920863877578,0.11681240930107395,False,False,False,False,False,none
81,0.9299987492609167,0.6137006928211008,0.24461876601965438,0.6557350280765013,False,False,False,False,False,none
82,0.79224518612879,5.194013803463484,0.12884125940955318,5.549768522481874,False,False,False,False,False,none
83,0.03838219336591761,0.4245671619820376,0.26278737005015346,0.4536471331046859,False,False,False,False,False,none
84,-2.839257621687662,0.7478459701764193,1.6067892169982805,0.7990683471388639,False,False,False,False,False,none
85,-2.256317583300608,2.8410774252257167,1.002522324345708,3.0356719602742546,False,False,False,False,False,none
86,0.5483270313743691,0.476169787216821,0.5591158578529984,0.5087841881919218,False,False,False,False,False,none
87,1.0433478489535242,0.13000442551775993,0.6875332936169289,0.13890884695776023,False,False,False,False,False,none
88,1.3983228241583756,0.9775744957265919,0.7223010132698362,1.0445317186386398,False,False,False,False,False,none
89,0.37283216938999797,0.04764293482354322,0.08015568512506932,0.05090615273799292,False,False,False,False,False,none
90,-1.3099328118078888,0.012547404907859383,0.7525451084636625,0.013406817045814989,False,False,False,False,False,none
91,3.2111597430405956,3.1382254550754762,1.59211410372837,3.353172614869751,False,False,False,False,False,none
92,-3.5556342549379263,0.13340807387988568,2.0103295946283075,0.1425456221486784,False,False,False,False,False,none
93,1.1642471649696722,0.044981908146348545,0.6823615638798312,0.0480628637808608,False,False,False,False,False,none
94,0.06834971027397332,3.2723197118070355,0.014034709349443874,3.4964514187416555,False,False,False,False,False,none
95,1.8028447752985803,2.031962404441786,0.8530027657070309,2.1711380480964264,False,False,False,False,False,none
96,-0.2247210957747195,0.21831851065109853,0.30160419480031603,0.23327184796441183,False,False,False,False,False,none
97,-3.285745554247705,1.1946533090811269,1.7268418391495164,1.2764789584494716,False,False,False,False,False,none
98,-0.9365773996412553,1.0767138497660285,0.24138892507051044,1.1504614460529883,False,False,False,False,False,none
99,1.5727110157040725,1.7960218284575993,1.0246820344370415,1.9190371428388906,False,False,False,False,False,none
100,0.7145616821281952,0.017446531306198707,0.4032736131196034,0.018641500375888798,False,False,False,False,False,none
101,1.7499480150687132,0.8240863251470403,0.8251065286276439,0.8805306493523569,False,False,False,False,False,none
102,-1.6586080969449881,0.7609831868762432,0.9941352894565522,0.8131053740842079,False,False,False,False,False,none
103,3.4510936149311178,0.08841258976424873,1.6845023116814861,0.09446825253670706,False,False,False,False,False,none
104,-0.7192023030872907,0.6834057987765878,0.6763017695147433,0.7302144610402849,False,False,False,False,False,none
105,-0.34393383507253394,0.3519324246055001,0.3589183180211607,0.3760374088366747,False,False,False,False,False,none
106,2.0564536328893777,0.599095406367838,0.8778073493588087,0.6401293785562595,False,False,False,False,False,none
107,1.1426597251922423,2.8433359351712446,0.25876876586313374,3.038085162833525,False,False,False,False,False,none
108,1.9884468809031561,0.009970844529142956,0.6174874872773838,0.010653779755744773,False,False,False,False,False,none
109,-1.052574853732124,0.08346258398629339,0.9818608885696162,0.0891792049345845,False,False,False,False,False,none
110,1.7420092150455126,1.0487255999736491,0.5707624811927859,1.120556190970006,False,False,False,False,False,none
111,2.22222379073205,0.014993051297424238,0.6896649135893865,0.0160199736263535,False,False,False,False,False,none
112,5.191713950756949,1.0073868847799632,1.9928675239301172,1.0763860541504275,False,False,False,False,False,none
113,-0.12421081538956077,0.5278949058865469,0.9855994904041099,0.5640521266836264,False,False,False,False,False,none
114,0.12101804440593306,0.0594044334311931,0.6694665566668566,0.06347323423215911,False,False,False,False,False,none
115,-0.4414143274926597,0.24270606301744466,0.8085296338552919,0.2593297822681048,False,False,False,False,False,none
116,-3.3451223562691306,2.206702182235396,2.0560343010283244,2.357846315559596,False,False,False,False,False,none
117,-5.833393147091013,0.13856311249190673,2.8524204647346965,0.14805374594343917,True,False,False,False,False,none
118,2.099114565212429,2.2193961268700715,1.5678218662784535,2.3714097093096616,False,False,False,False,False,none
119,0.21977955275059002,0.0017451197315960275,0.342189618813242,0.0018646485975673513,False,False,False,False,False,none
120,1.0301246630561876,0.6957888763121267,0.6670236434959822,0.7434456954032664,False,False,False,False,False,none
121,-1.1319778401834277,0.6019148542189575,0.5156800238579218,0.6431419394632961,False,False,False,False,False,none
122,0.4239937986633301,0.15216226661591178,0.3425910343037687,0.16258434989359738,False,False,False,False,False,none
123,2.074135768429578,0.2774008739521756,1.0749100749421079,0.2964009524468661,False,False,False,False,False,none
124,0.0003462698768352812,2.3440608885731313,0.14651132789411211,2.504613161695752,False,False,False,False,False,none
125,-2.7584191573499997,3.4764057622748594,1.4560769607840265,3.714515979526749,False,False,False,False,False,none
126,0.40752503802755413,1.4200087133290729,0.37161594762009065,1.517269679496931,False,False,False,False,False,none
127,1.2384593587671557,0.5025028175217006,0.7005569417031926,0.5369208524784378,False,False,False,False,False,none
128,1.1105876456070258,0.2919990035041249,0.4983876015763462,0.3119989548665934,False,False,False,False,False,none
129,-0.4437812827649539,0.5638203002930624,0.35564715405720526,0.6024381669560024,False,False,False,False,False,none
130,6.7982936694352505,0.21823571413996135,3.2301637266925716,0.23318338045379913,True,False,True,False,True,score
131,0.3943220312540112,5.184963589650765,0.5238070710971562,5.540098430402783,False,False,False,False,False,none
132,1.2380426119131513,0.9731808649051755,0.009576120405589361,1.0398371539041673,False,False,False,False,False,none
133,1.650417885622166,1.4502629923525694,0.19247065913229539,1.5495961714448387,False,False,False,False,False,none
134,0.9049579200095428,0.16764946723880747,0.20780574229279056,0.17913231872282817,False,False,False,False,False,none
135,1.5645524809649087,0.00041606466942457004,0.15386597988549092,0.00044456227747211046,False,False,False,False,False,none
136,-0.8865190172774555,2.0138073500201226,1.0664468969434013,2.1517394955769653,False,False,False,False,False,none
137,-0.5349212501485139,0.06499787363044855,0.6825221460452897,0.06944978714957972,False,False,False,False,False,none
138,-4.133229550833173,0.030946457093447836,2.2923276513575903,0.03306607952120359,False,False,False,False,False,none
139,-0.41070959207098384,0.34309926597171214,0.02727051130000994,0.3665992387441738,False,False,False,False,False,none
140,-1.7105123737248782,0.02878370433481665,0.6526290912353606,0.030755192866694037,False,False,False,False,False,none
141,-2.457557109840585,2.7955428894867933,0.8846546541366246,2.987018617658724,False,False,False,False,False,none
142,4.157125878372345,0.16421097243735622,2.502475528885898,0.17545831034782408,False,False,False,False,False,none
143,-1.8460849333025002,0.6406314642436528,0.9114627294580293,0.6845103746932873,False,False,False,False,False,none
144,-2.117829253922451,0.40339911671040884,0.8610515475557412,0.4310292202965567,False,False,False,False,False,none
145,1.149040392242148,1.2683124535250239,0.8966168275686329,1.3551832547212863,False,False,False,False,False,none
146,0.17082706444245188,3.7530133508725876,0.2425526923179798,4.010069311952559,False,False,False,False,False,none
147,-1.886667859404724,3.569358923625484,0.8044892463199522,3.813835802008715,False,False,False,False,False,none
148,-0.2972856847053633,0.05653932082474082,0.1277582621437635,0.06041188084375419,False,False,False,False,False,none
149,-1.297350125893645,0.00763377757951653,0.38313881454348053,0.008156639570379716,False,False,False,False,False,none
150,-0.9215504275085589,0.7569947275336759,0.12413014042849974,0.8088437323269568,False,False,False,False,False,none
151,-2.216152334600708,0.8344139345243626,0.7275927365207651,0.8915656299287529,False,False,False,False,False,none
152,-0.5695184419653427,0.20764955401347318,0.2170605388114392,0.22187214015544635,False,False,False,False,False,none
153,-0.6073184617258265,0.005212926303322414,0.15530354658767362,0.005569976400313955,False,False,False,False,False,none
154,-0.8875927472698012,0.8520585014953719,0.011778239396135304,0.9104187300693866,False,False,False,False,False,none
155,0.5710258513231475,0.05342470931485847,0.698465653888808,0.05708393956917026,False,False,False,False,False,none
156,-0.43079748302771126,0.1765825936829632,0.07257348311235137,0.18867730374271144,False,False,False,False,False,none
157,2.166016327004262,1.0287470813900563,1.3183292735124184,1.099209279360509,False,False,False,False,False,none
158,2.6794325007102797,0.21362396003492565,1.303831552767819,0.22825575247012167,False,False,False,False,False,none
159,-2.0224098864465203,0.4256538347459588,1.2388053995212611,0.45480823558297095,False,False,False,False,False,none
160,-1.7906628047472837,0.15046885366289764,0.8785741816383632,0.16077494963826228,False,False,False,False,False,none
161,1.0165975280451485,0.24968121602034737,0.659543817033786,0.2667826859452555,False,False,False,False,False,none
162,1.177877973810135,0.5470423752644128,0.6059067360812085,0.5845110678530947,False,False,False,False,False,none
163,-0.49520884089171086,1.2193127152723446,0.3272473165517991,1.3028273667212897,False,False,False,False,False,none
164,1.9488629635922574,3.958511998648547,0.9243447771834726,4.229643223380965,False,False,False,False,False,none
165,-1.7752568070543742,0.009929197695251423,1.0678921993842028,0.01060928039618625,False,False,False,False,False,none
166,-2.3033397153312123,0.6528906062094217,1.110599867287317,0.6976091847405178,False,False,False,False,False,none
167,0.3727343147655977,0.4440058621479295,0.4102566995252729,0.4744172523959926,False,False,False,False,False,none
168,-2.6588271406458777,0.012707206754981723,1.1430543114006821,0.013577564235667014,False,False,False,False,False,none
169,0.031059229138173106,0.26211287098938474,0.39099646812992955,0.28006582496647126,False,False,False,False,False,none
170,0.04714848120285525,0.7814768192507837,0.3206055161944616,0.8350026812857597,False,False,False,False,False,none
171,0.8785007627231765,0.44772025704217444,0.6599514388437335,0.47838605814895424,False,False,False,False,False,none
172,-1.2444777291474056,0.19659447014997208,0.5023503512560824,0.21005985802440078,False,False,False,False,False,none
173,1.7402039454556628,1.1772987314014793,1.046627969039036,1.2579357098999104,False,False,False,False,False,none
174,0.33294268428264084,0.042919032308025594,0.15433857238367782,0.04585869493832152,False,False,False,False,False,none
175,-2.5248721581402886,0.17831143821823786,1.2634671233094454,0.19052456240339005,False,False,False,False,False,none
176,0.5541451421295737,4.310445764032807,0.4835169653851261,4.605682064830651,False,False,False,False,False,none
177,0.3680362342338652,0.04926666220888294,0.2964922858581997,0.05264109443688506,False,False,False,False,False,none
178,-0.19847828234510423,0.4148954019412954,0.037743682411135904,0.4433129230963651,False,False,False,False,False,none
179,2.0741339793108793,0.5592626982713038,1.0727359422025404,0.5975684001060396,False,False,False,False,False,none
180,-2.7840505376280156,0.03821004155106757,1.4995569358038077,0.040827170251537453,False,False,False,False,False,none
181,-1.1039215891450542,0.0294082187103168,0.3842551960558446,0.03142248224137321,False,False,False,False,False,none
182,-3.1826273663155575,0.2220748599901095,1.3162294842712026,0.23728548175706513,False,False,False,False,False,none
183,-3.3473294806476703,3.229930353125675,1.1329158540435085,3.451158676481106,False,False,False,False,False,none
184,3.3016808035986642,1.189107517559125,2.3205260914579444,1.2705533178205366,False,False,False,False,False,none
185,-0.38454176910474924,1.1739691193187585,0.06744489844400825,1.2543780419714121,False,False,False,False,False,none
186,0.0831739071447431,5.413392922329029,0.28094495463366476,5.78417362313023,False,False,False,False,False,none
187,-0.02345565678552633,0.20391813780691115,0.1730071275191934,0.2178851472457148,False,False,False,False,False,none
188,0.4433471514684343,0.09597328908632738,0.36495171013846445,0.10254680848464122,False,False,False,False,False,none
189,3.714668019692084,0.2203203861914621,1.8795796747742162,0.23541083840229396,False,False,False,False,False,none
190,-3.699025443281677,0.5041851269837682,2.0943066018058145,0.5387183887290019,False,False,False,False,False,none
191,-1.7020957684800218,0.2678978008292031,0.7063070536326805,0.2862469832661242,False,False,False,False,False,none
192,-1.8170177570162278,0.05308542635499553,0.620818910093267,0.05672141802762059,False,False,False,False,False,none
193,-4.0660666669657815,0.2561128066560585,1.5881503882006107,0.27365479691957706,False,False,False,False,False,none
194,0.9436860055635257,0.8126365486225314,1.1607835496085357,0.8682966407898847,False,False,False,False,False,none
195,-0.20575506380564693,2.3135910145488827,0.37078682408718994,2.4720563079517355,False,False,False,False,False,none
196,0.21632280967772188,0.14402244221888644,0.5014698236891683,0.1538870027307889,False,False,False,False,False,none
197,-0.001922279414280914,0.0016884581744732849,0.29525842903868754,0.0018041061080682056,False,False,False,False,False,none
198,3.029638401484026,5.246904233083388,1.7074660383696505,5.606281587820543,False,False,False,False,False,none
199,0.32100572508558856,0.7481342286103984,0.0514350655843328,0.799376349320562,False,False,False,False,False,none
200,4.162001713990629,2.34599536096298,1.9052377561221796,2.5066801323244463,False,False,False,False,False,none
201,-0.9844775801237126,0.006805481024696731,0.9734690194133853,0.007271610319176376,False,False,False,False,False,none
202,2.8919896531160623,4.567118678385615,1.1025291849191057,4.879935333025477,False,False,False,False,False,none
203,-0.5790845186074058,0.3173582943217227,0.8025380634334514,0.33909518511498443,False,False,False,False,False,none
204,-1.213814125361923,0.21491000053365758,0.9500737103527664,0.22962987802091248,False,False,False,False,False,none
205,0.8948179885222858,0.22427043489834264,0.2632900338102759,0.23963143865582,False,False,False,False,False,none
206,-0.3770585614477711,0.15991760036776967,0.40662765975372694,0.1708708714097131,False,False,False,False,False,none
207,-0.28201440275778406,0.003604374888496566,0.27917585271227624,0.0038512501229903567,False,False,False,False,False,none
208,0.0003484160832182559,0.7763780400463495,0.08630601074167382,0.8295546702864464,False,False,False,False,False,none
209,1.6267263058015073,0.27871061355171894,0.7202593945958445,0.2978004003261433,False,False,False,False,False,none
210,-4.129186178342748,0.11222113521336977,2.2172182592587517,0.11990752187624991,False,False,False,False,False,none
211,-2.860417650513769,1.0368199567673406,1.15802328772875,1.1078350919497817,False,False,False,False,False,none
212,-1.787474426953795,2.2363841434164753,0.40570410160198817,2.3895612897744196,False,False,False,False,False,none
213,-3.7316963564661627,0.13878120177306286,1.268121694488073,0.14828677286124287,False,False,False,False,False,none
214,-3.9563879419056596,2.562687510733774,1.1235433613987125,2.738214224718457,False,False,False,False,False,none
215,-1.2089718936915799,4.461433134111643,0.43452519512073284,4.767011045742693,False,False,False,False,False,none
216,-0.07155559514058053,0.0664325754183283,0.8996243802672018,0.07098275627958359,False,False,False,False,False,none
217,-1.6540283737857289,0.0012679816514765893,0.04829692731263797,0.0013548297949760792,False,False,False,False,False,none
218,0.11568904676684177,0.25923949835710425,0.8202313639127544,0.2769956457964895,False,False,False,False,False,none
219,-1.4666059551802595,1.5408275073735602,0.11172506284908662,1.6463637415237204,False,False,False,False,False,none
220,0.28254385348508443,0.05786564900789483,0.7595071024022352,0.061829053512113354,False,False,False,False,False,none
221,-1.4213318300004287,0.9195668076021077,0.21930929717935388,0.9825508972937795,False,False,False,False,False,none
222,-2.383148539291885,0.029808154374386824,0.6422306965055864,0.03184981078601313,False,False,False,False,False,none
223,-3.3364112425246395,1.4891195913660433,0.9764164357867737,1.5911141839599154,False,False,False,False,False,none
224,-0.7177534082043042,0.9821325201453253,0.48973855247403364,1.0494019368169052,False,False,False,False,False,none
225,3.1589609833773373,2.1099593243130337,2.273215191869649,2.2544772279929735,False,False,False,False,False,none
226,1.6568399957954625,0.535685044071512,1.089571583153221,0.5723758365004686,False,False,False,False,False,none
227,-0.933305605145295,0.3993807048815722,0.38537704427258174,0.4267355745108687,False,False,False,False,False,none
228,-2.323868894469747,0.014684458611459193,0.9831616762505697,0.01569024443431806,False,False,False,False,False,none
229,-3.3353647495216165,0.31053204866713624,1.2774225921618867,0.3318013879295995,False,False,False,False,False,none
230,-0.36988197057480376,1.4004648782313092,0.41725268058730947,1.4963872242439589,False,False,False,False,False,none
231,3.468373409497305,0.40527221299070737,2.19656179187822,0.4330306109684581,False,False,False,False,False,none
232,-0.3554367622662251,0.9854467479022053,0.09849974991339709,1.0529431666975813,False,False,False,False,False,none
233,2.7211614020937303,0.09528577001413369,1.414316823214022,0.10181219901885155,False,False,False,False,False,none
234,0.3373172300129911,0.42133161872208186,0.025459849625121756,0.4501899770753244,False,False,False,False,False,none
235,0.7383673604237374,1.75693867345686,0.17426742346281215,1.8772770567879549,False,False,False,False,False,none
236,-1.9578994910735836,0.3956498462687989,1.169122516539734,0.42274917738631873,False,False,False,False,False,none
237,-1.4151493650027411,1.1005946199734242,0.6718936971147137,1.1759778870569095,False,False,False,False,False,none
238,-0.40871806991509535,1.518580569457575,0.049079609144693816,1.6225930392422951,False,False,False,False,False,none
239,-2.9342129589682946,2.124827839272743,1.2649220928218532,2.2703641353871014,False,False,False,False,False,none
240,-0.42407821630235587,1.089198928751097,0.20626623486022344,1.1638016682730044,False,False,False,False,False,none
241,2.0185041281216574,5.973890904733158,1.3504327622700782,6.383061915954325,False,False,False,False,False,none
242,0.39255044378479154,0.008821726567736752,0.29124787950100584,0.009425955007458941,False,False,False,False,False,none
243,-1.998944482595598,0.20604121633065353,0.9276280239156188,0.2201536422493218,False,False,False,False,False,none
244,-0.3828424408175931,0.35385918163909014,0.0422147696476301,0.3780961356595333,False,False,False,False,False,none
245,2.2878971244731865,1.1571807761715553,1.3299195178199843,1.2364398111794872,False,False,False,False,False,none
246,-0.45009738341393635,4.613920194406463,0.2648518631478897,4.929942435479409,False,False,False,False,False,none
247,2.90734872507222,0.2709974310819533,1.4175346139199472,0.28955891716906734,False,False,False,False,False,none
248,-1.0306693578923092,1.9047740741748198,0.7771482076321404,2.0352381798149928,False,False,False,False,False,none
249,-1.0463494581267483,0.8331144115085816,0.6293283406234994,0.8901770983999353,False,False,False,False,False,none
250,-0.7919770183964505,1.0698672553842687,0.38001212811800456,1.1431459063906266,False,False,False,False,False,none
251,2.154705763235781,0.10063390468095822,1.1260571471049727,0.10752664463856572,False,False,False,False,False,none
252,-0.3724422756463279,4.856009839852688,0.32561498482622286,5.188613579753294,False,False,False,False,False,none
253,0.5570706674185392,1.5267037792248854,0.19061379605184248,1.631272633785936,False,False,False,False,False,none
254,1.1543952011899592,0.00011896620833022154,0.4423810852455792,0.0001271145867555887,False,False,False,False,False,none
255,2.919788760404167,2.06579964714629,1.2106753428690185,2.2072929124373366,False,False,False,False,False,none
256,1.7500460123109423,2.577042833814368,0.4008475667412687,2.753552790070288,False,False,False,False,False,none
257,-0.6495762678383254,1.0076834550826277,0.8438925939098096,1.0767029375074437,False,False,False,False,False,none
258,-2.4858098737958496,0.037095981932743896,1.566264226874286,0.03963680510506478,False,False,False,False,False,none
259,-0.45149008537132185,0.0858111119205881,0.26572720247474996,0.09168859110433764,False,False,False,False,False,none
260,1.1734301873926023,0.13898749729430263,0.5760150390760952,0.14850719822656286,False,False,False,False,False,none
261,-2.9852059942494087,2.176854673091201,1.5574329525498778,2.3259544544689525,False,False,False,False,False,none
262,1.565671860687594,3.7582588519345155,0.9626590560554829,4.015674094261516,False,False,False,False,False,none
263,1.752493288601466,0.3263370387957326,0.8607943273412875,0.34868891269037916,False,False,False,False,False,none
264,0.01839807190325271,0.4641105828260406,0.15294548430377794,0.49589901008756243,False,False,False,False,False,none
265,2.571804169085536,2.4425936482685673,1.1168477223127753,2.6098947471675427,False,False,False,False,False,none
266,1.3808197878544168,1.3731790338786691,0.31547660516453846,1.4672324846095273,False,False,False,False,False,none
267,-1.8323560369787182,0.002948753896062929,1.307018410219825,0.0031507235390871215,False,False,False,False,False,none
268,0.313243293640303,5.389155071656255,0.004325012714445864,5.758275644070821,False,False,False,False,False,none
269,2.5188520375440397,0.8031222058013907,1.0669531226924065,0.8581306300130827,False,False,False,False,False,none
270,-4.027479191282888,0.027375055548785294,2.3234646780312542,0.02925006119247012,False,False,False,False,False,none
271,0.5724029310006713,0.44972789644710187,0.3736161400259093,0.48053120723703147,False,False,False,False,False,none
272,2.616702272361781,0.08052489833710114,1.2910203092965826,0.08604030774221232,False,False,False,False,False,none
273,2.6895500561864205,1.261760026368497,1.068170307726271,1.3481820307440031,False,False,False,False,False,none
274,-2.0115785345965023,1.0999305569085753,1.426987980074011,1.1752683401758859,False,False,False,False,False,none
275,-0.6254459207688755,0.023092468093621234,0.4688806127395405,0.024674145541726828,False,False,False,False,False,none
276,-0.3879050539889824,0.31327013349731075,0.2598225463310652,0.3347270130005715,False,False,False,False,False,none
277,-1.4567774747610065,3.4283711476054357,0.7265969474508577,3.6631913195298593,False,False,False,False,False,none
278,0.5450677807445523,0.20430542323036127,0.39024627072254303,0.21829895909404803,False,False,False,False,False,none
279,2.249054932764647,0.2844630953143313,1.1391660929362928,0.3039468880753689,False,False,False,False,False,none
280,-1.142933916278257,3.0680863314057216,0.7348473108625049,3.2782294369218405,False,False,False,False,False,none
281,-1.1807873103917483,0.07979163983073867,0.6062486364802453,0.08525682600122447,False,False,False,False,False,none
282,0.8278943177817386,0.005195190365772589,0.4898427078897113,0.005551025671329544,False,False,False,False,False,none
283,-0.13681245793260033,0.22179313646551974,0.07631168257990886,0.2369844620817288,False,False,False,False,False,none
284,-0.8237765775691166,0.5009293275067517,0.39444275389190736,0.5352395890690914,False,False,False,False,False,none
285,0.37928167412475744,0.02067217363365663,0.26830698975345635,0.022088077326025895,False,False,False,False,False,none
286,-3.2303063827196468,4.520036845279334,1.5371385679918954,4.829628713666909,False,False,False,False,False,none
287,-0.8951218956769255,1.5063770709858468,0.0964127798825181,1.6095536838910656,False,False,False,False,False,none
288,4.04786451974768,0.06028899362022078,2.321771026945025,0.06441838079492583,False,False,False,False,False,none
289,0.33473301145047607,3.194048949346194,0.05538155962754564,3.4128196398953663,False,False,False,False,False,none
290,1.5863227979649845,1.492900298374864,0.6517194811405332,1.5951538437575632,False,False,False,False,False,none
291,0.6000912999247667,0.5530648000374063,0.04274348370036142,0.5909459878781218,False,False,False,False,False,none
292,0.379654013072648,0.35327922736486705,0.07278654754502371,0.377476458450856,False,False,False,False,False,none
293,4.242576502052659,0.1419249409790851,1.816501706365886,0.1516458368816042,False,False,False,False,False,none
294,-2.9880865315687872,0.5399147658863805,2.0559417192802747,0.5768952655730982,False,False,False,False,False,none
295,1.436590354552332,0.7504632208538113,0.5026049267563163,0.8018648617371017,False,False,False,False,False,none
296,2.2146866176792868,6.151739154049903,0.779705067992234,6.573091564157881,False,False,False,False,False,none
297,-7.022890782917686,0.08967882990499285,3.8593629701869205,0.09582122153927665,True,False,True,False,True,score
298,2.3939598422196777,0.013065865150959494,1.4826404810235578,0.013960788299298494,False,False,False,False,False,none
299,1.130449756088923,0.3921983058939261,0.572913061303893,0.4190612299045906,False,False,False,False,False,none
300,-0.926500546181841,0.7912624483672073,0.539936638573773,0.8454585596291703,False,False,False,False,False,none
301,-4.213190233462201,1.3362462147877605,2.027026322880057,1.4277700178943704,False,False,False,False,False,none
302,-0.9595872514720204,0.3250705024935405,0.04260149253846731,0.347335627241311,False,False,False,False,False,none
303,-2.4024177905918,0.03977662227632887,0.7343072707725199,0.04250105113171234,False,False,False,False,False,none
304,3.132467643810089,0.013102628852544138,2.098712403536294,0.014000070065105185,False,False,False,False,False,none
305,-0.35191017978457595,1.1946345546486565,0.012047939039972016,1.2764589194655722,False,False,False,False,False,none
306,-2.220784665188262,0.11667674549631402,0.9166295836433216,0.12466831124501163,False,False,False,False,False,none
307,-2.2922434974757735,0.729796717332915,0.767983649368977,0.7797828428881047,False,False,False,False,False,none
308,-3.0954967263515716,3.32448687745967,1.0042170775322967,3.5521916814365744,False,False,False,False,False,none
309,-3.6476300957491166,0.6726820473665837,1.071331798902609,0.7187562053886584,False,False,False,False,False,none
310,2.1644908640416602,7.862512020277336,1.9636391043966612,8.401040769024073,False,True,False,True,True,residual
311,-2.90473507398647,0.6613755129940148,0.8892557939472392,0.706675250094046,False,False,False,False,False,none
312,-2.085253755299961,0.3076931549710502,0.313698755507451,0.32876804926910064,False,False,False,False,False,none
313,-2.6891036710214165,1.385023210789472,0.5440159130048206,1.4798879073098767,False,False,False,False,False,none
314,2.1460952710780026,0.8104445468893647,1.9113777344456293,0.8659545018044545,False,False,False,False,False,none
315,-0.24431746736950805,0.2910329894797563,0.36900106115690645,0.31096677543319606,False,False,False,False,False,none
316,4.451304464901213,0.24822723741680722,2.5740526158851544,0.2652291196684565,True,False,False,False,False,none
317,0.22920333869353182,0.5623308699326793,0.010196673268274318,0.6008467207174555,False,False,False,False,False,none
318,0.07655521630609524,0.09444907688577114,0.06592495515673182,0.10091819808576451,False,False,False,False,False,none
319,-3.5549680533558856,0.7611007445619413,1.8151695930845102,0.8132309836740839,False,False,False,False,False,none
320,-1.604480194531974,0.0024903173556284405,0.5055363171030957,0.0026608872048127937,False,False,False,False,False,none
321,-3.809942813120845,0.07486371659864627,1.4747712698634567,0.07999137344958959,False,False,False,False,False,none
322,0.7506298200902359,1.461826270792078e-05,1.0334934152825106,1.5619514560337025e-05,False,False,False,False,False,none
323,0.2573961209478949,0.2126652802907396,0.587421438756658,0.2272314096653573,False,False,False,False,False,none
324,-1.8785298281719895,0.35416041781943797,0.566657935535841,0.3784180044752096,False,False,False,False,False,none
325,2.569250952711931,1.3033663175794148,1.705244600801239,1.3926380707232564,False,False,False,False,False,none
326,1.9847662207820382,2.2617315637874595,1.0805369697542628,2.4166448365311113,False,False,False,False,False,none
327,-2.1271830337150455,3.1213979310108417,1.1311575816421187,3.335192519533281,False,False,False,False,False,none
328,-0.16368708771772275,1.3415672133734704,0.04798630082100144,1.4334554687954544,False,False,False,False,False,none
329,0.6185122827041458,0.4076836347839574,0.4180014632733279,0.43560719879995013,False,False,False,False,False,none
330,2.7362326182559578,0.03458521046916538,1.3621608152851208,0.036954062824629916,False,False,False,False,False,none
331,3.7107142879673045,2.317585640102462,1.5626583954916438,2.4763245382636327,False,False,False,False,False,none
332,4.858468123564457,0.7341469112398109,1.8071478935689702,0.7844309955740072,False,False,False,False,False,none
333,5.8776329374297385,1.614680918415131,1.9403334202448141,1.7252756103376066,False,False,False,False,False,none
334,4.008933596369497,0.19272779378509708,0.64536050381268,0.2059283405528649,False,False,False,False,False,none
335,-0.5511752037072628,0.40169525856453103,1.6967969233397895,0.4292086594234875,False,False,False,False,False,none
336,-3.3224348072931615,4.333111291975966,2.702369037720692,4.629900027717175,True,False,False,False,False,none
337,3.0180519029759,0.6077428386306054,0.9152326884447396,0.6493691012809468,False,False,False,False,False,none
338,-0.7084338825742794,6.611316658370357e-06,1.0763301308870818,7.06414701060619e-06,False,False,False,False,False,none
339,-0.5670924629254475,0.733172887954154,0.7924691137676321,0.7833902582992432,False,False,False,False,False,none
340,-2.218655482171002,3.6416228157096775,1.4355021939334103,3.8910492805969805,False,False,False,False,False,none
341,-0.7351560208059785,0.00024795967977539577,0.42843847497257126,0.00026494323614322126,False,False,False,False,False,none
342,-0.8545426749305037,0.07115058157596048,0.4006908125503784,0.0760239138608443,False,False,False,False,False,none
343,0.4544056289273388,0.11599715226449607,0.31469848349011253,0.12394217048590929,False,False,False,False,False,none
344,-1.8601244448343224,0.14259920481197014,0.8715154086928775,0.15236628321409146,False,False,False,False,False,none
345,-2.1491576828401024,0.9358704117646006,0.8374842471898003,0.9999711877681083,False,False,False,False,False,none
346,-2.8551669963240887,1.3459265923862493,1.012623707644214,1.438113435704698,False,False,False,False,False,none
347,-2.1242636871440617,1.0750833979455954,0.4553812478607244,1.148719319340805,False,False,False,False,False,none
348,-2.7304817473626217,2.799938744353618,0.6585112009212187,2.9917155587706317,False,False,False,False,False,none
349,0.27090671371194336,0.4351365317409396,0.9298073291832074,0.46494043300914745,False,False,False,False,False,none
350,-2.4867897037929474,5.6245348050249175,0.5945032295775833,6.009777292797382,False,False,False,False,False,none
351,-0.3926172523262683,0.6066617734066109,0.5407289396544229,0.6482139904210422,False,False,False,False,False,none
352,-1.6988571371547199,3.0771841670308095,0.2013535477276813,3.287950412584469,False,False,False,False,False,none
353,0.1357597134781065,0.0435469324144352,0.729282679328068,0.04652960194351496,False,False,False,False,False,none
354,-1.0933685327716085,1.0841818702050297,0.013087186653890361,1.1584409752429152,False,False,False,False,False,none
355,0.5315653424196806,2.5131327714607754,0.7781336531832579,2.685265321892343,False,False,False,False,False,none
356,-1.280497918363195,0.4715402982284925,0.2569130186752728,0.5038376106057264,False,False,False,False,False,none
357,0.09869868855709474,0.6928256341672122,0.4638132140825586,0.7402794912685426,False,False,False,False,False,none
358,4.338221097624038,0.04867196844666516,2.42855078578931,0.052005668185250584,False,False,False,False,False,none
359,1.8226952855940532,0.368472940560733,0.7220203572675342,0.3937108379547777,False,False,False,False,False,none
360,0.7415884739358781,2.2813288693834277,0.05293985241387721,2.4375844246487706,False,False,False,False,False,none
361,-0.977239963255092,0.01565106833949026,0.7918198801253313,0.0167230603730386,False,False,False,False,False,none
362,-0.8487122797023197,0.22553883976231687,0.5710796006005018,0.24098672065047952,False,False,False,False,False,none
363,-3.17640309732914,0.1435431266369135,1.5865249711881562,0.15337485728223527,False,False,False,False,False,none
364,0.29299645609930514,3.040868895251977,0.41452871846372397,3.249147790983975,False,False,False,False,False,none
365,3.4776344517772504,0.20282086632844637,1.877172856822055,0.21671272011282186,False,False,False,False,False,none
366,-0.6353200637779718,0.13413237660279653,0.4943367394038815,0.14331953469578756,False,False,False,False,False,none
367,-3.7541090543031688,0.04261661377051419,1.909061819607629,0.045535562782034876,False,False,False,False,False,none
368,-2.837279312073151,0.6758999946931773,1.082299008606208,0.7221945602825606,False,False,False,False,False,none
369,-1.5274775984781541,0.000821243299517431,0.23017390153333012,0.0008774928957489118,False,False,False,False,False,none
370,2.2468418320327226,1.097000549519973,1.6475915051635284,1.172137647152879,False,False,False,False,False,none
371,1.7394631787359607,0.04976576879140246,1.0718351642586934,0.053174386435297406,False,False,False,False,False,none
372,4.934286823552702,4.644609189671987,2.4079612531124104,4.962733418783618,False,False,False,False,False,none
373,1.2354306395530432,0.8319823438884004,0.13126175743943366,0.8889674918256107,False,False,False,False,False,none
374,-0.5418530794132171,1.537279398202514,0.7575315314948914,1.6425726109382237,False,False,False,False,False,none
375,1.1679033272173247,0.2591300888413532,0.2237437520599672,0.27687874247093996,False,False,False,False,False,none
376,1.2144375031807315,3.449794108330561,0.20157869570337197,3.686081607771178,False,False,False,False,False,none
377,-1.517661742434227,0.18280812642386618,1.164663466642313,0.19532924325394355,False,False,False,False,False,none
378,2.1400412501068544,0.6509373725259937,0.8434042456025745,0.6955221677968756,False,False,False,False,False,none
379,-1.3301150957221617,1.200807989622397,1.0093925809928275,1.2830551928659255,False,False,False,False,False,none
380,1.7706326992807144,0.02970221118297136,0.6973227158196776,0.03173661120450706,False,False,False,False,False,none
381,-1.4757271238577998,0.07715956920917616,1.0176461856281502,0.08244447639315135,False,False,False,False,False,none
382,-0.6518592776347807,0.22076929542428422,0.41428222496918016,0.23589049487299998,False,False,False,False,False,none
383,0.23994255146720272,0.08905814518088201,0.10137826671759455,0.09515802412113372,False,False,False,False,False,none
384,-1.996210029556107,1.8589480099638203,1.0041338758404714,1.9862733410042352,False,False,False,False,False,none
385,0.4119154005072505,0.11952749796355133,0.36539024560364936,0.12771432092205778,False,False,False,False,False,none
386,-4.27976787797465,0.8240657449218839,1.9846280860608947,0.8805086595213553,False,False,False,False,False,none
387,-1.2506716157083266,0.5335686402520121,0.11763919094373403,0.570114473373076,False,False,False,False,False,none
388,2.7259434438401025,0.25182137019096723,1.835796204897962,0.26906942616174173,False,False,False,False,False,none
389,0.5944930820141294,0.9493725353473268,0.4342139432206675,1.0143981152429846,False,False,False,False,False,none
390,-1.5917482090122808,0.9271648610563972,0.713642679355869,0.9906693658786401,False,False,False,False,False,none
391,-3.107055698096083,1.5073255845028024,1.3063143095955756,1.6105671641509829,False,False,False,False,False,none
392,3.8730141828889595,0.1038339061450442,2.3424752338194503,0.11094582450008977,False,False,False,False,False,none
393,2.4820360098224237,3.8927140780721894,1.1989187972724022,4.15933859149571,False,False,False,False,False,none
394,-0.9250160362621354,2.924437431596088,0.6943555300627429,3.1247415617219216,False,False,False,False,False,none
395,0.4228630509891199,0.8138136041251118,0.09866036953310754,0.8695543166114389,False,False,False,False,False,none
396,-3.401711645061103,1.2798865599679052,1.7771919222438668,1.3675501089583169,False,False,False,False,False,none
397,1.0418438979081923,0.07345966892694133,0.7347668436875737,0.07849115803481807,False,False,False,False,False,none
398,2.6268585078565634,2.4778299372848966,1.3570434931749218,2.6475444830041126,False,False,False,False,False,none
399,-4.64306158400934,0.817667563370933,2.442560295687946,0.873672245927515,False,False,False,False,False,none
400,-2.3795255849943118,0.2125535202894665,0.8555221871080242,0.22711199486196873,False,False,False,False,False,none
401,2.090928999453377,0.004454367096114431,1.4851571172481703,0.004759461032065518,False,False,False,False,False,none
402,1.2902294590486905,1.1520424889575447,0.7995348769112403,1.2309495861398903,False,False,False,False,False,none
403,2.0035924478808367,0.17885919393493732,0.9858330541226135,0.1911098356717285,False,False,False,False,False,none
404,0.4592472143985309,1.751683216245056e-05,0.03917384894543048,1.871661636400379e-05,False,False,False,False,False,none
405,-1.6719443373948537,2.049557335052889,1.0029583373703708,2.189938112123141,False,False,False,False,False,none
406,-1.5958879429966453,0.009062594309396361,0.7654554254939773,0.009683320555823948,False,False,False,False,False,none
407,2.909202982202622,0.1588642780103498,1.574020032811686,0.16974540361458765,False,False,False,False,False,none
408,1.0867384267683295,0.0006507717950210914,0.37474818955442285,0.0006953452493558569,False,False,False,False,False,none
409,0.5321178508046817,0.053875848816905846,0.03063333822616944,0.05756597906741748,False,False,False,False,False,none
410,-2.4324781675088856,0.5554219018653135,1.4142537262528725,0.5934645351950505,False,False,False,False,False,none
411,-2.045235887338028,1.2894559601713693,0.9434688229424114,1.3777749481747246,False,False,False,False,False,none
412,2.2719213667221085,0.014430904452070736,1.3404024449805352,0.015419323534650817,False,False,False,False,False,none
413,0.7648058855519486,0.5352162588762983,0.34089748723126145,0.5718749426987487,False,False,False,False,False,none
414,2.53944585878898,1.6564455073301256,1.1339758800199502,1.7699007903400692,False,False,False,False,False,none
415,1.3809397257314031,0.08139102374278832,0.3449412847373433,0.08696575686400697,False,False,False,False,False,none
416,-2.001276713654234,0.19279499082580687,1.3654844687350254,0.2060001401351237,False,False,False,False,False,none
417,-0.8524966147712428,0.035290802312543626,0.5348683377180827,0.037707982923858255,False,False,False,False,False,none
418,-2.5294387717999163,0.03568214398907537,1.241738427775682,0.03812612885109913,False,False,False,False,False,none
419,-0.8476942325356183,0.20485073140798937,0.17721632056649025,0.2188816171834883,False,False,False,False,False,none
420,-2.4306987130304787,1.3239468476495682,0.9100275304108584,1.4146282275232183,False,False,False,False,False,none
421,-0.23600819458949646,0.006628850581128366,0.3370923392248969,0.007082881888155637,False,False,False,False,False,none
422,-1.2514560104990975,0.35448597431584306,0.22313732230616654,0.3787658593836494,False,False,False,False,False,none
423,0.25250337964231256,1.5402072569941363,0.5513829152731734,1.6457010081999297,False,False,False,False,False,none
424,-0.028773767097276914,0.33502297728486996,0.3045985528235087,0.3579697790567881,False,False,False,False,False,none
425,-0.9891474259272832,3.739379506912816,0.2224040836951358,3.9955016421481555,False,False,False,False,False,none
426,2.5076932290067004,0.38210479144792087,1.5191429833114065,0.4082763781746428,False,False,False,False,False,none
427,0.5061658750744588,1.0644435154130552,0.24394484009774609,1.1373506770159383,False,False,False,False,False,none
428,2.39823620909121,4.733406645916164,1.1134043780436003,5.05761289854391,False,False,False,False,False,none
429,-3.4830966321897527,1.2334565228226362,1.963570546521807,1.3179399291635203,False,False,False,False,False,none
430,-1.1368968307951053,0.013185024758313738,0.43221247478434127,0.014088109531599592,False,False,False,False,False,none
431,0.647622080245019,0.12783036586174168,0.5202822987106541,0.13658587896007754,False,False,False,False,False,none
432,-0.9223182300197387,0.003500364761814618,0.3456884083179692,0.0037401160080417378,False,False,False,False,False,none
433,-7.164542384084985,0.6066327202952343,3.3059904363310553,0.6481829473685786,True,False,True,False,True,score
434,0.5347944059625489,0.5169860143873106,1.0918047410531702,0.552396050102301,False,False,False,False,False,none
435,-0.8256283264929811,0.8033316498633523,0.21321139074854373,0.85835441957281,False,False,False,False,False,none
436,-0.6033828011287774,1.4770963508920034,0.27842801084070634,1.5782674330566808,False,False,False,False,False,none
437,-0.08158140130942085,0.008683386998560902,0.4759800115145207,0.009278140116032606,False,False,False,False,False,none
438,0.3102938514700712,0.4177311837787101,0.5709666144352116,0.44634293675697867,False,False,False,False,False,none
439,-1.7518359793099827,0.43316625362479794,0.5440074945448017,0.4628352042047484,False,False,False,False,False,none
440,3.0198398443389305,0.48746411553924235,1.8805558009750758,0.5208521014047347,False,False,False,False,False,none
441,-0.094940896994903,0.006862622462260642,0.007202527255016247,0.007332665557672293,False,False,False,False,False,none
442,-1.0079957932258294,0.8810754940431751,0.4488804827063347,0.9414231898094638,False,False,False,False,False,none
443,1.062953491911963,0.8229202939264578,0.6459566059233277,0.8792847529013493,False,False,False,False,False,none
444,-0.3293654110771536,2.142866978702031,0.1589467802473039,2.289638833523361,False,False,False,False,False,none
445,0.3558126386822388,0.0493438281137016,0.20536917864581236,0.05272354568283398,False,False,False,False,False,none
446,-0.5692294525515254,0.0021460289406759533,0.28464067333981335,0.002293017368447634,False,False,False,False,False,none
447,1.049436431811738,1.2088496168944807,0.5578489191933702,1.2916476170667202,False,False,False,False,False,none
448,-3.2387266469638636,1.5365625715587334,1.6348270844455022,1.6418066865309617,False,False,False,False,False,none
449,0.7750192100181628,2.6299697134716946,0.6400659914932657,2.810104802026735,False,False,False,False,False,none
450,2.3853400585606597,0.5840667363079624,1.293564287093442,0.624071346523798,False,False,False,False,False,none
451,-1.3133789528913717,0.5147130482390452,0.7601892435973808,0.5499674011884497,False,False,False,False,False,none
452,1.2141877618246848,0.03279037867013497,0.6185124969387901,0.035036297220163035,False,False,False,False,False,none
453,-0.6672674519322599,2.0922096928811875,0.41828684034793234,2.2355118671884973,False,False,False,False,False,none
454,-0.0027420179946195944,1.8203123955661367,0.01212587612828479,1.9449914490523825,False,False,False,False,False,none
455,0.43454483370112273,0.0011645120996164274,0.20252079585087251,0.001244273280558285,False,False,False,False,False,none
456,-1.2684767644594441,0.007590658407514797,0.6644838427269079,0.008110567027536044,False,False,False,False,False,none
457,3.422457658042786,3.3202007585177515,1.7449897779590133,3.547611992416185,False,False,False,False,False,none
458,-0.1510562403379024,0.05100787487117621,0.33828503787429665,0.0545015683574007,False,False,False,False,False,none
459,1.1861970455979383,2.0573658621905513,0.3783599115500016,2.198281470411224,False,False,False,False,False,none
460,-0.29284267666695946,0.6499753089214757,0.41511097644338724,0.6944942093602963,False,False,False,False,False,none
461,1.2910334969521475,0.11136937890544804,0.43658873781064406,0.11899742603796444,False,False,False,False,False,none
462,-2.594374382103328,1.2083680597844881,1.536372432126136,1.2911330765606799,False,False,False,False,False,none
463,-0.6618967244529302,0.7673623292676761,0.2912391938109333,0.8199214444652294,False,False,False,False,False,none
464,3.0977221562790485,0.2275271363551999,1.5916048865204089,0.24311120207507297,False,False,False,False,False,none
465,-1.5404696754686613,0.37044095366585317,0.9776962173213816,0.39581364661026197,False,False,False,False,False,none
466,-2.6628352172212404,1.0587518106814855,1.3268568527846674,1.1312691291121837,False,False,False,False,False,none
467,0.07684542250372473,1.3120186077819262,0.26812029881587773,1.401882984123613,False,False,False,False,False,none
468,2.1193802312823227,0.09953778674543379,1.205767283698061,0.10635545005848107,False,False,False,False,False,none
469,3.354355299819005,1.078375304482841,1.5639647026634165,1.1522366991496873,False,False,False,False,False,none
470,-3.947976024672398,0.6890852844268305,2.2927529579104777,0.7362829529385132,False,False,False,False,False,none
471,-0.14361353098185903,0.02047459753329841,0.012108583733385166,0.021876968602781533,False,False,False,False,False,none
472,0.22925655441516513,0.00010051065586454857,0.19064599555575132,0.0001073949541141225,False,False,False,False,False,none
473,-0.5981961147463573,0.43563281195150405,0.24905769238617528,0.4654707050482947,False,False,False,False,False,none
474,1.122302834561288,0.2273846133885436,0.6357363313155252,0.24295891725181118,False,False,False,False,False,none
475,-1.8698559992467985,0.08660311209908853,0.9435479561557638,0.09253483792361077,False,False,False,False,False,none
476,0.7795434975164083,0.2930850523014755,0.530952699958058,0.31315939064082965,False,False,False,False,False,none
477,0.44948942875182163,0.1505340627358628,0.26458225011738634,0.16084462509046862,False,False,False,False,False,none
478,-2.202383288952336,0.44769722415186475,1.0753255539075737,0.47836144766187055,False,False,False,False,False,none
479,0.12048644212742127,1.113438553432477,0.26706110606184835,1.189701542848577,False,False,False,False,False,none
480,7.224181430919398,3.0080552529857334,3.661172580464065,3.2140866367691463,True,False,True,False,True,score
481,0.4245096357621768,0.26719518418462374,0.3710388734326528,0.2854962421466342,False,False,False,False,False,none
482,-0.5278801298130749,0.1375620127178269,0.7590393283311399,0.14698407762443177,False,False,False,False,False,none
483,0.3413132958546654,1.916612283941068,0.18539959406837847,2.0478872266618553,False,False,False,False,False,none
484,-0.4409696297881232,0.3516990494372533,0.5279726484022516,0.37578804905218555,False,False,False,False,False,none
485,-0.9054458487932835,0.6808493914161633,0.647795000161142,0.727482957113579,False,False,False,False,False,none
486,-1.595734984103251,0.19657033029641216,0.8532430851123178,0.21003406475459183,False,False,False,False,False,none
487,2.783434454879713,1.2528171664309085,1.44267842606243,1.3386266455524007,False,False,False,False,False,none
488,-0.30104834878578945,0.1497877652980983,0.3428004093177233,0.16004721133970953,False,False,False,False,False,none
489,-1.7205301195424376,0.7437818390319855,0.9631349165233383,0.7947258505745349,False,False,False,False,False,none
490,0.06475376113812661,0.4964684330505018,0.09591559591031146,0.5304731535969907,False,False,False,False,False,none
491,2.576595211773596,0.01002411946020873,1.2957646753735512,0.010710703658270614,False,False,False,False,False,none
492,1.5892401017035491,0.02200989532724678,0.5574343342695468,0.023517423883013717,False,False,False,False,False,none
493,-2.121529718088653,0.767828173464167,1.3549416336633775,0.8204191958297602,False,False,False,False,False,none
494,-2.690109984550019,0.0017142624504485277,1.3598933556767638,0.0018316778019395895,False,False,False,False,False,none
495,-1.2426987657187571,0.20676618568462068,0.38546553911889075,0.22092826708719343,False,False,False,False,False,none
496,-0.7134162910712952,0.007887059311970587,0.05150415698158465,0.00842726938371519,False,False,False,False,False,none
497,-0.0036469515269235975,4.170091089467254,0.30325777815872246,4.455714046962142,False,False,False,False,False,none
498,0.07601660164322638,0.04433536174195772,0.28126807212275423,0.0473720333327362,False,False,False,False,False,none
499,2.360019359506542,2.141551951677416,1.3334733148150246,2.288233736066255,False,False,False,False,False,none
500,-1.0113320637442182,2.1127480709922195,0.5693858986022335,2.2574569849060184,False,False,False,False,False,none
501,1.1635575023002165,0.07037522014151837,0.5999959622895239,0.07519544542675123,False,False,False,False,False,none
502,2.186223352171422,0.08681328008623022,0.9763109775347245,0.09275940099248337,False,False,False,False,False,none
503,0.0913235722525495,0.054881209068030026,0.23563572407828465,0.05864019967725161,False,False,False,False,False,none
504,0.3309784849436035,0.06503600896984157,0.07220065900754424,0.06949053450108203,False,False,False,False,False,none
505,-0.06323903753208565,0.9775268840612265,0.2490798690564,1.0444808458971055,False,False,False,False,False,none
506,-1.7992186673076798,2.590047786095624,1.0417593737528976,2.767448493381428,False,False,False,False,False,none
507,0.11109363284280616,0.023897952637024523,0.09369409125230023,0.02553480031344584,False,False,False,False,False,none
508,3.6886051757952405,0.031963034632751776,1.8111722467208382,0.034152285727380605,False,False,False,False,False,none
509,3.132135525707694,3.847369603060611,1.1788752021225049,4.11088832747833,False,False,False,False,False,none
510,-2.09507189581515,0.939239880870383,1.5937375651505399,1.003571442655432,False,False,False,False,False,none
511,-0.2737662808659913,0.05260690482005076,0.3910846656419932,0.056210121012931234,False,False,False,False,False,none
512,0.28698652231062244,1.9523363854743052,0.04072646245852553,2.0860581868643298,False,False,False,False,False,none
513,-0.3249637328123449,1.112599211720949,0.3295692878973441,1.1888047119223408,False,False,False,False,False,none
514,-1.8171838122686004,0.03721513649794651,0.9878509498487844,0.039764120949861065,False,False,False,False,False,none
515,1.3934798668946586,0.7856469364063574,0.7678997546318808,0.8394584231841798,False,False,False,False,False,none
516,-0.7890406786841853,0.11189419811037848,0.4448882998125051,0.1195581917990363,False,False,False,False,False,none
517,-4.9694180652871225,0.06923775632138818,2.3847069380671715,0.07398007304937881,False,False,False,False,False,none
518,1.4053181144814721,0.3185924716299577,1.1859841203469734,0.3404138951984726,False,False,False,False,False,none
519,-0.712467453484395,0.007690364191423101,0.07900400660246201,0.00821710198142367,False,False,False,False,False,none
520,-4.251996429215227,3.256028084615414,1.7809867016735554,3.4790439255794734,False,False,False,False,False,none
521,1.3902319707323436,4.226618290492281,1.3134639189018231,4.5161129778821,False,False,False,False,False,none
522,-2.314490872792372,0.04229296237425513,0.7471832828100011,0.04518974346018053,False,False,False,False,False,none
523,-1.0474439725981224,0.23674128785285686,0.017169163178019666,0.2529564604586716,False,False,False,False,False,none
524,2.2251546862057356,0.042103565307245294,1.6019737670552205,0.04498737397859758,False,False,False,False,False,none
525,-0.08099412305649242,1.5137209048371458,0.16237236441599467,1.6174005205542832,False,False,False,False,False,none
526,-3.2113795258036415,0.003571161913897859,1.3893224394927146,0.003815762284886619,False,False,False,False,False,none
527,-1.302477240905002,0.07372255886614426,0.18504066169304395,0.07877205415190053,False,False,False,False,False,none
528,1.1137558295515058,0.6560966621309949,1.0245995695278067,0.7010348337488048,False,False,False,False,False,none
529,0.4258550830103921,0.15828586236510933,0.4858316895041576,0.169127370420543,False,False,False,False,False,none
530,0.7218109540544008,0.5335714729789824,0.5322969236077971,0.5701175001226318,False,False,False,False,False,none
531,0.20300427601125576,0.024665985766051737,0.17405331689770448,0.026355438502904678,False,False,False,False,False,none
532,-1.7965637072795668,0.12322725122198708,0.8311759827357658,0.13166748218645888,False,False,False,False,False,none
533,-1.7526709011553379,0.8675075628040408,0.643638986291651,0.9269259473000322,False,False,False,False,False,none
534,0.39705650696117745,0.6317123168504593,0.5283819408500805,0.6749803261945494,False,False,False,False,False,none
535,0.2877070118722187,0.20101375880763636,0.369636695413885,0.21478183798288913,False,False,False,False,False,none
536,-2.3328748303066247,0.09854520222698715,0.9760960930108628,0.1052948802323661,False,False,False,False,False,none
537,2.0343429855957975,0.011308241201278177,1.3385957279466867,0.012082779029512344,False,False,False,False,False,none
538,-1.5168329072111375,0.27464884601111134,0.6525593276955883,0.2934604292564724,False,False,False,False,False,none
539,-0.12446245515984893,1.8273407334623628,0.1536896203187887,1.952501180427342,False,False,False,False,False,none
540,0.09923962581731632,1.1856422303921512,0.23151748154618973,1.2668506819846812,False,False,False,False,False,none
541,-1.8282853862509636,0.11660269384249178,0.7502411776718991,0.1245891875551311,False,False,False,False,False,none
542,0.2779809348568964,0.0003449673680663122,0.42200790724455006,0.0003685952931625276,False,False,False,False,False,none
543,-1.3852371050201322,1.596593803881787,0.4695769235551035,1.7059496511280372,False,False,False,False,False,none
544,-0.8501215489423936,0.035360994069176865,0.11596238757411781,0.037782982339770683,False,False,False,False,False,none
545,-0.8977263495684342,0.257552115088181,0.11587319341284832,0.27519268821771137,False,False,False,False,False,none
546,0.6798504037133436,1.4273533351663326,0.6729217664083325,1.5251173581178032,False,False,False,False,False,none
547,0.0020049430556193237,1.1924416292381328,0.2093694195304642,1.2741157935371505,False,False,False,False,False,none
548,-3.2219205964399924,0.7570855398796652,1.397121147361655,0.8089407647027445,False,False,False,False,False,none
549,2.102913586485216,1.1833787072787794,1.466520457690168,1.2644321228895696,False,False,False,False,False,none
550,-0.8456003563262677,0.3027433012192041,0.25773917187853335,0.32347916410584476,False,False,False,False,False,none
551,-0.7423166617262859,0.6561572456477497,0.1560662990452549,0.7010995668255715,False,False,False,False,False,none
552,0.940928203620014,0.17258778251724796,0.6920495118951179,0.1844088751055057,False,False,False,False,False,none
553,2.7484852345901816,1.4553208970911724,1.4308726136465433,1.5550005083546277,False,False,False,False,False,none
554,-0.667619544919708,2.0332167069467673,0.5131858965912646,2.1724782618161464,False,False,False,False,False,none
555,0.4012285066774489,0.29046731722767677,0.108178366407606,0.3103623584683164,False,False,False,False,False,none
556,1.6536618190991637,1.8221781710149552,0.6943663016232724,1.9469850174654983,False,False,False,False,False,none
557,0.9131176022099021,1.4568071372174602e-08,0.1960964541134696,1.5565885458496805e-08,False,False,False,False,False,none
558,-0.2283514719743512,0.00014874070683441586,0.3970939302415872,0.0001589284364725599,False,False,False,False,False,none
559,1.1794483508498101,0.3705379598591439,0.3655500302442471,0.3959172970698837,False,False,False,False,False,none
560,-3.1143795383143686,0.4227846510211275,1.7914154082436593,0.45174253223218896,False,False,False,False,False,none
561,-0.3633639510738619,0.6150671027670287,0.09802553513208583,0.6571950278365443,False,False,False,False,False,none
562,-0.12360524375449693,5.470832538643279,0.037937865151232084,5.845547463598597,False,False,False,False,False,none
563,1.1111566023800166,0.3211292622927391,0.6295976879770755,0.34312443881678995,False,False,False,False,False,none
564,1.3536133316336654,0.17663992014398408,0.6213458318603818,0.18873855667751627,False,False,False,False,False,none
565,0.48157317584203374,0.003717345891940278,0.07386323848130824,0.003971958873985017,False,False,False,False,False,none
566,0.5035462315699794,0.38476915835211484,0.06975442564939152,0.4111232361416698,False,False,False,False,False,none
567,1.7142358471073502,1.0192223680256074,0.6433683422438327,1.0890321877285165,False,False,False,False,False,none
568,-0.2648846175272091,2.717120014167004,0.4458004923218132,2.903224307254299,False,False,False,False,False,none
569,0.7102860717858307,0.2550793096834742,0.11662374036845155,0.2725505124136899,False,False,False,False,False,none
570,0.7369340467862371,0.598393885271223,0.10623163163231662,0.6393798080223393,False,False,False,False,False,none
571,1.713309074202256,3.1468496031641973,0.5588339218545612,3.362387458612386,False,False,False,False,False,none
572,1.6302423626693918,1.5474788421151144,0.4067536869796274,1.6534706475848004,False,False,False,False,False,none
573,1.8224261715648589,0.10237858513700507,0.4186724714488657,0.109390823873188,False,False,False,False,False,none
574,1.0475921415399887,0.012680514132191949,0.041099941542924526,0.013549043349249194,False,False,False,False,False,none
575,4.446420645432186,0.13623026566217716,1.6166196132569373,0.14556111492756246,False,False,False,False,False,none
576,-0.43584132557957095,0.49580295244333733,1.0761351281187395,0.5297620920816168,False,False,False,False,False,none
577,4.375463890921762,0.5027768384117144,1.4740863992246183,0.53721364194097,False,False,False,False,False,none
578,-3.4242981445844762,1.3914037259738479,2.6060657633804656,1.4867054445108472,True,False,False,False,False,none
579,0.8462148113348373,0.02138217459947432,0.012312245276239087,0.022846708542677504,False,False,False,False,False,none
580,-5.819555999904284,0.01972848224859202,3.2448426918254354,0.021079749481329648,True,False,True,False,True,score
581,-2.375174931518428,0.7853863723616343,0.9242672828497812,0.8391800122695745,False,False,False,False,False,none
582,2.3861534700620757,0.20945567246349947,1.5713262199848779,0.2238019654699547,False,False,False,False,False,none
583,-2.861446052396074,1.4739665857416822,1.2896733259935476,1.574923300220062,False,False,False,False,False,none
584,1.2770548616492945,5.803643292892385,0.9767343927364642,6.201153497345273,False,False,False,False,False,none
585,-2.784754526601338,3.4678994593408383,1.1898660566859434,3.7054270525326687,False,False,False,False,False,none
586,-0.5501020493660167,0.8387362307641768,0.13261562227095608,0.8961839741465844,False,False,False,False,False,none
587,-2.0250497185753327,6.277325496571224,0.6097204766160436,6.707279719397996,False,False,False,False,False,none
588,2.131057829269208,0.09949049010067601,1.5292414207557425,0.10630491391432977,False,False,False,False,False,none
589,2.2323615324516695,0.06086392398553429,1.2725572572102894,0.0650326899910062,False,False,False,False,False,none
590,1.384299381007992,4.3970955552460556,0.6064692435609684,4.698266779071157,False,False,False,False,False,none
591,-1.6226819526330916,0.24880561609476165,0.9741551952672981,0.26584711336320677,False,False,False,False,False,none
592,2.667135194405855,0.2692968440898406,1.30258480631969,0.28774185150161075,False,False,False,False,False,none
593,-4.818708500180864,1.6877639050607214,2.590918024899721,1.8033642859095125,True,False,False,False,False,none
594,0.6092499699593613,3.2881899525829645,0.5615306314577427,3.5134086633765715,False,False,False,False,False,none
595,-0.28111398256355025,1.9198739704770005,0.01711828032308733,2.051372316604291,False,False,False,False,False,none
596,0.6959777848978549,0.7114315963182156,0.4878910848931025,0.7601598356386852,False,False,False,False,False,none
597,-3.0336564675229623,1.4645016502659725,1.4197314092516378,1.5648100808567658,False,False,False,False,False,none
598,0.005540528084704843,0.04031360602968293,0.33918017931998595,0.04307481463027319,False,False,False,False,False,none
599,2.345118598667579,0.03161029700499344,1.4067744862283968,0.03377538796443612,False,False,False,False,False,none
600,-1.9993720205768584,0.7332966077693881,0.9830231832438433,0.783522452082736,False,False,False,False,False,none
601,2.722495788214629,2.5578804755051134,1.5051707156202319,2.73307794017861,False,False,False,False,False,none
602,1.069616348530377,0.38993396993350304,0.40197079211058173,0.41664180228791775,False,False,False,False,False,none
603,1.3623146140523203,0.018318888263148668,0.46362724363783636,0.019573607867944487,False,False,False,False,False,none
604,-0.6208450764249874,1.363942754047093,0.5915536646632952,1.4573635822512134,False,False,False,False,False,none
605,-0.8822362380704514,1.7853034429348704,0.6000997611720429,1.9075846206014255,False,False,False,False,False,none
606,-2.1186023558579214,1.146495841935805,1.0801057805274086,1.2250230314152872,False,False,False,False,False,none
607,1.0586772570077343,0.7463467412709545,0.6778941303289486,0.7974664312213522,False,False,False,False,False,none
608,0.334704123682091,0.011580523472419862,0.1909608984128962,0.012373710789571273,False,False,False,False,False,none
609,2.287123229739204,0.5421531839788618,1.1003053377043237,0.5792870001236539,False,False,False,False,False,none
610,-0.8799803764580632,0.492522705429938,0.6567959245603667,0.5262571703948878,False,False,False,False,False,none
611,1.1828257666078466,0.3286840300380255,0.47567227036684784,0.3511966569151504,False,False,False,False,False,none
612,3.1844398319881186,0.07583321471691146,1.3519494451375567,0.08102727561368583,False,False,False,False,False,none
613,-0.520143428912662,3.656344198868589,0.7163271203989194,3.9067789786598244,False,False,False,False,False,none
614,-1.638480571199632,2.7532359328390568,1.1158065359840321,2.94181392141224,False,False,False,False,False,none
615,-0.4199533564143114,0.053388055013308885,0.3012767292455492,0.05704477469655906,False,False,False,False,False,none
616,-1.1119626905378905,0.2716359039036673,0.5768633052049679,0.2902411210488579,False,False,False,False,False,none
617,-1.7369223474344817,4.961341099074143e-05,0.7647924088587666,5.301159315860273e-05,False,False,False,False,False,none
618,0.41305205781977694,2.418601079419844,0.4315790740023537,2.5842588500735966,False,False,False,False,False,none
619,-0.7225720172920405,2.0041868320931444,0.20587117357366785,2.1414600374196704,False,False,False,False,False,none
620,-2.7240874446060808,0.02814085309065938,1.136060697253738,0.0300683106722179,False,False,False,False,False,none
621,0.7602759762623107,0.019415247984705904,0.7821623142191569,0.020745060794765364,False,False,False,False,False,none
622,0.8284409118212499,0.19225995841036994,0.6588112591385054,0.20542846162789308,False,False,False,False,False,none
623,-2.3235414756350368,0.07244357426853418,1.0026526459922045,0.07740546778360431,False,False,False,False,False,none
624,1.439545199578293,0.14989565340072272,1.0241570945066154,0.1601624890456517,False,False,False,False,False,none
625,-2.143868273323548,0.1396464030973844,0.9197555882306857,0.14921123460836558,False,False,False,False,False,none
626,-0.9568514929103813,0.3901275226115788,0.1597284307175212,0.41684861201174067,False,False,False,False,False,none
627,0.22019791146264894,0.027310030060728595,0.44345598666198255,0.029180581899493376,False,False,False,False,False,none
628,-7.54202803597636,1.6335459421004732,3.4123532987544762,1.745432760200199,True,False,True,False,True,score
629,1.5321411081583023,0.11158422524993084,1.6739400464829333,0.11922698789992674,False,False,False,False,False,none
630,-1.7295432583938604,0.02397111677466385,0.24378953885906035,0.025612975698304175,False,False,False,False,False,none
631,0.10438677226331727,0.6103794669853094,0.6950005629702537,0.6521863207959704,False,False,False,False,False,none
632,-0.9236583258371385,0.14284169421645754,0.05707561739087574,0.15262538149818963,False,False,False,False,False,none
633,-2.246017307700142,0.11662033890534751,0.5960990314152222,0.1246080411851212,False,False,False,False,False,none
634,2.4492749818256554,0.04126362213945818,1.8018125615388827,0.0440899004004276,False,False,False,False,False,none
635,-1.0874001298492004,0.011760570929510732,0.27494842655182966,0.01256609027636615,False,False,False,False,False,none
636,-2.215853381284954,0.16976174598959676,0.7676130718195935,0.18138927424228035,False,False,False,False,False,none
637,-0.40074811737065064,1.0021228877984014,0.266805810930346,1.0707615090767832,False,False,False,False,False,none
638,-0.5467744873979399,0.00365073659493436,0.14257598509135244,0.003900787291887645,False,False,False,False,False,none
639,-0.9334387023089324,0.3555269357589699,0.07359282673654648,0.37987811962568613,False,False,False,False,False,none
640,-0.38633858634756235,0.28023556173392394,0.2066411663742316,0.2994297971164202,False,False,False,False,False,none
641,1.7999163055044436,0.021003821609516894,1.2263333677049022,0.022442440938950217,False,False,False,False,False,none
642,-0.49504553898782766,4.188924879211882,0.13271076276542373,4.475837823570914,False,False,False,False,False,none
643,0.5499756248944766,0.08860006517955508,0.40099494770889477,0.09466856874647774,False,False,False,False,False,none
644,-0.27336642366509717,0.3268777444848699,0.07878358832009717,0.34926665305208165,False,False,False,False,False,none
645,0.7405710916492914,1.2474017899950358,0.42905135278033896,1.3328403525585018,False,False,False,False,False,none
646,-5.908328504606996,1.1701851954994087,2.883563974020671,1.2503349450335308,True,False,True,False,True,score
647,-0.1346390887975249,2.2321113767132656,0.4952019922002778,2.384995867530534,False,False,False,False,False,none
648,2.783523796795513,0.45760635369955516,1.8123873342541659,0.4889492853784928,False,False,False,False,False,none
649,-1.6662841149502026,1.158889620867348,0.7096448771177867,1.238265700147321,False,False,False,False,False,none
650,-1.655327417801665,0.09982452951046764,0.5623984615303632,0.1066618327581907,False,False,False,False,False,none
651,1.9847904907738758,2.621922936192225,1.3166819596140518,2.8015068750779766,False,False,False,False,False,none
652,0.35920576847870667,0.4073428404045405,0.2644262998758471,0.4352430623168577,False,False,False,False,False,none
653,1.5512242475505773,0.05317029399741731,0.7900444749009999,0.05681209852796419,False,False,False,False,False,none
654,0.6867278541950617,3.7434167249399977,0.21248324756857467,3.9998153822292286,False,False,False,False,False,none
655,-1.4842445544174803,2.198219304835713,0.883617031186827,2.3487824185900807,False,False,False,False,False,none
656,-1.379142809985994,0.3018883347929172,0.6558862611831865,0.32256563827785756,False,False,False,False,False,none
657,-2.845095949738856,1.4412788653510993,1.2361568109612073,1.5399966926753579,False,False,False,False,False,none
658,-0.6320592300482717,0.13369512887415108,0.08509258585049395,0.1428523384632044,False,False,False,False,False,none
659,-0.39557433012531595,0.4283081948010252,0.18284353688331956,0.457644401299573,False,False,False,False,False,none
660,0.3488003445368957,0.47216969708371204,0.5075303920501395,0.5045101190138586,False,False,False,False,False,none
661,0.1571405942756613,0.0002954817289103456,0.31300912484559057,0.00031572022334281556,False,False,False,False,False,none
662,-0.04785644732017538,0.15298009795471607,0.15091933487408998,0.16345819713246468,False,False,False,False,False,none
663,-2.11837435137272,0.8680018895479356,0.884116168844394,0.9274541320732914,False,False,False,False,False,none
664,0.4992472857471044,2.4371605195354307,0.5630758848642998,2.6040894859644155,False,False,False,False,False,none
665,-0.3999033735842559,3.704322961743696,0.01409016990195773,3.958043961393281,False,False,False,False,False,none
666,0.5443468180358814,1.1031145093931396,0.4695301150908862,1.1786703718116374,False,False,False,False,False,none
667,2.440907461669786,1.4963981778710065,1.2960518088333686,1.5988913042760897,False,False,False,False,False,none
668,1.0849417807607433,0.11976170651483137,0.37877211515566134,0.1279645711706658,False,False,False,False,False,none
669,-0.5842945385410392,0.15135302098808007,0.5070863133899299,0.1617196764286748,False,False,False,False,False,none
670,0.16666879170126497,0.17172290626060815,0.04121592038571455,0.18348476069099626,False,False,False,False,False,none
671,-2.8853606619584937,0.3012622809369562,1.5141658165023164,0.3218967039787469,False,False,False,False,False,none
672,0.7078648314665986,0.6964163059258837,0.5325105230345215,0.7441160996902514,False,False,False,False,False,none
673,1.2689257929434554,0.1407660469942667,0.6982992420662459,0.1504075665186048,False,False,False,False,False,none
674,-0.9395583072788578,0.518813048366251,0.5131691903187727,0.5543482235176019,False,False,False,False,False,none
675,-3.7035255424362328,1.3903346408964221,1.7519277617182258,1.4855631343563005,False,False,False,False,False,none
676,-0.7324174667325163,0.5250941591881693,0.04037858105652601,0.5610595478314607,False,False,False,False,False,none
677,1.051936860487065,0.03961354202757346,0.898275268526371,0.04232680099194996,False,False,False,False,False,none
678,5.425540282114832,0.6351843662620669,2.841191841991547,0.6786901874429335,True,False,False,False,False,none
679,-0.9309699769055192,0.6935263627538775,0.8119508999708797,0.7410282150109565,False,False,False,False,False,none
680,-0.5186532133577773,2.330921950849538,0.44945756032912354,2.4905742958481825,False,False,False,False,False,none
681,-3.551532008185128,4.6357521550565775,1.8314650427431265,4.953269737366684,False,False,False,False,False,none
682,-1.6710395024568516,1.9921598131016234,0.5525424121242046,2.128609249196134,False,False,False,False,False,none
683,0.9960980990061887,0.21939228703257052,0.8523656883889896,0.23441917074551497,False,False,False,False,False,none
684,1.5940420358309215,0.12609873720306297,0.9720832041816464,0.13473564548242403,False,False,False,False,False,none
685,1.6505404367367824,1.612887210423915,0.8050860367594496,1.7233590455141676,False,False,False,False,False,none
686,0.0022801100883647896,0.0038370005324395136,0.15585523006112886,0.004099809045844156,False,False,False,False,False,none
687,-0.24991273289845262,0.014692074288574601,0.24707693928871036,0.0156983817336653,False,False,False,False,False,none
688,-3.178055289974682,0.3047852666838239,1.6187305677084354,0.32566099035589924,False,False,False,False,False,none
689,3.5300306980953655,2.18017385123557,1.960544595515103,2.3295009738050863,False,False,False,False,False,none
690,1.3662822062707842,4.9670315881688865,0.5183379162062898,5.307239564864324,False,False,False,False,False,none
691,0.3385183780066485,0.888521023520292,0.08411799578875044,0.9493786875591542,False,False,False,False,False,none
692,-1.5534941980568178,1.7406900138804242,0.9855148718443972,1.8599154742311863,False,False,False,False,False,none
693,-0.12932957192645017,2.3062194112154587e-05,0.09724465243091085,2.4641797997852036e-05,False,False,False,False,False,none
694,1.8070913998507492,0.08997886227158033,0.8619767760890286,0.09614180408811443,False,False,False,False,False,none
695,-1.9611425927558568,0.3279333498972342,1.1391958563948494,0.3503945602759313,False,False,False,False,False,none
696,6.060923473430909,0.2591166851729635,2.9818654893440164,0.2768644207421711,True,False,True,False,True,score
697,-0.6716408605190824,0.0497926963727449,0.881916345831699,0.05320315837333523,False,False,False,False,False,none
698,-0.7364517551147599,2.65333926885717,0.736986720889261,2.835075013460564,False,False,False,False,False,none
699,-0.7134262266207709,0.01566489594814003,0.5784147619211735,0.01673783507910013,False,False,False,False,False,none
700,-2.770973500323512,0.03343036102260949,1.4612886158369334,0.03572011402333337,False,False,False,False,False,none
701,-5.086026040219707,0.7110561028653875,2.292558648362519,0.7597586234309868,False,False,False,False,False,none
702,0.8434280286118299,8.26979331077621,1.043601042914163,8.836218065684166,False,True,False,True,True,residual
703,2.4839377098143203,3.4245346311235547,1.631043395893183,3.659092027688754,False,False,False,False,False,none
704,0.9181868303425005,0.00581104258878114,0.5449536594724715,0.006209059594819361,False,False,False,False,False,none
705,-0.4535772392991365,3.583530287729795,0.22977358593278469,3.828977808442023,False,False,False,False,False,none
706,-1.905835615924132,0.03196364045942279,0.8886204084335139,0.034152933049069786,False,False,False,False,False,none
707,2.9611359958179753,0.23730790031462476,1.6511138642647532,0.25356188203122665,False,False,False,False,False,none
708,-5.3376736299763,0.13776718976671354,2.706638648457495,0.14720330790962807,True,False,False,False,False,none
709,2.5882659508441517,0.16553132128511844,1.6812597121522095,0.1768690941368698,False,False,False,False,False,none
710,-1.6904649216319023,0.05107756733807999,0.7315208668951831,0.05457603428562346,False,False,False,False,False,none
711,-3.122475932437796,1.0517554308116936,1.2801919000704274,1.1237935446717255,False,False,False,False,False,none
712,0.3803776557960029,0.07988027687578447,0.675830891824808,0.08535153408270724,False,False,False,False,False,none
713,0.8803405343389974,0.2092801444291861,0.7833037729104781,0.22361441495574624,False,False,False,False,False,none
714,0.27414103320004873,0.35230537368281695,0.33244582267969036,0.37643590239639557,False,False,False,False,False,none
715,1.5948250714244079,0.20827142696570095,0.906903309623325,0.22253660718727347,False,False,False,False,False,none
716,-0.7902127015712466,4.760860610418229,0.431969931911186,5.086947273417788,False,False,False,False,False,none
717,-0.8257740620601304,0.7194865319909485,0.3628343769688054,0.7687664797753142,False,False,False,False,False,none
718,-6.083389630613336,0.9059131697519317,2.8418627324538575,0.9679620778517237,True,False,False,False,False,none
719,-3.058750989541112,0.8008972898561889,0.8055902546991099,0.8557533224153218,False,False,False,False,False,none
720,0.7824884492732509,0.8699114138483517,1.219735649581245,0.9294944458376285,False,False,False,False,False,none
721,-1.1589858710772887,0.3523871426809159,0.03356356006352268,0.3765232720162957,False,False,False,False,False,none
722,0.6085014555912395,0.0030055298970476834,0.8846374576958441,0.0032113883110766526,False,False,False,False,False,none
723,-1.9582847664791299,0.1833705776820659,0.5379877075365858,0.19593021860870785,False,False,False,False,False,none
724,-0.45887346721188943,0.03512437252622001,0.2972953542319449,0.037530153825921266,False,False,False,False,False,none
725,-0.15376483635454724,0.270370784606624,0.38590981923933665,0.2888893496601809,False,False,False,False,False,none
726,-4.114292250627087,0.6390180055480612,1.6133721403682992,0.6827864050197474,False,False,False,False,False,none
727,-1.7641684132623614,0.03584013986348132,0.15014935967999796,0.03829494637135206,False,False,False,False,False,none
728,0.2089475546109209,1.4822443233402904,0.8374616111307761,1.5837680067034157,False,False,False,False,False,none
729,2.587540141715456,0.299056532017122,1.8243339286018816,0.3195398762175979,False,False,False,False,False,none
730,-0.6865620684808138,2.7869179614525272,0.12950098839734614,2.977802940549564,False,False,False,False,False,none
731,1.0808445102012478,1.372435164154388,0.7541466307867296,1.46643766485416,False,False,False,False,False,none
732,-0.07244781032442636,0.48994723955081504,0.043608222348144675,0.5235053025702102,False,False,False,False,False,none
733,-4.507613926696211,1.4617304928276584,2.1175622961656746,1.5618491179282996,False,False,False,False,False,none
734,-1.3898355991271611,0.21569406318011347,0.18094789788155322,0.23046764364102945,False,False,False,False,False,none
735,2.043899917576341,0.29740606931840696,1.5216821154389173,0.31777636801768677,False,False,False,False,False,none
736,-3.0528680119552654,0.43565570104379414,1.256187903310297,0.46549516188816964,False,False,False,False,False,none
737,1.132973672802708,3.250732950581824,1.026497876783595,3.473386110776913,False,False,False,False,False,none
738,-0.133258011026135,1.2006371162322018,0.20667814803832996,1.2828726158073889,False,False,False,False,False,none
739,0.7172320843108361,0.5120280222651024,0.5780973961648407,0.5470984691455086,False,False,False,False,False,none
740,-1.1475227212392385,0.02974267414417151,0.44251397655288743,0.031779845604124037,False,False,False,False,False,none
741,1.4265304624749382,0.07942884422151862,0.8952132517644741,0.08486918135330276,False,False,False,False,False,none
742,0.5559573235410225,1.4484310077258677,0.29366913844397574,1.5476387082959808,False,False,False,False,False,none
743,3.5872270565668725,1.2522017202773383,1.7060534047744544,1.337969045511352,False,False,False,False,False,none
744,0.41040506555701295,0.5620602726865558,0.17691394056932763,0.6005575893952003,False,False,False,False,False,none
745,-1.399479314040991,2.0837667611611934,1.0198936518070716,2.2264906519068126,False,False,False,False,False,none
746,0.05084028610623964,1.9211818754780121,0.11205429741679114,2.0527698042274793,False,False,False,False,False,none
747,-0.30072136840850106,0.3091247846829518,0.2602612834801978,0.3302977359067571,False,False,False,False,False,none
748,0.5675760875360376,0.1240338993722975,0.21318801502769985,0.13252938026426644,False,False,False,False,False,none
749,3.1059150285327233,0.2845570059738388,1.4024422176802547,0.30404723097813763,False,False,False,False,False,none
750,-1.269446531063933,0.20614291502108578,1.0014711022602671,0.2202623066103141,False,False,False,False,False,none
751,-0.8302914601947506,2.0358471126413136,0.5880487118544708,2.1752888324609945,False,False,False,False,False,none
752,-1.1656196778488026,0.011326625824752337,0.6331784984181013,0.01210242287500743,False,False,False,False,False,none
753,-0.11885159445046137,0.025721464717143955,0.0014685639468629604,0.027483210603742713,False,False,False,False,False,none
754,-0.419421349127221,0.7902993789427586,0.14469590386058329,0.8444295264808167,False,False,False,False,False,none
755,-2.943275134078836,0.08562692127999708,1.3406186775523807,0.09149178465407248,False,False,False,False,False,none
756,-1.3486684246951397,1.911135030262221,0.29860974223250697,2.0420348182534984,False,False,False,False,False,none
757,-1.8275109655708837,0.34506904375549896,0.4712768545131406,0.3687039329468451,False,False,False,False,False,none
758,0.902404482986686,0.49556096120584303,0.9478451119817363,0.5295035260855722,False,False,False,False,False,none
759,0.0792707494583576,2.3658477622564806e-05,0.35879764133050496,2.5278922884648247e-05,False,False,False,False,False,none
760,1.5411829928000953,0.04998767483619784,0.9965248108719058,0.05341149153916383,False,False,False,False,False,none
761,4.013645880019849,1.7526516883172958,1.997141073309012,1.8726964422412558,False,False,False,False,False,none
762,-3.17003331164942,0.2943399858271646,1.8886283024032346,0.31450027860189594,False,False,False,False,False,none
763,0.7634497188925948,0.20420884860629843,0.3980723317337005,0.2181957697632193,False,False,False,False,False,none
764,-1.8035780707071922,2.4095327076740296,0.9273570444465168,2.5745693563661436,False,False,False,False,False,none
765,0.4801714342087362,0.444110190184396,0.36645031432070196,0.4745287261953899,False,False,False,False,False,none
766,0.7123509490113232,0.8977658753026011,0.4058402553392081,0.9592567489886901,False,False,False,False,False,none
767,0.2475304887176067,4.24299325776474,0.09908825766366205,4.533609519355433,False,False,False,False,False,none
768,-3.205812976054177,1.129485885119102,1.5966858422639774,1.2068480079205164,False,False,False,False,False,none
769,0.5319038788051382,0.0027315128752338994,0.5366182046874723,0.0029186029816899058,False,False,False,False,False,none
770,1.6646904024947533,0.21004943383632746,0.9790518926688736,0.22443639546984978,False,False,False,False,False,none
771,1.2245023676770836,0.6343449578285235,0.5696120321606759,0.6777932852246764,False,False,False,False,False,none
772,-0.6809494484175487,0.19514356032269783,0.4690531028377378,0.20850957071422904,False,False,False,False,False,none
773,-1.8308930707222966,0.38093501620069026,0.9333263939206068,0.40702648125655416,False,False,False,False,False,none
774,-4.0327623517769435,0.7157736381759696,1.8152594337662442,0.7647992779153678,False,False,False,False,False,none
775,2.630181129244791,0.32752281849375325,1.781413205230121,0.34995591025559253,False,False,False,False,False,none
776,3.809586484182054,0.10675674466760421,1.997512671565708,0.11406885763835067,False,False,False,False,False,none
777,0.4775453913668867,5.286494995648655,0.019076553598624906,5.648584049111513,False,False,False,False,False,none
778,-3.9732556717516614,1.0855539680461042,2.1752979778143846,1.1599070524803463,False,False,False,False,False,none
779,-0.09055035668674459,0.10161306362270733,0.14409344757714246,0.1085728693270335,False,False,False,False,False,none
780,0.652467374294976,3.049280964901966,0.475871776636251,3.2581360303531697,False,False,False,False,False,none
781,1.1241446307813465,0.011934989219208013,0.6096090681329266,0.012752455035978768,False,False,False,False,False,none
782,-0.6935505564406902,1.0968793101779535e-05,0.39446594030843557,1.172008103738193e-05,False,False,False,False,False,none
783,-0.8773637645736022,1.3094965304591941,0.40477990311752565,1.3991881616093502,False,False,False,False,False,none
784,-0.9025374833525147,0.8002679322228266,0.33604108442650343,0.8550808580524645,False,False,False,False,False,none
785,-0.44261149626955537,2.7093912942653136,0.04562427803966057,2.8949662224565884,False,False,False,False,False,none
786,4.526373474838505,0.013204804023753344,2.3750192953730416,0.0141092435425761,False,False,False,False,False,none
787,-2.1756350851814794,1.076321764672432,1.3525641515548847,1.1500425057896557,False,False,False,False,False,none
788,-0.06269903248007583,0.06710141167007411,0.056613556742536375,0.07169740327843417,False,False,False,False,False,none
789,1.844099080261058,0.016486111485021146,0.8801052599849453,0.017615298310660426,False,False,False,False,False,none
790,-3.274855522337595,0.7941040499818175,1.780216894055179,0.8484947916822468,False,False,False,False,False,none
791,-2.4715630110130125,0.2762012030394559,1.0343242928787846,0.29511911221295883,False,False,False,False,False,none
792,5.52242894464858,0.29253769253583517,3.052137977069272,0.3125745404435124,True,False,True,False,True,score
793,-0.543076725823341,0.07111466045661655,0.5019653473601685,0.07598553238844731,False,False,False,False,False,none
794,2.455249656218342,2.627798337221264,1.0535579417488552,2.8077847012297235,False,False,False,False,False,none
795,-5.158721532980649,2.1901486211081873,2.8523216027006386,2.3401589477637113,True,False,False,False,False,none
796,3.4656120205846905,0.4925453306991753,1.903653826032023,0.5262813453416202,False,False,False,False,False,none
797,-1.563096335400204,1.007757855061184,0.9175802607480432,1.0767824333799403,False,False,False,False,False,none
798,-1.7793910727761393,0.3946855808096771,0.8390351052257231,0.42171886628302857,False,False,False,False,False,none
799,1.2003426228011047,0.10405104365093709,0.7748788416279999,0.11117783445247978,False,False,False,False,False,none
800,-0.022297793533087057,2.798333340835761,0.026538378847098167,2.99000019599987,False,False,False,False,False,none
801,-2.5335480258478267,0.16490851744281915,1.1975145689508115,0.17620363245531467,False,False,False,False,False,none
802,1.87099255442701,0.2898927393849938,1.1795742128631934,0.30974842594027596,False,False,False,False,False,none
803,0.4324163895609928,9.609650759461562,0.24549800157371676,10.267846662506226,False,True,False,True,True,residual
804,0.9382958530549836,0.1878826695074925,0.4419088631062253,0.20075135812254633,False,False,False,False,False,none
805,2.1287244124164113,0.30751267359270085,0.9312589149524002,0.328575206140384,False,False,False,False,False,none
806,-0.8849204012907513,1.7905943702297527,0.7175573393187169,1.9132379405322077,False,False,False,False,False,none
807,3.733738047951963,0.00031283602911114073,1.6674544281549566,0.00033426317540810477,False,False,False,False,False,none
808,-1.3026279654830732,0.6192709783808823,1.1102561485663938,0.6616868404186819,False,False,False,False,False,none
809,2.9880797763016522,0.024699166346054707,1.1941362619124893,0.026390891727602575,False,False,False,False,False,none
810,-0.6688726294745668,0.4309292523814836,0.8194617390086146,0.46044498354791835,False,False,False,False,False,none
811,-1.4538333733571216,8.293075020757584,1.0365219474374288,8.861094414899492,False,True,False,True,True,residual
812,-0.90409248627415,0.4754118457947189,0.5624205265941494,0.5079743329228691,False,False,False,False,False,none
813,1.5425150364769646,0.08001849978018544,0.7374368291051483,0.08549922431861283,False,False,False,False,False,none
814,-3.2620722891600638,1.0193770621379492,1.7417847509406335,1.089197477338397,False,False,False,False,False,none
815,-1.8801093679231267,0.3672052268381117,0.7227416402484085,0.3923562944399664,False,False,False,False,False,none
816,-1.9924805640194876,0.05809803052017389,0.6327286437209825,0.06207735158194003,False,False,False,False,False,none
817,1.8033001162559374,0.0033857771723677273,1.3359631596016408,0.00361767994586659,False,False,False,False,False,none
818,1.572343027793389,0.8634609553900026,0.956683784598866,0.9226021747227825,False,False,False,False,False,none
819,-2.738248053027455,0.012619538615053775,1.3266438188707426,0.013483891422731433,False,False,False,False,False,none
820,1.644956884498035,1.7675750235538277,1.0659163236008355,1.8886419247293698,False,False,False,False,False,none
821,-1.7001184144250852,0.6787310303210528,0.770679316629224,0.725219502650471,False,False,False,False,False,none
822,-1.615393121431227,6.508582497190064,0.5754250697473466,6.9543762561423135,False,True,False,False,False,none
823,-0.01901425039880078,3.448244446001639,0.3144051991358035,3.684425804082749,False,False,False,False,False,none
824,-1.143109492551916,0.016761920536642015,0.29401516769862573,0.01790999841174225,False,False,False,False,False,none
825,-0.7497491780813921,0.15852987317865247,0.044308807482968476,0.1693880943198988,False,False,False,False,False,none
826,-2.8897510076956996,0.2930201222340064,1.0740202150053495,0.3130900133041036,False,False,False,False,False,none
827,-1.9374668245403623,0.12364847649626162,0.3970591830616417,0.13211755853521326,False,False,False,False,False,none
828,-1.2325385906955484,0.13835272384942038,0.024464300196851994,0.14782894710582734,False,False,False,False,False,none
829,-2.096355091963292,1.1694969976001637,0.399650930944049,1.2495996102456408,False,False,False,False,False,none
830,-1.1458846922415444,1.6927858841662249,0.14155598942197323,1.8087302365239872,False,False,False,False,False,none
831,-0.8504425549454065,5.080559135466698,0.25662704128485586,5.4285429791925335,False,False,False,False,False,none
832,-4.192307382220724,0.008872608636316472,1.4165526551630334,0.009480322152647156,False,False,False,False,False,none
833,-1.4778602384346162,0.30414514390606334,0.18411748427913158,0.32497702350926316,False,False,False,False,False,none
834,0.769390222221727,1.4267743576456047,1.2379164346591818,1.524498724563611,False,False,False,False,False,none
835,-0.3604023184278599,1.861438654210453,0.44202884114274904,1.9889345774898692,False,False,False,False,False,none
836,-1.157800978342801,0.23967995123259483,0.0333657799638389,0.2560964023495008,False,False,False,False,False,none
837,-1.2862815830399632,0.014183494384801296,0.08904607943603919,0.015154967555742662,False,False,False,False,False,none
838,2.4263502860112034,0.36445366746549135,1.7305559163836266,0.3894162719117772,False,False,False,False,False,none
839,3.143830913448592,0.043828103071278504,1.732648233980389,0.04683003088341381,False,False,False,False,False,none
840,-2.890173779479018,0.1382126997409758,1.542269271688992,0.14767933229561714,False,False,False,False,False,none
841,-0.7270263142172042,8.00500790109246,0.1840093438408607,8.553296651248292,False,True,False,True,True,residual
842,-1.4889403372202792,2.0674578011092417,0.5169751315484384,2.209064638700921,False,False,False,False,False,none
843,0.4418763209981318,0.1131917913894345,0.5234725401236767,0.12094466141725084,False,False,False,False,False,none
844,-1.316855481960308,0.004718463658269871,0.4347593979985856,0.005041646417589252,False,False,False,False,False,none
845,-1.4863432599476258,0.000151733536899802,0.4300623353146083,0.0001621262550996382,False,False,False,False,False,none
846,-1.6347785050562411,0.27283010417963877,0.4160875930672524,0.29151711594450225,False,False,False,False,False,none
847,-1.6627595077126471,4.123490648403853,0.3464496509752058,4.4059217917365245,False,False,False,False,False,none
848,-4.893249111086679,0.0038877669745847675,1.8449620368481416,0.004154052644971339,False,False,False,False,False,none
849,0.40211586531085797,0.31553467420053705,1.0939459231827084,0.33714665938354105,False,False,False,False,False,none
850,1.2588668967966001,1.4775550853731403,1.2909501371858263,1.578757587738575,False,False,False,False,False,none
851,-3.02900673254452,1.1945142403141393,1.048205636145263,1.276330364415129,False,False,False,False,False,none
852,-0.2735407316968614,0.021354517604166463,0.49870213124370366,0.022817157230764617,False,False,False,False,False,none
853,-0.2708907921902648,0.16317875363347917,0.40024775813425895,0.1743553915565319,False,False,False,False,False,none
854,1.652129318591953,0.1138676918807412,1.253467077077608,0.12166685650816159,False,False,False,False,False,none
855,-3.8176876500661,0.5224561716106468,1.6518059113454786,0.5582408759960741,False,False,False,False,False,none
856,-1.2418390958164103,0.7726228096349144,0.07134897734415317,0.8255422320603192,False,False,False,False,False,none
857,3.766065442207373,1.8584322815987182,2.373327752466998,1.9857222887438648,False,False,False,False,False,none
858,-0.7610998269529528,0.4349411129936325,0.29843516271037657,0.4647316294030067,False,False,False,False,False,none
859,-0.2224058063694973,1.811011999461201,0.022687700561696743,1.9350540388908295,False,False,False,False,False,none
860,-0.006273574830801598,2.313697112540963,0.12304219069436988,2.4721696729367024,False,False,False,False,False,none
861,0.8984960678730995,0.4517712331644598,0.5375312626845001,0.48271449866133664,False,False,False,False,False,none
862,2.0227066239182765,0.01829176042048613,0.9756203006183822,0.019544621952044337,False,False,False,False,False,none
863,0.5511003192065653,0.18331878578622562,0.06630487753301934,0.19587487931926229,False,False,False,False,False,none
864,-0.6215722604825413,0.003342737131621269,0.5160706942582405,0.003571691954232499,False,False,False,False,False,none
865,-0.8833431836178508,1.186215245757451,0.5398976884726607,1.2674629450162347,False,False,False,False,False,none
866,-0.6187269446735385,0.09372412896937835,0.30349614568862443,0.10014359615379569,False,False,False,False,False,none
867,-1.0690811313850759,3.977481179000444,0.4613601758908519,4.249911663935366,False,False,False,False,False,none
868,0.17828018697499454,0.001353616249927215,0.2362739572974815,0.0014463297826349006,False,False,False,False,False,none
869,-0.9720870740713986,3.2948005208577373,0.36927034368825606,3.5204720107443794,False,False,False,False,False,none
870,0.5583115413596218,0.17505309678400072,0.4473078283165915,0.1870430466794292,False,False,False,False,False,none
871,0.19726772186867764,2.2193109929280777,0.18262658827056227,2.371318744270031,False,False,False,False,False,none
872,0.07542463034596963,0.4786497695982783,0.08696909421610784,0.511434032546926,False,False,False,False,False,none
873,-0.4313987562743688,2.6396138245517617,0.17639328572413024,2.820409469308094,False,False,False,False,False,none
874,-3.137423924646704,0.4547083063299739,1.454386933149287,0.48585274141905266,False,False,False,False,False,none
875,4.90062198041223,0.03296474463897632,2.7374678698604566,0.03522260607529594,True,False,False,False,False,none
876,-1.1057412923043763,4.562926398784645,0.7249987906293923,4.87545591070446,False,False,False,False,False,none
877,-1.1147217420406341,1.2174565014293304,0.5843573718342245,1.3008440148191276,False,False,False,False,False,none
878,-2.8613252613214444,0.5926959848951023,1.3151372998804784,0.6332916401144016,False,False,False,False,False,none
879,-0.7601572713864164,0.04892578519944603,0.03238328278206844,0.052276869664176676,False,False,False,False,False,none
880,-0.5944439775156956,0.4232905022588469,0.054516380139206976,0.45228303084893917,False,False,False,False,False,none
881,-1.4147717526811543,0.08561748264629204,0.3545035728456004,0.09148169953797278,False,False,False,False,False,none
882,-3.8168462336835507,1.6224246730590106,1.4493635933520634,1.7335497596553786,False,False,False,False,False,none
883,-4.070529017312667,5.1497783777807635,1.2826067191978825,5.502503270150652,False,False,False,False,False,none
884,3.747885327616731,0.0058270637960870795,2.7683017370958005,0.0062261781461677174,True,False,False,False,False,none
885,-2.7109460374299674,3.085512110321488,0.9199208644895989,3.296848763509298,False,False,False,False,False,none
886,0.20006153260537302,0.759827568940082,0.6768164730141273,0.8118706041569801,False,False,False,False,False,none
887,3.229823004981877,1.189502543153734,2.0118392921955026,1.2709753999892581,False,False,False,False,False,none
888,-2.7890983829753226,0.08735229294756545,1.3115962837854231,0.0933353325791604,False,False,False,False,False,none
889,2.0262471622263414,0.5697181688085846,1.287678303380347,0.6087399994646792,False,False,False,False,False,none
890,2.5251051137627547,2.272763201071908,1.2722454654438562,2.4284320661514567,False,False,False,False,False,none
891,2.698518259800159,0.11694873246127029,1.1019562259296387,0.12495892747241424,False,False,False,False,False,none
892,1.0215456941523788,0.7887195322024827,0.06770646540935962,0.8427414709535707,False,False,False,False,False,none
893,-0.3041496563253437,0.8000609157741516,0.5892135398989009,0.8548596623810694,False,False,False,False,False,none
894,1.3880907171393295,0.0069753220016086186,0.3498973665888291,0.007453084251121768,False,False,False,False,False,none
895,1.6647630761148497,3.4273036684635487,0.4141909040062688,3.6620507253065444,False,False,False,False,False,none
896,-0.31651179104435223,2.092877931018218,0.6301880049419509,2.2362258751058315,False,False,False,False,False,none
897,2.052425658747736,5.720013327237211,0.6455284609854097,6.111795446232695,False,False,False,False,False,none
898,-3.5679527978662504,0.0924078355293351,2.2112264247750235,0.09873714554039335,False,False,False,False,False,none
899,1.2167634546634105,0.0022219455202945712,0.553109361449289,0.002374133718893401,False,False,False,False,False,none
900,0.1854542419196834,0.9604299966922669,0.058021464849621805,1.0262129376968234,False,False,False,False,False,none
901,1.3116416508066135,0.9278075911221485,0.5001375132477303,0.9913561185948112,False,False,False,False,False,none
902,0.29715558622183313,0.044740988731104554,0.09223443156114672,0.047805443019621335,False,False,False,False,False,none
903,-1.8635033941940369,1.0377915452671065,1.1223859218513588,1.108873227672334,False,False,False,False,False,none
904,3.693207073414885,0.0021381736175316293,1.7988414801136443,0.0022846240089438104,False,False,False,False,False,none
905,2.486189058230374,0.1438680940628056,0.8532902619711233,0.15372208277282703,False,False,False,False,False,none
906,1.9956498474775064,2.8985865535312794,0.44456658945007266,3.097120073833899,False,False,False,False,False,none
907,1.234470436837199,0.5414588225543261,0.013757867141247819,0.5785450796507925,False,False,False,False,False,none
908,-0.3373856119321508,0.08427257678691724,0.7738502760035418,0.09004467674856806,False,False,False,False,False,none
909,-2.9164732191011797,0.015585311092338669,1.8707479307495405,0.016652799200431855,False,False,False,False,False,none
910,-0.38456528169312154,0.34396022665485787,0.2678275959820432,0.3675191693949608,False,False,False,False,False,none
911,-0.9212767953716352,0.35503323869341497,0.4747357688621163,0.3793506076594624,False,False,False,False,False,none
912,-1.1697712811473373,1.1953210727976713,0.5003865052430511,1.2771924594517337,False,False,False,False,False,none
913,3.536699155528944,1.0235046202625466,1.8838074954599562,1.0936077452008601,False,False,False,False,False,none
914,2.2712230483769886,0.27972846073561985,0.8928925350321508,0.29888796313896127,False,False,False,False,False,none
915,0.2998199155249647,0.11924463975829595,0.2424358077765565,0.12741208884812583,False,False,False,False,False,none
916,1.4267879161682036,0.3301904351407099,0.3529848711309221,0.35280624055072124,False,False,False,False,False,none
917,0.1949447610856982,2.7749311252714763,0.3154430168842233,2.964995087386489,False,False,False,False,False,none
918,0.9457276117098163,1.3036489409486647,0.11201112750635163,1.3929400518765092,False,False,False,False,False,none
919,0.8443898619431336,0.5017811320205386,0.04042825811030286,0.536149736415017,False,False,False,False,False,none
920,2.464082641632988,0.12773380853408706,0.8184024311860658,0.13648270811034371,False,False,False,False,False,none
921,0.3158775454845791,0.4771494643570775,0.38783238539565446,0.5098309665719802,False,False,False,False,False,none
922,-2.1055980689165645,0.18419981605449748,1.485442287957293,0.19681625418564183,False,False,False,False,False,none
923,-4.033473197979566,0.5818104732608957,2.123978910006392,0.621660544760295,False,False,False,False,False,none
924,-0.18223296271326722,0.14946770368943885,0.16987825336519294,0.15970522768155893,False,False,False,False,False,none
925,-1.227727234378051,0.08499251326917905,0.37149056113040985,0.09081392399715615,False,False,False,False,False,none
926,-2.0977710421503555,0.7483134767277383,0.7194370199691453,0.7995678747182542,False,False,False,False,False,none
927,3.6071650670570508,0.1064590997823383,2.1931366028856165,0.11375082609711276,False,False,False,False,False,none
928,2.839859010074422,0.45480671366339953,1.3821247954449802,0.48595788898740583,False,False,False,False,False,none
929,-0.6335151280804097,1.2612279845018985,0.5799777812665047,1.347613547617924,False,False,False,False,False,none
930,4.065909024101308,2.305925561837732,1.8167148130707882,2.46386582371803,False,False,False,False,False,none
931,0.31522419663660284,0.026942015960834523,0.3668885686447242,0.028787361329679004,False,False,False,False,False,none
932,-1.3223864542704815,0.0014070655765964614,1.0882664760538827,0.0015034400256802762,False,False,False,False,False,none
933,0.020455824911199433,0.35056450729507804,0.21891282148699423,0.3745757984678928,False,False,False,False,False,none
934,-1.3586201476184565,0.9647605778046785,0.8444153406356164,1.0308401342448361,False,False,False,False,False,none
935,-0.4260281138328932,0.052426762266591403,0.22293216229966786,0.05601763991631158,False,False,False,False,False,none
936,-1.1191514324425569,2.2020089789532413,0.5147282840822824,2.3528316596825665,False,False,False,False,False,none
937,3.6621613273437257,0.235654899726781,1.9086561108155686,0.25179566211399385,False,False,False,False,False,none
938,-1.648955179080701,0.8829094253155972,1.0506351044155642,0.9433827329360718,False,False,False,False,False,none
939,0.8802105068820483,0.040594935594402304,0.38693181165576723,0.04337541336215989,False,False,False,False,False,none
940,-1.9036645675734896,0.06346751149350494,1.0415085162466744,0.06781460558538281,False,False,False,False,False,none
941,0.6051919513414722,1.0807432612186203,0.3843767560471029,1.1547668448620578,False,False,False,False,False,none
942,3.091055687399316,0.7958708873275138,1.5139262510128149,0.8503826454031884,False,False,False,False,False,none
943,0.6489368820810412,0.08834496018158206,0.025946188515463254,0.09439599078630087,False,False,False,False,False,none
944,0.272563155263523,1.3914260722853196,0.1619025445146975,1.486729321393099,False,False,False,False,False,none
945,2.9110555126499973,0.8350268981388824,1.1509756401949465,0.8922205773936634,False,False,False,False,False,none
946,-1.6786086829147053,0.001479998603385742,1.3066484658742437,0.0015813684701627634,False,False,False,False,False,none
947,-1.1214329995619772,0.047304317038922974,0.7749135295112389,0.05054434193167876,False,False,False,False,False,none
948,-0.08300712941939513,0.06711988789810146,0.11596805506330138,0.07171714500277307,False,False,False,False,False,none
949,-0.0008794178732871027,0.009565979108870016,0.05291670352707787,0.010221183800036325,False,False,False,False,False,none
950,1.540271050922757,0.10402542148533267,0.7056087670227135,0.11115045734230453,False,False,False,False,False,none
951,-2.9200195147846495,0.0004648012132973749,1.600155111200509,0.0004966369440622319,False,False,False,False,False,none
952,-4.370076769007205,0.12072841297281134,1.9838573927998235,0.12899749046468068,False,False,False,False,False,none
953,2.6072587133869405,1.6627311095325235,1.799113724928046,1.776616913663509,False,False,False,False,False,none
954,1.4853192808811484,3.5696262683523416,0.8947978978618026,3.8141214580361935,False,False,False,False,False,none
955,-1.5493641924329267,1.1714693991852583,0.756936512196262,1.2517071079622144,False,False,False,False,False,none
956,4.0220518725317405,0.4218715426406614,2.098337842319226,0.45076688212048804,False,False,False,False,False,none
957,0.09644611342515463,1.9418002177620002,0.22648174850960365,2.074800363121476,False,False,False,False,False,none
958,4.819813496063731,0.15823510939442909,2.1111316278146433,0.1690731412155848,False,False,False,False,False,none
959,2.7187113231391846,1.8831954798619102,0.6692106870558998,2.0121815981406552,False,False,False,False,False,none
960,3.833218968016862,2.665234257110951,1.0762548800293528,2.847784727736276,False,False,False,False,False,none
961,2.861613746779179,0.018289498449352532,0.38947014190605955,0.01954220505122909,False,False,False,False,False,none
962,0.8424540366124917,5.873426127303293,0.6683506650056181,6.275715982636508,False,False,False,False,False,none
963,4.297705859997505,0.28011937055582575,1.1422020698287594,0.2993056476306469,False,False,False,False,False,none
964,0.06788284579593701,0.6772685639918596,1.1390313050852834,0.7236568672963767,False,False,False,False,False,none
965,-2.3281699524678316,1.6719727149558077,2.074063371303714,1.786491506380444,False,False,False,False,False,none
966,-0.9940367456811887,0.4297527065881839,1.0117769737538767,0.4591878523472736,False,False,False,False,False,none
967,-0.7489819641642694,0.017974166351347146,0.6904930259984765,0.01920527484313617,False,False,False,False,False,none
968,0.08166866579475263,0.13278412886035423,0.14926791634171158,0.14187894112699034,False,False,False,False,False,none
969,-2.786455304836047,0.12187182565070359,1.511355480083592,0.1302192191562259,False,False,False,False,False,none
970,2.1817083911824264,1.2330994830836421,1.2020357573158462,1.317558434623898,False,False,False,False,False,none
971,-1.7977234318100621,0.008941438217626623,0.9696459669569839,0.009553866093465327,False,False,False,False,False,none
972,-1.8973698920993525,1.5380061186641922,0.8240766107451767,1.6433491068228085,False,False,False,False,False,none
973,-4.036657630370811,0.04107457488403812,1.6974878989820117,0.04388790469015586,False,False,False,False,False,none
974,3.223405834442154,0.07262148411583505,2.1654212104618358,0.07759556324883614,False,False,False,False,False,none
975,-1.0568835541045172,0.5849343846961724,0.3449480381496142,0.6249984229420893,False,False,False,False,False,none
976,0.0678978699021559,0.0466358055716361,0.26991391025060807,0.04983004196281983,False,False,False,False,False,none
977,1.2372928780134844,0.01881350067690927,0.7834550726206844,0.020102097877518,False,False,False,False,False,none
978,-1.9004607262579998,0.004662490112538685,0.8960321653890541,0.004981839063595796,False,False,False,False,False,none
979,1.7473897259585522,0.2683287477404219,1.0535277093718682,0.28670744711802,False,False,False,False,False,none
980,-1.4060791791447589,7.130900269070128,0.6876009138538963,7.619318574751098,False,True,False,False,False,none
981,1.1946318613026001,4.219974154862724,0.7120811370059653,4.509013764023364,False,False,False,False,False,none
982,-0.8996926514635631,0.5207622061540267,0.4467404112120301,0.556430885394383,False,False,False,False,False,none
983,-2.8341440998025975,1.9798959124077642,1.2962089894100084,2.1155053544802134,False,False,False,False,False,none
984,1.975905317853451,0.10875352381934592,1.2974178532423852,0.11620240261955474,False,False,False,False,False,none
985,-1.7314565144635625,0.3178188976456099,0.7613008739402453,0.33958733664268254,False,False,False,False,False,none
986,0.2509160900330482,0.010067070802912035,0.35303277645763925,0.010756596876647156,False,False,False,False,False,none
987,0.060190971008451416,0.02847315978966375,0.18986462213579802,0.03042337812635415,False,False,False,False,False,none
988,0.33379679549066765,0.6916279341949017,0.284676475862664,0.7389997569710954,False,False,False,False,False,none
989,0.9865184591110603,0.1109907923175705,0.5445162400814337,0.11859290883644381,False,False,False,False,False,none
990,1.671847710841005,0.34911768407059485,0.7682129753646252,0.3730298776650874,False,False,False,False,False,none
991,0.7594930573557157,0.1718953516651292,0.17179175710229758,0.18366901743617844,False,False,False,False,False,none
992,-0.47669804435264396,0.01569133372966277,0.46250762812825996,0.01676608366935249,False,False,False,False,False,none
993,-0.20273613211459598,0.12023352776484973,0.23704850992202198,0.12846870897635354,False,False,False,False,False,none
994,-0.47571337317020174,0.21875871563263663,0.32211852566022975,0.23374220400165432,False,False,False,False,False,none
995,-1.0045025805776038,0.0605782180923622,0.5143237052703605,0.06472741518184863,False,False,False,False,False,none
996,0.12583719382782316,0.07174137362289612,0.13711092265339547,0.07665517115616179,False,False,False,False,False,none
997,2.5490571390942947,1.7910378712185973,1.2857116662147774,1.9137118183309032,False,False,False,False,False,none
998,-1.113998556622799,0.6957158775471796,0.7491634285368751,0.7433676967180081,False,False,False,False,False,none
999,-1.6805890469047247,0.6896732303641298,0.8743051250402712,0.736911169184987,False,False,False,False,False,none
